Nama Instansi,Nama Satuan Kerja,Kode Paket,Kode RUP,Tahun Anggaran,Sumber Transaksi,Sumber Dana,Nama Penyedia,Metode Pengadaan,Jenis Pengadaan,Nama Paket,Status Paket,Total Nilai (Rp),Nilai PDN (Rp)
KAB. MANDAILING NATAL,BADAN PENDAPATAN DAERAH - 5.02.0.00.0.00.28.0000,3829373,50377114;50377283,2024,Non Tender,APBD,CV. KREATIFITAS CEMERLANG,Pengadaan Langsung,Pengadaan Barang,"Belanja Cetak dan Penggandaan - Cetak Blanko SPTPD, Cetak Sticker",SELESAI,91486200,91486200
KAB. MANDAILING NATAL,DINAS PEKERJAAN UMUM DAN PENATAAN RUANG - 1.03.0.00.0.00.03.0000,3867373,49604335,2024,Non Tender,APBD,SYAIFUL ANWAR DAULAY,Pengadaan Langsung,Jasa Konsultansi Perorangan Konstruksi,Konsultan Pengawasan Pembangunan Baru SPAM Jaringan Perpipaan di Desa Hutabargot Nauli Kec. Hutabargot,SELESAI,99234000,99234000
KAB. MANDAILING NATAL,DINAS KESEHATAN - 1.02.0.00.0.00.02.0000,10247109,51356108,2024,E-Katalog 5.0,APBD,P.T. Dexa Medica,E-Purchasing,Pengadaan Barang,SUPLEMEN LYTACUR RASA ORANGE,MELAKUKAN PENGIRIMAN DAN PENERIMAAN,1188638,1188638
KAB. MANDAILING NATAL,DINAS PENDIDIKAN DAN KEBUDAYAAN - 1.01.2.22.0.00.01.0000,4033373,50635355,2024,Non Tender,APBD,cv. riski nauli,Pengadaan Langsung,Pekerjaan Konstruksi,PEMBANGUNAN RUANG UKS BESERTA PERABOTNYA (DAK) SD NEGERI 099 PROYEK BATANGGADIS,SELESAI,151782997,151782997
KAB. MANDAILING NATAL,BAGIAN KESEJAHTERAAN RAKYAT - 4.01.5.06.0.00.24.0002,3849373,51606682,2024,Non Tender,APBD,CV. ANUGRAH KARYA ABADI,Pengadaan Langsung,Jasa Lainnya,Belanja Sewa Kenderaan Bermotor Penumpang - Sewa Bus Pemberangkatan Haji,SELESAI,191950000,191950000
KAB. MANDAILING NATAL,BADAN KESATUAN BANGSA DAN POLITIK - 8.01.0.00.0.00.54.0000,4027373,52040048,2024,Non Tender,APBD,CV. KOTAMA,Pengadaan Langsung,Pengadaan Barang,Belanja Pakaian Olahraga dan Pakaian PASKIBRAKA,SELESAI,115844040,115844040
KAB. MANDAILING NATAL,DINAS KESEHATAN - 1.02.0.00.0.00.02.0000,9389371,51356107,2024,E-Katalog 5.0,APBD,PT Axion Jaya Alkesindo,E-Purchasing,Pengadaan Barang,Oxygen Nasal Cannula Dewasa,MELAKUKAN PENGIRIMAN DAN PENERIMAAN,10500000,10500000
KAB. MANDAILING NATAL,RUMAH SAKIT UMUM DAERAH PANYABUNGAN - 1.02.0.00.0.00.02.0001,10538127,51459102,2024,E-Katalog 5.0,BLUD,PT. NOVELL PHARMACEUTICAL LABORATORIES,E-Purchasing,Pengadaan Barang,Tiamazol Tab 10 mg,MELAKUKAN PENGIRIMAN DAN PENERIMAAN,4885000,4885000
KAB. MANDAILING NATAL,DINAS PEKERJAAN UMUM DAN PENATAAN RUANG - 1.03.0.00.0.00.03.0000,5154373,52698971,2024,Non Tender,APBD,CV. TAMIRUL FALAH,Pengadaan Langsung,Pekerjaan Konstruksi,Pembangunan IPAL Komunal di Mesjid H. Ismail Borotan Linkungan III Kelurahan Pasar Hilir Panyabungan,SELESAI,99466590,99466590
KAB. MANDAILING NATAL,RUMAH SAKIT UMUM DAERAH PANYABUNGAN - 1.02.0.00.0.00.02.0001,9335687,51459102,2024,E-Katalog 5.0,BLUD,P.T. Dexa Medica,E-Purchasing,Pengadaan Barang,Norepinephrine bitartate/ Norepinephrine bitartate monohydrate / Norepinephrine/ Norepinephrine base/ Norepinefrin inj 1 mg/ml,MELAKUKAN PENGIRIMAN DAN PENERIMAAN,2588200,2588200
KAB. MANDAILING NATAL,DINAS KESEHATAN - 1.02.0.00.0.00.02.0000,10899196,51356107,2024,E-Katalog 5.0,APBD,PT MAKMUR JAYA HEALTHINDO,E-Purchasing,Pengadaan Barang,"HEALGEN URS-10 T Reagent Strips for Urinalysis Anti-VC Interverence Ability (Leukocytes, Nitrite, Urobilinogen, pH , Protein, Blood, Specific Gravity , Ketone, Bilirubin, Glucose)",MELAKUKAN PENGIRIMAN DAN PENERIMAAN,573000,573000
KAB. MANDAILING NATAL,RUMAH SAKIT UMUM DAERAH PANYABUNGAN - 1.02.0.00.0.00.02.0001,11218016,53529595,2024,E-Katalog 5.0,BLUD,PT.Elsyahfi Calibratech Mandiri,E-Purchasing,Pengadaan Barang,USG,MELAKUKAN PENGIRIMAN DAN PENERIMAAN,446000,446000
KAB. MANDAILING NATAL,RUMAH SAKIT UMUM DAERAH PANYABUNGAN - 1.02.0.00.0.00.02.0001,9138830,51459102,2024,E-Katalog 5.0,BLUD,PT Yarindo Farmatama,E-Purchasing,Pengadaan Barang,Furosemid/ Furosemide tablet/kapsul/kaplet 40 mg,MELAKUKAN PENGIRIMAN DAN PENERIMAAN,5260000,5260000
KAB. MANDAILING NATAL,RUMAH SAKIT UMUM DAERAH PANYABUNGAN - 1.02.0.00.0.00.02.0001,10406335,51459102,2024,E-Katalog 5.0,BLUD,PT. Holi Pharma,E-Purchasing,Pengadaan Barang,Kalsium laktat (kalk) tab 500 mg,MELAKUKAN PENGIRIMAN DAN PENERIMAAN,172000,172000
KAB. MANDAILING NATAL,DINAS KESEHATAN - 1.02.0.00.0.00.02.0000,10028193,51356108,2024,E-Katalog 5.0,APBD,PT. MOLEX AYUS,E-Purchasing,Pengadaan Barang,MOLEXDINE Antiseptic Solution Botol 60 ml,PROSES KONTRAK PPK,1500000,1500000
KAB. MANDAILING NATAL,RUMAH SAKIT UMUM DAERAH PANYABUNGAN - 1.02.0.00.0.00.02.0001,10709550,51459102,2024,E-Katalog 5.0,BLUD,PT. Hexpharm Jaya Laboratories,E-Purchasing,Pengadaan Barang,Lansoprazol kaps 30 mg,MELAKUKAN PENGIRIMAN DAN PENERIMAAN,12660000,12660000
KAB. MANDAILING NATAL,RUMAH SAKIT UMUM DAERAH PANYABUNGAN - 1.02.0.00.0.00.02.0001,11218016,53529595,2024,E-Katalog 5.0,BLUD,PT.Elsyahfi Calibratech Mandiri,E-Purchasing,Pengadaan Barang,CPAP / Bubble CPAP / Baby CPAP,MELAKUKAN PENGIRIMAN DAN PENERIMAAN,2043000,2043000
KAB. MANDAILING NATAL,DINAS PERHUBUNGAN - 2.15.0.00.0.00.14.0000,5147373,51891743,2024,Non Tender,APBD,PT.ANGKASA RAYA CONSULTANT,Pengadaan Langsung,Jasa Konsultansi Badan Usaha Non Konstruksi,Belanja Jasa Tenaga Ahli Penyusunan Dokumen ANDALALIN,SELESAI,99800100,99800100
KAB. MANDAILING NATAL,DINAS PENDIDIKAN DAN KEBUDAYAAN - 1.01.2.22.0.00.01.0000,9752765,52011912,2024,E-Katalog 5.0,APBD,CV. FAMILY ARTA GRAHA MANDIRI,E-Purchasing,Pengadaan Barang,Lemari Arsip,MELAKUKAN PENGIRIMAN DAN PENERIMAAN,22130000,22130000
KAB. MANDAILING NATAL,DINAS KESEHATAN - 1.02.0.00.0.00.02.0000,9612809,51356108,2024,E-Katalog 5.0,APBD,PT.INFION,E-Purchasing,Pengadaan Barang,CIPROFLOXACIN 500 MG,PROSES KONTRAK PPK,126600000,126600000
KAB. MANDAILING NATAL,DINAS KESEHATAN - 1.02.0.00.0.00.02.0000,9588807,51356108,2024,E-Katalog 5.0,APBD,PT.Bernofarm,E-Purchasing,Pengadaan Barang,Paracetamol/ Parasetamol sirup 120 mg / 5 ml,MELAKUKAN PENGIRIMAN DAN PENERIMAAN,31848000,31848000
KAB. MANDAILING NATAL,DINAS PEKERJAAN UMUM DAN PENATAAN RUANG - 1.03.0.00.0.00.03.0000,8976735,49523770,2024,E-Katalog 5.0,APBD,PT. DALIHAN NATOLU GROUP,E-Purchasing,Pengadaan Barang,Lapis Resap Pengikat - Aspal Cair / Emulsi,PAKET SELESAI,472862250,472862250
KAB. MANDAILING NATAL,DINAS PEKERJAAN UMUM DAN PENATAAN RUANG - 1.03.0.00.0.00.03.0000,8975338,51021126,2024,E-Katalog 5.0,APBD,PT. RONA NAMORA,E-Purchasing,Pengadaan Barang,Lapis Resap Pengikat - Aspal Cair/Emulsi,PAKET SELESAI,159334400,159334400
KAB. MANDAILING NATAL,DINAS KESEHATAN - 1.02.0.00.0.00.02.0000,10055709,51356108,2024,E-Katalog 5.0,APBD,P.T. Dexa Medica,E-Purchasing,Pengadaan Barang,Betahistin tab 6 mg,PROSES KONTRAK PPK,9600000,9600000
KAB. MANDAILING NATAL,DINAS PERTANIAN - 3.27.0.00.0.00.22.0000,8936301,51084613,2024,E-Katalog 5.0,APBD,CV. AULIA RIZKI PRATAMA,E-Purchasing,Pengadaan Barang,Bibit Cabe Merah,PROSES KONTRAK PPK,166780000,166780000
KAB. MANDAILING NATAL,DINAS PENDIDIKAN DAN KEBUDAYAAN - 1.01.2.22.0.00.01.0000,3977373,50635544,2024,Non Tender,APBD,CV. SETYA SARI SUKSES,Pengadaan Langsung,Pekerjaan Konstruksi,PEMBANGUNAN PAGAR SD NEGERI 382 SINGKUANG,SELESAI,99000000,99000000
KAB. MANDAILING NATAL,DINAS KEPENDUDUKAN DAN PENCATATAN SIPIL - 2.12.0.00.0.00.11.0000,8947749,49512270,2024,E-Katalog 5.0,APBD,Mitra Tech Sejahtera,E-Purchasing,Pengadaan Barang,Ribbon Color YMCKO R5FP00308,PROSES KONTRAK PPK,261000000,0
KAB. MANDAILING NATAL,RUMAH SAKIT UMUM DAERAH DR. HUSNI THAMRIN - 1.02.0.00.0.00.02.0002,9134389,51354257,2024,E-Katalog 5.0,APBD,PT. INDOMEDIK NIAGA PERKASA,E-Purchasing,Pengadaan Barang,ECG Machine 12 Ch TEC 501,MELAKUKAN PENGIRIMAN DAN PENERIMAAN,229600000,229600000
KAB. MANDAILING NATAL,DINAS PENDIDIKAN DAN KEBUDAYAAN - 1.01.2.22.0.00.01.0000,4045373,50634739,2024,Non Tender,APBD,CV. BERKAH QYMERA,Pengadaan Langsung,Pekerjaan Konstruksi,PEMBANGUNAN RUANG UKS BESERTA PERABOTNYA (DAK)  SMP ISLAM TERPADU AL HUSNAYAIN,SELESAI,142040240,142040240
KAB. MANDAILING NATAL,RUMAH SAKIT UMUM DAERAH PANYABUNGAN - 1.02.0.00.0.00.02.0001,10761387,51459102,2024,E-Katalog 5.0,BLUD,PT. Mersifarma Tirmaku Mercusana,E-Purchasing,Pengadaan Barang,Alprazolam tab 1 mg,MELAKUKAN PENGIRIMAN DAN PENERIMAAN,384000,384000
KAB. MANDAILING NATAL,RUMAH SAKIT UMUM DAERAH PANYABUNGAN - 1.02.0.00.0.00.02.0001,10658322,51459102,2024,E-Katalog 5.0,BLUD,PT. Kimia Farma Tbk,E-Purchasing,Pengadaan Barang,Hidroklorotiazid tab 25 mg,MELAKUKAN PENGIRIMAN DAN PENERIMAAN,489000,489000
KAB. MANDAILING NATAL,DINAS PERUMAHAN RAKYAT DAN KAWASAN PERMUKIMAN SERTA PERTANAHAN - 1.04.2.10.0.00.04.0000,4072373,49936945,2024,Non Tender,APBD,CV. BINTANG KARYA BHAKTI,Pengadaan Langsung,Pekerjaan Konstruksi,Peningkatan Jalan Lingkungan Desa Roburan Lombang Kec. Panyabungan Selatan,SELESAI,99474908,99474908
KAB. MANDAILING NATAL,DINAS PEKERJAAN UMUM DAN PENATAAN RUANG - 1.03.0.00.0.00.03.0000,8941316,49523772,2024,E-Katalog 5.0,APBD,DEMBAN SIMPAR JAYA,E-Purchasing,Pengadaan Barang,Lapis Resap Pengikat - Aspal Cair - Emulsi,PAKET SELESAI,279648294,279648294
KAB. MANDAILING NATAL,DINAS KESEHATAN - 1.02.0.00.0.00.02.0000,10401037,51322684,2024,E-Katalog 5.0,APBD,PT.Elsyahfi Calibratech Mandiri,E-Purchasing,Pengadaan Barang,Regulator Oksigen,MELAKUKAN PENGIRIMAN DAN PENERIMAAN,1465000,1465000
KAB. MANDAILING NATAL,RUMAH SAKIT UMUM DAERAH PANYABUNGAN - 1.02.0.00.0.00.02.0001,10355084,51459102,2024,E-Katalog 5.0,BLUD,Andreas Karya Terbesar,E-Purchasing,Pengadaan Barang,DIAFLUID ACID,MELAKUKAN PENGIRIMAN DAN PENERIMAAN,27039600,27039600
KAB. MANDAILING NATAL,DINAS KESEHATAN - 1.02.0.00.0.00.02.0000,10102703,51356108,2024,E-Katalog 5.0,APBD,NOVAPHARIN,E-Purchasing,Pengadaan Barang,Griseofulvin tablet/kapsul/kaplet 125 mg,MELAKUKAN PENGIRIMAN DAN PENERIMAAN,3910000,3910000
KAB. MANDAILING NATAL,RUMAH SAKIT UMUM DAERAH PANYABUNGAN - 1.02.0.00.0.00.02.0001,9958999,51459102,2024,E-Katalog 5.0,BLUD,P.T. Dexa Medica,E-Purchasing,Pengadaan Barang,Divalproex sodium / Valproat tablet lepas lambat/kaplet lepas lambat 500 mg,MELAKUKAN PENGIRIMAN DAN PENERIMAAN,21240000,21240000
KAB. MANDAILING NATAL,DINAS KESEHATAN - 1.02.0.00.0.00.02.0000,9589799,51356109,2024,E-Katalog 5.0,APBD,PT.TOP POINT MEDICAL,E-Purchasing,Pengadaan Barang,TP INFUSION SET Y-SITE PEDIATRIC,MELAKUKAN PENGIRIMAN DAN PENERIMAAN,62004800,62004800
KAB. MANDAILING NATAL,RUMAH SAKIT UMUM DAERAH PANYABUNGAN - 1.02.0.00.0.00.02.0001,9687137,51411949,2024,E-Katalog 5.0,APBD,PT. ENDO Indonesia,E-Purchasing,Pengadaan Barang,Spirometer; Spirolab,MELAKUKAN PENGIRIMAN DAN PENERIMAAN,124500000,0
KAB. MANDAILING NATAL,DINAS PERTANIAN - 3.27.0.00.0.00.22.0000,3802373,49584226,2024,Non Tender,APBD,CV. AULIA RIZKI PRATAMA,Pengadaan Langsung,Pengadaan Barang,Belanja Obat - Obatan Ternak,SELESAI,136905000,0
KAB. MANDAILING NATAL,RUMAH SAKIT UMUM DAERAH PANYABUNGAN - 1.02.0.00.0.00.02.0001,9780262,51459102,2024,E-Katalog 5.0,BLUD,PT AstraZeneca Indonesia,E-Purchasing,Pengadaan Barang,"kombinasi, setiap dosis mengandung : Budesonid 160 mcg Formoterol 4,5 mcg (inhalasi), 120 dosis kemasan turbuhaler",MELAKUKAN PENGIRIMAN DAN PENERIMAAN,33368000,0
KAB. MANDAILING NATAL,DINAS PEMUDA DAN OLAHRAGA - 2.19.0.00.0.00.18.0000,9243448,50855612,2024,E-Katalog 5.0,APBD,CV. PUTRA DOLOK SIHITE,E-Purchasing,Pengadaan Barang,BOLA KAKI NO. 3,MELAKUKAN PENGIRIMAN DAN PENERIMAAN,33800000,33800000
KAB. MANDAILING NATAL,DINAS PEKERJAAN UMUM DAN PENATAAN RUANG - 1.03.0.00.0.00.03.0000,8976735,49523770,2024,E-Katalog 5.0,APBD,PT. DALIHAN NATOLU GROUP,E-Purchasing,Pengadaan Barang,Lapis Pondasi Aggregat Kelas B,PAKET SELESAI,573560000,573560000
KAB. MANDAILING NATAL,DINAS PEKERJAAN UMUM DAN PENATAAN RUANG - 1.03.0.00.0.00.03.0000,8976735,49523770,2024,E-Katalog 5.0,APBD,PT. DALIHAN NATOLU GROUP,E-Purchasing,Pengadaan Barang,Pasangan Batu,PAKET SELESAI,92249977,92249977
KAB. MANDAILING NATAL,RUMAH SAKIT UMUM DAERAH PANYABUNGAN - 1.02.0.00.0.00.02.0001,9780476,51459102,2024,E-Katalog 5.0,BLUD,PT. Merck Tbk,E-Purchasing,Pengadaan Barang,"Bisoprolol tablet/kapsul/kaplet 1,25 mg",MELAKUKAN PENGIRIMAN DAN PENERIMAAN,5072500,5072500
KAB. MANDAILING NATAL,DINAS KESEHATAN - 1.02.0.00.0.00.02.0000,9579524,51356108,2024,E-Katalog 5.0,APBD,PT. TRIFA RAYA LABORATORIES,E-Purchasing,Pengadaan Barang,VITAMIN B1 50 MG,PROSES KONTRAK PPK,22000000,22000000
KAB. MANDAILING NATAL,DINAS KESEHATAN - 1.02.0.00.0.00.02.0000,10033389,51356108,2024,E-Katalog 5.0,APBD,PT Ethica Industri Farmasi,E-Purchasing,Pengadaan Barang,Oxytocin/ Oksitosin inj 10 IU/ml,PROSES KONTRAK PPK,11844000,11844000
KAB. MANDAILING NATAL,DINAS PEKERJAAN UMUM DAN PENATAAN RUANG - 1.03.0.00.0.00.03.0000,2953373,49863279,2024,Tender,APBD,CV. MULTI SYSTEM,Seleksi,Jasa Konsultansi Badan Usaha Konstruksi,Koordinasi dan Sinkronisasi Perencanaan Tata Ruang Daerah Kabupaten/Kota,SELESAI,247851900,247851900
KAB. MANDAILING NATAL,DINAS PENDIDIKAN DAN KEBUDAYAAN - 1.01.2.22.0.00.01.0000,3980373,50634669,2024,Non Tender,APBD,CV Madina Aman Sejahtera,Pengadaan Langsung,Pekerjaan Konstruksi,REHABILITASI RUANG KELAS SMP NEGERI 1 HUTABARGOT,SELESAI,118700001,118700001
KAB. MANDAILING NATAL,DINAS PENANAMAN MODAL DAN PELAYANAN TERPADU SATU PINTU - 2.18.0.00.0.00.17.0000,9553024,51662205,2024,E-Katalog 5.0,APBD,CV. NAMBURAK,E-Purchasing,Pengadaan Barang,SOFA TAMU SET,PROSES KONTRAK PPK,7150000,7150000
KAB. MANDAILING NATAL,RUMAH SAKIT UMUM DAERAH PANYABUNGAN - 1.02.0.00.0.00.02.0001,10592284,51459106,2024,E-Katalog 5.0,BLUD,PT Surgika Alkesindo,E-Purchasing,Pengadaan Barang,Laryngeal Mask Airway 42-4010,MELAKUKAN PENGIRIMAN DAN PENERIMAAN,696000,0
KAB. MANDAILING NATAL,SEKRETARIAT DPRD - 4.02.0.00.0.00.25.0000,4101373,50451209,2024,Non Tender,APBD,CV. CAHAYA,Pengadaan Langsung,Pengadaan Barang,Biaya Pengadaan Pakaian Dinas Pimpinan dan Anggota DPRD Pakaian Sipil Lengkap,SELESAI,99456000,99456000
KAB. MANDAILING NATAL,DINAS KESEHATAN - 1.02.0.00.0.00.02.0000,4067373,51355019,2024,Non Tender,APBD,CV. RENDER CONSULTANT,Pengadaan Langsung,Jasa Konsultansi Badan Usaha Non Konstruksi,Belanja Jasa Tenaga Ahli - Belanja Jasa Konsultan Pengawasan,SELESAI,74703000,74703000
KAB. MANDAILING NATAL,DINAS KESEHATAN - 1.02.0.00.0.00.02.0000,10029342,51356109,2024,E-Katalog 5.0,APBD,PT Axion Jaya Alkesindo,E-Purchasing,Pengadaan Barang,URIC ACID STRIPS PACKAGE,MELAKUKAN PENGIRIMAN DAN PENERIMAAN,28480000,28480000
KAB. MANDAILING NATAL,RUMAH SAKIT UMUM DAERAH PANYABUNGAN - 1.02.0.00.0.00.02.0001,9098725,51459102,2024,E-Katalog 5.0,BLUD,P.T. Dexa Medica,E-Purchasing,Pengadaan Barang,Clobazam/ Klobazam tablet/kapsul/kaplet 10 mg,MELAKUKAN PENGIRIMAN DAN PENERIMAAN,4985000,4985000
KAB. MANDAILING NATAL,RUMAH SAKIT UMUM DAERAH PANYABUNGAN - 1.02.0.00.0.00.02.0001,10131495,51459102,2024,E-Katalog 5.0,BLUD,PT AstraZeneca Indonesia,E-Purchasing,Pengadaan Barang,"Kombinasi KDT/FDC setiap dosis mengandung Budesonid 160 mcg/Formoterol 4,5 mcg Ih 120 dosis, Turbuhaler",MELAKUKAN PENGIRIMAN DAN PENERIMAAN,33368000,0
KAB. MANDAILING NATAL,DINAS KESEHATAN - 1.02.0.00.0.00.02.0000,9464361,51356108,2024,E-Katalog 5.0,APBD,PT.Bernofarm,E-Purchasing,Pengadaan Barang,"Mometasone furoate/ Mometason furoat krim 0,1%",MELAKUKAN PENGIRIMAN DAN PENERIMAAN,739500,739500
KAB. MANDAILING NATAL,RUMAH SAKIT UMUM DAERAH PANYABUNGAN - 1.02.0.00.0.00.02.0001,10141134,51459102,2024,E-Katalog 5.0,BLUD,Andreas Karya Terbesar,E-Purchasing,Pengadaan Barang,DIAFLUID ACID,MELAKUKAN PENGIRIMAN DAN PENERIMAAN,19314000,19314000
KAB. MANDAILING NATAL,DINAS PEKERJAAN UMUM DAN PENATAAN RUANG - 1.03.0.00.0.00.03.0000,3817373,49604328,2024,Non Tender,APBD,Heru syahputra,Pengadaan Langsung,Jasa Konsultansi Perorangan Konstruksi,Konsultan Pengawasan Pembangunan SPAM Jaringan Perpipaan di Simpang Durian Kec. Lingga Bayu,SELESAI,79564800,79564800
KAB. MANDAILING NATAL,DINAS KESEHATAN - 1.02.0.00.0.00.02.0000,10031751,51356108,2024,E-Katalog 5.0,APBD,PT. MARIN LIZA FARMASI,E-Purchasing,Pengadaan Barang,"Antifungi Salep, Kombinasi: Asam Benzoat 6% + Asam Salisilat 3% / Salep Whitfield",PROSES KONTRAK PPK,1792752,1792752
KAB. MANDAILING NATAL,RUMAH SAKIT UMUM DAERAH PANYABUNGAN - 1.02.0.00.0.00.02.0001,9699061,51459102,2024,E-Katalog 5.0,BLUD,PT. SATORIA ANEKA INDUSTRI,E-Purchasing,Pengadaan Barang,"Ringer Laktat/Ringer Lactate, @500 mL",MELAKUKAN PENGIRIMAN DAN PENERIMAAN,84980000,84980000
KAB. MANDAILING NATAL,RUMAH SAKIT UMUM DAERAH PANYABUNGAN - 1.02.0.00.0.00.02.0001,9159905,51459106,2024,E-Katalog 5.0,BLUD,PT Medihop,E-Purchasing,Pengadaan Barang,"V4 T-Vio Polyglycolide 3-0, 76 cm Round Bodied, 1/2 circle, 25 mm",MELAKUKAN PENGIRIMAN DAN PENERIMAAN,4648680,4648680
KAB. MANDAILING NATAL,DINAS PERTANIAN - 3.27.0.00.0.00.22.0000,3870373,49545785,2024,Non Tender,APBD,CV. AULIA RIZKI PRATAMA,Pengadaan Langsung,Pekerjaan Konstruksi,Pembangunan/Rehabilitasi Jaringan Irigasi Desa Huta Pungkut Jae Kec. Kotanopan,SELESAI,79030000,79030000
KAB. MANDAILING NATAL,RUMAH SAKIT UMUM DAERAH PANYABUNGAN - 1.02.0.00.0.00.02.0001,9594611,51411949,2024,E-Katalog 5.0,APBD,PT. TRIMEDIK SURYA SELARAS,E-Purchasing,Pengadaan Barang,Defibrillator Monitor S5 Advance,MELAKUKAN PENGIRIMAN DAN PENERIMAAN,119000000,0
KAB. MANDAILING NATAL,DINAS PERUMAHAN RAKYAT DAN KAWASAN PERMUKIMAN SERTA PERTANAHAN - 1.04.2.10.0.00.04.0000,3900373,49936932,2024,Non Tender,APBD,CV. TORKIS LUBIS GROUP,Pengadaan Langsung,Pekerjaan Konstruksi,Pembangunan Drainase Jalan Nusantara II Desa Pidoli Dolok Kec. Panyabungan,SELESAI,99489417,99489417
KAB. MANDAILING NATAL,DINAS PENDIDIKAN DAN KEBUDAYAAN - 1.01.2.22.0.00.01.0000,4046373,50634741,2024,Non Tender,APBD,CV. INOVASI GEMILANG,Pengadaan Langsung,Pekerjaan Konstruksi,PEMBANGUNAN RUANG UKS BESERTA PERABOTNYA (DAK) SMP N 3 LINGGABAYU SATU ATAP,SELESAI,143000008,143000008
KAB. MANDAILING NATAL,DINAS PERTANIAN - 3.27.0.00.0.00.22.0000,3920373,49587936,2024,Non Tender,APBD,CV. PUTRA BARINGIN GROUP,Pengadaan Langsung,Pekerjaan Konstruksi,Pembangunan/Rehabilitasi Jalan Usaha Tani/Jalan Produksi Desa Lumban Dolok Kec. Siabu,SELESAI,101400001,101400001
KAB. MANDAILING NATAL,RUMAH SAKIT UMUM DAERAH PANYABUNGAN - 1.02.0.00.0.00.02.0001,9489382,51405288,2024,E-Katalog 5.0,APBD,CV. SUPER TECHNOLOGY INDONESIA,E-Purchasing,Pengadaan Barang,Generator Set / Genset VG350C Kapasitas  350 kVA / 280 kW Silent Type,MELAKUKAN PENGIRIMAN DAN PENERIMAAN,1005000000,1005000000
KAB. MANDAILING NATAL,DINAS PERTANIAN - 3.27.0.00.0.00.22.0000,3884373,51233691,2024,Non Tender,APBD,HQ PRATAMA CONSULTANT,Pengadaan Langsung,Jasa Konsultansi Badan Usaha Konstruksi,Belanja Jasa Konsultan Pengawasan Jaringan Irigasi (JIDES),SELESAI,49600000,49600000
KAB. MANDAILING NATAL,DINAS PEKERJAAN UMUM DAN PENATAAN RUANG - 1.03.0.00.0.00.03.0000,8977494,49523783,2024,E-Katalog 5.0,APBD,PT. GASHABAT SUKSES MANDIRI,E-Purchasing,Pengadaan Barang,PENYIAPAN BADAN JALAN,PAKET SELESAI,6144800,6144800
KAB. MANDAILING NATAL,RUMAH SAKIT UMUM DAERAH PANYABUNGAN - 1.02.0.00.0.00.02.0001,10355084,51459102,2024,E-Katalog 5.0,BLUD,Andreas Karya Terbesar,E-Purchasing,Pengadaan Barang,"AV FISTULA HEMODIALISE, VITALCARE",MELAKUKAN PENGIRIMAN DAN PENERIMAAN,3846150,3846150
KAB. MANDAILING NATAL,RUMAH SAKIT UMUM DAERAH PANYABUNGAN - 1.02.0.00.0.00.02.0001,9138905,51459102,2024,E-Katalog 5.0,BLUD,PT. Mersifarma Tirmaku Mercusana,E-Purchasing,Pengadaan Barang,"Alprazolam tablet/kapsul/kaplet 0,5 mg",MELAKUKAN PENGIRIMAN DAN PENERIMAAN,780000,780000
KAB. MANDAILING NATAL,RUMAH SAKIT UMUM DAERAH PANYABUNGAN - 1.02.0.00.0.00.02.0001,9555988,51411950,2024,E-Katalog 5.0,APBD,PT. HOSPI NIAGA UTAMA,E-Purchasing,Pengadaan Barang,Ventilator Triton MV200 NeoBasic,MELAKUKAN PENGIRIMAN DAN PENERIMAAN,853000000,853000000
KAB. MANDAILING NATAL,RUMAH SAKIT UMUM DAERAH PANYABUNGAN - 1.02.0.00.0.00.02.0001,3832373,51411544,2024,Non Tender,BLUD,CV. WAHANA INSPIRASI BERSAMA,Pengadaan Langsung,Jasa Konsultansi Badan Usaha Konstruksi,Review Gedung Rawat Inap pada RSUD Panyabungan di Panatapan,SELESAI,99855600,99855600
KAB. MANDAILING NATAL,RUMAH SAKIT UMUM DAERAH PANYABUNGAN - 1.02.0.00.0.00.02.0001,10334174,51757564,2024,E-Katalog 5.0,BLUD,PT. KARYA TEHNIK SUKSES,E-Purchasing,Pengadaan Barang,STABILIZER 75 KVA TYPE LD,MELAKUKAN PENGIRIMAN DAN PENERIMAAN,138920000,138920000
KAB. MANDAILING NATAL,RUMAH SAKIT UMUM DAERAH PANYABUNGAN - 1.02.0.00.0.00.02.0001,11218016,53529595,2024,E-Katalog 5.0,BLUD,PT.Elsyahfi Calibratech Mandiri,E-Purchasing,Pengadaan Barang,JASA PENGUJIAN DAN/ATAU KALIBRASI TIMBANGAN BAYI - JASA PENGUJIAN DAN/ATAU KALIBRASI TIMBANGAN BAYI - Posyandu Dacin,MELAKUKAN PENGIRIMAN DAN PENERIMAAN,200000,200000
KAB. MANDAILING NATAL,DINAS PERHUBUNGAN - 2.15.0.00.0.00.14.0000,5160373,49348139,2024,Non Tender,APBD,cv. bugis nauli,Pengadaan Langsung,Pengadaan Barang,Pemeliharaan Warning Light (Pengadaan Lampu 2 Aspek Warning Light),SELESAI,29337300,0
KAB. MANDAILING NATAL,DINAS KESEHATAN - 1.02.0.00.0.00.02.0000,10401037,51322684,2024,E-Katalog 5.0,APBD,PT.Elsyahfi Calibratech Mandiri,E-Purchasing,Pengadaan Barang,Dental Unit,MELAKUKAN PENGIRIMAN DAN PENERIMAAN,2916000,2916000
KAB. MANDAILING NATAL,RUMAH SAKIT UMUM DAERAH PANYABUNGAN - 1.02.0.00.0.00.02.0001,9138759,51459102,2024,E-Katalog 5.0,BLUD,PT SANBE FARMA,E-Purchasing,Pengadaan Barang,"Larutan Infus mengandung Karbohidrat + Elektrolit (25.00g maltose, 3.00 g sodium chloride, 0.15 g potassium chloride, 0.10 g calcium chloride dihydrate dan 1.55 g sodium lactate)",MELAKUKAN PENGIRIMAN DAN PENERIMAAN,11788320,11788320
KAB. MANDAILING NATAL,DINAS PERUMAHAN RAKYAT DAN KAWASAN PERMUKIMAN SERTA PERTANAHAN - 1.04.2.10.0.00.04.0000,4128373,52809585,2024,Non Tender,APBD,cv.hosmap,Pengadaan Langsung,Jasa Konsultansi Badan Usaha Non Konstruksi,Jasa Konsultan Review Kebijakan Bidang PKP,SELESAI,99345000,99345000
KAB. MANDAILING NATAL,RUMAH SAKIT UMUM DAERAH PANYABUNGAN - 1.02.0.00.0.00.02.0001,11218016,53529595,2024,E-Katalog 5.0,BLUD,PT.Elsyahfi Calibratech Mandiri,E-Purchasing,Pengadaan Barang,JASA PENGUJIAN DAN KALIBRASI CHART PROJECTOR,MELAKUKAN PENGIRIMAN DAN PENERIMAAN,505000,505000
KAB. MANDAILING NATAL,DINAS PEKERJAAN UMUM DAN PENATAAN RUANG - 1.03.0.00.0.00.03.0000,2955373,49604336,2024,Tender,APBD,CV. TIGA MITRA KARYA,Tender,Pekerjaan Konstruksi,Pembangunan Baru SPAM Jaringan Perpipaan di Desa Ranto Nalinjang Kec. Rantobaek,SELESAI,6670602816,6670602816
KAB. MANDAILING NATAL,RUMAH SAKIT UMUM DAERAH PANYABUNGAN - 1.02.0.00.0.00.02.0001,10936234,51459106,2024,E-Katalog 5.0,BLUD,NEO DUTA MANDIRI,E-Purchasing,Pengadaan Barang,FILM CR/DR RADIOLOGI 20 X 25,MELAKUKAN PENGIRIMAN DAN PENERIMAAN,33000000,33000000
KAB. MANDAILING NATAL,DINAS PENDIDIKAN DAN KEBUDAYAAN - 1.01.2.22.0.00.01.0000,3006373,50635521,2024,Tender,APBD,Bejana Utama,Tender,Pekerjaan Konstruksi,PEMBANGUNAN RUANG LABORATORIUM KOMPUTER BESERTA PERABOTNYA (DAK) SD NEGERI 004 SIHEPENG,SELESAI,238435847,238435847
KAB. MANDAILING NATAL,RUMAH SAKIT UMUM DAERAH PANYABUNGAN - 1.02.0.00.0.00.02.0001,11218016,53529595,2024,E-Katalog 5.0,BLUD,PT.Elsyahfi Calibratech Mandiri,E-Purchasing,Pengadaan Barang,JASA PENGUJIAN DAN/ATAU KALIBRASI OVEN / DRY STERILISATOR / STERILISATOR KERING,MELAKUKAN PENGIRIMAN DAN PENERIMAAN,640000,640000
KAB. MANDAILING NATAL,DINAS PENDIDIKAN DAN KEBUDAYAAN - 1.01.2.22.0.00.01.0000,2990373,50635868,2024,Tender,APBD,Cv. Ujung Gurap Bersama,Tender,Pekerjaan Konstruksi,PEMBANGUNAN RUANG KELAS BARU BESERTA PERABOTNYA (DAK) SD NEGERI 382 SINGKUANG,SELESAI,680946459,680946459
KAB. MANDAILING NATAL,RUMAH SAKIT UMUM DAERAH PANYABUNGAN - 1.02.0.00.0.00.02.0001,10309604,51459102,2024,E-Katalog 5.0,BLUD,PT. NOVELL PHARMACEUTICAL LABORATORIES,E-Purchasing,Pengadaan Barang,Efedrin/Ephedrine HCl Inj 50 mg/ml,MELAKUKAN PENGIRIMAN DAN PENERIMAAN,1332000,1332000
KAB. MANDAILING NATAL,DINAS PERTANIAN - 3.27.0.00.0.00.22.0000,8982605,51084374,2024,E-Katalog 5.0,APBD,CV.RIZKI KARYA,E-Purchasing,Pengadaan Barang,MESIN CULTIVATOR PERTANIAN,PROSES KONTRAK PPK,189600000,189600000
KAB. MANDAILING NATAL,DINAS KESEHATAN - 1.02.0.00.0.00.02.0000,10024377,51356108,2024,E-Katalog 5.0,APBD,PT.Imfarmind Farmasi Industri,E-Purchasing,Pengadaan Barang,Alopurinol tab 100 mg,PROSES KONTRAK PPK,15700000,15700000
KAB. MANDAILING NATAL,DINAS PENDIDIKAN DAN KEBUDAYAAN - 1.01.2.22.0.00.01.0000,2993373,50635869,2024,Tender,APBD,CV. PUTRA BARINGIN GROUP,Tender,Pekerjaan Konstruksi,PEMBANGUNAN RUANG KELAS BARU BESERTA PERABOTNYA (DAK) SD NEGERI 393 TAGILANG,SELESAI,479567721,479567721
KAB. MANDAILING NATAL,DINAS PEKERJAAN UMUM DAN PENATAAN RUANG - 1.03.0.00.0.00.03.0000,8946540,49523780,2024,E-Katalog 5.0,APBD,PT. RONA NAMORA,E-Purchasing,Pengadaan Barang,Pasangan Batu dengan Mortar,PAKET SELESAI,60427000,60427000
KAB. MANDAILING NATAL,RUMAH SAKIT UMUM DAERAH PANYABUNGAN - 1.02.0.00.0.00.02.0001,9958999,51459102,2024,E-Katalog 5.0,BLUD,P.T. Dexa Medica,E-Purchasing,Pengadaan Barang,Fenitoin/ Phenytoin Sodium Injeksi 50 mg/ml (100 mg/ 2 mL),MELAKUKAN PENGIRIMAN DAN PENERIMAAN,383200,383200
KAB. MANDAILING NATAL,DINAS PEKERJAAN UMUM DAN PENATAAN RUANG - 1.03.0.00.0.00.03.0000,3926373,51780552,2024,Non Tender,APBD,CV. KENZO MAHAGANI,Pengadaan Langsung,Pekerjaan Konstruksi,Rehabilitasi Kantor Dinas Pekerjaan Umum dan Penataan Ruang,SELESAI,198931000,198931000
KAB. MANDAILING NATAL,DINAS KESEHATAN - 1.02.0.00.0.00.02.0000,9353207,51356109,2024,E-Katalog 5.0,APBD,PT. Setia Anugrah Medika,E-Purchasing,Pengadaan Barang,ARKRAY ARKRAY Spanclone Anti A Monoclonal,MELAKUKAN PENGIRIMAN DAN PENERIMAAN,30140000,0
KAB. MANDAILING NATAL,DINAS KOPERASI USAHA KECIL DAN MENENGAH - 2.17.0.00.0.00.16.0000,9740794,52005333,2024,E-Katalog 5.0,APBD,CV. TERMINAL PRINT,E-Purchasing,Pengadaan Barang,MESIN PENGGILING GULA AREN,PROSES KONTRAK PPK,19620000,19620000
KAB. MANDAILING NATAL,DINAS KESEHATAN - 1.02.0.00.0.00.02.0000,9343388,51356109,2024,E-Katalog 5.0,APBD,PT MAKMUR JAYA HEALTHINDO,E-Purchasing,Pengadaan Barang,Intravenous Catheter Port 24 G,MELAKUKAN PENGIRIMAN DAN PENERIMAAN,40000000,40000000
KAB. MANDAILING NATAL,RUMAH SAKIT UMUM DAERAH PANYABUNGAN - 1.02.0.00.0.00.02.0001,9362805,51411949,2024,E-Katalog 5.0,APBD,PT. INDOMEDIK NIAGA PERKASA,E-Purchasing,Pengadaan Barang,Syringe Pump,MELAKUKAN PENGIRIMAN DAN PENERIMAAN,103505400,103505400
KAB. MANDAILING NATAL,RUMAH SAKIT UMUM DAERAH DR. HUSNI THAMRIN - 1.02.0.00.0.00.02.0002,4059373,51354244,2024,Non Tender,APBD,PT . HIBAR WAHANA PERSADA,Pengadaan Langsung,Jasa Konsultansi Badan Usaha Konstruksi,Belanja Jasa Tenaga Ahli-Jasa Konultan Pengawasan Pembangunan Gedung Ruang Farmasi (1 Kegiatan),SELESAI,49922250,49922250
KAB. MANDAILING NATAL,RUMAH SAKIT UMUM DAERAH PANYABUNGAN - 1.02.0.00.0.00.02.0001,11218016,53529595,2024,E-Katalog 5.0,BLUD,PT.Elsyahfi Calibratech Mandiri,E-Purchasing,Pengadaan Barang,Electrostimulator / TENS,MELAKUKAN PENGIRIMAN DAN PENERIMAAN,587000,587000
KAB. MANDAILING NATAL,DINAS PENDIDIKAN DAN KEBUDAYAAN - 1.01.2.22.0.00.01.0000,3011373,50635535,2024,Tender,APBD,CV. IKHWAN FIRDAUS,Tender,Pekerjaan Konstruksi,PEMBANGUNAN RUANG LABORATORIUM KOMPUTER BESERTA PERABOTNYA (DAK) SD NEGERI 084 SALAMBUE,SELESAI,219777442,219777442
KAB. MANDAILING NATAL,DINAS PERDAGANGAN - 3.30.3.31.0.00.23.0000,4132373,52861457,2024,Non Tender,APBD,CV. RENDER CONSULTANT,Pengadaan Langsung,Jasa Konsultansi Badan Usaha Konstruksi,Jasa Konsultansi Perencanaan Fisik Sarana dan Prasarana Bidang Pengembangan Perdagangan (Sumber Dana Insentif Fiskal) TA. 2024,SELESAI,29193000,29193000
KAB. MANDAILING NATAL,RUMAH SAKIT UMUM DAERAH PANYABUNGAN - 1.02.0.00.0.00.02.0001,10377838,51459102,2024,E-Katalog 5.0,BLUD,P.T. Dexa Medica,E-Purchasing,Pengadaan Barang,Cetirizine hydrochloride(HCl)/ Cetirizine/ Setirizin sirup 5 mg/5 ml,MELAKUKAN PENGIRIMAN DAN PENERIMAAN,4887400,4887400
KAB. MANDAILING NATAL,DINAS PENDIDIKAN DAN KEBUDAYAAN - 1.01.2.22.0.00.01.0000,10898187,53328228,2024,E-Katalog 5.0,APBD,CV. IKHWAN FIRDAUS,E-Purchasing,Pengadaan Barang,Seragam Sekolah SD,MELAKUKAN PENGIRIMAN DAN PENERIMAAN,52614000,52614000
KAB. MANDAILING NATAL,DINAS PENDIDIKAN DAN KEBUDAYAAN - 1.01.2.22.0.00.01.0000,3026373,50635528,2024,Tender,APBD,CV. NABILA,Tender,Pekerjaan Konstruksi,PEMBANGUNAN RUANG LABORATORIUM KOMPUTER BESERTA PERABOTNYA (DAK)  SD NEGERI 393 TAGILANG,SELESAI,232708002,232708002
KAB. MANDAILING NATAL,RUMAH SAKIT UMUM DAERAH PANYABUNGAN - 1.02.0.00.0.00.02.0001,9376013,51459102,2024,E-Katalog 5.0,BLUD,PT.TOP POINT MEDICAL,E-Purchasing,Pengadaan Barang,TP DISPOSABLE SYRINGE 50ML CT,MELAKUKAN PENGIRIMAN DAN PENERIMAAN,1482100,1482100
KAB. MANDAILING NATAL,DINAS PENDIDIKAN DAN KEBUDAYAAN - 1.01.2.22.0.00.01.0000,2989373,50635861,2024,Tender,APBD,CV. RANCANG CIPTA JAYA,Tender,Pekerjaan Konstruksi,PEMBANGUNAN RUANG KELAS BARU BESERTA PERABOTNYA (DAK) SD NEGERI 099 PROYEK BATANGGADIS,SELESAI,1059589962,1059589962
KAB. MANDAILING NATAL,RUMAH SAKIT UMUM DAERAH PANYABUNGAN - 1.02.0.00.0.00.02.0001,9098725,51459102,2024,E-Katalog 5.0,BLUD,P.T. Dexa Medica,E-Purchasing,Pengadaan Barang,Kandesartan/ Candesartan/ Candesartan Cilexetil  tablet/kapsul/kaplet 8 mg,MELAKUKAN PENGIRIMAN DAN PENERIMAAN,1854000,1854000
KAB. MANDAILING NATAL,RUMAH SAKIT UMUM DAERAH PANYABUNGAN - 1.02.0.00.0.00.02.0001,9335458,51459102,2024,E-Katalog 5.0,BLUD,PT. Kimia Farma Tbk,E-Purchasing,Pengadaan Barang,Hidroklorotiazid/ Hydrochlorothiazide tablet/kapsul/kaplet 25 mg,MELAKUKAN PENGIRIMAN DAN PENERIMAAN,459000,459000
KAB. MANDAILING NATAL,DINAS PERHUBUNGAN - 2.15.0.00.0.00.14.0000,3855373,51617886,2024,Non Tender,APBD,HQ PRATAMA CONSULTANT,Pengadaan Langsung,Jasa Konsultansi Badan Usaha Konstruksi,Belanja Jasa Konsultan Perencanaan Land Clearing Terminal Panyabungan,SELESAI,13500930,13500930
KAB. MANDAILING NATAL,DINAS KESEHATAN - 1.02.0.00.0.00.02.0000,11226416,51356108,2024,E-Katalog 5.0,APBD,PT.Bernofarm,E-Purchasing,Pengadaan Barang,Amoksisilin/ Amoxicillin/ Amoxicillin Trihydrate tablet/kapsul/kaplet/kaptab 500 mg,MELAKUKAN PENGIRIMAN DAN PENERIMAAN,57040000,57040000
KAB. MANDAILING NATAL,DINAS KESEHATAN - 1.02.0.00.0.00.02.0000,9148790,51356249,2024,E-Katalog 5.0,APBD,PT. SERENITY INDONESIA,E-Purchasing,Pengadaan Barang,Lanset  Darah + eBsugar III Blood Glucose Test Strips Box @ 50 Strip (LS-06),MELAKUKAN PENGIRIMAN DAN PENERIMAAN,563675000,563675000
KAB. MANDAILING NATAL,RUMAH SAKIT UMUM DAERAH PANYABUNGAN - 1.02.0.00.0.00.02.0001,10326517,51459102,2024,E-Katalog 5.0,BLUD,NEO DUTA MANDIRI,E-Purchasing,Pengadaan Barang,FILM CR/DR RADIOLOGI 20 X 25,MELAKUKAN PENGIRIMAN DAN PENERIMAAN,22000000,22000000
KAB. MANDAILING NATAL,RUMAH SAKIT UMUM DAERAH PANYABUNGAN - 1.02.0.00.0.00.02.0001,9205717,51459106,2024,E-Katalog 5.0,BLUD,PT.GLOBAL DISPOMEDIKA,E-Purchasing,Pengadaan Barang,METRA Gloves Latex Surgical Sterile Powdered Size 7.0,MELAKUKAN PENGIRIMAN DAN PENERIMAAN,2497500,2497500
KAB. MANDAILING NATAL,DINAS KESEHATAN - 1.02.0.00.0.00.02.0000,10812452,51356469,2024,E-Katalog 5.0,APBD,CV. TERMINAL PRINT,E-Purchasing,Pengadaan Barang,CETAK FORM SKRINING,MELAKUKAN PENGIRIMAN DAN PENERIMAAN,6084000,6084000
KAB. MANDAILING NATAL,RUMAH SAKIT UMUM DAERAH PANYABUNGAN - 1.02.0.00.0.00.02.0001,10291985,51459102,2024,E-Katalog 5.0,BLUD,PT. Mersifarma Tirmaku Mercusana,E-Purchasing,Pengadaan Barang,Haloperidol inj 5 mg/mL (i.m.),MELAKUKAN PENGIRIMAN DAN PENERIMAAN,235920,235920
KAB. MANDAILING NATAL,DINAS KESEHATAN - 1.02.0.00.0.00.02.0000,10023277,51356108,2024,E-Katalog 5.0,APBD,PT. PHARMA LABORATORIES,E-Purchasing,Pengadaan Barang,Griseofulvin  tablet/kapsul/kaplet 500 mg,PROSES KONTRAK PPK,20355000,20355000
KAB. MANDAILING NATAL,RUMAH SAKIT UMUM DAERAH PANYABUNGAN - 1.02.0.00.0.00.02.0001,9335458,51459102,2024,E-Katalog 5.0,BLUD,PT. Kimia Farma Tbk,E-Purchasing,Pengadaan Barang,Ketoprofen supositoria 100 mg KF,MELAKUKAN PENGIRIMAN DAN PENERIMAAN,3505500,3505500
KAB. MANDAILING NATAL,DINAS PEKERJAAN UMUM DAN PENATAAN RUANG - 1.03.0.00.0.00.03.0000,3842373,49526290,2024,Non Tender,APBD,CV. PUTRA BARINGIN GROUP,Pengadaan Langsung,Pekerjaan Konstruksi,Rehabilitasi Jaringan Irigasi Dl. Saba Gaja Kec. Panyabungan,SELESAI,90202000,90202000
KAB. MANDAILING NATAL,DINAS PEKERJAAN UMUM DAN PENATAAN RUANG - 1.03.0.00.0.00.03.0000,10575388,52657826,2024,E-Katalog 5.0,APBD,PT. RONA NAMORA,E-Purchasing,Pengadaan Barang,Bahan anti pengelupasan,PAKET SELESAI,1914900,1914900
KAB. MANDAILING NATAL,RUMAH SAKIT UMUM DAERAH PANYABUNGAN - 1.02.0.00.0.00.02.0001,10761387,51459102,2024,E-Katalog 5.0,BLUD,PT. Mersifarma Tirmaku Mercusana,E-Purchasing,Pengadaan Barang,Sertralin tab sal 50 mg,MELAKUKAN PENGIRIMAN DAN PENERIMAAN,4062000,4062000
KAB. MANDAILING NATAL,RUMAH SAKIT UMUM DAERAH PANYABUNGAN - 1.02.0.00.0.00.02.0001,10326517,51459102,2024,E-Katalog 5.0,BLUD,NEO DUTA MANDIRI,E-Purchasing,Pengadaan Barang,FILM CR/DR RADIOLOGI 35X43,MELAKUKAN PENGIRIMAN DAN PENERIMAAN,9600000,9600000
KAB. MANDAILING NATAL,RUMAH SAKIT UMUM DAERAH PANYABUNGAN - 1.02.0.00.0.00.02.0001,9095668,51459102,2024,E-Katalog 5.0,BLUD,PT. Kimia Farma Tbk,E-Purchasing,Pengadaan Barang,"Clonidine hydrochloride/ Clonidine/ Klonidin tablet/kapsul/kaplet 0,15 mg",MELAKUKAN PENGIRIMAN DAN PENERIMAAN,149000,149000
KAB. MANDAILING NATAL,DINAS PEKERJAAN UMUM DAN PENATAAN RUANG - 1.03.0.00.0.00.03.0000,3999373,49604326,2024,Non Tender,APBD,CV. CEMERLANG GEMILANG GROUP,Pengadaan Langsung,Pekerjaan Konstruksi,Pembangunan Baru SPAM Jaringan Perpipaan di KOMPI Mangga Dua Kec. Panyabungan,SELESAI,198800312,198800312
KAB. MANDAILING NATAL,DINAS KESEHATAN - 1.02.0.00.0.00.02.0000,10053838,51356108,2024,E-Katalog 5.0,APBD,P.T. Dexa Medica,E-Purchasing,Pengadaan Barang,Glimepiride/ Glimepirid tablet/kapsul/kaplet 2 mg,PROSES KONTRAK PPK,6000000,6000000
KAB. MANDAILING NATAL,RUMAH SAKIT UMUM DAERAH PANYABUNGAN - 1.02.0.00.0.00.02.0001,10072674,51459102,2024,E-Katalog 5.0,BLUD,PT Glaxo Wellcome Indonesia,E-Purchasing,Pengadaan Barang,"Kombinasi KDT/FDC, setiap mL mengandung:  Salmeterol 50 mcg dan Flutikason propionat 250 mcg ih 250 mcg puff",MELAKUKAN PENGIRIMAN DAN PENERIMAAN,9553896,0
KAB. MANDAILING NATAL,RUMAH SAKIT UMUM DAERAH PANYABUNGAN - 1.02.0.00.0.00.02.0001,4005373,52033073,2024,Non Tender,BLUD,CV. RENDER CONSULTANT,Pengadaan Langsung,Jasa Konsultansi Badan Usaha Konstruksi,Biaya Konsultansi Pengawasan Prasarana IPAL,SELESAI,99855600,99855600
KAB. MANDAILING NATAL,RUMAH SAKIT UMUM DAERAH PANYABUNGAN - 1.02.0.00.0.00.02.0001,9495229,51459102,2024,E-Katalog 5.0,BLUD,P.T. Dexa Medica,E-Purchasing,Pengadaan Barang,Ketorolak/ Ketorolac / Ketorolac trometamol/ Ketorolac tromethamine inj 30 mg/ml (3%),MELAKUKAN PENGIRIMAN DAN PENERIMAAN,7050000,7050000
KAB. MANDAILING NATAL,RUMAH SAKIT UMUM DAERAH PANYABUNGAN - 1.02.0.00.0.00.02.0001,10069801,51459102,2024,E-Katalog 5.0,BLUD,PT. Mersifarma Tirmaku Mercusana,E-Purchasing,Pengadaan Barang,Karbamazepin tab 200 mg,MELAKUKAN PENGIRIMAN DAN PENERIMAAN,1893000,1893000
KAB. MANDAILING NATAL,DINAS PERTANIAN - 3.27.0.00.0.00.22.0000,9428839,51775582,2024,E-Katalog 5.0,APBD,CV. SETYA SARI SUKSES,E-Purchasing,Pengadaan Barang,BIBIT AYAM KAMPUNG,PROSES KONTRAK PPK,299424000,299424000
KAB. MANDAILING NATAL,DINAS PERTANIAN - 3.27.0.00.0.00.22.0000,8936301,51084613,2024,E-Katalog 5.0,APBD,CV. AULIA RIZKI PRATAMA,E-Purchasing,Pengadaan Barang,Bibit Bawang Merah,PROSES KONTRAK PPK,205251000,205251000
KAB. MANDAILING NATAL,DINAS KESEHATAN - 1.02.0.00.0.00.02.0000,9343007,51356109,2024,E-Katalog 5.0,APBD,PT Axion Jaya Alkesindo,E-Purchasing,Pengadaan Barang,IV Catheter 20 G,MELAKUKAN PENGIRIMAN DAN PENERIMAAN,9800000,9800000
KAB. MANDAILING NATAL,DINAS PENDIDIKAN DAN KEBUDAYAAN - 1.01.2.22.0.00.01.0000,2991373,50635862,2024,Tender,APBD,CV. RANCANG CIPTA JAYA,Tender,Pekerjaan Konstruksi,PEMBANGUNAN RUANG KELAS BARU BESERTA PERABOTNYA (DAK) SD NEGERI 120 HUTABARGOT,SELESAI,423353956,423353956
KAB. MANDAILING NATAL,RUMAH SAKIT UMUM DAERAH DR. HUSNI THAMRIN - 1.02.0.00.0.00.02.0002,4058373,51354244,2024,Non Tender,APBD,CV. EFOD DESIGN CONSULTANT,Pengadaan Langsung,Jasa Konsultansi Badan Usaha Konstruksi,Belanja Jasa Tenaga Ahli- Jasa Konsultan Pengawasan Pembangunan Gedung Ruangan Poli dan Kebidanan (1 Kegiatan),SELESAI,49839000,49839000
KAB. MANDAILING NATAL,RUMAH SAKIT UMUM DAERAH PANYABUNGAN - 1.02.0.00.0.00.02.0001,9164544,51459106,2024,E-Katalog 5.0,BLUD,PT. B.BRAUN MEDICAL INDONESIA,E-Purchasing,Pengadaan Barang,Certofix Duo V 720,MELAKUKAN PENGIRIMAN DAN PENERIMAAN,2010756,0
KAB. MANDAILING NATAL,RUMAH SAKIT UMUM DAERAH PANYABUNGAN - 1.02.0.00.0.00.02.0001,9098725,51459102,2024,E-Katalog 5.0,BLUD,P.T. Dexa Medica,E-Purchasing,Pengadaan Barang,"Levofloxacin hemihydrate/ Levofloxacin/ Levofloksasin inf 5 mg/mL, 100 mL",MELAKUKAN PENGIRIMAN DAN PENERIMAAN,11750000,11750000
KAB. MANDAILING NATAL,DINAS PENDIDIKAN DAN KEBUDAYAAN - 1.01.2.22.0.00.01.0000,3940373,50635360,2024,Non Tender,APBD,CV. NAMBURAK,Pengadaan Langsung,Pekerjaan Konstruksi,PEMBANGUNAN RUANG UKS BESERTA PERABOTNYA (DAK) SD NEGERI 177 PANJARINGAN,SELESAI,150000000,150000000
KAB. MANDAILING NATAL,RUMAH SAKIT UMUM DAERAH PANYABUNGAN - 1.02.0.00.0.00.02.0001,10592284,51459106,2024,E-Katalog 5.0,BLUD,PT Surgika Alkesindo,E-Purchasing,Pengadaan Barang,Laryngeal Mask Airway 42-5010,MELAKUKAN PENGIRIMAN DAN PENERIMAAN,696000,0
KAB. MANDAILING NATAL,RUMAH SAKIT UMUM DAERAH PANYABUNGAN - 1.02.0.00.0.00.02.0001,4031373,52044333,2024,Non Tender,BLUD,CV. RENDER CONSULTANT,Pengadaan Langsung,Jasa Konsultansi Badan Usaha Konstruksi,Biaya Konsultansi Pengawasan Prasarana Air Bersih,SELESAI,59743190,59743190
KAB. MANDAILING NATAL,RUMAH SAKIT UMUM DAERAH PANYABUNGAN - 1.02.0.00.0.00.02.0001,9095668,51459102,2024,E-Katalog 5.0,BLUD,PT. Kimia Farma Tbk,E-Purchasing,Pengadaan Barang,Pyridoxine/ Piridoksin (Vitamin B6) tablet/kapsul/kaplet 10 mg,MELAKUKAN PENGIRIMAN DAN PENERIMAAN,890000,890000
KAB. MANDAILING NATAL,DINAS KESEHATAN - 1.02.0.00.0.00.02.0000,10091719,51356108,2024,E-Katalog 5.0,APBD,PT. MARIN LIZA FARMASI,E-Purchasing,Pengadaan Barang,"Salep 2-4, salep",MELAKUKAN PENGIRIMAN DAN PENERIMAAN,19180800,19180800
KAB. MANDAILING NATAL,DINAS PEKERJAAN UMUM DAN PENATAAN RUANG - 1.03.0.00.0.00.03.0000,8894384,49523781,2024,E-Katalog 5.0,APBD,DEMBAN SIMPAR JAYA,E-Purchasing,Pengadaan Barang,"Gorong-gorong Pipa Beton Bertulang, diameter dalam 80 cm",PAKET SELESAI,19065200,19065200
KAB. MANDAILING NATAL,DINAS PENDIDIKAN DAN KEBUDAYAAN - 1.01.2.22.0.00.01.0000,10897926,53328247,2024,E-Katalog 5.0,APBD,CV. PARADISE PARK,E-Purchasing,Pengadaan Barang,Seragam Sekolah SMP,MELAKUKAN PENGIRIMAN DAN PENERIMAAN,35631000,35631000
KAB. MANDAILING NATAL,DINAS PENDIDIKAN DAN KEBUDAYAAN - 1.01.2.22.0.00.01.0000,9974996,52150713,2024,E-Katalog 5.0,APBD,CV. KREATIFITAS CEMERLANG,E-Purchasing,Pengadaan Barang,PASTA PAINTING,MELAKUKAN PENGIRIMAN DAN PENERIMAAN,3570000,3570000
KAB. MANDAILING NATAL,DINAS KESEHATAN - 1.02.0.00.0.00.02.0000,10079335,51356108,2024,E-Katalog 5.0,APBD,NOVAPHARIN,E-Purchasing,Pengadaan Barang,Prednison/Prednisone tablet/kapsul/kaplet 5 mg,PROSES KONTRAK PPK,35250000,35250000
KAB. MANDAILING NATAL,RUMAH SAKIT UMUM DAERAH DR. HUSNI THAMRIN - 1.02.0.00.0.00.02.0002,9620381,51354252,2024,E-Katalog 5.0,APBD,PT. MIMAR CITRA ABADI,E-Purchasing,Pengadaan Barang,HERNIOTOMY AND APPENDECTOMY SET,MELAKUKAN PENGIRIMAN DAN PENERIMAAN,72300000,72300000
KAB. MANDAILING NATAL,DINAS PERHUBUNGAN - 2.15.0.00.0.00.14.0000,4087373,51617897,2024,Non Tender,APBD,CV. CONSULTANT PASAE ROBOE,Pengadaan Langsung,Jasa Konsultansi Badan Usaha Konstruksi,Belanja Jasa Konsultan Pengawasan Land Clearing Terminal Panyabungan,SELESAI,19647000,19647000
KAB. MANDAILING NATAL,RUMAH SAKIT UMUM DAERAH PANYABUNGAN - 1.02.0.00.0.00.02.0001,11098807,51459102,2024,E-Katalog 5.0,BLUD,PT. Mersifarma Tirmaku Mercusana,E-Purchasing,Pengadaan Barang,Sertralin tab sal 50 mg,MELAKUKAN PENGIRIMAN DAN PENERIMAAN,4062000,4062000
KAB. MANDAILING NATAL,DINAS PENDIDIKAN DAN KEBUDAYAAN - 1.01.2.22.0.00.01.0000,10898187,53328228,2024,E-Katalog 5.0,APBD,CV. IKHWAN FIRDAUS,E-Purchasing,Pengadaan Barang,Buku Tulis (Standard),MELAKUKAN PENGIRIMAN DAN PENERIMAAN,21600000,21600000
KAB. MANDAILING NATAL,DINAS PENDIDIKAN DAN KEBUDAYAAN - 1.01.2.22.0.00.01.0000,10898187,53328228,2024,E-Katalog 5.0,APBD,CV. IKHWAN FIRDAUS,E-Purchasing,Pengadaan Barang,Seragam Sekolah (Pramuka Perempuan),MELAKUKAN PENGIRIMAN DAN PENERIMAAN,42502000,42502000
KAB. MANDAILING NATAL,DINAS PENDIDIKAN DAN KEBUDAYAAN - 1.01.2.22.0.00.01.0000,3021373,50635539,2024,Tender,APBD,CV. ANUGRAH KARYA ABADI,Tender,Pekerjaan Konstruksi,PEMBANGUNAN RUANG LABORATORIUM KOMPUTER BESERTA PERABOTNYA (DAK) SD NEGERI 120 HUTABARGOT,SELESAI,238727998,238727998
KAB. MANDAILING NATAL,RUMAH SAKIT UMUM DAERAH PANYABUNGAN - 1.02.0.00.0.00.02.0001,9138667,51459102,2024,E-Katalog 5.0,BLUD,PT Otsuka Indonesia,E-Purchasing,Pengadaan Barang,"Kalium klorida / Potasium klorida injeksi 25 mg 7,46%, ampul @25 mL",MELAKUKAN PENGIRIMAN DAN PENERIMAAN,454800,454800
KAB. MANDAILING NATAL,DINAS KESEHATAN - 1.02.0.00.0.00.02.0000,11226416,51356108,2024,E-Katalog 5.0,APBD,PT.Bernofarm,E-Purchasing,Pengadaan Barang,Paracetamol/ Parasetamol sirup 120 mg / 5 ml,MELAKUKAN PENGIRIMAN DAN PENERIMAAN,80635500,80635500
KAB. MANDAILING NATAL,BAGIAN KESEJAHTERAAN RAKYAT - 4.01.5.06.0.00.24.0002,9082946,51381295,2024,E-Katalog 5.0,APBD,KENANGA MULTI TRADE,E-Purchasing,Pengadaan Barang,KAIN SARUNG COTTON,PAKET SELESAI,166725000,166725000
KAB. MANDAILING NATAL,RUMAH SAKIT UMUM DAERAH PANYABUNGAN - 1.02.0.00.0.00.02.0001,9298521,51459106,2024,E-Katalog 5.0,BLUD,PT. Djembatan Dua,E-Purchasing,Pengadaan Barang,STARDEC DecaFix 15 CM X 5 M,MELAKUKAN PENGIRIMAN DAN PENERIMAAN,6100000,6100000
KAB. MANDAILING NATAL,RUMAH SAKIT UMUM DAERAH PANYABUNGAN - 1.02.0.00.0.00.02.0001,10556056,51459102,2024,E-Katalog 5.0,BLUD,PT.Bernofarm,E-Purchasing,Pengadaan Barang,Ceftriaxone/ Ceftriaxone Sodium/ Seftriakson inj 1.000 mg @100,MELAKUKAN PENGIRIMAN DAN PENERIMAAN,36600000,36600000
KAB. MANDAILING NATAL,DINAS PERTANIAN - 3.27.0.00.0.00.22.0000,3872373,49545792,2024,Non Tender,APBD,CV. NAMBURAK,Pengadaan Langsung,Pekerjaan Konstruksi,Pembangunan/Rehabilitasi Jaringan Irigasi Desa Singengu Jae Kec. Kotanopan,SELESAI,79000000,79000000
KAB. MANDAILING NATAL,RUMAH SAKIT UMUM DAERAH PANYABUNGAN - 1.02.0.00.0.00.02.0001,9445517,51459102,2024,E-Katalog 5.0,BLUD,PT AstraZeneca Indonesia,E-Purchasing,Pengadaan Barang,"Budesonid cairan inhalasi 0,25mg/mL, respoules 2 mL",MELAKUKAN PENGIRIMAN DAN PENERIMAAN,696000,0
KAB. MANDAILING NATAL,DINAS KESEHATAN - 1.02.0.00.0.00.02.0000,9148790,51356249,2024,E-Katalog 5.0,APBD,PT. SERENITY INDONESIA,E-Purchasing,Pengadaan Barang,Lanset Darah 28G ( Box Of 100 ),MELAKUKAN PENGIRIMAN DAN PENERIMAAN,65391500,65391500
KAB. MANDAILING NATAL,DINAS PEKERJAAN UMUM DAN PENATAAN RUANG - 1.03.0.00.0.00.03.0000,4138373,52657641,2024,Non Tender,APBD,PT. ARTEK UTAMA,Pengadaan Langsung,Jasa Konsultansi Badan Usaha Konstruksi,Jasa Konsultansi Pengawasan Jalan Wilayah I Sumber Dana Insentif Fiskal,SELESAI,74736300,74736300
KAB. MANDAILING NATAL,DINAS KESEHATAN - 1.02.0.00.0.00.02.0000,10129378,51356108,2024,E-Katalog 5.0,APBD,PT. Mahakam Beta Farma,E-Purchasing,Pengadaan Barang,Methylprednisolone inj 125 mg,MELAKUKAN PENGIRIMAN DAN PENERIMAAN,8881500,8881500
KAB. MANDAILING NATAL,INSPEKTORAT DAERAH KABUPATEN - 6.01.0.00.0.00.30.0000,10023178000,50267927,2024,Non Tender,APBD,KENANGA MULTI TRADE,Pengadaan Langsung,Pengadaan Barang,Belanja Modal Alat Kantor Lainnya,SELESAI,74647500,0
KAB. MANDAILING NATAL,DINAS PEKERJAAN UMUM DAN PENATAAN RUANG - 1.03.0.00.0.00.03.0000,8894384,49523781,2024,E-Katalog 5.0,APBD,DEMBAN SIMPAR JAYA,E-Purchasing,Pengadaan Barang,Penyiapan Badan Jalan,PAKET SELESAI,11739075,11739075
KAB. MANDAILING NATAL,RUMAH SAKIT UMUM DAERAH PANYABUNGAN - 1.02.0.00.0.00.02.0001,10245049,51459102,2024,E-Katalog 5.0,BLUD,PT.Bernofarm,E-Purchasing,Pengadaan Barang,Levofloxacin hemihydrate/ Levofloxacin/Levofloksasin tablet salut selaput/kaplet salut selaput/ kaptab salut selaput 500 mg,MELAKUKAN PENGIRIMAN DAN PENERIMAAN,4440000,4440000
KAB. MANDAILING NATAL,RUMAH SAKIT UMUM DAERAH PANYABUNGAN - 1.02.0.00.0.00.02.0001,9098725,51459102,2024,E-Katalog 5.0,BLUD,P.T. Dexa Medica,E-Purchasing,Pengadaan Barang,Ciprofloxacin hydrochloride(HCl)/ Ciprofloxacin Lactate/ Ciprofloxacin/ Siprofloksasin inf 2 mg/ml,MELAKUKAN PENGIRIMAN DAN PENERIMAAN,5512500,5512500
KAB. MANDAILING NATAL,DINAS PEKERJAAN UMUM DAN PENATAAN RUANG - 1.03.0.00.0.00.03.0000,10574685,52658572,2024,E-Katalog 5.0,APBD,PT. DALIHAN NATOLU GROUP,E-Purchasing,Pengadaan Barang,Perbaikan Lapis Pondasi Agregat Kelas A,PAKET SELESAI,132405000,132405000
KAB. MANDAILING NATAL,RUMAH SAKIT UMUM DAERAH PANYABUNGAN - 1.02.0.00.0.00.02.0001,10709550,51459102,2024,E-Katalog 5.0,BLUD,PT. Hexpharm Jaya Laboratories,E-Purchasing,Pengadaan Barang,Asam mefenamat tab 500 mg,MELAKUKAN PENGIRIMAN DAN PENERIMAAN,3100000,3100000
KAB. MANDAILING NATAL,DINAS PEKERJAAN UMUM DAN PENATAAN RUANG - 1.03.0.00.0.00.03.0000,4100373,49550270,2024,Non Tender,APBD,CV. RRH CONSULTANT,Pengadaan Langsung,Jasa Konsultansi Badan Usaha Konstruksi,Perencanaan Sistem Penyediaan Air Minum (SPAM ) Jaringan Perpipaan Mandailing Godang Tahun 2025,SELESAI,99267300,99267300
KAB. MANDAILING NATAL,RUMAH SAKIT UMUM DAERAH PANYABUNGAN - 1.02.0.00.0.00.02.0001,10312595,51459102,2024,E-Katalog 5.0,BLUD,SANSICO NATURA RESOURCES,E-Purchasing,Pengadaan Barang,d3TEKS1 HCV Antibody Rapid Test,MELAKUKAN PENGIRIMAN DAN PENERIMAAN,9950000,9950000
KAB. MANDAILING NATAL,DINAS KESEHATAN - 1.02.0.00.0.00.02.0000,10101056,51356108,2024,E-Katalog 5.0,APBD,NOVAPHARIN,E-Purchasing,Pengadaan Barang,Tetrasiklin/ Tetracycline/ Tetracycline Hydrochloride tablet/kapsul/kaplet 500 mg,MELAKUKAN PENGIRIMAN DAN PENERIMAAN,6560000,6560000
KAB. MANDAILING NATAL,DINAS PENDIDIKAN DAN KEBUDAYAAN - 1.01.2.22.0.00.01.0000,10898187,53328228,2024,E-Katalog 5.0,APBD,CV. IKHWAN FIRDAUS,E-Purchasing,Pengadaan Barang,Kaos Kaki (Putih),MELAKUKAN PENGIRIMAN DAN PENERIMAAN,81000000,81000000
KAB. MANDAILING NATAL,DINAS KESEHATAN - 1.02.0.00.0.00.02.0000,10029342,51356109,2024,E-Katalog 5.0,APBD,PT Axion Jaya Alkesindo,E-Purchasing,Pengadaan Barang,Paket Umblical Penjepit Tali Pusar,MELAKUKAN PENGIRIMAN DAN PENERIMAAN,12003000,12003000
KAB. MANDAILING NATAL,BADAN PENDAPATAN DAERAH - 5.02.0.00.0.00.28.0000,3786373,50377211,2024,Non Tender,APBD,CV. KREASI KENANGA,Pengadaan Langsung,Pengadaan Barang,Belanja Cetak dan Penggandaan - Cetak Karcis,SELESAI,194760600,194760600
KAB. MANDAILING NATAL,KECAMATAN LEMBAH SORIK MARAPI - 7.01.0.00.0.00.46.0000,3982373,50367723,2024,Non Tender,APBD,cv. bugis nauli,Pengadaan Langsung,Pekerjaan Konstruksi,Belanja Modal Pagar,SELESAI,50578000,50578000
KAB. MANDAILING NATAL,DINAS PEKERJAAN UMUM DAN PENATAAN RUANG - 1.03.0.00.0.00.03.0000,8894384,49523781,2024,E-Katalog 5.0,APBD,DEMBAN SIMPAR JAYA,E-Purchasing,Pengadaan Barang,Laston Lapis Aus (AC-WC),PAKET SELESAI,817910000,817910000
KAB. MANDAILING NATAL,RUMAH SAKIT UMUM DAERAH PANYABUNGAN - 1.02.0.00.0.00.02.0001,11218016,53529595,2024,E-Katalog 5.0,BLUD,PT.Elsyahfi Calibratech Mandiri,E-Purchasing,Pengadaan Barang,Low-level laser therapy,MELAKUKAN PENGIRIMAN DAN PENERIMAAN,722000,722000
KAB. MANDAILING NATAL,DINAS PENANAMAN MODAL DAN PELAYANAN TERPADU SATU PINTU - 2.18.0.00.0.00.17.0000,8975458,51278612,2024,E-Katalog 5.0,APBD,CV. VIRGO WIRA PERKASA,E-Purchasing,Pengadaan Barang,LAPTOP V14 G3 IAP ( Core i7 ),PAKET SELESAI,147300000,0
KAB. MANDAILING NATAL,DINAS PENDIDIKAN DAN KEBUDAYAAN - 1.01.2.22.0.00.01.0000,3038373,50634390,2024,Tender,APBD,CV. PARADISE PARK,Tender,Pekerjaan Konstruksi,PEMBANGUNAN LABORATORIUM KOMPUTER BESERTA PERABOTNYA (DAK) SMP N 1 SINUNUKAN,SELESAI,286813574,286813574
KAB. MANDAILING NATAL,DINAS KESEHATAN - 1.02.0.00.0.00.02.0000,9589799,51356109,2024,E-Katalog 5.0,APBD,PT.TOP POINT MEDICAL,E-Purchasing,Pengadaan Barang,TP INFUSION SET Y-SITE ADULT,MELAKUKAN PENGIRIMAN DAN PENERIMAAN,48785200,48785200
KAB. MANDAILING NATAL,DINAS KESEHATAN - 1.02.0.00.0.00.02.0000,9336331,51356109,2024,E-Katalog 5.0,APBD,PT Axion Jaya Alkesindo,E-Purchasing,Pengadaan Barang,Kasa Hidrofile Sterile 16 cm x 16 cm,MELAKUKAN PENGIRIMAN DAN PENERIMAAN,60000000,60000000
KAB. MANDAILING NATAL,RUMAH SAKIT UMUM DAERAH PANYABUNGAN - 1.02.0.00.0.00.02.0001,10414711,51459102,2024,E-Katalog 5.0,BLUD,PT. Kimia Farma Tbk,E-Purchasing,Pengadaan Barang,Flukonazol/ Fluconazole tablet/kapsul/kaplet 150 mg,MELAKUKAN PENGIRIMAN DAN PENERIMAAN,593750,593750
KAB. MANDAILING NATAL,DINAS KESEHATAN - 1.02.0.00.0.00.02.0000,9343007,51356109,2024,E-Katalog 5.0,APBD,PT Axion Jaya Alkesindo,E-Purchasing,Pengadaan Barang,IV Catheter 18 G,MELAKUKAN PENGIRIMAN DAN PENERIMAAN,3500000,3500000
KAB. MANDAILING NATAL,RUMAH SAKIT UMUM DAERAH PANYABUNGAN - 1.02.0.00.0.00.02.0001,9958133,51459105,2024,E-Katalog 5.0,BLUD,PT INTERSKALA MEDIKA INDONESIA,E-Purchasing,Pengadaan Barang,HIV-1/2 Antibody Rapid Test,MELAKUKAN PENGIRIMAN DAN PENERIMAAN,1144950,1144950
KAB. MANDAILING NATAL,BAGIAN UMUM - 4.01.5.06.0.00.24.0009,3898373,51891967,2024,Non Tender,APBD,cv. bugis nauli,Pengadaan Langsung,Pengadaan Barang,Belanja Modal Alat Pendingin - AC Standing Floor,SELESAI,96070500,96070500
KAB. MANDAILING NATAL,DINAS PENDIDIKAN DAN KEBUDAYAAN - 1.01.2.22.0.00.01.0000,4038373,50635366,2024,Non Tender,APBD,CV. INOVASI GEMILANG,Pengadaan Langsung,Pekerjaan Konstruksi,PEMBANGUNAN RUANG UKS BESERTA PERABOTNYA (DAK) SD NEGERI 288 SIMPANGBAJOLE,SELESAI,152000002,152000002
KAB. MANDAILING NATAL,DINAS PENDIDIKAN DAN KEBUDAYAAN - 1.01.2.22.0.00.01.0000,3012373,50635526,2024,Tender,APBD,cv sinar jaya,Tender,Pekerjaan Konstruksi,PEMBANGUNAN RUANG LABORATORIUM KOMPUTER BESERTA PERABOTNYA (DAK) SD NEGERI 316 RANTO PANJANG,SELESAI,238866257,238866257
KAB. MANDAILING NATAL,RUMAH SAKIT UMUM DAERAH PANYABUNGAN - 1.02.0.00.0.00.02.0001,10193674,51459102,2024,E-Katalog 5.0,BLUD,PT. Hexpharm Jaya Laboratories,E-Purchasing,Pengadaan Barang,Metformin tab 500 mg,MELAKUKAN PENGIRIMAN DAN PENERIMAAN,1780000,1780000
KAB. MANDAILING NATAL,RUMAH SAKIT UMUM DAERAH PANYABUNGAN - 1.02.0.00.0.00.02.0001,9097292,51459102,2024,E-Katalog 5.0,BLUD,PT.Bernofarm,E-Purchasing,Pengadaan Barang,Zinc sulfate/ Zinc sulfate monohydrate/ Zinc/ Zink sir 20 mg/5 ml,MELAKUKAN PENGIRIMAN DAN PENERIMAAN,910000,910000
KAB. MANDAILING NATAL,DINAS PENDIDIKAN DAN KEBUDAYAAN - 1.01.2.22.0.00.01.0000,10897926,53328247,2024,E-Katalog 5.0,APBD,CV. PARADISE PARK,E-Purchasing,Pengadaan Barang,Sepatu Sekolah,MELAKUKAN PENGIRIMAN DAN PENERIMAAN,33372000,33372000
KAB. MANDAILING NATAL,RUMAH SAKIT UMUM DAERAH PANYABUNGAN - 1.02.0.00.0.00.02.0001,9131381,51459102,2024,E-Katalog 5.0,BLUD,PT.Bernofarm,E-Purchasing,Pengadaan Barang,Paracetamol/ Parasetamol infus 10 mg/Ml (TD),MELAKUKAN PENGIRIMAN DAN PENERIMAAN,14200000,14200000
KAB. MANDAILING NATAL,DINAS KESEHATAN - 1.02.0.00.0.00.02.0000,10027496,51356108,2024,E-Katalog 5.0,APBD,PT. Galenium Pharmasia Laboratories,E-Purchasing,Pengadaan Barang,"CALADINE LOTION 60 ML, KALAMIN/CALAMINE",PROSES KONTRAK PPK,1450000,1450000
KAB. MANDAILING NATAL,RUMAH SAKIT UMUM DAERAH PANYABUNGAN - 1.02.0.00.0.00.02.0001,9367262,51459102,2024,E-Katalog 5.0,BLUD,PT Pratapa Nirmala,E-Purchasing,Pengadaan Barang,Larutan mengandung N(2)-L-Alanyl-L-Glutamine,MELAKUKAN PENGIRIMAN DAN PENERIMAAN,4860000,4860000
KAB. MANDAILING NATAL,RUMAH SAKIT UMUM DAERAH DR. HUSNI THAMRIN - 1.02.0.00.0.00.02.0002,9572632,51354252,2024,E-Katalog 5.0,APBD,PT. MIMAR CITRA ABADI,E-Purchasing,Pengadaan Barang,Laparotomy Set IV,MELAKUKAN PENGIRIMAN DAN PENERIMAAN,239330000,239330000
KAB. MANDAILING NATAL,DINAS PEKERJAAN UMUM DAN PENATAAN RUANG - 1.03.0.00.0.00.03.0000,4123373,52657404,2024,Non Tender,APBD,CV. YATRAINDO CONSULTANT,Pengadaan Langsung,Jasa Konsultansi Badan Usaha Konstruksi,Penyusunan Dokumen Perencanaan Jalan Wilayah II,SELESAI,74800000,74800000
KAB. MANDAILING NATAL,DINAS KESEHATAN - 1.02.0.00.0.00.02.0000,10812452,51356469,2024,E-Katalog 5.0,APBD,CV. TERMINAL PRINT,E-Purchasing,Pengadaan Barang,BUKU KADER POSYANDU 6 SET,MELAKUKAN PENGIRIMAN DAN PENERIMAAN,25178400,25178400
KAB. MANDAILING NATAL,DINAS PERUMAHAN RAKYAT DAN KAWASAN PERMUKIMAN SERTA PERTANAHAN - 1.04.2.10.0.00.04.0000,4073373,49936939,2024,Non Tender,APBD,CV. BINTANG KARYA BHAKTI,Pengadaan Langsung,Pekerjaan Konstruksi,Pembangunan Jalan Lingkungan Jalan Durian Lingkungan V Kelurahan Sipolu-Polu,SELESAI,99736136,99736136
KAB. MANDAILING NATAL,DINAS PEKERJAAN UMUM DAN PENATAAN RUANG - 1.03.0.00.0.00.03.0000,8946540,49523780,2024,E-Katalog 5.0,APBD,PT. RONA NAMORA,E-Purchasing,Pengadaan Barang,Penyiapan Badan Jalan,PAKET SELESAI,37182200,37182200
KAB. MANDAILING NATAL,DINAS KESEHATAN - 1.02.0.00.0.00.02.0000,10081614,51356108,2024,E-Katalog 5.0,APBD,PT. Holi Pharma,E-Purchasing,Pengadaan Barang,Albendazol/ Albendazole tablet/kapsul/kaplet 400 mg,MELAKUKAN PENGIRIMAN DAN PENERIMAAN,5760000,5760000
KAB. MANDAILING NATAL,DINAS PEKERJAAN UMUM DAN PENATAAN RUANG - 1.03.0.00.0.00.03.0000,8941316,49523772,2024,E-Katalog 5.0,APBD,DEMBAN SIMPAR JAYA,E-Purchasing,Pengadaan Barang,Lapis Perekat - Aspal Cair/Emulsi,PAKET SELESAI,43449712,43449712
KAB. MANDAILING NATAL,RUMAH SAKIT UMUM DAERAH PANYABUNGAN - 1.02.0.00.0.00.02.0001,10436857,51459102,2024,E-Katalog 5.0,BLUD,P.T. Dexa Medica,E-Purchasing,Pengadaan Barang,Omeprazol/Omeprazole/ Omeoprazole Sodium inj 40 mg,MELAKUKAN PENGIRIMAN DAN PENERIMAAN,37100000,37100000
KAB. MANDAILING NATAL,RUMAH SAKIT UMUM DAERAH DR. HUSNI THAMRIN - 1.02.0.00.0.00.02.0002,9205532,51354260,2024,E-Katalog 5.0,APBD,Kana Surya Gemilang,E-Purchasing,Pengadaan Barang,L300 - AMBULANCE EMERGENCY,MELAKUKAN PENGIRIMAN DAN PENERIMAAN,675000000,675000000
KAB. MANDAILING NATAL,DINAS KESEHATAN - 1.02.0.00.0.00.02.0000,10812582,52999154,2024,E-Katalog 5.0,APBD,CV. TERMINAL PRINT,E-Purchasing,Pengadaan Barang,KAOS PESERTA,MELAKUKAN PENGIRIMAN DAN PENERIMAAN,124999600,124999600
KAB. MANDAILING NATAL,RUMAH SAKIT UMUM DAERAH PANYABUNGAN - 1.02.0.00.0.00.02.0001,9657772,51459102,2024,E-Katalog 5.0,BLUD,PT. PHARMA LABORATORIES,E-Purchasing,Pengadaan Barang,Metilprednisolon/Methylprednisolone tablet/kapsul/kaplet 8 mg,MELAKUKAN PENGIRIMAN DAN PENERIMAAN,550500,550500
KAB. MANDAILING NATAL,DINAS KESEHATAN - 1.02.0.00.0.00.02.0000,10231598,51356108,2024,E-Katalog 5.0,APBD,PT. LUCAS DJAJA,E-Purchasing,Pengadaan Barang,Eritromisin/ Erythromycin/ Erythromycin stearate tablet/kapsul/kaplet 250 mg,MELAKUKAN PENGIRIMAN DAN PENERIMAAN,167118000,167118000
KAB. MANDAILING NATAL,DINAS PERTANIAN - 3.27.0.00.0.00.22.0000,3915373,49545793,2024,Non Tender,APBD,CV. SADA BORNAS,Pengadaan Langsung,Pekerjaan Konstruksi,Pembangunan/Rehabilitasi Jaringan Irigasi Desa Bondar Maino Desa Panyabungan Jae Kec. Panyabungan,SELESAI,79275718,79275718
KAB. MANDAILING NATAL,DINAS PENDIDIKAN DAN KEBUDAYAAN - 1.01.2.22.0.00.01.0000,9974996,52150713,2024,E-Katalog 5.0,APBD,CV. KREATIFITAS CEMERLANG,E-Purchasing,Pengadaan Barang,JUNGKAT JANGKIT PAUD,MELAKUKAN PENGIRIMAN DAN PENERIMAAN,5000000,5000000
KAB. MANDAILING NATAL,DINAS PENDIDIKAN DAN KEBUDAYAAN - 1.01.2.22.0.00.01.0000,10898187,53328228,2024,E-Katalog 5.0,APBD,CV. IKHWAN FIRDAUS,E-Purchasing,Pengadaan Barang,Penghapus Pensil (Faber Castell),MELAKUKAN PENGIRIMAN DAN PENERIMAAN,9000000,9000000
KAB. MANDAILING NATAL,RUMAH SAKIT UMUM DAERAH PANYABUNGAN - 1.02.0.00.0.00.02.0001,11100536,51459102,2024,E-Katalog 5.0,BLUD,PT AstraZeneca Indonesia,E-Purchasing,Pengadaan Barang,"Kombinasi KDT/FDC setiap dosis mengandung Budesonid 160 mcg/Formoterol 4,5 mcg Ih 120 dosis, Turbuhaler",MELAKUKAN PENGIRIMAN DAN PENERIMAAN,16684000,0
KAB. MANDAILING NATAL,DINAS KESEHATAN - 1.02.0.00.0.00.02.0000,10100160,51356108,2024,E-Katalog 5.0,APBD,PT.Imfarmind Farmasi Industri,E-Purchasing,Pengadaan Barang,Ambroxol Syrup,PROSES KONTRAK PPK,14175000,14175000
KAB. MANDAILING NATAL,DINAS PEKERJAAN UMUM DAN PENATAAN RUANG - 1.03.0.00.0.00.03.0000,8977494,49523783,2024,E-Katalog 5.0,APBD,PT. GASHABAT SUKSES MANDIRI,E-Purchasing,Pengadaan Barang,BAHAN ANTI PENGELUPASAN,PAKET SELESAI,11520800,11520800
KAB. MANDAILING NATAL,DINAS PENDIDIKAN DAN KEBUDAYAAN - 1.01.2.22.0.00.01.0000,9643711,51943842,2024,E-Katalog 5.0,APBD,PT CITTA BISNIS SELARAS,E-Purchasing,Pengadaan Barang,Kursi Meeting Kantor,MELAKUKAN PENGIRIMAN DAN PENERIMAAN,14608000,14608000
KAB. MANDAILING NATAL,DINAS PEKERJAAN UMUM DAN PENATAAN RUANG - 1.03.0.00.0.00.03.0000,8978133,49523782,2024,E-Katalog 5.0,APBD,PT. GASHABAT SUKSES MANDIRI,E-Purchasing,Pengadaan Barang,LAPIS RESAP PENGIKAT-ASPAL CAIR/EMULSI,PAKET SELESAI,27074600,27074600
KAB. MANDAILING NATAL,RUMAH SAKIT UMUM DAERAH PANYABUNGAN - 1.02.0.00.0.00.02.0001,9335458,51459102,2024,E-Katalog 5.0,BLUD,PT. Kimia Farma Tbk,E-Purchasing,Pengadaan Barang,Metoclopramide hydrochloride (HCl)/ Metoclopramida HCl/ Metoclopramide/ Metoklopramid tablet/kapsul/kaplet 5 mg,MELAKUKAN PENGIRIMAN DAN PENERIMAAN,1130000,1130000
KAB. MANDAILING NATAL,RUMAH SAKIT UMUM DAERAH PANYABUNGAN - 1.02.0.00.0.00.02.0001,10127513,52133318,2024,E-Katalog 5.0,APBD,CV. JARAS,E-Purchasing,Pengadaan Barang,"Pengadaan dan Pemasangan Instalasi Listrik, Travo 2000 KVA",MELAKUKAN PENGIRIMAN DAN PENERIMAAN,3055000000,3055000000
KAB. MANDAILING NATAL,RUMAH SAKIT UMUM DAERAH PANYABUNGAN - 1.02.0.00.0.00.02.0001,11218016,53529595,2024,E-Katalog 5.0,BLUD,PT.Elsyahfi Calibratech Mandiri,E-Purchasing,Pengadaan Barang,Ultra Sound Therpay,MELAKUKAN PENGIRIMAN DAN PENERIMAAN,645000,645000
KAB. MANDAILING NATAL,RUMAH SAKIT UMUM DAERAH PANYABUNGAN - 1.02.0.00.0.00.02.0001,10578252,51459102,2024,E-Katalog 5.0,BLUD,P.T. Dexa Medica,E-Purchasing,Pengadaan Barang,N-asetil sistein kaps 200 mg,MELAKUKAN PENGIRIMAN DAN PENERIMAAN,6460000,6460000
KAB. MANDAILING NATAL,RUMAH SAKIT UMUM DAERAH PANYABUNGAN - 1.02.0.00.0.00.02.0001,10658322,51459102,2024,E-Katalog 5.0,BLUD,PT. Kimia Farma Tbk,E-Purchasing,Pengadaan Barang,"Gliseril trinitrat kaps lepas lambat 2,5 mg",MELAKUKAN PENGIRIMAN DAN PENERIMAAN,36420000,36420000
KAB. MANDAILING NATAL,DINAS PENANAMAN MODAL DAN PELAYANAN TERPADU SATU PINTU - 2.18.0.00.0.00.17.0000,9553024,51662205,2024,E-Katalog 5.0,APBD,CV. NAMBURAK,E-Purchasing,Pengadaan Barang,KURSI KERJA PUTAR,PROSES KONTRAK PPK,15120000,15120000
KAB. MANDAILING NATAL,DINAS SOSIAL PEMBERDAYAAN PEREMPUAN DAN PERLINDUNGAN ANAK - 1.06.2.08.0.00.07.0000,9402635,51752206,2024,E-Katalog 5.0,APBD,KENANGA MULTI TRADE,E-Purchasing,Pengadaan Barang,KAIN SARUNG COTTON,PAKET SELESAI,49400000,49400000
KAB. MANDAILING NATAL,RUMAH SAKIT UMUM DAERAH PANYABUNGAN - 1.02.0.00.0.00.02.0001,9345726,51459102,2024,E-Katalog 5.0,BLUD,PT. Amarox Pharma Global,E-Purchasing,Pengadaan Barang,ATORVASTATIN Tablet salut selaput 20 mg,MELAKUKAN PENGIRIMAN DAN PENERIMAAN,4500000,4500000
KAB. MANDAILING NATAL,DINAS PERHUBUNGAN - 2.15.0.00.0.00.14.0000,4075373,51712669,2024,Non Tender,APBD,CV. FAMILY ARTA GRAHA MANDIRI,Pengadaan Langsung,Pengadaan Barang,Pengadaan dan Pemasangan Lampu Penerangan Jalan Umum (LPJU) Konvensional di Ruas Jalan Nasional Kecamatan Siabu,SELESAI,73695120,0
KAB. MANDAILING NATAL,DINAS KEPENDUDUKAN DAN PENCATATAN SIPIL - 2.12.0.00.0.00.11.0000,9716835,51730530,2024,E-Katalog 5.0,APBD,CV. KREASI KENANGA,E-Purchasing,Pengadaan Barang,AMPLOP KANTONG CETAK,MELAKUKAN PENGIRIMAN DAN PENERIMAAN,104422200,104422200
KAB. MANDAILING NATAL,DINAS PEKERJAAN UMUM DAN PENATAAN RUANG - 1.03.0.00.0.00.03.0000,2942373,49523763,2024,Tender,APBD,CV. Penus Graphindo Consultant,Seleksi,Jasa Konsultansi Badan Usaha Konstruksi,Jasa Konsultansi Pengawasan Paket Peningkatan Jalan Simp. Bintungan Bajangkar - Simp. Kampung Kapas (DBH Sawit),SELESAI,246420000,246420000
KAB. MANDAILING NATAL,DINAS SOSIAL PEMBERDAYAAN PEREMPUAN DAN PERLINDUNGAN ANAK - 1.06.2.08.0.00.07.0000,10723426,53005075,2024,E-Katalog 5.0,APBD,KENANGA MULTI TRADE,E-Purchasing,Pengadaan Barang,MUKENA SHOLAT DEWASA,MELAKUKAN PENGIRIMAN DAN PENERIMAAN,112800000,112800000
KAB. MANDAILING NATAL,DINAS KESEHATAN - 1.02.0.00.0.00.02.0000,10101340,51356108,2024,E-Katalog 5.0,APBD,PT. Kimia Farma Tbk,E-Purchasing,Pengadaan Barang,Cyanocobalamin/ Cyanocobalamine/ Sianokobalamin (vitamin B12) tablet/kapsul/kaplet 50 mcg.,MELAKUKAN PENGIRIMAN DAN PENERIMAAN,13400000,13400000
KAB. MANDAILING NATAL,DINAS PEKERJAAN UMUM DAN PENATAAN RUANG - 1.03.0.00.0.00.03.0000,8976735,49523770,2024,E-Katalog 5.0,APBD,PT. DALIHAN NATOLU GROUP,E-Purchasing,Pengadaan Barang,Galian untuk Selokan Drainase dan Saluran Air,PAKET SELESAI,115562400,115562400
KAB. MANDAILING NATAL,DINAS KESEHATAN - 1.02.0.00.0.00.02.0000,10081614,51356108,2024,E-Katalog 5.0,APBD,PT. Holi Pharma,E-Purchasing,Pengadaan Barang,"Antifungi Salep, Kombinasi: Asam Benzoat 6% + Asam Salisilat 3% / Salep Whitfield",MELAKUKAN PENGIRIMAN DAN PENERIMAAN,3029280,3029280
KAB. MANDAILING NATAL,DINAS PEKERJAAN UMUM DAN PENATAAN RUANG - 1.03.0.00.0.00.03.0000,8977494,49523783,2024,E-Katalog 5.0,APBD,PT. GASHABAT SUKSES MANDIRI,E-Purchasing,Pengadaan Barang,PATOK PENGARAH,PAKET SELESAI,4100000,4100000
KAB. MANDAILING NATAL,DINAS PEKERJAAN UMUM DAN PENATAAN RUANG - 1.03.0.00.0.00.03.0000,8976735,49523770,2024,E-Katalog 5.0,APBD,PT. DALIHAN NATOLU GROUP,E-Purchasing,Pengadaan Barang,Bahan anti Pengelupasan,PAKET SELESAI,44133650,44133650
KAB. MANDAILING NATAL,DINAS PERHUBUNGAN - 2.15.0.00.0.00.14.0000,4076373,52174350,2024,Non Tender,APBD,CV. FAMILY ARTA GRAHA MANDIRI,Pengadaan Langsung,Pengadaan Barang,Pengadaan dan Pemasangan Lampu Penerangan Jalan Umum (LPJU) Konvensional di Ruas Jalan Nasional Kecamatan Bukit Malintang,SELESAI,74569800,0
KAB. MANDAILING NATAL,RUMAH SAKIT UMUM DAERAH PANYABUNGAN - 1.02.0.00.0.00.02.0001,9446182,51411950,2024,E-Katalog 5.0,APBD,PT. INDOMEDIK NIAGA PERKASA,E-Purchasing,Pengadaan Barang,"SVM 601  Touch Screen,  Networking + IBP",MELAKUKAN PENGIRIMAN DAN PENERIMAAN,182500000,182500000
KAB. MANDAILING NATAL,RUMAH SAKIT UMUM DAERAH PANYABUNGAN - 1.02.0.00.0.00.02.0001,11218016,53529595,2024,E-Katalog 5.0,BLUD,PT.Elsyahfi Calibratech Mandiri,E-Purchasing,Pengadaan Barang,Jasa Pengujian dan/atau Kalibrasi Sterilisator,MELAKUKAN PENGIRIMAN DAN PENERIMAAN,2548000,2548000
KAB. MANDAILING NATAL,DINAS KESEHATAN - 1.02.0.00.0.00.02.0000,9336331,51356109,2024,E-Katalog 5.0,APBD,PT Axion Jaya Alkesindo,E-Purchasing,Pengadaan Barang,KASA HIDROFIL VERBAND 2.5 YARD X 15 CM,MELAKUKAN PENGIRIMAN DAN PENERIMAAN,27398000,27398000
KAB. MANDAILING NATAL,RUMAH SAKIT UMUM DAERAH PANYABUNGAN - 1.02.0.00.0.00.02.0001,11218016,53529595,2024,E-Katalog 5.0,BLUD,PT.Elsyahfi Calibratech Mandiri,E-Purchasing,Pengadaan Barang,VENTILATOR,MELAKUKAN PENGIRIMAN DAN PENERIMAAN,874000,874000
KAB. MANDAILING NATAL,RUMAH SAKIT UMUM DAERAH PANYABUNGAN - 1.02.0.00.0.00.02.0001,9648463,51459102,2024,E-Katalog 5.0,BLUD,PT. Hexpharm Jaya Laboratories,E-Purchasing,Pengadaan Barang,Cefixime trihydrate/ Cefixime/ Sefiksim tablet/kapsul/kaplet 100 mg,MELAKUKAN PENGIRIMAN DAN PENERIMAAN,3850000,3850000
KAB. MANDAILING NATAL,RUMAH SAKIT UMUM DAERAH PANYABUNGAN - 1.02.0.00.0.00.02.0001,9335898,51459102,2024,E-Katalog 5.0,BLUD,PT.Bernofarm,E-Purchasing,Pengadaan Barang,Rifampicin/ Rifampisin tablet/kapsul/kaplet 450 mg,MELAKUKAN PENGIRIMAN DAN PENERIMAAN,27300000,27300000
KAB. MANDAILING NATAL,DINAS PERUMAHAN RAKYAT DAN KAWASAN PERMUKIMAN SERTA PERTANAHAN - 1.04.2.10.0.00.04.0000,3847373,49936999,2024,Non Tender,APBD,cv.hosmap,Pengadaan Langsung,Jasa Konsultansi Badan Usaha Non Konstruksi,Pengembangan Aplikasi Data Base Perumahan dan Permukiman Kabupaten Mandailing Natal Berbasis Web,SELESAI,99345000,99345000
KAB. MANDAILING NATAL,RUMAH SAKIT UMUM DAERAH PANYABUNGAN - 1.02.0.00.0.00.02.0001,9138830,51459102,2024,E-Katalog 5.0,BLUD,PT Yarindo Farmatama,E-Purchasing,Pengadaan Barang,Isosorbid Dinitrat/ Isosorbide dinitrate tablet/kapsul/kaplet 5 mg,MELAKUKAN PENGIRIMAN DAN PENERIMAAN,2800000,2800000
KAB. MANDAILING NATAL,DINAS PENDIDIKAN DAN KEBUDAYAAN - 1.01.2.22.0.00.01.0000,3005373,50635537,2024,Tender,APBD,CV. Berkah Bersama Pemula,Tender,Pekerjaan Konstruksi,PEMBANGUNAN RUANG LABORATORIUM KOMPUTER BESERTA PERABOTNYA (DAK) SD NEGERI 099 PROYEK BATANGGADIS,SELESAI,240513755,240513755
KAB. MANDAILING NATAL,DINAS PERUMAHAN RAKYAT DAN KAWASAN PERMUKIMAN SERTA PERTANAHAN - 1.04.2.10.0.00.04.0000,4069373,49936941,2024,Non Tender,APBD,CV. TORKIS LUBIS GROUP,Pengadaan Langsung,Pekerjaan Konstruksi,Pembangunan Jalan Lingkungan di Perumahan Pinago Desa Pidoli Lombang,SELESAI,99569159,99569159
KAB. MANDAILING NATAL,DINAS KESEHATAN - 1.02.0.00.0.00.02.0000,9464116,51356108,2024,E-Katalog 5.0,APBD,PT. SATORIA ANEKA INDUSTRI,E-Purchasing,Pengadaan Barang,"Ringer Laktat/Ringer Lactate, @500 mL",PROSES KONTRAK PPK,72233000,72233000
KAB. MANDAILING NATAL,RUMAH SAKIT UMUM DAERAH PANYABUNGAN - 1.02.0.00.0.00.02.0001,9456222,51411950,2024,E-Katalog 5.0,APBD,PT. Djuniar & Djuniar,E-Purchasing,Pengadaan Barang,NESCO Infant Incubator N-BIN-01,MELAKUKAN PENGIRIMAN DAN PENERIMAAN,503000000,503000000
KAB. MANDAILING NATAL,RUMAH SAKIT UMUM DAERAH PANYABUNGAN - 1.02.0.00.0.00.02.0001,9648463,51459102,2024,E-Katalog 5.0,BLUD,PT. Hexpharm Jaya Laboratories,E-Purchasing,Pengadaan Barang,Cefotaxime sodium/ Cefotaxime/ Sefotaksim serb inj 1.000 mg,MELAKUKAN PENGIRIMAN DAN PENERIMAAN,1694880,1694880
KAB. MANDAILING NATAL,RUMAH SAKIT UMUM DAERAH PANYABUNGAN - 1.02.0.00.0.00.02.0001,9648463,51459102,2024,E-Katalog 5.0,BLUD,PT. Hexpharm Jaya Laboratories,E-Purchasing,Pengadaan Barang,Simvastatin tablet/kapsul/kaplet 10 mg,MELAKUKAN PENGIRIMAN DAN PENERIMAAN,290000,290000
KAB. MANDAILING NATAL,SEKRETARIAT DPRD - 4.02.0.00.0.00.25.0000,10017245000,50451208,2024,Non Tender,APBD,KENANGA MULTI TRADE,Pengadaan Langsung,Pengadaan Barang,Biaya Pengadaan Pakaian Dinas Pimpinan dan Anggota DPRD Pakaian Dinas Lengan Panjang,SELESAI,79254000,79254000
KAB. MANDAILING NATAL,RUMAH SAKIT UMUM DAERAH PANYABUNGAN - 1.02.0.00.0.00.02.0001,9138905,51459102,2024,E-Katalog 5.0,BLUD,PT. Mersifarma Tirmaku Mercusana,E-Purchasing,Pengadaan Barang,Fenitoin/ Phenytoin Sodium Injeksi 50 mg/ml (100 mg/ 2 mL),MELAKUKAN PENGIRIMAN DAN PENERIMAAN,550000,550000
KAB. MANDAILING NATAL,DINAS PERTANIAN - 3.27.0.00.0.00.22.0000,3871373,49545789,2024,Non Tender,APBD,CV. HANAYA KARYA PERSADA,Pengadaan Langsung,Pekerjaan Konstruksi,Pembangunan/Rehabilitasi Jaringan Irigasi Desa Darussalam Kec. Panyabungan,SELESAI,79030299,79030299
KAB. MANDAILING NATAL,DINAS PEKERJAAN UMUM DAN PENATAAN RUANG - 1.03.0.00.0.00.03.0000,8946540,49523780,2024,E-Katalog 5.0,APBD,PT. RONA NAMORA,E-Purchasing,Pengadaan Barang,Laston Lapis Aus (AC-WC),PAKET SELESAI,3440692000,3440692000
KAB. MANDAILING NATAL,DINAS PENGENDALIAN PENDUDUK DAN KELUARGA BERENCANA - 2.14.0.00.0.00.13.0000,9998265,52150747,2024,E-Katalog 5.0,APBD,CV. VIRGO WIRA PERKASA,E-Purchasing,Pengadaan Barang,EcoTank L121 A4 Ink Tank Printer,PAKET SELESAI,7800000,0
KAB. MANDAILING NATAL,RUMAH SAKIT UMUM DAERAH DR. HUSNI THAMRIN - 1.02.0.00.0.00.02.0002,9633417,51354253,2024,E-Katalog 5.0,APBD,Medina Teknik Alkesindo,E-Purchasing,Pengadaan Barang,Exam Table 3-Section 2 Motor (MX432),MELAKUKAN PENGIRIMAN DAN PENERIMAAN,36578400,36578400
KAB. MANDAILING NATAL,RUMAH SAKIT UMUM DAERAH PANYABUNGAN - 1.02.0.00.0.00.02.0001,10069801,51459102,2024,E-Katalog 5.0,BLUD,PT. Mersifarma Tirmaku Mercusana,E-Purchasing,Pengadaan Barang,"Lorazepam tab 0,5 mg",MELAKUKAN PENGIRIMAN DAN PENERIMAAN,808000,808000
KAB. MANDAILING NATAL,DINAS PENDIDIKAN DAN KEBUDAYAAN - 1.01.2.22.0.00.01.0000,4044373,50635347,2024,Non Tender,APBD,CV. ANUGRAH ALAM MANDIRI,Pengadaan Langsung,Pekerjaan Konstruksi,PEMBANGUNAN RUANG UKS BESERTA PERABOTNYA (DAK) SD NEGERI 404 BRONJONG,SELESAI,152499396,152499396
KAB. MANDAILING NATAL,DINAS PENDIDIKAN DAN KEBUDAYAAN - 1.01.2.22.0.00.01.0000,9643711,51943842,2024,E-Katalog 5.0,APBD,PT CITTA BISNIS SELARAS,E-Purchasing,Pengadaan Barang,Kursi SMP,MELAKUKAN PENGIRIMAN DAN PENERIMAAN,176000000,176000000
KAB. MANDAILING NATAL,RUMAH SAKIT UMUM DAERAH PANYABUNGAN - 1.02.0.00.0.00.02.0001,10245049,51459102,2024,E-Katalog 5.0,BLUD,PT.Bernofarm,E-Purchasing,Pengadaan Barang,TRAMADOL 50 mg TSS,MELAKUKAN PENGIRIMAN DAN PENERIMAAN,4150000,4150000
KAB. MANDAILING NATAL,DINAS KESEHATAN - 1.02.0.00.0.00.02.0000,9650949,51355991,2024,E-Katalog 5.0,APBD,PT. Kemika Karya Pratama,E-Purchasing,Pengadaan Barang,Bahan Pemeriksaan Malaria Reagent Microscopy Kit,MELAKUKAN PENGIRIMAN DAN PENERIMAAN,11920000,11920000
KAB. MANDAILING NATAL,RUMAH SAKIT UMUM DAERAH PANYABUNGAN - 1.02.0.00.0.00.02.0001,9095668,51459102,2024,E-Katalog 5.0,BLUD,PT. Kimia Farma Tbk,E-Purchasing,Pengadaan Barang,Ketoprofen supositoria 100 mg KF,MELAKUKAN PENGIRIMAN DAN PENERIMAAN,3505500,3505500
KAB. MANDAILING NATAL,RUMAH SAKIT UMUM DAERAH PANYABUNGAN - 1.02.0.00.0.00.02.0001,9191737,51459102,2024,E-Katalog 5.0,BLUD,PT.Bernofarm,E-Purchasing,Pengadaan Barang,Albumin serum normal (human Albumin) inj 20% (kedrialb 20% 50 ml),MELAKUKAN PENGIRIMAN DAN PENERIMAAN,10220000,0
KAB. MANDAILING NATAL,DINAS PENANAMAN MODAL DAN PELAYANAN TERPADU SATU PINTU - 2.18.0.00.0.00.17.0000,9553024,51662205,2024,E-Katalog 5.0,APBD,CV. NAMBURAK,E-Purchasing,Pengadaan Barang,KURSI TUNGGU BESI,PROSES KONTRAK PPK,5925000,5925000
KAB. MANDAILING NATAL,RUMAH SAKIT UMUM DAERAH PANYABUNGAN - 1.02.0.00.0.00.02.0001,9162989,51459102,2024,E-Katalog 5.0,BLUD,PT. Hexpharm Jaya Laboratories,E-Purchasing,Pengadaan Barang,Cefixime trihydrate/ Cefixime/ Sefiksim tablet/kapsul/kaplet 200 mg,MELAKUKAN PENGIRIMAN DAN PENERIMAAN,16000000,16000000
KAB. MANDAILING NATAL,DINAS PENDIDIKAN DAN KEBUDAYAAN - 1.01.2.22.0.00.01.0000,10898187,53328228,2024,E-Katalog 5.0,APBD,CV. IKHWAN FIRDAUS,E-Purchasing,Pengadaan Barang,Baju Training Olah Raga Anak,MELAKUKAN PENGIRIMAN DAN PENERIMAAN,107124000,107124000
KAB. MANDAILING NATAL,RUMAH SAKIT UMUM DAERAH PANYABUNGAN - 1.02.0.00.0.00.02.0001,10009116,51459102,2024,E-Katalog 5.0,BLUD,PT.Bernofarm,E-Purchasing,Pengadaan Barang,Zinc sulfate/ Zinc sulfate monohydrate/ Zinc/ Zink sir 20 mg/5 ml,MELAKUKAN PENGIRIMAN DAN PENERIMAAN,910000,910000
KAB. MANDAILING NATAL,RUMAH SAKIT UMUM DAERAH PANYABUNGAN - 1.02.0.00.0.00.02.0001,9345162,51459102,2024,E-Katalog 5.0,BLUD,PT. IFARS PHARMACEUTICAL LABORATORIES,E-Purchasing,Pengadaan Barang,Furosemid/ Furosemide tablet/kapsul/kaplet 40 mg,MELAKUKAN PENGIRIMAN DAN PENERIMAAN,2235000,2235000
KAB. MANDAILING NATAL,DINAS PEKERJAAN UMUM DAN PENATAAN RUANG - 1.03.0.00.0.00.03.0000,8894384,49523781,2024,E-Katalog 5.0,APBD,DEMBAN SIMPAR JAYA,E-Purchasing,Pengadaan Barang,Galian untuk Selokan Drainase dan Saluran Air,PAKET SELESAI,128837000,128837000
KAB. MANDAILING NATAL,DINAS SOSIAL PEMBERDAYAAN PEREMPUAN DAN PERLINDUNGAN ANAK - 1.06.2.08.0.00.07.0000,10723426,53005075,2024,E-Katalog 5.0,APBD,KENANGA MULTI TRADE,E-Purchasing,Pengadaan Barang,KAIN SARUNG COTTON,MELAKUKAN PENGIRIMAN DAN PENERIMAAN,37050000,37050000
KAB. MANDAILING NATAL,RUMAH SAKIT UMUM DAERAH PANYABUNGAN - 1.02.0.00.0.00.02.0001,9162989,51459102,2024,E-Katalog 5.0,BLUD,PT. Hexpharm Jaya Laboratories,E-Purchasing,Pengadaan Barang,Cetirizine hydrochloride(HCl)/ Cetirizine/ Setirizin tablet/kapsul/kaplet 10 mg,MELAKUKAN PENGIRIMAN DAN PENERIMAAN,2860000,2860000
KAB. MANDAILING NATAL,RUMAH SAKIT UMUM DAERAH PANYABUNGAN - 1.02.0.00.0.00.02.0001,9649033,51459102,2024,E-Katalog 5.0,BLUD,PT. Kimia Farma Tbk,E-Purchasing,Pengadaan Barang,"Clonidine hydrochloride/ Clonidine/ Klonidin tablet/kapsul/kaplet 0,15 mg",MELAKUKAN PENGIRIMAN DAN PENERIMAAN,76500,76500
KAB. MANDAILING NATAL,RUMAH SAKIT UMUM DAERAH PANYABUNGAN - 1.02.0.00.0.00.02.0001,10400534,51459102,2024,E-Katalog 5.0,BLUD,PT Boehringer Ingelheim Indonesia,E-Purchasing,Pengadaan Barang,Fenoterol Hydromide/ Fenoterol HBr aerosol 100 mcg/puff0000,MELAKUKAN PENGIRIMAN DAN PENERIMAAN,8103000,0
KAB. MANDAILING NATAL,RUMAH SAKIT UMUM DAERAH PANYABUNGAN - 1.02.0.00.0.00.02.0001,9295924,51459106,2024,E-Katalog 5.0,BLUD,PT Sinaraya Nugraha Ahmadaris Medika,E-Purchasing,Pengadaan Barang,15 cm x 5 m,MELAKUKAN PENGIRIMAN DAN PENERIMAAN,6145000,6145000
KAB. MANDAILING NATAL,BADAN PENGELOLAAN KEUANGAN DAN ASET DAERAH - 5.02.0.00.0.00.27.0000,10345289,51815773,2024,E-Katalog 5.0,APBD,PT. INDAKO TRADING COY,E-Purchasing,Pengadaan Barang,New Scoopy Stylish,MELAKUKAN PENGIRIMAN DAN PENERIMAAN,23200000,23200000
KAB. MANDAILING NATAL,DINAS PENDIDIKAN DAN KEBUDAYAAN - 1.01.2.22.0.00.01.0000,10897926,53328247,2024,E-Katalog 5.0,APBD,CV. PARADISE PARK,E-Purchasing,Pengadaan Barang,Seragam Sekolah (Pramuka Perempuan),MELAKUKAN PENGIRIMAN DAN PENERIMAAN,28783000,28783000
KAB. MANDAILING NATAL,DINAS PEKERJAAN UMUM DAN PENATAAN RUANG - 1.03.0.00.0.00.03.0000,8977494,49523783,2024,E-Katalog 5.0,APBD,PT. GASHABAT SUKSES MANDIRI,E-Purchasing,Pengadaan Barang,LAPIS FONDASI AGREGAT KELAS A,PAKET SELESAI,265149000,265149000
KAB. MANDAILING NATAL,RUMAH SAKIT UMUM DAERAH DR. HUSNI THAMRIN - 1.02.0.00.0.00.02.0002,3806373,51369179,2024,Non Tender,APBD,CV. TEAM CORE CONSULTANT,Pengadaan Langsung,Jasa Konsultansi Badan Usaha Konstruksi,Belanja Jasa Tenaga Ahli,SELESAI,99012000,99012000
KAB. MANDAILING NATAL,RUMAH SAKIT UMUM DAERAH PANYABUNGAN - 1.02.0.00.0.00.02.0001,10414711,51459102,2024,E-Katalog 5.0,BLUD,PT. Kimia Farma Tbk,E-Purchasing,Pengadaan Barang,Isoniazid tablet/kapsul/kaplet 300 mg,MELAKUKAN PENGIRIMAN DAN PENERIMAAN,2485000,2485000
KAB. MANDAILING NATAL,DINAS KEPENDUDUKAN DAN PENCATATAN SIPIL - 2.12.0.00.0.00.11.0000,4088373,52225915,2024,Non Tender,APBD,CV. BINTANG KARYA BHAKTI,Pengadaan Langsung,Pekerjaan Konstruksi,Rehab Ruangan Pelayanan Adminduk,SELESAI,198738854,198738854
KAB. MANDAILING NATAL,DINAS PENDIDIKAN DAN KEBUDAYAAN - 1.01.2.22.0.00.01.0000,9640247,51943816,2024,E-Katalog 5.0,APBD,PT CITTA BISNIS SELARAS,E-Purchasing,Pengadaan Barang,Kursi SD,MELAKUKAN PENGIRIMAN DAN PENERIMAAN,340000000,340000000
KAB. MANDAILING NATAL,DINAS KESEHATAN - 1.02.0.00.0.00.02.0000,9533179,51356108,2024,E-Katalog 5.0,APBD,PT.Solas Langgeng Sejahtera,E-Purchasing,Pengadaan Barang,VICAL-D SIRUP,PROSES KONTRAK PPK,26100000,26100000
KAB. MANDAILING NATAL,DINAS PERTANIAN - 3.27.0.00.0.00.22.0000,3877373,49587938,2024,Non Tender,APBD,CV. HANAYA KARYA PERSADA,Pengadaan Langsung,Pekerjaan Konstruksi,Pembangunan/Rehabilitasi Jalan Usaha Tani/Jalan Produksi Desa Gunung Tua Jae Kec. Panyabungan,SELESAI,101324999,101324999
KAB. MANDAILING NATAL,BAGIAN UMUM - 4.01.5.06.0.00.24.0009,5166373,49059916,2024,Non Tender,APBD,CV.RIZKI KARYA,Pengadaan Langsung,Pekerjaan Konstruksi,Rehab dan Pengecatan di Lingkungan Rumah Dinas Bupati,SELESAI,149500001,149500001
KAB. MANDAILING NATAL,DINAS PEKERJAAN UMUM DAN PENATAAN RUANG - 1.03.0.00.0.00.03.0000,4099373,49550271,2024,Non Tender,APBD,HQ PRATAMA CONSULTANT,Pengadaan Langsung,Jasa Konsultansi Badan Usaha Konstruksi,Perencanaan Sistem Penyediaan Air Minum (SPAM ) Jaringan Perpipaan Mandailing Julu Tahun 2025,SELESAI,98956500,98956500
KAB. MANDAILING NATAL,DINAS PERTANIAN - 3.27.0.00.0.00.22.0000,8936311,51193832,2024,E-Katalog 5.0,APBD,CV. AULIA RIZKI PRATAMA,E-Purchasing,Pengadaan Barang,Bibit Kakao,PROSES KONTRAK PPK,75000000,75000000
KAB. MANDAILING NATAL,DINAS KESEHATAN - 1.02.0.00.0.00.02.0000,10100393,51356108,2024,E-Katalog 5.0,APBD,PT.Bernofarm,E-Purchasing,Pengadaan Barang,Lansoprazole/ Lansoprazol kapsul 30 mg,MELAKUKAN PENGIRIMAN DAN PENERIMAAN,15305200,15305200
KAB. MANDAILING NATAL,DINAS PEKERJAAN UMUM DAN PENATAAN RUANG - 1.03.0.00.0.00.03.0000,8946540,49523780,2024,E-Katalog 5.0,APBD,PT. RONA NAMORA,E-Purchasing,Pengadaan Barang,Pasangan Batu,PAKET SELESAI,81046700,81046700
KAB. MANDAILING NATAL,DINAS PEKERJAAN UMUM DAN PENATAAN RUANG - 1.03.0.00.0.00.03.0000,10575388,52657826,2024,E-Katalog 5.0,APBD,PT. RONA NAMORA,E-Purchasing,Pengadaan Barang,Penyiapan Badan Jalan,PAKET SELESAI,2666800,2666800
KAB. MANDAILING NATAL,RUMAH SAKIT UMUM DAERAH PANYABUNGAN - 1.02.0.00.0.00.02.0001,9335687,51459102,2024,E-Katalog 5.0,BLUD,P.T. Dexa Medica,E-Purchasing,Pengadaan Barang,Diltiazem/ Diltiazem HCl tablet/kapsul/kaplet 30 mg,MELAKUKAN PENGIRIMAN DAN PENERIMAAN,318000,318000
KAB. MANDAILING NATAL,DINAS PERDAGANGAN - 3.30.3.31.0.00.23.0000,10010708000,53496206,2024,Non Tender,APBD,CV. ANUGRAH ALAM MANDIRI,Pengadaan Langsung,Pekerjaan Konstruksi,Perbaikan Prasarana Air Bersih di Pasar Baru Panyabungan (Sumber Dana Insentif Fiskal) TA. 2024,SELESAI,105300000,105300000
KAB. MANDAILING NATAL,DINAS PENDIDIKAN DAN KEBUDAYAAN - 1.01.2.22.0.00.01.0000,3044373,50634587,2024,Tender,APBD,PINANG BUNTAR,Tender,Pekerjaan Konstruksi,] PEMBANGUNAN RUANG TATA USAHA BESERTA PERABOTNYA (DAK) SMP N 3 LINGGABAYU SATU ATAP,SELESAI,237105588,237105588
KAB. MANDAILING NATAL,DINAS PENGENDALIAN PENDUDUK DAN KELUARGA BERENCANA - 2.14.0.00.0.00.13.0000,9998265,52150747,2024,E-Katalog 5.0,APBD,CV. VIRGO WIRA PERKASA,E-Purchasing,Pengadaan Barang,IdeaPad Slim 3 14IAH8 ( Core i5-12450H/16GB RAM/1TB SSD ),PAKET SELESAI,256500000,0
KAB. MANDAILING NATAL,BADAN PENDAPATAN DAERAH - 5.02.0.00.0.00.28.0000,3828373,50377339,2024,Non Tender,APBD,CV. KREATIFITAS CEMERLANG,Pengadaan Langsung,Pengadaan Barang,Belanja Cetak dan Penggandaan - Cetak Spanduk/Banner,SELESAI,73426500,73426500
KAB. MANDAILING NATAL,DINAS KESEHATAN - 1.02.0.00.0.00.02.0000,10101056,51356108,2024,E-Katalog 5.0,APBD,NOVAPHARIN,E-Purchasing,Pengadaan Barang,Simvastatin tablet/kapsul/kaplet 10 mg,MELAKUKAN PENGIRIMAN DAN PENERIMAAN,10080000,10080000
KAB. MANDAILING NATAL,DINAS PEKERJAAN UMUM DAN PENATAAN RUANG - 1.03.0.00.0.00.03.0000,4137373,52659484,2024,Non Tender,APBD,CV. Penus Graphindo Consultant,Pengadaan Langsung,Jasa Konsultansi Badan Usaha Konstruksi,"Konsultanasi Perencanaan Kegiatan Untuk Konstruksi Pengendali Banjir, Lahar, Drainase Utama Perkotaan dan Pengamanan Pantai",SELESAI,74800000,74800000
KAB. MANDAILING NATAL,DINAS KESEHATAN - 1.02.0.00.0.00.02.0000,10092320,51356108,2024,E-Katalog 5.0,APBD,P.T. Dexa Medica,E-Purchasing,Pengadaan Barang,Risperidone/ Risperidon tablet/kapsul/kaplet 2 mg,PROSES KONTRAK PPK,4200000,4200000
KAB. MANDAILING NATAL,DINAS PEKERJAAN UMUM DAN PENATAAN RUANG - 1.03.0.00.0.00.03.0000,8941316,49523772,2024,E-Katalog 5.0,APBD,DEMBAN SIMPAR JAYA,E-Purchasing,Pengadaan Barang,Laston Lapis Aus (AC-WC),PAKET SELESAI,2732101000,2732101000
KAB. MANDAILING NATAL,DINAS PENDIDIKAN DAN KEBUDAYAAN - 1.01.2.22.0.00.01.0000,2995373,50635864,2024,Tender,APBD,CV. SINGOLOT MANIKAM PERSADA,Tender,Pekerjaan Konstruksi,PEMBANGUNAN RUANG KELAS BARU BESERTA PERABOTNYA (DAK) SD NEGERI 289 LANCAT,SELESAI,447842723,447842723
KAB. MANDAILING NATAL,RUMAH SAKIT UMUM DAERAH PANYABUNGAN - 1.02.0.00.0.00.02.0001,3827373,51411545,2024,Non Tender,BLUD,PT. MARGA BHUANA JAYA CONSULTANT,Pengadaan Langsung,Jasa Konsultansi Badan Usaha Konstruksi,Perencanaan pembangunan Gudang pada RSUD Panyabungan di Panatapan,SELESAI,24700000,24700000
KAB. MANDAILING NATAL,DINAS PENDIDIKAN DAN KEBUDAYAAN - 1.01.2.22.0.00.01.0000,9974996,52150713,2024,E-Katalog 5.0,APBD,CV. KREATIFITAS CEMERLANG,E-Purchasing,Pengadaan Barang,PUZZLE KAYU 3D,MELAKUKAN PENGIRIMAN DAN PENERIMAAN,3250000,3250000
KAB. MANDAILING NATAL,DINAS PENDIDIKAN DAN KEBUDAYAAN - 1.01.2.22.0.00.01.0000,9363952,50634942,2024,E-Katalog 5.0,APBD,PT. Trisolah Suvarna Indonesia,E-Purchasing,Pengadaan Barang,Connector type C ke HDMI & VGA,MELAKUKAN PENGIRIMAN DAN PENERIMAAN,197500,197500
KAB. MANDAILING NATAL,DINAS KESEHATAN - 1.02.0.00.0.00.02.0000,10401037,51322684,2024,E-Katalog 5.0,APBD,PT.Elsyahfi Calibratech Mandiri,E-Purchasing,Pengadaan Barang,Infant Warmer / Radiant Warmer,MELAKUKAN PENGIRIMAN DAN PENERIMAAN,2816000,2816000
KAB. MANDAILING NATAL,RUMAH SAKIT UMUM DAERAH PANYABUNGAN - 1.02.0.00.0.00.02.0001,10069801,51459102,2024,E-Katalog 5.0,BLUD,PT. Mersifarma Tirmaku Mercusana,E-Purchasing,Pengadaan Barang,Parasetamol tab 500 mg,MELAKUKAN PENGIRIMAN DAN PENERIMAAN,1010000,1010000
KAB. MANDAILING NATAL,RUMAH SAKIT UMUM DAERAH PANYABUNGAN - 1.02.0.00.0.00.02.0001,10456871,51459102,2024,E-Katalog 5.0,BLUD,PT.TOP POINT MEDICAL,E-Purchasing,Pengadaan Barang,TP Disposable Syringe 3 ML with Needle,MELAKUKAN PENGIRIMAN DAN PENERIMAAN,23112000,23112000
KAB. MANDAILING NATAL,RUMAH SAKIT UMUM DAERAH PANYABUNGAN - 1.02.0.00.0.00.02.0001,11218016,53529595,2024,E-Katalog 5.0,BLUD,PT.Elsyahfi Calibratech Mandiri,E-Purchasing,Pengadaan Barang,ENT Treatment,MELAKUKAN PENGIRIMAN DAN PENERIMAAN,399000,399000
KAB. MANDAILING NATAL,DINAS KESEHATAN - 1.02.0.00.0.00.02.0000,10056826,51356108,2024,E-Katalog 5.0,APBD,PT. IFARS PHARMACEUTICAL LABORATORIES,E-Purchasing,Pengadaan Barang,"Paracetamol/ Parasetamol drops 100 mg/ml (60mg/0,6ml)",MELAKUKAN PENGIRIMAN DAN PENERIMAAN,18993000,18993000
KAB. MANDAILING NATAL,RUMAH SAKIT UMUM DAERAH PANYABUNGAN - 1.02.0.00.0.00.02.0001,9367884,51459102,2024,E-Katalog 5.0,BLUD,PT. NOVELL PHARMACEUTICAL LABORATORIES,E-Purchasing,Pengadaan Barang,Thiamazole/ Tiamazol tablet salut selaput 10 mg,MELAKUKAN PENGIRIMAN DAN PENERIMAAN,4440000,4440000
KAB. MANDAILING NATAL,RUMAH SAKIT UMUM DAERAH PANYABUNGAN - 1.02.0.00.0.00.02.0001,11218016,53529595,2024,E-Katalog 5.0,BLUD,PT.Elsyahfi Calibratech Mandiri,E-Purchasing,Pengadaan Barang,JASA PENGUJIAN DAN/ATAU KALIBRASI SPHYGMOMANOMETER NON-OTOMATIS / TENSIMETER ANEROID - ANAK DAN DEWASA,MELAKUKAN PENGIRIMAN DAN PENERIMAAN,2951000,2951000
KAB. MANDAILING NATAL,RUMAH SAKIT UMUM DAERAH DR. HUSNI THAMRIN - 1.02.0.00.0.00.02.0002,9517088,51354258,2024,E-Katalog 5.0,APBD,PT . BUMI INDAH PUTRA,E-Purchasing,Pengadaan Barang,INFANT INCUBATOR BICB-103-WGS (Gold),MELAKUKAN PENGIRIMAN DAN PENERIMAAN,376000000,376000000
KAB. MANDAILING NATAL,DINAS PERHUBUNGAN - 2.15.0.00.0.00.14.0000,4079373,51712559,2024,Non Tender,APBD,CV. AULIA RIZKI PRATAMA,Pengadaan Langsung,Pengadaan Barang,Penataan Penerangan Jalan di Jembatan Pasar Kotanopan,SELESAI,54301200,0
KAB. MANDAILING NATAL,DINAS PENDIDIKAN DAN KEBUDAYAAN - 1.01.2.22.0.00.01.0000,4036373,50635359,2024,Non Tender,APBD,CV. BANGKIT BERSAMA GROUP,Pengadaan Langsung,Pekerjaan Konstruksi,PEMBANGUNAN RUANG UKS BESERTA PERABOTNYA (DAK) SD NEGERI 129 HUTARIMBARU,SELESAI,151499996,151499996
KAB. MANDAILING NATAL,RUMAH SAKIT UMUM DAERAH PANYABUNGAN - 1.02.0.00.0.00.02.0001,9335687,51459102,2024,E-Katalog 5.0,BLUD,P.T. Dexa Medica,E-Purchasing,Pengadaan Barang,Valsartan tablet/kapsul/kaplet 80 mg,MELAKUKAN PENGIRIMAN DAN PENERIMAAN,2592000,2592000
KAB. MANDAILING NATAL,DINAS PERTANIAN - 3.27.0.00.0.00.22.0000,3880373,49587925,2024,Non Tender,APBD,CV. HANAYA KARYA PERSADA,Pengadaan Langsung,Pekerjaan Konstruksi,Pembangunan/Rehabilitasi Jalan Usaha Tani/Jalan Produksi Desa Manyabar Kec. Panyabungan,SELESAI,101355000,101355000
KAB. MANDAILING NATAL,DINAS PEKERJAAN UMUM DAN PENATAAN RUANG - 1.03.0.00.0.00.03.0000,8976735,49523770,2024,E-Katalog 5.0,APBD,PT. DALIHAN NATOLU GROUP,E-Purchasing,Pengadaan Barang,Gorong gorong pipa beton bertulang diameter 80 cm,PAKET SELESAI,91575000,91575000
KAB. MANDAILING NATAL,DINAS PEKERJAAN UMUM DAN PENATAAN RUANG - 1.03.0.00.0.00.03.0000,3816373,49604329,2024,Non Tender,APBD,MHD AL ANSYARI NASUTION,Pengadaan Langsung,Jasa Konsultansi Perorangan Konstruksi,Konsultan Pengawasan Pembangunan Baru SPAM Jaringan Perpipaan di Desa Mompang Julu Kec. Panyabungan Utara,SELESAI,99511500,99511500
KAB. MANDAILING NATAL,RUMAH SAKIT UMUM DAERAH PANYABUNGAN - 1.02.0.00.0.00.02.0001,11218016,53529595,2024,E-Katalog 5.0,BLUD,PT.Elsyahfi Calibratech Mandiri,E-Purchasing,Pengadaan Barang,JASA KALIBRASI DAN PENGUJIAN ALAT KESEHATAN SCALER,MELAKUKAN PENGIRIMAN DAN PENERIMAAN,324000,324000
KAB. MANDAILING NATAL,DINAS SOSIAL PEMBERDAYAAN PEREMPUAN DAN PERLINDUNGAN ANAK - 1.06.2.08.0.00.07.0000,9402635,51752206,2024,E-Katalog 5.0,APBD,KENANGA MULTI TRADE,E-Purchasing,Pengadaan Barang,SAJADAH SHOLAT DEWASA,PAKET SELESAI,91500000,91500000
KAB. MANDAILING NATAL,DINAS PENDIDIKAN DAN KEBUDAYAAN - 1.01.2.22.0.00.01.0000,2999373,50635059,2024,Tender,APBD,Bejana Utama,Tender,Pekerjaan Konstruksi,PEMBANGUNAN RUANG PERPUSTAKAAN BESERTA PERABOTNYA (DAK) SD NEGERI 288 SIMPANGBAJOLE,SELESAI,251089258,251089258
KAB. MANDAILING NATAL,RUMAH SAKIT UMUM DAERAH PANYABUNGAN - 1.02.0.00.0.00.02.0001,9325430,51459102,2024,E-Katalog 5.0,BLUD,PT.Bernofarm,E-Purchasing,Pengadaan Barang,"Bupivakain inj 0,5%",MELAKUKAN PENGIRIMAN DAN PENERIMAAN,14568750,14568750
KAB. MANDAILING NATAL,RUMAH SAKIT UMUM DAERAH PANYABUNGAN - 1.02.0.00.0.00.02.0001,11256352,51459104,2024,E-Katalog 5.0,BLUD,Andreas Karya Terbesar,E-Purchasing,Pengadaan Barang,"AV FISTULA HEMODIALISE, VITALCARE",MELAKUKAN PENGIRIMAN DAN PENERIMAAN,3846150,3846150
KAB. MANDAILING NATAL,DINAS KESEHATAN - 1.02.0.00.0.00.02.0000,10024318,51356108,2024,E-Katalog 5.0,APBD,PT.Imfarmind Farmasi Industri,E-Purchasing,Pengadaan Barang,Kalsium Laktat/ Calcium lactate (Kalk) tablet/kapsul/kaplet 500 mg,PROSES KONTRAK PPK,10600000,10600000
KAB. MANDAILING NATAL,RUMAH SAKIT UMUM DAERAH PANYABUNGAN - 1.02.0.00.0.00.02.0001,4108373,51411574,2024,Non Tender,BLUD,CV. EFOD DESIGN CONSULTANT,Pengadaan Langsung,Jasa Konsultansi Badan Usaha Konstruksi,Pembuatan DED Pembangunan Gapura pada RSUD Panyabungan di Panatapan,SELESAI,24919500,24919500
KAB. MANDAILING NATAL,DINAS KESEHATAN - 1.02.0.00.0.00.02.0000,10100393,51356108,2024,E-Katalog 5.0,APBD,PT.Bernofarm,E-Purchasing,Pengadaan Barang,Salbutamol sulfate/ Salbutamol tablet/kapsul/kaplet 2 mg,MELAKUKAN PENGIRIMAN DAN PENERIMAAN,18700000,18700000
KAB. MANDAILING NATAL,DINAS KESEHATAN - 1.02.0.00.0.00.02.0000,10081614,51356108,2024,E-Katalog 5.0,APBD,PT. Holi Pharma,E-Purchasing,Pengadaan Barang,Pirantel pamoat/ Pyrantel Pamoate tablet/kapsul/kaplet 125 mg,MELAKUKAN PENGIRIMAN DAN PENERIMAAN,2080000,2080000
KAB. MANDAILING NATAL,RUMAH SAKIT UMUM DAERAH PANYABUNGAN - 1.02.0.00.0.00.02.0001,9641608,51459102,2024,E-Katalog 5.0,BLUD,PT.Bernofarm,E-Purchasing,Pengadaan Barang,Gentamicin Sulfate Injeksi,MELAKUKAN PENGIRIMAN DAN PENERIMAAN,290000,290000
KAB. MANDAILING NATAL,RUMAH SAKIT UMUM DAERAH PANYABUNGAN - 1.02.0.00.0.00.02.0001,9098725,51459102,2024,E-Katalog 5.0,BLUD,P.T. Dexa Medica,E-Purchasing,Pengadaan Barang,Ondansetron hydrochloride (HCl)/ Ondansetron HCl dihydrate /Ondansetron tablet/kapsul/kaplet 4 mg,MELAKUKAN PENGIRIMAN DAN PENERIMAAN,426000,426000
KAB. MANDAILING NATAL,DINAS PENGENDALIAN PENDUDUK DAN KELUARGA BERENCANA - 2.14.0.00.0.00.13.0000,9998265,52150747,2024,E-Katalog 5.0,APBD,CV. VIRGO WIRA PERKASA,E-Purchasing,Pengadaan Barang,EcoTank L6290 A4 Wi-Fi Duplex All-in-One Ink Tank Printer with ADF,PAKET SELESAI,51840000,0
KAB. MANDAILING NATAL,DINAS KESEHATAN - 1.02.0.00.0.00.02.0000,9423294,51322684,2024,E-Katalog 5.0,APBD,PT. ANDINI SARANA,E-Purchasing,Pengadaan Barang,Dental Chairmounted Unit - FORTUNA (with Compresor),MELAKUKAN PENGIRIMAN DAN PENERIMAAN,210500000,210500000
KAB. MANDAILING NATAL,DINAS PEKERJAAN UMUM DAN PENATAAN RUANG - 1.03.0.00.0.00.03.0000,8978133,49523782,2024,E-Katalog 5.0,APBD,PT. GASHABAT SUKSES MANDIRI,E-Purchasing,Pengadaan Barang,LAPIS PONDASI AGREGAT KELAS B,PAKET SELESAI,89437000,89437000
KAB. MANDAILING NATAL,RUMAH SAKIT UMUM DAERAH PANYABUNGAN - 1.02.0.00.0.00.02.0001,10880143,51459102,2024,E-Katalog 5.0,BLUD,P.T. Dexa Medica,E-Purchasing,Pengadaan Barang,Gabapentin kaps 300 mg,MELAKUKAN PENGIRIMAN DAN PENERIMAAN,1953000,1953000
KAB. MANDAILING NATAL,DINAS PEKERJAAN UMUM DAN PENATAAN RUANG - 1.03.0.00.0.00.03.0000,8978133,49523782,2024,E-Katalog 5.0,APBD,PT. GASHABAT SUKSES MANDIRI,E-Purchasing,Pengadaan Barang,LAPIS PEREKAT-ASPAL CAIR/EMULSI,PAKET SELESAI,14750400,14750400
KAB. MANDAILING NATAL,RUMAH SAKIT UMUM DAERAH PANYABUNGAN - 1.02.0.00.0.00.02.0001,9298521,51459106,2024,E-Katalog 5.0,BLUD,PT. Djembatan Dua,E-Purchasing,Pengadaan Barang,STARDEC DecaFix 10 CM X 5 M,MELAKUKAN PENGIRIMAN DAN PENERIMAAN,4650000,4650000
KAB. MANDAILING NATAL,RUMAH SAKIT UMUM DAERAH PANYABUNGAN - 1.02.0.00.0.00.02.0001,10761387,51459102,2024,E-Katalog 5.0,BLUD,PT. Mersifarma Tirmaku Mercusana,E-Purchasing,Pengadaan Barang,Parasetamol tab 500 mg,MELAKUKAN PENGIRIMAN DAN PENERIMAAN,2020000,2020000
KAB. MANDAILING NATAL,DINAS PEKERJAAN UMUM DAN PENATAAN RUANG - 1.03.0.00.0.00.03.0000,3857373,49526152,2024,Non Tender,APBD,CV. Penus Graphindo Consultant,Pengadaan Langsung,Jasa Konsultansi Badan Usaha Konstruksi,Konsultansi Perencanaan Kegiatan Pengembangan Dan Pengelolaan Sistem Irigasi Primer dan Sekunder Pada Daerah Irigasi yang Luasnya Di Bawah 1000 Ha Dalam 1 (Satu) Daerah Kabupaten,SELESAI,99733500,99733500
KAB. MANDAILING NATAL,RUMAH SAKIT UMUM DAERAH PANYABUNGAN - 1.02.0.00.0.00.02.0001,9376013,51459102,2024,E-Katalog 5.0,BLUD,PT.TOP POINT MEDICAL,E-Purchasing,Pengadaan Barang,TP Disposable Syringe with Needle 10 ml,MELAKUKAN PENGIRIMAN DAN PENERIMAAN,2722000,2722000
KAB. MANDAILING NATAL,DINAS PENDIDIKAN DAN KEBUDAYAAN - 1.01.2.22.0.00.01.0000,9271284,50635754,2024,E-Katalog 5.0,APBD,PT. Trisolah Suvarna Indonesia,E-Purchasing,Pengadaan Barang,DWR-M960,MELAKUKAN PENGIRIMAN DAN PENERIMAAN,44000000,0
KAB. MANDAILING NATAL,DINAS PEKERJAAN UMUM DAN PENATAAN RUANG - 1.03.0.00.0.00.03.0000,8977494,49523783,2024,E-Katalog 5.0,APBD,PT. GASHABAT SUKSES MANDIRI,E-Purchasing,Pengadaan Barang,PASANGAN BATU DENGAN MORTAR,PAKET SELESAI,95141400,95141400
KAB. MANDAILING NATAL,DINAS KESEHATAN - 1.02.0.00.0.00.02.0000,9579302,51356108,2024,E-Katalog 5.0,APBD,PT. TRIFA RAYA LABORATORIES,E-Purchasing,Pengadaan Barang,AMLODIPINE 10 MG,PROSES KONTRAK PPK,25000000,25000000
KAB. MANDAILING NATAL,DINAS KESEHATAN - 1.02.0.00.0.00.02.0000,10024650,51356108,2024,E-Katalog 5.0,APBD,PT. Kimia Farma Tbk,E-Purchasing,Pengadaan Barang,Diazepam tab 2 mg,PROSES KONTRAK PPK,6500000,6500000
KAB. MANDAILING NATAL,RUMAH SAKIT UMUM DAERAH PANYABUNGAN - 1.02.0.00.0.00.02.0001,11049722,51459104,2024,E-Katalog 5.0,BLUD,Andreas Karya Terbesar,E-Purchasing,Pengadaan Barang,DIAFLUID ACID,MELAKUKAN PENGIRIMAN DAN PENERIMAAN,28971000,28971000
KAB. MANDAILING NATAL,RUMAH SAKIT UMUM DAERAH DR. HUSNI THAMRIN - 1.02.0.00.0.00.02.0002,2974373,51606274,2024,Tender,APBD,CV. MANGUN CITRA BERSAMA,Tender,Pekerjaan Konstruksi,Pembangunan Gedung Ruang Farmasi,SELESAI,3399829506,3399829506
KAB. MANDAILING NATAL,DINAS PENDIDIKAN DAN KEBUDAYAAN - 1.01.2.22.0.00.01.0000,4026373,50635343,2024,Non Tender,APBD,CV. ANUGRAH ALAM MANDIRI,Pengadaan Langsung,Pekerjaan Konstruksi,PEMBANGUNAN RUANG UKS BESERTA PERABOTNYA (DAK) SD NEGERI 004 SIHEPENG,SELESAI,151470000,151470000
KAB. MANDAILING NATAL,RUMAH SAKIT UMUM DAERAH PANYABUNGAN - 1.02.0.00.0.00.02.0001,9958133,51459105,2024,E-Katalog 5.0,BLUD,PT INTERSKALA MEDIKA INDONESIA,E-Purchasing,Pengadaan Barang,Typhoid IgG/IgM Rapid Test,MELAKUKAN PENGIRIMAN DAN PENERIMAAN,15587100,15587100
KAB. MANDAILING NATAL,SEKRETARIAT DPRD - 4.02.0.00.0.00.25.0000,10018827000,50451207,2024,Non Tender,APBD,TOBINK FAMILY GROUP,Pengadaan Langsung,Pengadaan Barang,Biaya Pengadaan Pakaian Dinas Pimpinan dan Anggota DPRD Pakaian Sipil Resmi,SELESAI,79476000,0
KAB. MANDAILING NATAL,DINAS PERTANIAN - 3.27.0.00.0.00.22.0000,8916096,51084107,2024,E-Katalog 5.0,APBD,CV.RIZKI KARYA,E-Purchasing,Pengadaan Barang,BIBIT - BENIH JAGUNG,PROSES KONTRAK PPK,197925000,197925000
KAB. MANDAILING NATAL,RUMAH SAKIT UMUM DAERAH PANYABUNGAN - 1.02.0.00.0.00.02.0001,9138759,51459102,2024,E-Katalog 5.0,BLUD,PT SANBE FARMA,E-Purchasing,Pengadaan Barang,"Larutan mengandung Asam Amino (Asam Amino 27 g, Sorbitol 50 g, Cl-52 mEq)",MELAKUKAN PENGIRIMAN DAN PENERIMAAN,5807520,5807520
KAB. MANDAILING NATAL,DINAS KESEHATAN - 1.02.0.00.0.00.02.0000,10898444,51356107,2024,E-Katalog 5.0,APBD,PT Jayamas Medica Industri,E-Purchasing,Pengadaan Barang,Larutan Giemsa,MELAKUKAN PENGIRIMAN DAN PENERIMAAN,8676914,8676914
KAB. MANDAILING NATAL,DINAS PERHUBUNGAN - 2.15.0.00.0.00.14.0000,4077373,51706752,2024,Non Tender,APBD,CV. FAMILY ARTA GRAHA MANDIRI,Pengadaan Langsung,Pengadaan Barang,Pemasangan Lampu Penerangan Jalan Umum (LPJU) Konvensional di Ruas Jalan Sibaroar - Lintas Barat - Kol. H.M Nurdin,SELESAI,94114680,0
KAB. MANDAILING NATAL,DINAS PENDIDIKAN DAN KEBUDAYAAN - 1.01.2.22.0.00.01.0000,9272000,50634782,2024,E-Katalog 5.0,APBD,PT. Trisolah Suvarna Indonesia,E-Purchasing,Pengadaan Barang,Jurnal Chromebook Charging 20 Unit Cart,MELAKUKAN PENGIRIMAN DAN PENERIMAAN,351000000,351000000
KAB. MANDAILING NATAL,DINAS PEKERJAAN UMUM DAN PENATAAN RUANG - 1.03.0.00.0.00.03.0000,8946540,49523780,2024,E-Katalog 5.0,APBD,PT. RONA NAMORA,E-Purchasing,Pengadaan Barang,Bahan anti pengelupasan,PAKET SELESAI,29719000,29719000
KAB. MANDAILING NATAL,DINAS KESEHATAN - 1.02.0.00.0.00.02.0000,10069925,51356108,2024,E-Katalog 5.0,APBD,PT. COMBINED IMPERIAL PHARMACEUTICALS,E-Purchasing,Pengadaan Barang,Permetrin /Permethrin 10 Gr,PROSES KONTRAK PPK,46620000,46620000
KAB. MANDAILING NATAL,RUMAH SAKIT UMUM DAERAH PANYABUNGAN - 1.02.0.00.0.00.02.0001,9367262,51459102,2024,E-Katalog 5.0,BLUD,PT Pratapa Nirmala,E-Purchasing,Pengadaan Barang,"Digoksin/Digoxin injeksi 0,25 mg/ml",MELAKUKAN PENGIRIMAN DAN PENERIMAAN,555000,555000
KAB. MANDAILING NATAL,RUMAH SAKIT UMUM DAERAH PANYABUNGAN - 1.02.0.00.0.00.02.0001,9367262,51459102,2024,E-Katalog 5.0,BLUD,PT Pratapa Nirmala,E-Purchasing,Pengadaan Barang,Isosorbid dinitrat / Isosorbide Dinitrate inj 1 mg/mL,MELAKUKAN PENGIRIMAN DAN PENERIMAAN,320510,320510
KAB. MANDAILING NATAL,DINAS PEKERJAAN UMUM DAN PENATAAN RUANG - 1.03.0.00.0.00.03.0000,2956373,49604334,2024,Tender,APBD,CV. PARADISE PARK,Tender,Pekerjaan Konstruksi,Pembangunan Baru SPAM Jaringan Perpipaan di Desa Mompang Julu Kec. Panyabungan Utara,SELESAI,2920920142,2920920142
KAB. MANDAILING NATAL,DINAS PENDIDIKAN DAN KEBUDAYAAN - 1.01.2.22.0.00.01.0000,3838373,50635811,2024,Non Tender,APBD,CV. RAJAWALI ENGINEERING CONSULTANT,Pengadaan Langsung,Jasa Konsultansi Badan Usaha Konstruksi,JASA KONSULTAN PERENCANAAN REHABILITASI RUANG KELAS,SELESAI,39904500,39904500
KAB. MANDAILING NATAL,DINAS PERUMAHAN RAKYAT DAN KAWASAN PERMUKIMAN SERTA PERTANAHAN - 1.04.2.10.0.00.04.0000,3901373,49936933,2024,Non Tender,APBD,CIPTA KARYA NUSANTARA,Pengadaan Langsung,Pekerjaan Konstruksi,Pembangunan Jalan Lingkungan di Pesantren Darul Ikhlas Dalan Lidang,SELESAI,99646667,99646667
KAB. MANDAILING NATAL,RUMAH SAKIT UMUM DAERAH PANYABUNGAN - 1.02.0.00.0.00.02.0001,9335687,51459102,2024,E-Katalog 5.0,BLUD,P.T. Dexa Medica,E-Purchasing,Pengadaan Barang,Gelafusal - Pengganti plasma golongan gelatin inf,MELAKUKAN PENGIRIMAN DAN PENERIMAAN,3530000,0
KAB. MANDAILING NATAL,RUMAH SAKIT UMUM DAERAH DR. HUSNI THAMRIN - 1.02.0.00.0.00.02.0002,9572632,51354252,2024,E-Katalog 5.0,APBD,PT. MIMAR CITRA ABADI,E-Purchasing,Pengadaan Barang,Sectio Caesarian Set IV,MELAKUKAN PENGIRIMAN DAN PENERIMAAN,63370000,63370000
KAB. MANDAILING NATAL,DINAS KESEHATAN - 1.02.0.00.0.00.02.0000,9579302,51356108,2024,E-Katalog 5.0,APBD,PT. TRIFA RAYA LABORATORIES,E-Purchasing,Pengadaan Barang,ANTASIDA DOEN,PROSES KONTRAK PPK,95450000,95450000
KAB. MANDAILING NATAL,DINAS KESEHATAN - 1.02.0.00.0.00.02.0000,4095373,51990742,2024,Non Tender,APBD,cv sinar jaya,Pengadaan Langsung,Pekerjaan Konstruksi,Belanja Bahan-Bahan Bangunan dan Konstruksi-Lanjutan Pematangan Lahan Pusk Gunung Tua,SELESAI,190848000,190848000
KAB. MANDAILING NATAL,DINAS PENDIDIKAN DAN KEBUDAYAAN - 1.01.2.22.0.00.01.0000,2984373,50635215,2024,Tender,APBD,CV. MUARA KASIH,Tender,Pekerjaan Konstruksi,PEMBANGUNAN RUANG GURU BESERTA PERABOTNYA (DAK) SD NEGERI 350 BATAHAN I,SELESAI,201000000,201000000
KAB. MANDAILING NATAL,DINAS PENDIDIKAN DAN KEBUDAYAAN - 1.01.2.22.0.00.01.0000,3841373,50635523,2024,Non Tender,APBD,CV. RAJAWALI ENGINEERING CONSULTANT,Pengadaan Langsung,Jasa Konsultansi Badan Usaha Konstruksi,JASA KONSULTAN PERENCANAAN PEMBANGUNAN LABORATORIUM KOMPUTER BESERTA PERABOTNYA (DAK),SELESAI,99900000,99900000
KAB. MANDAILING NATAL,DINAS KESEHATAN - 1.02.0.00.0.00.02.0000,10092646,51356108,2024,E-Katalog 5.0,APBD,PT. Hexpharm Jaya Laboratories,E-Purchasing,Pengadaan Barang,Ranitidine hydrochloride (HCl)/ Ranitidin injeksi 25 mg/ml,PROSES KONTRAK PPK,1950000,1950000
KAB. MANDAILING NATAL,RUMAH SAKIT UMUM DAERAH PANYABUNGAN - 1.02.0.00.0.00.02.0001,10370072,51459102,2024,E-Katalog 5.0,BLUD,PT. Merck Tbk,E-Purchasing,Pengadaan Barang,"Oxymetazoline/ Oksimetazolin tetes hidung 0,050%",MELAKUKAN PENGIRIMAN DAN PENERIMAAN,355000,355000
KAB. MANDAILING NATAL,RUMAH SAKIT UMUM DAERAH PANYABUNGAN - 1.02.0.00.0.00.02.0001,9162989,51459102,2024,E-Katalog 5.0,BLUD,PT. Hexpharm Jaya Laboratories,E-Purchasing,Pengadaan Barang,Asam traneksamat/Tranexamic acid  tablet/kapsul/kaplet salut selaput 500 mg,MELAKUKAN PENGIRIMAN DAN PENERIMAAN,7500000,7500000
KAB. MANDAILING NATAL,RUMAH SAKIT UMUM DAERAH PANYABUNGAN - 1.02.0.00.0.00.02.0001,9138532,51459102,2024,E-Katalog 5.0,BLUD,PT. EMJEBE PHARMA,E-Purchasing,Pengadaan Barang,"Ringer Laktat/ Ringer Lactate, @500 mL",MELAKUKAN PENGIRIMAN DAN PENERIMAAN,25239000,25239000
KAB. MANDAILING NATAL,DINAS PERTANIAN - 3.27.0.00.0.00.22.0000,3804373,49578930,2024,Non Tender,APBD,CV. SETYA SARI SUKSES,Pengadaan Langsung,Pengadaan Barang,Belanja Bahan-Bahan Kimia,SELESAI,68262000,0
KAB. MANDAILING NATAL,DINAS PENDIDIKAN DAN KEBUDAYAAN - 1.01.2.22.0.00.01.0000,3973373,50635816,2024,Non Tender,APBD,CV. DOMURA KARYA,Pengadaan Langsung,Pekerjaan Konstruksi,REHABILITASI RUANG KELAS SD NEGERI 333 BINTUNGAN BEJANGKAR,SELESAI,139000004,139000004
KAB. MANDAILING NATAL,RUMAH SAKIT UMUM DAERAH PANYABUNGAN - 1.02.0.00.0.00.02.0001,11209210,51459102,2024,E-Katalog 5.0,BLUD,PT Glaxo Wellcome Indonesia,E-Purchasing,Pengadaan Barang,"Kombinasi KDT/FDC, setiap mL mengandung:  Salmeterol 50 mcg dan Flutikason propionat 250 mcg ih 250 mcg puff",MELAKUKAN PENGIRIMAN DAN PENERIMAAN,6369264,0
KAB. MANDAILING NATAL,RUMAH SAKIT UMUM DAERAH PANYABUNGAN - 1.02.0.00.0.00.02.0001,9169085,51459106,2024,E-Katalog 5.0,BLUD,PT Sinaraya Nugraha Ahmadaris Medika,E-Purchasing,Pengadaan Barang,Kapas Pembalut 1000 gr,MELAKUKAN PENGIRIMAN DAN PENERIMAAN,2345000,2345000
KAB. MANDAILING NATAL,RUMAH SAKIT UMUM DAERAH PANYABUNGAN - 1.02.0.00.0.00.02.0001,10880143,51459102,2024,E-Katalog 5.0,BLUD,P.T. Dexa Medica,E-Purchasing,Pengadaan Barang,Natrium diklofenak tab sal enterik 50 mg,MELAKUKAN PENGIRIMAN DAN PENERIMAAN,565000,565000
KAB. MANDAILING NATAL,DINAS KESEHATAN - 1.02.0.00.0.00.02.0000,9464361,51356108,2024,E-Katalog 5.0,APBD,PT.Bernofarm,E-Purchasing,Pengadaan Barang,Asam Mefenamat/Mefenamic acid tablet/kapsul/kaplet/kaptab 500 mg,MELAKUKAN PENGIRIMAN DAN PENERIMAAN,114400000,114400000
KAB. MANDAILING NATAL,RUMAH SAKIT UMUM DAERAH PANYABUNGAN - 1.02.0.00.0.00.02.0001,2987373,51405355,2024,Tender,APBD,CV MITRA PERKASA,Tender,Pekerjaan Konstruksi,Penambahan Ruang,SELESAI,3429927838,3429927838
KAB. MANDAILING NATAL,DINAS PEKERJAAN UMUM DAN PENATAAN RUANG - 1.03.0.00.0.00.03.0000,4122373,52657434,2024,Non Tender,APBD,HQ PRATAMA CONSULTANT,Pengadaan Langsung,Jasa Konsultansi Badan Usaha Konstruksi,Penyusunan Dokumen Perencanaan Jalan Wilayah I,SELESAI,99700000,99700000
KAB. MANDAILING NATAL,DINAS PEKERJAAN UMUM DAN PENATAAN RUANG - 1.03.0.00.0.00.03.0000,8978133,49523782,2024,E-Katalog 5.0,APBD,PT. GASHABAT SUKSES MANDIRI,E-Purchasing,Pengadaan Barang,BAHAN ANTI PENGELUPASAN,PAKET SELESAI,8091200,8091200
KAB. MANDAILING NATAL,DINAS KESEHATAN - 1.02.0.00.0.00.02.0000,4135373,52918454,2024,Non Tender,APBD,CV. ALDRICH PERDANA KARYA,Pengadaan Langsung,Pekerjaan Konstruksi,Belanja Modal Bangunan Kesehatan-Rehabilitasi Puskesmas Mompang,SELESAI,198737818,198737818
KAB. MANDAILING NATAL,RUMAH SAKIT UMUM DAERAH PANYABUNGAN - 1.02.0.00.0.00.02.0001,9739868,51459104,2024,E-Katalog 5.0,BLUD,Andreas Karya Terbesar,E-Purchasing,Pengadaan Barang,DIAFLUID ACID,MELAKUKAN PENGIRIMAN DAN PENERIMAAN,24142500,24142500
KAB. MANDAILING NATAL,DINAS KESEHATAN - 1.02.0.00.0.00.02.0000,10401037,51322684,2024,E-Katalog 5.0,APBD,PT.Elsyahfi Calibratech Mandiri,E-Purchasing,Pengadaan Barang,Jasa Pengujian dan/atau Kalibrasi Microscope,MELAKUKAN PENGIRIMAN DAN PENERIMAAN,4908000,4908000
KAB. MANDAILING NATAL,DINAS PEKERJAAN UMUM DAN PENATAAN RUANG - 1.03.0.00.0.00.03.0000,2954373,49522501,2024,Tender,APBD,CV AEK KAPIAS,Tender,Pekerjaan Konstruksi,Lanjutan Pembangunan Jalan Simp. Batu Mundom (Aek Rambe) - Batu Mundom,SELESAI,394812000,394812000
KAB. MANDAILING NATAL,DINAS LINGKUNGAN HIDUP - 2.11.0.00.0.00.10.0000,4091373,49755345,2024,Non Tender,APBD,HQ PRATAMA CONSULTANT,Pengadaan Langsung,Jasa Konsultansi Badan Usaha Konstruksi,Pengawasan Kegiatan Penataan Taman Panyabungan Tahun Anggaran 2024,SELESAI,49839000,49839000
KAB. MANDAILING NATAL,DINAS KESEHATAN - 1.02.0.00.0.00.02.0000,9773857,51322684,2024,E-Katalog 5.0,APBD,PT.BINTANG ANUGERAH CAHAYA ABADI,E-Purchasing,Pengadaan Barang,LOGGER REFRIGERATOR FARMASI ( TEMPERATURE & HUMIDITY ),PROSES KONTRAK PPK,130000000,130000000
KAB. MANDAILING NATAL,RUMAH SAKIT UMUM DAERAH PANYABUNGAN - 1.02.0.00.0.00.02.0001,4065373,51411951,2024,Non Tender,BLUD,CV. ANUGRAH KARYA ABADI,Pengadaan Langsung,Pekerjaan Konstruksi,Pembangunan Gudang pada RSUD Panyabungan di Panatapan,SELESAI,199001776,199001776
KAB. MANDAILING NATAL,DINAS KESEHATAN - 1.02.0.00.0.00.02.0000,10024076,51356108,2024,E-Katalog 5.0,APBD,PT. Hexpharm Jaya Laboratories,E-Purchasing,Pengadaan Barang,Ketokonazol/ Ketoconazole tablet/kapsul/kaplet 200 mg,PROSES KONTRAK PPK,44000000,44000000
KAB. MANDAILING NATAL,RUMAH SAKIT UMUM DAERAH PANYABUNGAN - 1.02.0.00.0.00.02.0001,10880143,51459102,2024,E-Katalog 5.0,BLUD,P.T. Dexa Medica,E-Purchasing,Pengadaan Barang,"Bisoprolol tab 2,5 mg",MELAKUKAN PENGIRIMAN DAN PENERIMAAN,544000,544000
KAB. MANDAILING NATAL,RUMAH SAKIT UMUM DAERAH PANYABUNGAN - 1.02.0.00.0.00.02.0001,10312595,51459102,2024,E-Katalog 5.0,BLUD,SANSICO NATURA RESOURCES,E-Purchasing,Pengadaan Barang,d3TEKS1 HBsAg Rapid Test Kit,MELAKUKAN PENGIRIMAN DAN PENERIMAAN,8000000,8000000
KAB. MANDAILING NATAL,DINAS PEKERJAAN UMUM DAN PENATAAN RUANG - 1.03.0.00.0.00.03.0000,8977494,49523783,2024,E-Katalog 5.0,APBD,PT. GASHABAT SUKSES MANDIRI,E-Purchasing,Pengadaan Barang,LAPIS RESAP PENGIKAT-ASPAL CAIR/EMULSI,PAKET SELESAI,51575600,51575600
KAB. MANDAILING NATAL,DINAS PERTANIAN - 3.27.0.00.0.00.22.0000,8936311,51193832,2024,E-Katalog 5.0,APBD,CV. AULIA RIZKI PRATAMA,E-Purchasing,Pengadaan Barang,Bibit Kelapa Unggul,PROSES KONTRAK PPK,86716000,86716000
KAB. MANDAILING NATAL,DINAS PEKERJAAN UMUM DAN PENATAAN RUANG - 1.03.0.00.0.00.03.0000,8976735,49523770,2024,E-Katalog 5.0,APBD,PT. DALIHAN NATOLU GROUP,E-Purchasing,Pengadaan Barang,Galian Batu,PAKET SELESAI,191255064,191255064
KAB. MANDAILING NATAL,DINAS PEKERJAAN UMUM DAN PENATAAN RUANG - 1.03.0.00.0.00.03.0000,8894384,49523781,2024,E-Katalog 5.0,APBD,DEMBAN SIMPAR JAYA,E-Purchasing,Pengadaan Barang,"Beton strukur, fc 20 MPa",PAKET SELESAI,53720000,53720000
KAB. MANDAILING NATAL,RUMAH SAKIT UMUM DAERAH PANYABUNGAN - 1.02.0.00.0.00.02.0001,9133754,51459102,2024,E-Katalog 5.0,BLUD,PT Jayamas Medica Industri,E-Purchasing,Pengadaan Barang,MEDIGLOVES Surgical Sterile Gloves PP Size 7,MELAKUKAN PENGIRIMAN DAN PENERIMAAN,1593072,1593072
KAB. MANDAILING NATAL,DINAS KESEHATAN - 1.02.0.00.0.00.02.0000,10898760,51356107,2024,E-Katalog 5.0,APBD,PT Axion Jaya Alkesindo,E-Purchasing,Pengadaan Barang,LANCET 28G,MELAKUKAN PENGIRIMAN DAN PENERIMAAN,19900000,19900000
KAB. MANDAILING NATAL,DINAS PEKERJAAN UMUM DAN PENATAAN RUANG - 1.03.0.00.0.00.03.0000,8894384,49523781,2024,E-Katalog 5.0,APBD,DEMBAN SIMPAR JAYA,E-Purchasing,Pengadaan Barang,Lapis Perekat - Aspal Cair/Emulsi,PAKET SELESAI,13415424,13415424
KAB. MANDAILING NATAL,DINAS KESEHATAN - 1.02.0.00.0.00.02.0000,9303499,51356109,2024,E-Katalog 5.0,APBD,PT.Sinar Surya Callista,E-Purchasing,Pengadaan Barang,Hand Sanitizer Liquid 500  ml,MELAKUKAN PENGIRIMAN DAN PENERIMAAN,27800000,27800000
KAB. MANDAILING NATAL,RUMAH SAKIT UMUM DAERAH PANYABUNGAN - 1.02.0.00.0.00.02.0001,9367884,51459102,2024,E-Katalog 5.0,BLUD,PT. NOVELL PHARMACEUTICAL LABORATORIES,E-Purchasing,Pengadaan Barang,Efedrin/Ephedrine HCl Inj 50 mg/ml,MELAKUKAN PENGIRIMAN DAN PENERIMAAN,666000,666000
KAB. MANDAILING NATAL,DINAS PENDIDIKAN DAN KEBUDAYAAN - 1.01.2.22.0.00.01.0000,3994373,50634586,2024,Non Tender,APBD,HQ PRATAMA CONSULTANT,Pengadaan Langsung,Jasa Konsultansi Badan Usaha Konstruksi,JASA KONSULTAN PENGAWASAN PEMBANGUNAN RUANG TATA USAHA BESERTA PERABOTNYA (DAK),SELESAI,49617000,49617000
KAB. MANDAILING NATAL,DINAS KESEHATAN - 1.02.0.00.0.00.02.0000,9205159,51356221,2024,E-Katalog 5.0,APBD,Kana Surya Gemilang,E-Purchasing,Pengadaan Barang,HILUX SC 4X4 MT DIESEL - AMBULANCE GAWAT DARURAT PSC 119,MELAKUKAN PENGIRIMAN DAN PENERIMAAN,945000000,945000000
KAB. MANDAILING NATAL,DINAS KESEHATAN - 1.02.0.00.0.00.02.0000,10053838,51356108,2024,E-Katalog 5.0,APBD,P.T. Dexa Medica,E-Purchasing,Pengadaan Barang,"Kaptopril/ Captopril tablet/kapsul/kaplet 12,5 mg",PROSES KONTRAK PPK,8900000,8900000
KAB. MANDAILING NATAL,RUMAH SAKIT UMUM DAERAH PANYABUNGAN - 1.02.0.00.0.00.02.0001,9097292,51459102,2024,E-Katalog 5.0,BLUD,PT.Bernofarm,E-Purchasing,Pengadaan Barang,Levofloxacin hemihydrate/ Levofloxacin/Levofloksasin tablet salut selaput/kaplet salut selaput/ kaptab salut selaput 500 mg,MELAKUKAN PENGIRIMAN DAN PENERIMAAN,3700000,3700000
KAB. MANDAILING NATAL,RUMAH SAKIT UMUM DAERAH PANYABUNGAN - 1.02.0.00.0.00.02.0001,10649537,51459102,2024,E-Katalog 5.0,BLUD,P.T. Dexa Medica,E-Purchasing,Pengadaan Barang,Spironolakton tab 25 mg,MELAKUKAN PENGIRIMAN DAN PENERIMAAN,11000000,11000000
KAB. MANDAILING NATAL,DINAS PENDIDIKAN DAN KEBUDAYAAN - 1.01.2.22.0.00.01.0000,3019373,50635545,2024,Tender,APBD,CV. Ira Utama Karya,Tender,Pekerjaan Konstruksi,PEMBANGUNAN RUANG LABORATORIUM KOMPUTER BESERTA PERABOTNYA (DAK) SD NEGERI 271 TOMBANG KALUANG,SELESAI,224204162,224204162
KAB. MANDAILING NATAL,DINAS KESEHATAN - 1.02.0.00.0.00.02.0000,9588619,51356108,2024,E-Katalog 5.0,APBD,PT Mega Medica Pharmaceuticals,E-Purchasing,Pengadaan Barang,CHANNA FOLA MULTIVITAMIN IBU HAMIL & ORAL ALBUMIN,PROSES KONTRAK PPK,5916000,5916000
KAB. MANDAILING NATAL,DINAS KESEHATAN - 1.02.0.00.0.00.02.0000,9588538,51356108,2024,E-Katalog 5.0,APBD,PT. TRIFA RAYA LABORATORIES,E-Purchasing,Pengadaan Barang,CETIRIZINE HCL 10 MG_OGB,MELAKUKAN PENGIRIMAN DAN PENERIMAAN,19000000,19000000
KAB. MANDAILING NATAL,DINAS PENDIDIKAN DAN KEBUDAYAAN - 1.01.2.22.0.00.01.0000,3837373,50634667,2024,Non Tender,APBD,CV. TIARANI UTAMA,Pengadaan Langsung,Jasa Konsultansi Badan Usaha Konstruksi,JASA KONSULTAN PERENCANAAN REHABILITASI RUANG KELAS,SELESAI,19869000,19869000
KAB. MANDAILING NATAL,RUMAH SAKIT UMUM DAERAH PANYABUNGAN - 1.02.0.00.0.00.02.0001,9958999,51459102,2024,E-Katalog 5.0,BLUD,P.T. Dexa Medica,E-Purchasing,Pengadaan Barang,Sucralfate/ Sukralfat susp 500 mg/5 mL,MELAKUKAN PENGIRIMAN DAN PENERIMAAN,30000000,30000000
KAB. MANDAILING NATAL,RUMAH SAKIT UMUM DAERAH PANYABUNGAN - 1.02.0.00.0.00.02.0001,9660181,51459102,2024,E-Katalog 5.0,BLUD,PT Otsuka Indonesia,E-Purchasing,Pengadaan Barang,"Larutan mengandung elektrolit (CaCl2H2O 0,165 gr, KCl 0,15 gr, NaCl 4,3 gr), @ 500 mL",MELAKUKAN PENGIRIMAN DAN PENERIMAAN,6100000,6100000
KAB. MANDAILING NATAL,RUMAH SAKIT UMUM DAERAH PANYABUNGAN - 1.02.0.00.0.00.02.0001,9138667,51459102,2024,E-Katalog 5.0,BLUD,PT Otsuka Indonesia,E-Purchasing,Pengadaan Barang,"Larutan mengandung Asam Amino (Asam Amino 15 g, Glukosa 37,5 g, Tiamin HCl 0,75 mg, elektrolit), @ 500 mL",MELAKUKAN PENGIRIMAN DAN PENERIMAAN,1958000,1958000
KAB. MANDAILING NATAL,DINAS PENDIDIKAN DAN KEBUDAYAAN - 1.01.2.22.0.00.01.0000,2997373,50635053,2024,Tender,APBD,CV. PUTRA PRATAMA,Tender,Pekerjaan Konstruksi,PEMBANGUNAN RUANG PERPUSTAKAAN BESERTA PERABOTNYA (DAK) SD NEGERI 215 TAMIANG,SELESAI,227500000,227500000
KAB. MANDAILING NATAL,DINAS PENDIDIKAN DAN KEBUDAYAAN - 1.01.2.22.0.00.01.0000,3956373,50635367,2024,Non Tender,APBD,CV. BANGKIT BERSAMA GROUP,Pengadaan Langsung,Pekerjaan Konstruksi,PEMBANGUNAN RUANG UKS BESERTA PERABOTNYA (DAK) SD NEGERI 303 BATANG LOBUNG,SELESAI,152049760,152049760
KAB. MANDAILING NATAL,RUMAH SAKIT UMUM DAERAH PANYABUNGAN - 1.02.0.00.0.00.02.0001,10573448,51459105,2024,E-Katalog 5.0,BLUD,PT. STANDARD BIOSENSOR HEALTHCARE,E-Purchasing,Pengadaan Barang,Dengue NS1 Ag Test,MELAKUKAN PENGIRIMAN DAN PENERIMAAN,7500000,7500000
KAB. MANDAILING NATAL,DINAS PENDIDIKAN DAN KEBUDAYAAN - 1.01.2.22.0.00.01.0000,9271284,50635754,2024,E-Katalog 5.0,APBD,PT. Trisolah Suvarna Indonesia,E-Purchasing,Pengadaan Barang,Connector type C ke HDMI & VGA,MELAKUKAN PENGIRIMAN DAN PENERIMAAN,4345000,4345000
KAB. MANDAILING NATAL,DINAS PEKERJAAN UMUM DAN PENATAAN RUANG - 1.03.0.00.0.00.03.0000,4127373,52642644,2024,Non Tender,APBD,cv.taufikprima putra,Pengadaan Langsung,Pekerjaan Konstruksi,Rehabilitasi/Pemeliharaan Jalan Simp. Bintungan Bajangkar- Simp. Kampung Kapas,SELESAI,199499999,199499999
KAB. MANDAILING NATAL,DINAS KESEHATAN - 1.02.0.00.0.00.02.0000,10101221,51356108,2024,E-Katalog 5.0,APBD,PT. SEJAHTERA LESTARI FARMA,E-Purchasing,Pengadaan Barang,AMBROXOL HYDROCHLORIDE - Ambroxol 30mg,PROSES KONTRAK PPK,14000000,14000000
KAB. MANDAILING NATAL,RUMAH SAKIT UMUM DAERAH PANYABUNGAN - 1.02.0.00.0.00.02.0001,10392169,51459102,2024,E-Katalog 5.0,BLUD,P.T. Dexa Medica,E-Purchasing,Pengadaan Barang,Betahistin tab 6 mg,MELAKUKAN PENGIRIMAN DAN PENERIMAAN,1920000,1920000
KAB. MANDAILING NATAL,DINAS KESEHATAN - 1.02.0.00.0.00.02.0000,10079335,51356108,2024,E-Katalog 5.0,APBD,NOVAPHARIN,E-Purchasing,Pengadaan Barang,Domperidon/ Domperidone maleate/ Domperidone sirup/suspensi 5 mg/5 ml,PROSES KONTRAK PPK,18249000,18249000
KAB. MANDAILING NATAL,DINAS PENANAMAN MODAL DAN PELAYANAN TERPADU SATU PINTU - 2.18.0.00.0.00.17.0000,9553024,51662205,2024,E-Katalog 5.0,APBD,CV. NAMBURAK,E-Purchasing,Pengadaan Barang,GORDYN SET KANTOR,PROSES KONTRAK PPK,15750000,15750000
KAB. MANDAILING NATAL,RUMAH SAKIT UMUM DAERAH PANYABUNGAN - 1.02.0.00.0.00.02.0001,10928242,51459106,2024,E-Katalog 5.0,BLUD,PT.TOP POINT MEDICAL,E-Purchasing,Pengadaan Barang,TP Disposable Syringe 20 ML with Needle,MELAKUKAN PENGIRIMAN DAN PENERIMAAN,1966680,1966680
KAB. MANDAILING NATAL,DINAS PENDIDIKAN DAN KEBUDAYAAN - 1.01.2.22.0.00.01.0000,9643711,51943842,2024,E-Katalog 5.0,APBD,PT CITTA BISNIS SELARAS,E-Purchasing,Pengadaan Barang,Lemari Kantor,MELAKUKAN PENGIRIMAN DAN PENERIMAAN,40320000,40320000
KAB. MANDAILING NATAL,DINAS KESEHATAN - 1.02.0.00.0.00.02.0000,9303499,51356109,2024,E-Katalog 5.0,APBD,PT.Sinar Surya Callista,E-Purchasing,Pengadaan Barang,ALKOHOL 70 % 300 ML,MELAKUKAN PENGIRIMAN DAN PENERIMAAN,16800000,16800000
KAB. MANDAILING NATAL,DINAS KESEHATAN - 1.02.0.00.0.00.02.0000,10057053,51356108,2024,E-Katalog 5.0,APBD,PT. SOHO Industri Pharmasi,E-Purchasing,Pengadaan Barang,Metoklopramid tablet 10 mg,PROSES KONTRAK PPK,6850000,6850000
KAB. MANDAILING NATAL,DINAS PEKERJAAN UMUM DAN PENATAAN RUANG - 1.03.0.00.0.00.03.0000,8941316,49523772,2024,E-Katalog 5.0,APBD,DEMBAN SIMPAR JAYA,E-Purchasing,Pengadaan Barang,"Beton strukur, fc 20 MPa",PAKET SELESAI,27486000,27486000
KAB. MANDAILING NATAL,DINAS PENDIDIKAN DAN KEBUDAYAAN - 1.01.2.22.0.00.01.0000,3996373,50634668,2024,Non Tender,APBD,CV. CONSULTANT PASAE ROBOE,Pengadaan Langsung,Jasa Konsultansi Badan Usaha Konstruksi,JASA KONSULTAN PENGAWASAN REHABILITASI RUANG KELAS,SELESAI,29859000,29859000
KAB. MANDAILING NATAL,RUMAH SAKIT UMUM DAERAH PANYABUNGAN - 1.02.0.00.0.00.02.0001,9672909,51411950,2024,E-Katalog 5.0,APBD,PT WAHANA RIZKY GUMILANG,E-Purchasing,Pengadaan Barang,AGD analyzer,MELAKUKAN PENGIRIMAN DAN PENERIMAAN,173000000,0
KAB. MANDAILING NATAL,RUMAH SAKIT UMUM DAERAH PANYABUNGAN - 1.02.0.00.0.00.02.0001,10368175,51459102,2024,E-Katalog 5.0,BLUD,PT Surgika Alkesindo,E-Purchasing,Pengadaan Barang,25G-90 mm Spinal Needle Quincke,MELAKUKAN PENGIRIMAN DAN PENERIMAAN,7875000,0
KAB. MANDAILING NATAL,DINAS PEKERJAAN UMUM DAN PENATAAN RUANG - 1.03.0.00.0.00.03.0000,8975338,51021126,2024,E-Katalog 5.0,APBD,PT. RONA NAMORA,E-Purchasing,Pengadaan Barang,Pasangan Batu,PAKET SELESAI,223266500,223266500
KAB. MANDAILING NATAL,RUMAH SAKIT UMUM DAERAH PANYABUNGAN - 1.02.0.00.0.00.02.0001,9138667,51459102,2024,E-Katalog 5.0,BLUD,PT Otsuka Indonesia,E-Purchasing,Pengadaan Barang,"Dextrose monohydrat - Dextrose anhydrat 40%, ampul @ 25 mL",MELAKUKAN PENGIRIMAN DAN PENERIMAAN,1864800,1864800
KAB. MANDAILING NATAL,RUMAH SAKIT UMUM DAERAH PANYABUNGAN - 1.02.0.00.0.00.02.0001,9657772,51459102,2024,E-Katalog 5.0,BLUD,PT. PHARMA LABORATORIES,E-Purchasing,Pengadaan Barang,Amlodipin/ Amlodipine/ Amlodipine besilate tablet/kapsul/kaplet 10 mg,MELAKUKAN PENGIRIMAN DAN PENERIMAAN,1989900,1989900
KAB. MANDAILING NATAL,DINAS PERHUBUNGAN - 2.15.0.00.0.00.14.0000,4043373,49348643,2024,Non Tender,APBD,KREASI TEHNIK MANDIRI,Pengadaan Langsung,Jasa Lainnya,Belanja Jasa Tenaga Ahli,SELESAI,48451500,48451500
KAB. MANDAILING NATAL,DINAS PERHUBUNGAN - 2.15.0.00.0.00.14.0000,9644670,51873129,2024,E-Katalog 5.0,APBD,Inspira Karya Mandiri,E-Purchasing,Pengadaan Barang,KONEKTOR KABEL TWIST ABC,PAKET SELESAI,27000000,27000000
KAB. MANDAILING NATAL,SEKRETARIAT DPRD - 4.02.0.00.0.00.25.0000,10017243000,50451206,2024,Non Tender,APBD,KENANGA MULTI TRADE,Pengadaan Langsung,Pengadaan Barang,Biaya Pengadaan Pakaian Dinas Pimpinan dan Anggota DPRD Pakaian Sipil Harian,SELESAI,79254000,0
KAB. MANDAILING NATAL,DINAS PENDIDIKAN DAN KEBUDAYAAN - 1.01.2.22.0.00.01.0000,9974996,52150713,2024,E-Katalog 5.0,APBD,CV. KREATIFITAS CEMERLANG,E-Purchasing,Pengadaan Barang,PUZZLE MATRAS,MELAKUKAN PENGIRIMAN DAN PENERIMAAN,3800000,3800000
KAB. MANDAILING NATAL,RUMAH SAKIT UMUM DAERAH PANYABUNGAN - 1.02.0.00.0.00.02.0001,9133754,51459102,2024,E-Katalog 5.0,BLUD,PT Jayamas Medica Industri,E-Purchasing,Pengadaan Barang,"MEDIGLOVES Surgical Sterile Gloves PP Size 7,5",MELAKUKAN PENGIRIMAN DAN PENERIMAAN,1593072,1593072
KAB. MANDAILING NATAL,DINAS PENDIDIKAN DAN KEBUDAYAAN - 1.01.2.22.0.00.01.0000,3014373,50635547,2024,Tender,APBD,Bejana Utama,Tender,Pekerjaan Konstruksi,PEMBANGUNAN RUANG LABORATORIUM KOMPUTER BESERTA PERABOTNYA (DAK) SD NEGERI 288 SIMPANGBAJOLE,SELESAI,238692707,238692707
KAB. MANDAILING NATAL,DINAS KESEHATAN - 1.02.0.00.0.00.02.0000,10103217,51356108,2024,E-Katalog 5.0,APBD,PT COMAL MULIA ABADI,E-Purchasing,Pengadaan Barang,"lidokain 2% + epinefrin 1:80.000, inj 2 mL / LIDOCAINE COMPOSITUM",MELAKUKAN PENGIRIMAN DAN PENERIMAAN,690000,690000
KAB. MANDAILING NATAL,DINAS KESEHATAN - 1.02.0.00.0.00.02.0000,10024076,51356108,2024,E-Katalog 5.0,APBD,PT. Hexpharm Jaya Laboratories,E-Purchasing,Pengadaan Barang,Domperidon/ Domperidone/ Domperidone Maleate tablet/kapsul/kaplet 10 mg,PROSES KONTRAK PPK,23250000,23250000
KAB. MANDAILING NATAL,RUMAH SAKIT UMUM DAERAH PANYABUNGAN - 1.02.0.00.0.00.02.0001,9138905,51459102,2024,E-Katalog 5.0,BLUD,PT. Mersifarma Tirmaku Mercusana,E-Purchasing,Pengadaan Barang,Karbamazepin tablet/kapsul/kaplet 200 mg,MELAKUKAN PENGIRIMAN DAN PENERIMAAN,2118000,2118000
KAB. MANDAILING NATAL,RUMAH SAKIT UMUM DAERAH PANYABUNGAN - 1.02.0.00.0.00.02.0001,10009116,51459102,2024,E-Katalog 5.0,BLUD,PT.Bernofarm,E-Purchasing,Pengadaan Barang,Cefadroxil monohydrate/ Cefadroxil/ Sefadroksil sirup kering 125 mg/5ml,MELAKUKAN PENGIRIMAN DAN PENERIMAAN,885000,885000
KAB. MANDAILING NATAL,DINAS PENDIDIKAN DAN KEBUDAYAAN - 1.01.2.22.0.00.01.0000,2986373,50635863,2024,Tender,APBD,CV. BINTANG LANGIT BIRU,Tender,Pekerjaan Konstruksi,PEMBANGUNAN RUANG KELAS BARU BESERTA PERABOTNYA (DAK) SD NEGERI 086 DALAN LIDANG,SELESAI,649252254,649252254
KAB. MANDAILING NATAL,RUMAH SAKIT UMUM DAERAH PANYABUNGAN - 1.02.0.00.0.00.02.0001,10302678,51459102,2024,E-Katalog 5.0,BLUD,PT. Mersifarma Tirmaku Mercusana,E-Purchasing,Pengadaan Barang,Parasetamol tab 500 mg,MELAKUKAN PENGIRIMAN DAN PENERIMAAN,2020000,2020000
KAB. MANDAILING NATAL,DINAS PEKERJAAN UMUM DAN PENATAAN RUANG - 1.03.0.00.0.00.03.0000,8946540,49523780,2024,E-Katalog 5.0,APBD,PT. RONA NAMORA,E-Purchasing,Pengadaan Barang,Lapis Resap Pengikat - Aspal Cair/Emulsi,PAKET SELESAI,302068400,302068400
KAB. MANDAILING NATAL,DINAS PERTANIAN - 3.27.0.00.0.00.22.0000,3914373,49545783,2024,Non Tender,APBD,CV. CHANTIKA LESTARI,Pengadaan Langsung,Pekerjaan Konstruksi,Pembangunan/Rehabilitasi Jaringan Irigasi Desa Tambiski Nauli Kec. Nagajuang,SELESAI,79000000,79000000
KAB. MANDAILING NATAL,DINAS KESEHATAN - 1.02.0.00.0.00.02.0000,10053838,51356108,2024,E-Katalog 5.0,APBD,P.T. Dexa Medica,E-Purchasing,Pengadaan Barang,Kaptopril/ Captopril tablet/kapsul/kaplet 25 mg,PROSES KONTRAK PPK,25200000,25200000
KAB. MANDAILING NATAL,RUMAH SAKIT UMUM DAERAH PANYABUNGAN - 1.02.0.00.0.00.02.0001,10928242,51459106,2024,E-Katalog 5.0,BLUD,PT.TOP POINT MEDICAL,E-Purchasing,Pengadaan Barang,TP Disposable Syringe 3 ML with Needle,MELAKUKAN PENGIRIMAN DAN PENERIMAAN,36979200,36979200
KAB. MANDAILING NATAL,DINAS KESEHATAN - 1.02.0.00.0.00.02.0000,9464361,51356108,2024,E-Katalog 5.0,APBD,PT.Bernofarm,E-Purchasing,Pengadaan Barang,Amoksisilin/Amoxicillin/Amoxicillin Trihydrate sirup/suspensi kering 125 mg/ 5 ml,MELAKUKAN PENGIRIMAN DAN PENERIMAAN,6000000,6000000
KAB. MANDAILING NATAL,RUMAH SAKIT UMUM DAERAH PANYABUNGAN - 1.02.0.00.0.00.02.0001,9131381,51459102,2024,E-Katalog 5.0,BLUD,PT.Bernofarm,E-Purchasing,Pengadaan Barang,Metronidazole/ Metronidazol infus 5 mg/ ml (TD),MELAKUKAN PENGIRIMAN DAN PENERIMAAN,24000000,24000000
KAB. MANDAILING NATAL,DINAS PERTANIAN - 3.27.0.00.0.00.22.0000,9428839,51775582,2024,E-Katalog 5.0,APBD,CV. SETYA SARI SUKSES,E-Purchasing,Pengadaan Barang,SAPI LOKAL BETINA,PROSES KONTRAK PPK,63200000,63200000
KAB. MANDAILING NATAL,DINAS PERTANIAN - 3.27.0.00.0.00.22.0000,3875373,49587927,2024,Non Tender,APBD,CV. AULIA RIZKI PRATAMA,Pengadaan Langsung,Pekerjaan Konstruksi,Pembangunan/Rehabilitasi Jalan Usaha Tani/Jalan Produksi Desa Gunung Manaon Kec. Panyabungan,SELESAI,101400002,101400002
KAB. MANDAILING NATAL,RUMAH SAKIT UMUM DAERAH PANYABUNGAN - 1.02.0.00.0.00.02.0001,9417210,51411949,2024,E-Katalog 5.0,APBD,PT. Djuniar & Djuniar,E-Purchasing,Pengadaan Barang,TANPA MEREK PATIENT MONITOR,MELAKUKAN PENGIRIMAN DAN PENERIMAAN,184367000,184367000
KAB. MANDAILING NATAL,RUMAH SAKIT UMUM DAERAH PANYABUNGAN - 1.02.0.00.0.00.02.0001,9688868,51459102,2024,E-Katalog 5.0,BLUD,PT Ethica Industri Farmasi,E-Purchasing,Pengadaan Barang,"Atropin inj 0,25 mg/mL (i.v./s.k.)",MELAKUKAN PENGIRIMAN DAN PENERIMAAN,1305000,1305000
KAB. MANDAILING NATAL,DINAS PEKERJAAN UMUM DAN PENATAAN RUANG - 1.03.0.00.0.00.03.0000,8975338,51021126,2024,E-Katalog 5.0,APBD,PT. RONA NAMORA,E-Purchasing,Pengadaan Barang,Perbaikan Campuran Aspal Panas,PAKET SELESAI,111300000,111300000
KAB. MANDAILING NATAL,RUMAH SAKIT UMUM DAERAH DR. HUSNI THAMRIN - 1.02.0.00.0.00.02.0002,9020865,51354252,2024,E-Katalog 5.0,APBD,PT. INDOMEDIK NIAGA PERKASA,E-Purchasing,Pengadaan Barang,Modular Operating Theatre - Shiroi Basic Hybrid 36 Tempered Glass,MELAKUKAN PENGIRIMAN DAN PENERIMAAN,4610000000,4610000000
KAB. MANDAILING NATAL,DINAS KETAHANAN PANGAN - 2.09.0.00.0.00.09.0000,3784373,49220393,2024,Non Tender,APBD,TONDI MULIA RAJA NASUTION,Pengadaan Langsung,Jasa Konsultansi Perorangan Konstruksi,Belanja Jasa Tenaga Ahli,SELESAI,14872350,14872350
KAB. MANDAILING NATAL,RUMAH SAKIT UMUM DAERAH PANYABUNGAN - 1.02.0.00.0.00.02.0001,11218016,53529595,2024,E-Katalog 5.0,BLUD,PT.Elsyahfi Calibratech Mandiri,E-Purchasing,Pengadaan Barang,Jasa Pengujian dan Kalibrasi Operating Mikroskop (Mata/Syaraf/ENT),MELAKUKAN PENGIRIMAN DAN PENERIMAAN,665000,665000
KAB. MANDAILING NATAL,DINAS PEKERJAAN UMUM DAN PENATAAN RUANG - 1.03.0.00.0.00.03.0000,8975338,51021126,2024,E-Katalog 5.0,APBD,PT. RONA NAMORA,E-Purchasing,Pengadaan Barang,Lapis Fondasi Agregat Kelas B,PAKET SELESAI,958132200,958132200
KAB. MANDAILING NATAL,RUMAH SAKIT UMUM DAERAH PANYABUNGAN - 1.02.0.00.0.00.02.0001,11218016,53529595,2024,E-Katalog 5.0,BLUD,PT.Elsyahfi Calibratech Mandiri,E-Purchasing,Pengadaan Barang,NIBP / Blood Pressure Monitor / Sphygmomanometer Digital / Tensimeter Digital,MELAKUKAN PENGIRIMAN DAN PENERIMAAN,2656000,2656000
KAB. MANDAILING NATAL,DINAS KESEHATAN - 1.02.0.00.0.00.02.0000,9135838,51356468,2024,E-Katalog 5.0,APBD,CV. TERMINAL PRINT,E-Purchasing,Pengadaan Barang,PAYUNG SABLON COSTUM,MELAKUKAN PENGIRIMAN DAN PENERIMAAN,172000000,172000000
KAB. MANDAILING NATAL,DINAS PERUMAHAN RAKYAT DAN KAWASAN PERMUKIMAN SERTA PERTANAHAN - 1.04.2.10.0.00.04.0000,5144373,52967991,2024,Non Tender,APBD,PT. KURNIA MADINA PERSADA,Pengadaan Langsung,Pekerjaan Konstruksi,Pembangunan Jalan Lingkungan di Kelurahan Kota Siantar Kec. Panyabungan (Sumber Dana: Insentif FiskalTA. 2024),SELESAI,155200000,155200000
KAB. MANDAILING NATAL,RUMAH SAKIT UMUM DAERAH PANYABUNGAN - 1.02.0.00.0.00.02.0001,10377838,51459102,2024,E-Katalog 5.0,BLUD,P.T. Dexa Medica,E-Purchasing,Pengadaan Barang,"Levofloxacin hemihydrate/ Levofloxacin/ Levofloksasin inf 5 mg/mL, 100 mL",MELAKUKAN PENGIRIMAN DAN PENERIMAAN,7050000,7050000
KAB. MANDAILING NATAL,DINAS PERDAGANGAN - 3.30.3.31.0.00.23.0000,10010710000,53496168,2024,Non Tender,APBD,CV. ANUGRAH KARYA ABADI,Pengadaan Langsung,Pekerjaan Konstruksi,Pemeliharaan Gedung dan Taman Pasar Baru Panyabungan (Sumber Dana Insentif Fiskal) TA. 2024,SELESAI,168997000,168997000
KAB. MANDAILING NATAL,DINAS PERUMAHAN RAKYAT DAN KAWASAN PERMUKIMAN SERTA PERTANAHAN - 1.04.2.10.0.00.04.0000,4116373,52758926,2024,Non Tender,APBD,TONDI MULIA RAJA NASUTION,Pengadaan Langsung,Jasa Konsultansi Perorangan Konstruksi,Perencanaan Pembangunan/ Peningkatan/ Rehabilitasi PSU(Sumber Dana: Insentif Fiskal TA. 2024),SELESAI,14986110,14986110
KAB. MANDAILING NATAL,DINAS KESEHATAN - 1.02.0.00.0.00.02.0000,9711689,51355991,2024,E-Katalog 5.0,APBD,PT. STANDARD BIOSENSOR HEALTHCARE,E-Purchasing,Pengadaan Barang,FASTCLEAR Q Malaria P.f/Pan Ag Test-Single Buffer,MELAKUKAN PENGIRIMAN DAN PENERIMAAN,6499000,6499000
KAB. MANDAILING NATAL,DINAS PERUMAHAN RAKYAT DAN KAWASAN PERMUKIMAN SERTA PERTANAHAN - 1.04.2.10.0.00.04.0000,5141373,52967999,2024,Non Tender,APBD,CV. CHANTIKA LESTARI,Pengadaan Langsung,Pekerjaan Konstruksi,Pembangunan Jalan Lingkungan di Desa Pidoli Dolok Kec. Panyabunga (Sumber Dana: Insentif Fiskal TA.2024),SELESAI,155200000,155200000
KAB. MANDAILING NATAL,DINAS KESEHATAN - 1.02.0.00.0.00.02.0000,10092517,51356108,2024,E-Katalog 5.0,APBD,PT. Hexpharm Jaya Laboratories,E-Purchasing,Pengadaan Barang,Ranitidin tab 150 mg,PROSES KONTRAK PPK,38250000,38250000
KAB. MANDAILING NATAL,DINAS PEKERJAAN UMUM DAN PENATAAN RUANG - 1.03.0.00.0.00.03.0000,8941316,49523772,2024,E-Katalog 5.0,APBD,DEMBAN SIMPAR JAYA,E-Purchasing,Pengadaan Barang,Lapis Fondasi Agregat Kelas B,PAKET SELESAI,1785061000,1785061000
KAB. MANDAILING NATAL,RUMAH SAKIT UMUM DAERAH PANYABUNGAN - 1.02.0.00.0.00.02.0001,9688868,51459102,2024,E-Katalog 5.0,BLUD,PT Ethica Industri Farmasi,E-Purchasing,Pengadaan Barang,Oxytocin/ Oksitosin inj 10 IU/ml,MELAKUKAN PENGIRIMAN DAN PENERIMAAN,3280000,3280000
KAB. MANDAILING NATAL,DINAS KESEHATAN - 1.02.0.00.0.00.02.0000,10031900,51356108,2024,E-Katalog 5.0,APBD,PT Otsuka Indonesia,E-Purchasing,Pengadaan Barang,Magnesium sulfat injeksi 40%  (i.v.) @ 25 mL.,MELAKUKAN PENGIRIMAN DAN PENERIMAAN,1698300,1698300
KAB. MANDAILING NATAL,RUMAH SAKIT UMUM DAERAH PANYABUNGAN - 1.02.0.00.0.00.02.0001,9138667,51459102,2024,E-Katalog 5.0,BLUD,PT Otsuka Indonesia,E-Purchasing,Pengadaan Barang,"Larutan mengandung Karbohidrat + Elektrolit (Glukosa: 55.0 g; NaCl: 4.5 g) , Otsu D5 1/2NS, @ 500 mL",MELAKUKAN PENGIRIMAN DAN PENERIMAAN,3084000,3084000
KAB. MANDAILING NATAL,RUMAH SAKIT UMUM DAERAH PANYABUNGAN - 1.02.0.00.0.00.02.0001,9969633,51459105,2024,E-Katalog 5.0,BLUD,PT. STANDARD BIOSENSOR HEALTHCARE,E-Purchasing,Pengadaan Barang,Dengue NS1 Ag Test,MELAKUKAN PENGIRIMAN DAN PENERIMAAN,15300000,15300000
KAB. MANDAILING NATAL,DINAS PEKERJAAN UMUM DAN PENATAAN RUANG - 1.03.0.00.0.00.03.0000,10575388,52657826,2024,E-Katalog 5.0,APBD,PT. RONA NAMORA,E-Purchasing,Pengadaan Barang,Timbunan Pilihan dari sumber galian,PAKET SELESAI,15523700,15523700
KAB. MANDAILING NATAL,RUMAH SAKIT UMUM DAERAH PANYABUNGAN - 1.02.0.00.0.00.02.0001,9345162,51459102,2024,E-Katalog 5.0,BLUD,PT. IFARS PHARMACEUTICAL LABORATORIES,E-Purchasing,Pengadaan Barang,Nistatin/Nystatin  suspensi 100.000 IU/mL,MELAKUKAN PENGIRIMAN DAN PENERIMAAN,1354200,1354200
KAB. MANDAILING NATAL,DINAS KESEHATAN - 1.02.0.00.0.00.02.0000,10023277,51356108,2024,E-Katalog 5.0,APBD,PT. PHARMA LABORATORIES,E-Purchasing,Pengadaan Barang,Amoksisilin/Amoxicillin/Amoxicillin trihydrate 100 mg/mL drops/ sirup kering,PROSES KONTRAK PPK,20595000,20595000
KAB. MANDAILING NATAL,DINAS PENDIDIKAN DAN KEBUDAYAAN - 1.01.2.22.0.00.01.0000,3965373,50634740,2024,Non Tender,APBD,CV. SETYA SARI SUKSES,Pengadaan Langsung,Pekerjaan Konstruksi,PEMBANGUNAN RUANG UKS BESERTA PERABOTNYA (DAK)  SMP MUHAMMADIYAH 31 PANYABUNGAN,SELESAI,143000000,143000000
KAB. MANDAILING NATAL,DINAS PENDIDIKAN DAN KEBUDAYAAN - 1.01.2.22.0.00.01.0000,10898187,53328228,2024,E-Katalog 5.0,APBD,CV. IKHWAN FIRDAUS,E-Purchasing,Pengadaan Barang,Pensil (2B),MELAKUKAN PENGIRIMAN DAN PENERIMAAN,27000000,27000000
KAB. MANDAILING NATAL,RUMAH SAKIT UMUM DAERAH PANYABUNGAN - 1.02.0.00.0.00.02.0001,9516197,51411949,2024,E-Katalog 5.0,APBD,GE OPERATIONS INDONESIA,E-Purchasing,Pengadaan Barang,GE Case dengan GE T2100-ST2 Treadmill,MELAKUKAN PENGIRIMAN DAN PENERIMAAN,500218428,0
KAB. MANDAILING NATAL,DINAS PENDIDIKAN DAN KEBUDAYAAN - 1.01.2.22.0.00.01.0000,9363952,50634942,2024,E-Katalog 5.0,APBD,PT. Trisolah Suvarna Indonesia,E-Purchasing,Pengadaan Barang,Screen Projector Tripod 84inch,MELAKUKAN PENGIRIMAN DAN PENERIMAAN,1600000,1600000
KAB. MANDAILING NATAL,DINAS PEKERJAAN UMUM DAN PENATAAN RUANG - 1.03.0.00.0.00.03.0000,8976735,49523770,2024,E-Katalog 5.0,APBD,PT. DALIHAN NATOLU GROUP,E-Purchasing,Pengadaan Barang,Pasangan batu dengan mortar,PAKET SELESAI,156236000,156236000
KAB. MANDAILING NATAL,DINAS PENDIDIKAN DAN KEBUDAYAAN - 1.01.2.22.0.00.01.0000,2982373,50635206,2024,Tender,APBD,CV. CENTRAL GRAFIKA PRINT,Tender,Pekerjaan Konstruksi,PEMBANGUNAN RUANG GURU BESERTA PERABOTNYA (DAK)  SD NEGERI 119 PANCINARAN,SELESAI,209674874,209674874
KAB. MANDAILING NATAL,DINAS PENDIDIKAN DAN KEBUDAYAAN - 1.01.2.22.0.00.01.0000,9640247,51943816,2024,E-Katalog 5.0,APBD,PT CITTA BISNIS SELARAS,E-Purchasing,Pengadaan Barang,Lemari Kantor,MELAKUKAN PENGIRIMAN DAN PENERIMAAN,85680000,85680000
KAB. MANDAILING NATAL,DINAS PEKERJAAN UMUM DAN PENATAAN RUANG - 1.03.0.00.0.00.03.0000,5156373,52698968,2024,Non Tender,APBD,CV. TAMIRUL FALAH,Pengadaan Langsung,Pekerjaan Konstruksi,Pembangunan IPAL Komunal di Masjid Taqwa Muhammadiah Desa Huta Godang Muda Kecamatan Siabu,SELESAI,99489840,99489840
KAB. MANDAILING NATAL,DINAS KESEHATAN - 1.02.0.00.0.00.02.0000,11227350,51356108,2024,E-Katalog 5.0,APBD,PT. SATORIA ANEKA INDUSTRI,E-Purchasing,Pengadaan Barang,"Ringer Laktat/Ringer Lactate, @500 mL",MELAKUKAN PENGIRIMAN DAN PENERIMAAN,14106680,14106680
KAB. MANDAILING NATAL,DINAS PERTANIAN - 3.27.0.00.0.00.22.0000,3882373,49694615,2024,Non Tender,APBD,CV. AULIA RIZKI PRATAMA,Pengadaan Langsung,Pekerjaan Konstruksi,"Pembangunan, Rehabilitasi dan Pemeliharaan Balai Penyuluh di Kecamatan serta Sarana Pendukungnya",SELESAI,119673365,119673365
KAB. MANDAILING NATAL,RUMAH SAKIT UMUM DAERAH PANYABUNGAN - 1.02.0.00.0.00.02.0001,11218016,53529595,2024,E-Katalog 5.0,BLUD,PT.Elsyahfi Calibratech Mandiri,E-Purchasing,Pengadaan Barang,Pengujian dan Kalibrasi X -Ray,MELAKUKAN PENGIRIMAN DAN PENERIMAAN,2643000,2643000
KAB. MANDAILING NATAL,DINAS PEKERJAAN UMUM DAN PENATAAN RUANG - 1.03.0.00.0.00.03.0000,8976735,49523770,2024,E-Katalog 5.0,APBD,PT. DALIHAN NATOLU GROUP,E-Purchasing,Pengadaan Barang,Galian Biasa,PAKET SELESAI,710000240,710000240
KAB. MANDAILING NATAL,RUMAH SAKIT UMUM DAERAH PANYABUNGAN - 1.02.0.00.0.00.02.0001,9052108,51459104,2024,E-Katalog 5.0,BLUD,Andreas Karya Terbesar,E-Purchasing,Pengadaan Barang,"HOLLOW FIBER DYALIZER 15 H, VITALCARE",MELAKUKAN PENGIRIMAN DAN PENERIMAAN,61771500,61771500
KAB. MANDAILING NATAL,DINAS PENANAMAN MODAL DAN PELAYANAN TERPADU SATU PINTU - 2.18.0.00.0.00.17.0000,4105373,52099246,2024,Non Tender,APBD,PT. MARGA BHUANA JAYA CONSULTANT,Pengadaan Langsung,Jasa Konsultansi Badan Usaha Non Konstruksi,Belanja Jasa Tenaga Ahli,SELESAI,64855500,64855500
KAB. MANDAILING NATAL,DINAS PENDIDIKAN DAN KEBUDAYAAN - 1.01.2.22.0.00.01.0000,3840373,50635866,2024,Non Tender,APBD,CV. MAYSAH PERMATA,Pengadaan Langsung,Jasa Konsultansi Badan Usaha Konstruksi,JASA KONSULTAN PERENCANAAN PEMBANGUNAN RKB BESERTA PERABOTNYA (DAK),SELESAI,99456000,99456000
KAB. MANDAILING NATAL,DINAS PEKERJAAN UMUM DAN PENATAAN RUANG - 1.03.0.00.0.00.03.0000,2943373,49523017,2024,Tender,APBD,CV. EMESI NATAMA CONSULTANT,Seleksi,Jasa Konsultansi Badan Usaha Konstruksi,Penyusunan Dokumen Perencanaan Kegiatan Bidang Bina Marga TA. 2025,SELESAI,295931550,295931550
KAB. MANDAILING NATAL,RUMAH SAKIT UMUM DAERAH PANYABUNGAN - 1.02.0.00.0.00.02.0001,4106373,51411543,2024,Non Tender,BLUD,CV. RENDER CONSULTANT,Pengadaan Langsung,Jasa Konsultansi Badan Usaha Konstruksi,Review Gedung Rawat Jalan dan Administrasi pada RSUD Panyabungan di Panatapan,SELESAI,99733500,99733500
KAB. MANDAILING NATAL,RUMAH SAKIT UMUM DAERAH PANYABUNGAN - 1.02.0.00.0.00.02.0001,10326215,51459102,2024,E-Katalog 5.0,BLUD,PT. Interbat,E-Purchasing,Pengadaan Barang,Tramadol Injeksi 50 mg/ml,MELAKUKAN PENGIRIMAN DAN PENERIMAAN,1500000,1500000
KAB. MANDAILING NATAL,RUMAH SAKIT UMUM DAERAH PANYABUNGAN - 1.02.0.00.0.00.02.0001,9660181,51459102,2024,E-Katalog 5.0,BLUD,PT Otsuka Indonesia,E-Purchasing,Pengadaan Barang,"Larutan mengandung Karbohidrat + Elektrolit (Glukosa: 55.0 g; NaCl: 2.25 g) Otsu D5 1/4NS ,@ 500 mL",MELAKUKAN PENGIRIMAN DAN PENERIMAAN,5140000,5140000
KAB. MANDAILING NATAL,DINAS PENDIDIKAN DAN KEBUDAYAAN - 1.01.2.22.0.00.01.0000,3959373,50635350,2024,Non Tender,APBD,CV. CENTRAL GRAFIKA PRINT,Pengadaan Langsung,Pekerjaan Konstruksi,PEMBANGUNAN RUANG UKS BESERTA PERABOTNYA (DAK) SD NEGERI 340 BATUSONDAT,SELESAI,151462425,151462425
KAB. MANDAILING NATAL,DINAS PEKERJAAN UMUM DAN PENATAAN RUANG - 1.03.0.00.0.00.03.0000,3998373,49550315,2024,Non Tender,APBD,CV. TAMIRUL FALAH,Pengadaan Langsung,Pekerjaan Konstruksi,Perluasan SPAM Jaringan Perpipaan di Desa Aek Mata Kec. Panyabungan,SELESAI,199803579,199803579
KAB. MANDAILING NATAL,DINAS PENDIDIKAN DAN KEBUDAYAAN - 1.01.2.22.0.00.01.0000,4007373,50635540,2024,Non Tender,APBD,PT. KURNIA MADINA PERSADA,Pengadaan Langsung,Pekerjaan Konstruksi,PEMBANGUNAN PAGAR SD NEGERI 116 PERCONTOHAN KOMPLEK STAIM PANYABUNGAN,SELESAI,99500001,99500001
KAB. MANDAILING NATAL,RUMAH SAKIT UMUM DAERAH DR. HUSNI THAMRIN - 1.02.0.00.0.00.02.0002,9626197,51354258,2024,E-Katalog 5.0,APBD,PT. TRIMEDIK SURYA SELARAS,E-Purchasing,Pengadaan Barang,COMEN Neonatal Ventilator type NV9 (Standard),MELAKUKAN PENGIRIMAN DAN PENERIMAAN,253000000,0
KAB. MANDAILING NATAL,DINAS PEKERJAAN UMUM DAN PENATAAN RUANG - 1.03.0.00.0.00.03.0000,4119373,52657877,2024,Non Tender,APBD,CV. YATRAINDO CONSULTANT,Pengadaan Langsung,Jasa Konsultansi Badan Usaha Non Konstruksi,Survei Kondisi Jalan Metode PKRMS (Provincial and Kabupaten Road Management System),SELESAI,49800000,49800000
KAB. MANDAILING NATAL,DINAS PEKERJAAN UMUM DAN PENATAAN RUANG - 1.03.0.00.0.00.03.0000,8976735,49523770,2024,E-Katalog 5.0,APBD,PT. DALIHAN NATOLU GROUP,E-Purchasing,Pengadaan Barang,Penyiapan Badan Jalan,PAKET SELESAI,51690000,51690000
KAB. MANDAILING NATAL,DINAS KESEHATAN - 1.02.0.00.0.00.02.0000,10101642,51356108,2024,E-Katalog 5.0,APBD,PT. NOVELL PHARMACEUTICAL LABORATORIES,E-Purchasing,Pengadaan Barang,Levothyroxine Sodium/ Levotiroksin tablet 100 mcg,PROSES KONTRAK PPK,872100,872100
KAB. MANDAILING NATAL,RUMAH SAKIT UMUM DAERAH PANYABUNGAN - 1.02.0.00.0.00.02.0001,10392169,51459102,2024,E-Katalog 5.0,BLUD,P.T. Dexa Medica,E-Purchasing,Pengadaan Barang,Asam ursodeoksikolat kaps 250 mg,MELAKUKAN PENGIRIMAN DAN PENERIMAAN,2338500,2338500
KAB. MANDAILING NATAL,RUMAH SAKIT UMUM DAERAH PANYABUNGAN - 1.02.0.00.0.00.02.0001,10692655,51459102,2024,E-Katalog 5.0,BLUD,PT AstraZeneca Indonesia,E-Purchasing,Pengadaan Barang,"Kombinasi KDT/FDC setiap dosis mengandung Budesonid 160 mcg/Formoterol 4,5 mcg Ih 120 dosis, Turbuhaler",MELAKUKAN PENGIRIMAN DAN PENERIMAAN,16684000,0
KAB. MANDAILING NATAL,RUMAH SAKIT UMUM DAERAH PANYABUNGAN - 1.02.0.00.0.00.02.0001,10463344,51459102,2024,E-Katalog 5.0,BLUD,PT Ikapharmindo Putramas Tbk,E-Purchasing,Pengadaan Barang,Fenitoin kaps 100 mg,MELAKUKAN PENGIRIMAN DAN PENERIMAAN,1940000,1940000
KAB. MANDAILING NATAL,DINAS PENDIDIKAN DAN KEBUDAYAAN - 1.01.2.22.0.00.01.0000,4037373,50635365,2024,Non Tender,APBD,CV. KREATIFITAS CEMERLANG,Pengadaan Langsung,Pekerjaan Konstruksi,PEMBANGUNAN RUANG UKS BESERTA PERABOTNYA (DAK) SD NEGERI 287 TAPUS,SELESAI,152000007,152000007
KAB. MANDAILING NATAL,RUMAH SAKIT UMUM DAERAH PANYABUNGAN - 1.02.0.00.0.00.02.0001,9345726,51459102,2024,E-Katalog 5.0,BLUD,PT. Amarox Pharma Global,E-Purchasing,Pengadaan Barang,Sitagliptin Tablet salut selaput 100 mg,MELAKUKAN PENGIRIMAN DAN PENERIMAAN,2016000,2016000
KAB. MANDAILING NATAL,DINAS PEKERJAAN UMUM DAN PENATAAN RUANG - 1.03.0.00.0.00.03.0000,4096373,49608029,2024,Non Tender,APBD,CV. RRH CONSULTANT,Pengadaan Langsung,Jasa Konsultansi Badan Usaha Konstruksi,Perencanaan Pembangunan dan Rehabilitasi Sistem Drainase Lingkungan,SELESAI,48672390,48672390
KAB. MANDAILING NATAL,DINAS TENAGA KERJA - 2.07.3.29.3.32.08.0000,5150373,50824768,2024,Non Tender,APBD,cv. bugis nauli,Pengadaan Langsung,Pengadaan Barang,Belanja Barang untuk Dijual/Diserahkan kepada Masyarakat,SELESAI,72100000,0
KAB. MANDAILING NATAL,RUMAH SAKIT UMUM DAERAH PANYABUNGAN - 1.02.0.00.0.00.02.0001,9997229,51459106,2024,E-Katalog 5.0,BLUD,PT. ESSITY HYGIENE AND HEALTH INDONESIA,E-Purchasing,Pengadaan Barang,LEUKOPLAST FIXOMULL Stretch 10cm x 5m,MELAKUKAN PENGIRIMAN DAN PENERIMAAN,13375000,13375000
KAB. MANDAILING NATAL,RUMAH SAKIT UMUM DAERAH PANYABUNGAN - 1.02.0.00.0.00.02.0001,9345162,51459102,2024,E-Katalog 5.0,BLUD,PT. IFARS PHARMACEUTICAL LABORATORIES,E-Purchasing,Pengadaan Barang,Loperamid tablet/kapsul/kaplet 2 mg,MELAKUKAN PENGIRIMAN DAN PENERIMAAN,405000,405000
KAB. MANDAILING NATAL,DINAS PENDIDIKAN DAN KEBUDAYAAN - 1.01.2.22.0.00.01.0000,3009373,50635553,2024,Tender,APBD,CV. AMANDA BERKAH GROUP,Tender,Pekerjaan Konstruksi,PEMBANGUNAN RUANG LABORATORIUM KOMPUTER BESERTA PERABOTNYA (DAK) SD NEGERI 350 BATAHAN I,SELESAI,240452058,240452058
KAB. MANDAILING NATAL,DINAS PEKERJAAN UMUM DAN PENATAAN RUANG - 1.03.0.00.0.00.03.0000,4129373,52659442,2024,Non Tender,APBD,CV. KREATIFITAS CEMERLANG,Pengadaan Langsung,Pekerjaan Konstruksi,Normalisasi Sungai Batang Bangko,SELESAI,199500000,199500000
KAB. MANDAILING NATAL,RUMAH SAKIT UMUM DAERAH PANYABUNGAN - 1.02.0.00.0.00.02.0001,9097292,51459102,2024,E-Katalog 5.0,BLUD,PT.Bernofarm,E-Purchasing,Pengadaan Barang,Azitromisin/Azithromycin dihydrate tablet salut selaput/kaplet salut selaput 500 mg,MELAKUKAN PENGIRIMAN DAN PENERIMAAN,8850000,8850000
KAB. MANDAILING NATAL,RUMAH SAKIT UMUM DAERAH PANYABUNGAN - 1.02.0.00.0.00.02.0001,9328176,51459106,2024,E-Katalog 5.0,BLUD,PT. Likuid Pharmalab Indonesia,E-Purchasing,Pengadaan Barang,BAYMED PLUS Detergent Desinfectant Spray 750 ml,MELAKUKAN PENGIRIMAN DAN PENERIMAAN,603480,603480
KAB. MANDAILING NATAL,RUMAH SAKIT UMUM DAERAH DR. HUSNI THAMRIN - 1.02.0.00.0.00.02.0002,9118508,51354256,2024,E-Katalog 5.0,APBD,PT Triputra Techno Med,E-Purchasing,Pengadaan Barang,PIXONIC REVO Q COLOR DOPPLER DIAGNOSTIC ULTRASOUND SYSTEM - 3 PROBE 3D4D OBGYN WITH VOLUMETRIC TV,MELAKUKAN PENGIRIMAN DAN PENERIMAAN,528000000,528000000
KAB. MANDAILING NATAL,RUMAH SAKIT UMUM DAERAH PANYABUNGAN - 1.02.0.00.0.00.02.0001,10313919,51459105,2024,E-Katalog 5.0,BLUD,PT INTERSKALA MEDIKA INDONESIA,E-Purchasing,Pengadaan Barang,HIV-1/2 Antibody Rapid Test,MELAKUKAN PENGIRIMAN DAN PENERIMAAN,4790000,4790000
KAB. MANDAILING NATAL,DINAS PENDIDIKAN DAN KEBUDAYAAN - 1.01.2.22.0.00.01.0000,9974996,52150713,2024,E-Katalog 5.0,APBD,CV. KREATIFITAS CEMERLANG,E-Purchasing,Pengadaan Barang,Crayon TK PAUD,MELAKUKAN PENGIRIMAN DAN PENERIMAAN,2050000,2050000
KAB. MANDAILING NATAL,BAGIAN UMUM - 4.01.5.06.0.00.24.0009,3895373,51879861,2024,Non Tender,APBD,CV. BERKAH QYMERA,Pengadaan Langsung,Pengadaan Barang,Belanja Modal Alat Rumah Tangga Lainnya (Home Use) - Videotron Indoor,SELESAI,195804000,195804000
KAB. MANDAILING NATAL,DINAS PERHUBUNGAN - 2.15.0.00.0.00.14.0000,5167373,53326689,2024,Non Tender,APBD,CV. NIAGA BESTARI,Pengadaan Langsung,Pekerjaan Konstruksi,Belanja Modal Rambu Tidak Bersuar,SELESAI,39907864,39907864
KAB. MANDAILING NATAL,DINAS KESEHATAN - 1.02.0.00.0.00.02.0000,9389371,51356107,2024,E-Katalog 5.0,APBD,PT Axion Jaya Alkesindo,E-Purchasing,Pengadaan Barang,Oxygen Nasal Cannula,MELAKUKAN PENGIRIMAN DAN PENERIMAAN,22600000,22600000
KAB. MANDAILING NATAL,RUMAH SAKIT UMUM DAERAH DR. HUSNI THAMRIN - 1.02.0.00.0.00.02.0002,9383069,51354252,2024,E-Katalog 5.0,APBD,PT. INDOMEDIK NIAGA PERKASA,E-Purchasing,Pengadaan Barang,Syringe Pump dengan Docking Station (4 port),MELAKUKAN PENGIRIMAN DAN PENERIMAAN,46500000,46500000
KAB. MANDAILING NATAL,DINAS PEKERJAAN UMUM DAN PENATAAN RUANG - 1.03.0.00.0.00.03.0000,8978133,49523782,2024,E-Katalog 5.0,APBD,PT. GASHABAT SUKSES MANDIRI,E-Purchasing,Pengadaan Barang,MARKA JALAN TERMOPLASTIK,PAKET SELESAI,13131000,13131000
KAB. MANDAILING NATAL,DINAS PENDIDIKAN DAN KEBUDAYAAN - 1.01.2.22.0.00.01.0000,3035373,50634391,2024,Tender,APBD,CV. GARUDA INDONESIA BAROKAH,Tender,Pekerjaan Konstruksi,PEMBANGUNAN RUANG LABORATORIUM ILMU PENGETAHUAN ALAM (IPA) BESERTA PERABOTNYA (DAK) SMP N 3 LINGGABAYU SATU ATAP,SELESAI,449783027,449783027
KAB. MANDAILING NATAL,DINAS PENDIDIKAN DAN KEBUDAYAAN - 1.01.2.22.0.00.01.0000,3015373,50635525,2024,Tender,APBD,"ADHYATAMA, CV",Tender,Pekerjaan Konstruksi,PEMBANGUNAN RUANG LABORATORIUM KOMPUTER BESERTA PERABOTNYA (DAK) SD NEGERI 308 HUTARAJA,SELESAI,238179363,238179363
KAB. MANDAILING NATAL,RUMAH SAKIT UMUM DAERAH PANYABUNGAN - 1.02.0.00.0.00.02.0001,9121757,51459102,2024,E-Katalog 5.0,BLUD,PT. SOHO Industri Pharmasi,E-Purchasing,Pengadaan Barang,CURCUMA FORCE,MELAKUKAN PENGIRIMAN DAN PENERIMAAN,17327200,17327200
KAB. MANDAILING NATAL,RUMAH SAKIT UMUM DAERAH PANYABUNGAN - 1.02.0.00.0.00.02.0001,9922657,51459106,2024,E-Katalog 5.0,BLUD,PT Surgika Alkesindo,E-Purchasing,Pengadaan Barang,Laryngeal Mask Airway 42-3010,MELAKUKAN PENGIRIMAN DAN PENERIMAAN,730800,0
KAB. MANDAILING NATAL,DINAS PEKERJAAN UMUM DAN PENATAAN RUANG - 1.03.0.00.0.00.03.0000,8975338,51021126,2024,E-Katalog 5.0,APBD,PT. RONA NAMORA,E-Purchasing,Pengadaan Barang,"Beton strukur, fc 20 MPa",PAKET SELESAI,960378000,960378000
KAB. MANDAILING NATAL,DINAS PENDIDIKAN DAN KEBUDAYAAN - 1.01.2.22.0.00.01.0000,3030373,50635546,2024,Tender,APBD,cv bona,Tender,Pekerjaan Konstruksi,PEMBANGUNAN RUANG LABORATORIUM KOMPUTER BESERTA PERABOTNYA (DAK) SD NEGERI 287 TAPUS,SELESAI,239054905,239054905
KAB. MANDAILING NATAL,RUMAH SAKIT UMUM DAERAH PANYABUNGAN - 1.02.0.00.0.00.02.0001,10538127,51459102,2024,E-Katalog 5.0,BLUD,PT. NOVELL PHARMACEUTICAL LABORATORIES,E-Purchasing,Pengadaan Barang,"Tamsulosin Tab Lepas Lambat 0,4 mg",MELAKUKAN PENGIRIMAN DAN PENERIMAAN,4495500,4495500
KAB. MANDAILING NATAL,RUMAH SAKIT UMUM DAERAH PANYABUNGAN - 1.02.0.00.0.00.02.0001,9159905,51459106,2024,E-Katalog 5.0,BLUD,PT Medihop,E-Purchasing,Pengadaan Barang,"V16 T-Vio Polyglycolide 1, 90 cm Heavy Round Bodied, 1/2 circle, 48 mm",MELAKUKAN PENGIRIMAN DAN PENERIMAAN,5201460,5201460
KAB. MANDAILING NATAL,RUMAH SAKIT UMUM DAERAH PANYABUNGAN - 1.02.0.00.0.00.02.0001,10141134,51459102,2024,E-Katalog 5.0,BLUD,Andreas Karya Terbesar,E-Purchasing,Pengadaan Barang,VITAL CARE Hollow Fiber Dialyzer 17 (H Series),MELAKUKAN PENGIRIMAN DAN PENERIMAAN,36186000,36186000
KAB. MANDAILING NATAL,RUMAH SAKIT UMUM DAERAH PANYABUNGAN - 1.02.0.00.0.00.02.0001,3851373,51411576,2024,Non Tender,BLUD,CV. Balakosa Consultant,Pengadaan Langsung,Jasa Konsultansi Badan Usaha Konstruksi,Biaya Konsultansi perencanaan Prasarana Listrik,SELESAI,49922250,49922250
KAB. MANDAILING NATAL,DINAS KESEHATAN - 1.02.0.00.0.00.02.0000,10029342,51356109,2024,E-Katalog 5.0,APBD,PT Axion Jaya Alkesindo,E-Purchasing,Pengadaan Barang,Pot Spesimen Dahak,MELAKUKAN PENGIRIMAN DAN PENERIMAAN,15000000,15000000
KAB. MANDAILING NATAL,DINAS PERTANIAN - 3.27.0.00.0.00.22.0000,3795373,51233743,2024,Non Tender,APBD,CV. YATRAINDO CONSULTANT,Pengadaan Langsung,Jasa Konsultansi Badan Usaha Non Konstruksi,Belanja Jasa Konsultan Perencanaan Jalan Usaha Tani (JUT),SELESAI,48974310,48974310
KAB. MANDAILING NATAL,DINAS PEKERJAAN UMUM DAN PENATAAN RUANG - 1.03.0.00.0.00.03.0000,3858373,49526151,2024,Non Tender,APBD,CV. MEDTAN CIPTA UTAMA,Pengadaan Langsung,Jasa Konsultansi Badan Usaha Non Konstruksi,Konsultansi Pemutakhiran Data Teknis Daerah Irigasi melalui e_paksi Wilayah II,SELESAI,99700200,99700200
KAB. MANDAILING NATAL,DINAS KESEHATAN - 1.02.0.00.0.00.02.0000,9579302,51356108,2024,E-Katalog 5.0,APBD,PT. TRIFA RAYA LABORATORIES,E-Purchasing,Pengadaan Barang,AMLODIPINE 5 MG,PROSES KONTRAK PPK,10500000,10500000
KAB. MANDAILING NATAL,DINAS KEPENDUDUKAN DAN PENCATATAN SIPIL - 2.12.0.00.0.00.11.0000,8936316,49512270,2024,E-Katalog 5.0,APBD,PT. TRIKREASINDO MANDIRI SENTOSA,E-Purchasing,Pengadaan Barang,Cleaning Kit for Printer HDP5000/5600,PROSES KONTRAK PPK,7950800,0
KAB. MANDAILING NATAL,DINAS PEKERJAAN UMUM DAN PENATAAN RUANG - 1.03.0.00.0.00.03.0000,3859373,49526150,2024,Non Tender,APBD,3D STATION CONSULTANT,Pengadaan Langsung,Jasa Konsultansi Badan Usaha Non Konstruksi,Konsultansi Pemutakhiran Data Teknis Daerah Irigasi melalui e_paksi Wilayah I dan III,SELESAI,99766800,99766800
KAB. MANDAILING NATAL,DINAS KESEHATAN - 1.02.0.00.0.00.02.0000,10232872,51356108,2024,E-Katalog 5.0,APBD,PT. SATORIA ANEKA INDUSTRI,E-Purchasing,Pengadaan Barang,"Ringer Laktat/Ringer Lactate, @500 mL",MELAKUKAN PENGIRIMAN DAN PENERIMAAN,24856650,24856650
KAB. MANDAILING NATAL,RUMAH SAKIT UMUM DAERAH PANYABUNGAN - 1.02.0.00.0.00.02.0001,9095668,51459102,2024,E-Katalog 5.0,BLUD,PT. Kimia Farma Tbk,E-Purchasing,Pengadaan Barang,Permethrin/ Permetrin Krim 5%,MELAKUKAN PENGIRIMAN DAN PENERIMAAN,648300,648300
KAB. MANDAILING NATAL,RUMAH SAKIT UMUM DAERAH PANYABUNGAN - 1.02.0.00.0.00.02.0001,11218016,53529595,2024,E-Katalog 5.0,BLUD,PT.Elsyahfi Calibratech Mandiri,E-Purchasing,Pengadaan Barang,vJASA PENGUJIAN DAN/ATAU KALIBRASI SYRINGE PUMP,MELAKUKAN PENGIRIMAN DAN PENERIMAAN,8760000,8760000
KAB. MANDAILING NATAL,RUMAH SAKIT UMUM DAERAH PANYABUNGAN - 1.02.0.00.0.00.02.0001,9407988,51411949,2024,E-Katalog 5.0,APBD,PT Triputra Techno Med,E-Purchasing,Pengadaan Barang,PIXONIC REVO Z PREMIUM DIAGNOSTIC ULTRASOUND SYSTEM - SHARED SERVICE RAD+OBGYN 5 PROBES WITH EIZO RADIFORCE RX370,MELAKUKAN PENGIRIMAN DAN PENERIMAAN,3220000000,3220000000
KAB. MANDAILING NATAL,DINAS KESEHATAN - 1.02.0.00.0.00.02.0000,10082510,51356108,2024,E-Katalog 5.0,APBD,PT.Imfarmind Farmasi Industri,E-Purchasing,Pengadaan Barang,ASAM ASKORBAT (VITAMIN C) TABLET/KAPSUL/KAPLET/KAPTAB 250 MG,MELAKUKAN PENGIRIMAN DAN PENERIMAAN,23600000,23600000
KAB. MANDAILING NATAL,DINAS KESEHATAN - 1.02.0.00.0.00.02.0000,10078648,51356108,2024,E-Katalog 5.0,APBD,PT. Mersifarma Tirmaku Mercusana,E-Purchasing,Pengadaan Barang,Karbamazepin tab 200 mg,MELAKUKAN PENGIRIMAN DAN PENERIMAAN,1262000,1262000
KAB. MANDAILING NATAL,DINAS KESEHATAN - 1.02.0.00.0.00.02.0000,10401037,51322684,2024,E-Katalog 5.0,APBD,PT.Elsyahfi Calibratech Mandiri,E-Purchasing,Pengadaan Barang,USG,MELAKUKAN PENGIRIMAN DAN PENERIMAAN,11440000,11440000
KAB. MANDAILING NATAL,RUMAH SAKIT UMUM DAERAH PANYABUNGAN - 1.02.0.00.0.00.02.0001,9335898,51459102,2024,E-Katalog 5.0,BLUD,PT.Bernofarm,E-Purchasing,Pengadaan Barang,Cefadroxil monohydrate/ Cefadroxil/ Sefadroksil sirup kering 250 mg/5ml,MELAKUKAN PENGIRIMAN DAN PENERIMAAN,2559000,2559000
KAB. MANDAILING NATAL,DINAS KESEHATAN - 1.02.0.00.0.00.02.0000,10024265,51356108,2024,E-Katalog 5.0,APBD,PT.Imfarmind Farmasi Industri,E-Purchasing,Pengadaan Barang,IFIDINE (POVIDONE IODINE) 30 ML,PROSES KONTRAK PPK,4500000,4500000
KAB. MANDAILING NATAL,RUMAH SAKIT UMUM DAERAH DR. HUSNI THAMRIN - 1.02.0.00.0.00.02.0002,9522340,51354252,2024,E-Katalog 5.0,APBD,PT. Karunia Indamed Mandiri,E-Purchasing,Pengadaan Barang,Instrument Trolley with Multiple Tray S 11 C,MELAKUKAN PENGIRIMAN DAN PENERIMAAN,19050000,19050000
KAB. MANDAILING NATAL,DINAS PEKERJAAN UMUM DAN PENATAAN RUANG - 1.03.0.00.0.00.03.0000,8946540,49523780,2024,E-Katalog 5.0,APBD,PT. RONA NAMORA,E-Purchasing,Pengadaan Barang,"Beton strukur, fc 20 MPa",PAKET SELESAI,146613800,146613800
KAB. MANDAILING NATAL,RUMAH SAKIT UMUM DAERAH PANYABUNGAN - 1.02.0.00.0.00.02.0001,10928242,51459106,2024,E-Katalog 5.0,BLUD,PT.TOP POINT MEDICAL,E-Purchasing,Pengadaan Barang,TP Disposable Syringe 10ML with Needle,MELAKUKAN PENGIRIMAN DAN PENERIMAAN,2723760,2723760
KAB. MANDAILING NATAL,DINAS PERHUBUNGAN - 2.15.0.00.0.00.14.0000,4083373,49349093,2024,Non Tender,APBD,CV. SINGOLOT MANIKAM PERSADA,Pengadaan Langsung,Pekerjaan Konstruksi,Land Clearing Terminal Panyabungan,SELESAI,199927570,199927570
KAB. MANDAILING NATAL,RUMAH SAKIT UMUM DAERAH PANYABUNGAN - 1.02.0.00.0.00.02.0001,9162989,51459102,2024,E-Katalog 5.0,BLUD,PT. Hexpharm Jaya Laboratories,E-Purchasing,Pengadaan Barang,Asam Mefenamat/Mefenamic acid tablet/kapsul/kaplet/kaptab 500 mg,MELAKUKAN PENGIRIMAN DAN PENERIMAAN,4320000,4320000
KAB. MANDAILING NATAL,DINAS KOPERASI USAHA KECIL DAN MENENGAH - 2.17.0.00.0.00.16.0000,9740794,52005333,2024,E-Katalog 5.0,APBD,CV. TERMINAL PRINT,E-Purchasing,Pengadaan Barang,MESIN STEAM SPRAYER,PROSES KONTRAK PPK,37050000,37050000
KAB. MANDAILING NATAL,DINAS PEKERJAAN UMUM DAN PENATAAN RUANG - 1.03.0.00.0.00.03.0000,2960373,49550209,2024,Tender,APBD,CV. MUTIARA MUTIARA ABADI,Tender,Pekerjaan Konstruksi,Peningkatan SPAM Jaringan Perpipaan di Desa Muara Potan Kec. Kotanopan,SELESAI,977018658,977018658
KAB. MANDAILING NATAL,RUMAH SAKIT UMUM DAERAH PANYABUNGAN - 1.02.0.00.0.00.02.0001,11218016,53529595,2024,E-Katalog 5.0,BLUD,PT.Elsyahfi Calibratech Mandiri,E-Purchasing,Pengadaan Barang,Fetal Doppler / Doppler Fetus Detektor / Doppler Fetal Monitor,MELAKUKAN PENGIRIMAN DAN PENERIMAAN,736000,736000
KAB. MANDAILING NATAL,DINAS KOPERASI USAHA KECIL DAN MENENGAH - 2.17.0.00.0.00.16.0000,9740794,52005333,2024,E-Katalog 5.0,APBD,CV. TERMINAL PRINT,E-Purchasing,Pengadaan Barang,MESIN PEMBUAT EMPING,PROSES KONTRAK PPK,9275000,9275000
KAB. MANDAILING NATAL,DINAS KESEHATAN - 1.02.0.00.0.00.02.0000,9589954,51356108,2024,E-Katalog 5.0,APBD,PT. SATORIA ANEKA INDUSTRI,E-Purchasing,Pengadaan Barang,"Air untuk injeksi, cairan inj 25 mL",MELAKUKAN PENGIRIMAN DAN PENERIMAAN,354600,354600
KAB. MANDAILING NATAL,RUMAH SAKIT UMUM DAERAH PANYABUNGAN - 1.02.0.00.0.00.02.0001,9164083,51459105,2024,E-Katalog 5.0,BLUD,SANSICO NATURA RESOURCES,E-Purchasing,Pengadaan Barang,d3TEKS1 HBsAg Rapid Test Kit,MELAKUKAN PENGIRIMAN DAN PENERIMAAN,7755000,7755000
KAB. MANDAILING NATAL,DINAS PENDIDIKAN DAN KEBUDAYAAN - 1.01.2.22.0.00.01.0000,3042373,50634392,2024,Tender,APBD,CV. Berkah Bersama Pemula,Tender,Pekerjaan Konstruksi,PEMBANGUNAN LABORATORIUM KOMPUTER BESERTA PERABOTNYA (DAK) SMP N 3 LINGGABAYU SATU ATAP,SELESAI,303310159,303310159
KAB. MANDAILING NATAL,DINAS PEKERJAAN UMUM DAN PENATAAN RUANG - 1.03.0.00.0.00.03.0000,5153373,52698969,2024,Non Tender,APBD,Ahend krisna hafizd,Pengadaan Langsung,Jasa Konsultansi Perorangan Konstruksi,Jasa Konsultansi Pengawasan Pembangunan IPAL terpusat Permukiman Sumber Dana AIF 2024,SELESAI,14780000,14780000
KAB. MANDAILING NATAL,RUMAH SAKIT UMUM DAERAH PANYABUNGAN - 1.02.0.00.0.00.02.0001,9280796,51459102,2024,E-Katalog 5.0,BLUD,PT. Merck Tbk,E-Purchasing,Pengadaan Barang,"Bisoprolol tablet/kapsul/kaplet 1,25 mg",MELAKUKAN PENGIRIMAN DAN PENERIMAAN,5072500,5072500
KAB. MANDAILING NATAL,DINAS KESEHATAN - 1.02.0.00.0.00.02.0000,9514804,51356362,2024,E-Katalog 5.0,APBD,PT Medquest Jaya Global,E-Purchasing,Pengadaan Barang,GENEXPERT Xpert MTB/RIF Ultra Assay Kit,MELAKUKAN PENGIRIMAN DAN PENERIMAAN,448749250,0
KAB. MANDAILING NATAL,DINAS PEKERJAAN UMUM DAN PENATAAN RUANG - 1.03.0.00.0.00.03.0000,3797373,49877664,2024,Non Tender,APBD,CV. RENDER CONSULTANT,Pengadaan Langsung,Jasa Konsultansi Badan Usaha Konstruksi,Jasa Konsultansi Perencanaan Program Penataan Bangunan Gedung Kegiatan TA. 2025,SELESAI,99622500,99622500
KAB. MANDAILING NATAL,RUMAH SAKIT UMUM DAERAH PANYABUNGAN - 1.02.0.00.0.00.02.0001,10406335,51459102,2024,E-Katalog 5.0,BLUD,PT. Holi Pharma,E-Purchasing,Pengadaan Barang,Prednison tab 5 mg,MELAKUKAN PENGIRIMAN DAN PENERIMAAN,960000,960000
KAB. MANDAILING NATAL,DINAS KESEHATAN - 1.02.0.00.0.00.02.0000,9533179,51356108,2024,E-Katalog 5.0,APBD,PT.Solas Langgeng Sejahtera,E-Purchasing,Pengadaan Barang,CURBEXVIT KAPSUL,PROSES KONTRAK PPK,18800000,18800000
KAB. MANDAILING NATAL,RUMAH SAKIT UMUM DAERAH PANYABUNGAN - 1.02.0.00.0.00.02.0001,10355084,51459102,2024,E-Katalog 5.0,BLUD,Andreas Karya Terbesar,E-Purchasing,Pengadaan Barang,"BICARBONAT BUBUK HEMODIALYSIS, VITALCARE",MELAKUKAN PENGIRIMAN DAN PENERIMAAN,24142500,24142500
KAB. MANDAILING NATAL,RUMAH SAKIT UMUM DAERAH PANYABUNGAN - 1.02.0.00.0.00.02.0001,9495229,51459102,2024,E-Katalog 5.0,BLUD,P.T. Dexa Medica,E-Purchasing,Pengadaan Barang,"Alprazolam tablet/kapsul/kaplet 0,5 mg",MELAKUKAN PENGIRIMAN DAN PENERIMAAN,3200000,3200000
KAB. MANDAILING NATAL,DINAS PEKERJAAN UMUM DAN PENATAAN RUANG - 1.03.0.00.0.00.03.0000,8975338,51021126,2024,E-Katalog 5.0,APBD,PT. RONA NAMORA,E-Purchasing,Pengadaan Barang,Patok Pengarah,PAKET SELESAI,3929000,3929000
KAB. MANDAILING NATAL,DINAS PEKERJAAN UMUM DAN PENATAAN RUANG - 1.03.0.00.0.00.03.0000,3927373,51780619,2024,Non Tender,APBD,CV. BANGKIT BERSAMA GROUP,Pengadaan Langsung,Pekerjaan Konstruksi,Rehabilitasi Kantor UPT Peralatan Dinas Pekerjaan Umum dan Penataan Ruang,SELESAI,99223000,99223000
KAB. MANDAILING NATAL,DINAS PERTANIAN - 3.27.0.00.0.00.22.0000,8982605,51084374,2024,E-Katalog 5.0,APBD,CV.RIZKI KARYA,E-Purchasing,Pengadaan Barang,Cangkul Bergagang Pertanian,PROSES KONTRAK PPK,92300000,92300000
KAB. MANDAILING NATAL,RUMAH SAKIT UMUM DAERAH PANYABUNGAN - 1.02.0.00.0.00.02.0001,9098725,51459102,2024,E-Katalog 5.0,BLUD,P.T. Dexa Medica,E-Purchasing,Pengadaan Barang,Ondansetron hydrochloride (HCl)/ Ondansetron HCl dihydrate /Ondansetron inj 2 mg/mL,MELAKUKAN PENGIRIMAN DAN PENERIMAAN,13160000,13160000
KAB. MANDAILING NATAL,BADAN PENGELOLAAN KEUANGAN DAN ASET DAERAH - 5.02.0.00.0.00.27.0000,3928373,49351263,2024,Non Tender,APBD,CV. TIARA CIDORAS,Pengadaan Langsung,Pengadaan Barang,Belanja Alat/Bahan untuk Kegiatan Kantor-Alat Tulis Kantor,SELESAI,73637400,73637400
KAB. MANDAILING NATAL,RUMAH SAKIT UMUM DAERAH PANYABUNGAN - 1.02.0.00.0.00.02.0001,11218016,53529595,2024,E-Katalog 5.0,BLUD,PT.Elsyahfi Calibratech Mandiri,E-Purchasing,Pengadaan Barang,Jasa Pengujian dan/atau Kalibrasi Nebulizer / Compressor Nebulizer / Ultrasound Nebulizer,MELAKUKAN PENGIRIMAN DAN PENERIMAAN,3320000,3320000
KAB. MANDAILING NATAL,RUMAH SAKIT UMUM DAERAH PANYABUNGAN - 1.02.0.00.0.00.02.0001,9958999,51459102,2024,E-Katalog 5.0,BLUD,P.T. Dexa Medica,E-Purchasing,Pengadaan Barang,Nicardipine hydrochloride (HCl)/ Nicardipine/ Nikardipin inj 1 mg/mL,MELAKUKAN PENGIRIMAN DAN PENERIMAAN,1404700,1404700
KAB. MANDAILING NATAL,DINAS PEKERJAAN UMUM DAN PENATAAN RUANG - 1.03.0.00.0.00.03.0000,8978133,49523782,2024,E-Katalog 5.0,APBD,PT. GASHABAT SUKSES MANDIRI,E-Purchasing,Pengadaan Barang,PASANGAN BATU DENGAN MORTAR,PAKET SELESAI,33311000,33311000
KAB. MANDAILING NATAL,DINAS KEPENDUDUKAN DAN PENCATATAN SIPIL - 2.12.0.00.0.00.11.0000,4089373,51844720,2024,Non Tender,APBD,MHD AL ANSYARI NASUTION,Pengadaan Langsung,Jasa Konsultansi Perorangan Konstruksi,Belanja Jasa Tenaga Ahli ( Pengawasan ),SELESAI,9990000,9990000
KAB. MANDAILING NATAL,RUMAH SAKIT UMUM DAERAH PANYABUNGAN - 1.02.0.00.0.00.02.0001,9191981,51459102,2024,E-Katalog 5.0,BLUD,PT. Mahakam Beta Farma,E-Purchasing,Pengadaan Barang,"Fentanil/ Fentanyl injeksi 0,05 mg/ml (i.m/i.v) ampul/vial @ 2 mL",MELAKUKAN PENGIRIMAN DAN PENERIMAAN,11309600,11309600
KAB. MANDAILING NATAL,DINAS PEKERJAAN UMUM DAN PENATAAN RUANG - 1.03.0.00.0.00.03.0000,8894384,49523781,2024,E-Katalog 5.0,APBD,DEMBAN SIMPAR JAYA,E-Purchasing,Pengadaan Barang,Lapis Fondasi Agregat Kelas A,PAKET SELESAI,495775500,495775500
KAB. MANDAILING NATAL,DINAS PEKERJAAN UMUM DAN PENATAAN RUANG - 1.03.0.00.0.00.03.0000,4115373,52638794,2024,Non Tender,APBD,cv. bugis nauli,Pengadaan Langsung,Pekerjaan Konstruksi,Rehabilitasi Kantor Imigrasi,SELESAI,99814000,99814000
KAB. MANDAILING NATAL,RUMAH SAKIT UMUM DAERAH PANYABUNGAN - 1.02.0.00.0.00.02.0001,9660181,51459102,2024,E-Katalog 5.0,BLUD,PT Otsuka Indonesia,E-Purchasing,Pengadaan Barang,"Larutan mengandung Karbohidrat + Elektrolit (Glukosa: 55.0 g; NaCl: 4.5 g) , Otsu D5 1/2NS, @ 500 mL",MELAKUKAN PENGIRIMAN DAN PENERIMAAN,5140000,5140000
KAB. MANDAILING NATAL,RUMAH SAKIT UMUM DAERAH PANYABUNGAN - 1.02.0.00.0.00.02.0001,10713746,51459102,2024,E-Katalog 5.0,BLUD,PT.Bernofarm,E-Purchasing,Pengadaan Barang,Ciprofloxacin hydrochloride(HCl)/ Ciprofloxacin Lactate/ Ciprofloxacin/ Siprofloksasin inf 200 mg/100 ml (TD),MELAKUKAN PENGIRIMAN DAN PENERIMAAN,6200000,6200000
KAB. MANDAILING NATAL,DINAS PEKERJAAN UMUM DAN PENATAAN RUANG - 1.03.0.00.0.00.03.0000,5155373,52698970,2024,Non Tender,APBD,PT. KURNIA MADINA PERSADA,Pengadaan Langsung,Pekerjaan Konstruksi,Pembangunan IPAL Komunal di Mesjid Annur Jl. Raja Junjungan Lubis Linkungan III Kelurahan Pidoli Dolok Panyabungan,SELESAI,99496113,99496113
KAB. MANDAILING NATAL,RUMAH SAKIT UMUM DAERAH DR. HUSNI THAMRIN - 1.02.0.00.0.00.02.0002,9794559,51354256,2024,E-Katalog 5.0,APBD,PT. Djuniar & Djuniar,E-Purchasing,Pengadaan Barang,FETAL DOPPLER (OBGYN),MELAKUKAN PENGIRIMAN DAN PENERIMAAN,10000000,10000000
KAB. MANDAILING NATAL,DINAS PENDIDIKAN DAN KEBUDAYAAN - 1.01.2.22.0.00.01.0000,2980373,50635218,2024,Tender,APBD,CV. MUARA INDAH,Tender,Pekerjaan Konstruksi,] PEMBANGUNAN RUANG GURU BESERTA PERABOTNYA (DAK) SD NEGERI 120 HUTABARGOT,SELESAI,243055106,243055106
KAB. MANDAILING NATAL,DINAS PEKERJAAN UMUM DAN PENATAAN RUANG - 1.03.0.00.0.00.03.0000,8894384,49523781,2024,E-Katalog 5.0,APBD,DEMBAN SIMPAR JAYA,E-Purchasing,Pengadaan Barang,Laston Lapis Antara (AC-BC),PAKET SELESAI,1094160000,1094160000
KAB. MANDAILING NATAL,RUMAH SAKIT UMUM DAERAH DR. HUSNI THAMRIN - 1.02.0.00.0.00.02.0002,9620381,51354252,2024,E-Katalog 5.0,APBD,PT. MIMAR CITRA ABADI,E-Purchasing,Pengadaan Barang,Major Surgery Set,MELAKUKAN PENGIRIMAN DAN PENERIMAAN,93900000,93900000
KAB. MANDAILING NATAL,DINAS KESEHATAN - 1.02.0.00.0.00.02.0000,10066812,51356108,2024,E-Katalog 5.0,APBD,PT ACTAVIS INDONESIA,E-Purchasing,Pengadaan Barang,"Diazepam enema 10 mg/2,5mL",PROSES KONTRAK PPK,1986800,1986800
KAB. MANDAILING NATAL,RUMAH SAKIT UMUM DAERAH PANYABUNGAN - 1.02.0.00.0.00.02.0001,9335458,51459102,2024,E-Katalog 5.0,BLUD,PT. Kimia Farma Tbk,E-Purchasing,Pengadaan Barang,"Gliseril trinitrat/ Glyceryl trinitrate kapsul lepas lambat 2,5 mg",MELAKUKAN PENGIRIMAN DAN PENERIMAAN,36420000,36420000
KAB. MANDAILING NATAL,RUMAH SAKIT UMUM DAERAH PANYABUNGAN - 1.02.0.00.0.00.02.0001,9162989,51459102,2024,E-Katalog 5.0,BLUD,PT. Hexpharm Jaya Laboratories,E-Purchasing,Pengadaan Barang,Ciprofloxacin hydrochloride (HCl)/ Ciprofloxacin Lactate/ Ciprofloxacin/ Siprofloksasin tablet/kapsul/kaplet 500 mg,MELAKUKAN PENGIRIMAN DAN PENERIMAAN,2180000,2180000
KAB. MANDAILING NATAL,DINAS PEKERJAAN UMUM DAN PENATAAN RUANG - 1.03.0.00.0.00.03.0000,8978133,49523782,2024,E-Katalog 5.0,APBD,PT. GASHABAT SUKSES MANDIRI,E-Purchasing,Pengadaan Barang,LAPIS FONDASI AGREGAT KELAS A,PAKET SELESAI,138813600,138813600
KAB. MANDAILING NATAL,RUMAH SAKIT UMUM DAERAH PANYABUNGAN - 1.02.0.00.0.00.02.0001,10193421,51459102,2024,E-Katalog 5.0,BLUD,PT. Kimia Farma Tbk,E-Purchasing,Pengadaan Barang,Pethidine hydrochloride/ Petidin inj 50 mg/mL (i.m./i.v.),MELAKUKAN PENGIRIMAN DAN PENERIMAAN,2359000,2359000
KAB. MANDAILING NATAL,DINAS PENDIDIKAN DAN KEBUDAYAAN - 1.01.2.22.0.00.01.0000,3041373,50634388,2024,Tender,APBD,CV. NIAGA BESTARI,Tender,Pekerjaan Konstruksi,PEMBANGUNAN LABORATORIUM KOMPUTER BESERTA PERABOTNYA (DAK)  SMP N 6 PANYABUNGAN,SELESAI,274522390,274522390
KAB. MANDAILING NATAL,RUMAH SAKIT UMUM DAERAH PANYABUNGAN - 1.02.0.00.0.00.02.0001,11218016,53529595,2024,E-Katalog 5.0,BLUD,PT.Elsyahfi Calibratech Mandiri,E-Purchasing,Pengadaan Barang,JASA PENGUJIAN DAN/ATAU KALIBRASI OPERATING TABLE / MEJA OPERASI,MELAKUKAN PENGIRIMAN DAN PENERIMAAN,564000,564000
KAB. MANDAILING NATAL,RUMAH SAKIT UMUM DAERAH PANYABUNGAN - 1.02.0.00.0.00.02.0001,9098725,51459102,2024,E-Katalog 5.0,BLUD,P.T. Dexa Medica,E-Purchasing,Pengadaan Barang,Asam ursodeoksikolat/Ursodeoxycholic acid tablet/kapsul/kaplet 250 mg,MELAKUKAN PENGIRIMAN DAN PENERIMAAN,2925000,2925000
KAB. MANDAILING NATAL,RUMAH SAKIT UMUM DAERAH PANYABUNGAN - 1.02.0.00.0.00.02.0001,9138905,51459102,2024,E-Katalog 5.0,BLUD,PT. Mersifarma Tirmaku Mercusana,E-Purchasing,Pengadaan Barang,Klorpromazin/Chlorpromazine Hydrochloride/ Chlorpromazine tablet/kapsul/kaplet 100 mg,MELAKUKAN PENGIRIMAN DAN PENERIMAAN,157500,157500
KAB. MANDAILING NATAL,DINAS KESEHATAN - 1.02.0.00.0.00.02.0000,10082616,51356108,2024,E-Katalog 5.0,APBD,PT. MARIN LIZA FARMASI,E-Purchasing,Pengadaan Barang,Asam folat/folic acid tablet/kapsul/kaplet 1 mg,PROSES KONTRAK PPK,9750000,9750000
KAB. MANDAILING NATAL,DINAS PERTANIAN - 3.27.0.00.0.00.22.0000,3921373,49587926,2024,Non Tender,APBD,CV. ANUGRAH ALAM MANDIRI,Pengadaan Langsung,Pekerjaan Konstruksi,Pembangunan/Rehabilitasi Jalan Usaha Tani/Jalan Produksi Desa Pintu Padang Julu Kec. Siabu,SELESAI,101361001,101361001
KAB. MANDAILING NATAL,DINAS KESEHATAN - 1.02.0.00.0.00.02.0000,10101916,51356108,2024,E-Katalog 5.0,APBD,PT. Mahakam Beta Farma,E-Purchasing,Pengadaan Barang,VENTASAL Salbutamol 1 MG/ML INH 10S,PROSES KONTRAK PPK,2331000,2331000
KAB. MANDAILING NATAL,DINAS PEKERJAAN UMUM DAN PENATAAN RUANG - 1.03.0.00.0.00.03.0000,8978133,49523782,2024,E-Katalog 5.0,APBD,PT. GASHABAT SUKSES MANDIRI,E-Purchasing,Pengadaan Barang,PASANGAN BATU,PAKET SELESAI,46276000,46276000
KAB. MANDAILING NATAL,DINAS PENGENDALIAN PENDUDUK DAN KELUARGA BERENCANA - 2.14.0.00.0.00.13.0000,10023559,52180086,2024,E-Katalog 5.0,APBD,PT. Mahkota Amelia Mandiri,E-Purchasing,Pengadaan Barang,BKB KIT STUNTING 2024,PROSES KONTRAK PPK,281880000,281880000
KAB. MANDAILING NATAL,DINAS KESEHATAN - 1.02.0.00.0.00.02.0000,10028462,51356108,2024,E-Katalog 5.0,APBD,PT KALBE FARMA Tbk,E-Purchasing,Pengadaan Barang,Hidrokortison/ Hydrocortisone krim 1%,PROSES KONTRAK PPK,7600000,7600000
KAB. MANDAILING NATAL,DINAS KESEHATAN - 1.02.0.00.0.00.02.0000,10092320,51356108,2024,E-Katalog 5.0,APBD,P.T. Dexa Medica,E-Purchasing,Pengadaan Barang,Ketorolak/ Ketorolac / Ketorolac trometamol/ Ketorolac tromethamine inj 30 mg/ml (3%),PROSES KONTRAK PPK,1410000,1410000
KAB. MANDAILING NATAL,RUMAH SAKIT UMUM DAERAH PANYABUNGAN - 1.02.0.00.0.00.02.0001,10456871,51459102,2024,E-Katalog 5.0,BLUD,PT.TOP POINT MEDICAL,E-Purchasing,Pengadaan Barang,TP Disposable Syringe 10ML with Needle,MELAKUKAN PENGIRIMAN DAN PENERIMAAN,4085640,4085640
KAB. MANDAILING NATAL,DINAS PERPUSTAKAAN DAN KEARSIPAN - 2.23.2.24.0.00.19.0000,3856373,49591660;49591661;49591662;49591663,2024,Non Tender,APBD,CV. KREASI KENANGA,Pengadaan Langsung,Pengadaan Barang,Belanja Modal Bahan Perpustakaan Tercetak,SELESAI,59700000,0
KAB. MANDAILING NATAL,DINAS PENDIDIKAN DAN KEBUDAYAAN - 1.01.2.22.0.00.01.0000,3024373,50635543,2024,Tender,APBD,CV. PUTRA PRATAMA,Tender,Pekerjaan Konstruksi,PEMBANGUNAN RUANG LABORATORIUM KOMPUTER BESERTA PERABOTNYA (DAK) SD NEGERI 184 HUTATONGA,SELESAI,224000000,224000000
KAB. MANDAILING NATAL,RUMAH SAKIT UMUM DAERAH PANYABUNGAN - 1.02.0.00.0.00.02.0001,9098725,51459102,2024,E-Katalog 5.0,BLUD,P.T. Dexa Medica,E-Purchasing,Pengadaan Barang,N-asetil sistein/ N-acetylcysteine ih 100 mg/mL,MELAKUKAN PENGIRIMAN DAN PENERIMAAN,94760,94760
KAB. MANDAILING NATAL,DINAS PENDIDIKAN DAN KEBUDAYAAN - 1.01.2.22.0.00.01.0000,3037373,50634387,2024,Tender,APBD,CV. PARADISE PARK,Tender,Pekerjaan Konstruksi,PEMBANGUNAN LABORATORIUM KOMPUTER BESERTA PERABOTNYA (DAK) SMP MUHAMMADIYAH 31 PANYABUNGAN,SELESAI,288589574,288589574
KAB. MANDAILING NATAL,DINAS PERDAGANGAN - 3.30.3.31.0.00.23.0000,10010704000,53496315,2024,Non Tender,APBD,CV. ALDRICH PERDANA KARYA,Pengadaan Langsung,Pekerjaan Konstruksi,Rehabilitasi Losd Pasar Laru Kecamatan Tambangan (Sumber Dana Insentif Fiskal) TA. 2024,SELESAI,69190000,69190000
KAB. MANDAILING NATAL,DINAS PEKERJAAN UMUM DAN PENATAAN RUANG - 1.03.0.00.0.00.03.0000,8975338,51021126,2024,E-Katalog 5.0,APBD,PT. RONA NAMORA,E-Purchasing,Pengadaan Barang,Penyiapan Badan Jalan,PAKET SELESAI,18160200,18160200
KAB. MANDAILING NATAL,RUMAH SAKIT UMUM DAERAH PANYABUNGAN - 1.02.0.00.0.00.02.0001,9098725,51459102,2024,E-Katalog 5.0,BLUD,P.T. Dexa Medica,E-Purchasing,Pengadaan Barang,Diclofenac sodium/ Natrium diklofenak tablet salut enterik/kaplet salut enterik 50 mg,MELAKUKAN PENGIRIMAN DAN PENERIMAAN,1550000,1550000
KAB. MANDAILING NATAL,DINAS PEKERJAAN UMUM DAN PENATAAN RUANG - 1.03.0.00.0.00.03.0000,10575388,52657826,2024,E-Katalog 5.0,APBD,PT. RONA NAMORA,E-Purchasing,Pengadaan Barang,Lapis Fondasi Agregat Kelas A,PAKET SELESAI,175731300,175731300
KAB. MANDAILING NATAL,RUMAH SAKIT UMUM DAERAH PANYABUNGAN - 1.02.0.00.0.00.02.0001,10370072,51459102,2024,E-Katalog 5.0,BLUD,PT. Merck Tbk,E-Purchasing,Pengadaan Barang,"Oxymetazoline/ Oksimetazolin tetes hidung 0,025%",MELAKUKAN PENGIRIMAN DAN PENERIMAAN,345000,345000
KAB. MANDAILING NATAL,DINAS KESEHATAN - 1.02.0.00.0.00.02.0000,9589799,51356109,2024,E-Katalog 5.0,APBD,PT.TOP POINT MEDICAL,E-Purchasing,Pengadaan Barang,TP Disposable Syringe 3ML with Needle,MELAKUKAN PENGIRIMAN DAN PENERIMAAN,63920000,63920000
KAB. MANDAILING NATAL,DINAS PENDIDIKAN DAN KEBUDAYAAN - 1.01.2.22.0.00.01.0000,3976373,50635550,2024,Non Tender,APBD,PT. KURNIA MADINA PERSADA,Pengadaan Langsung,Pekerjaan Konstruksi,PEMBANGUNAN PAGAR SDN 397 PADANG LARU,SELESAI,99309517,99309517
KAB. MANDAILING NATAL,RUMAH SAKIT UMUM DAERAH PANYABUNGAN - 1.02.0.00.0.00.02.0001,11218016,53529595,2024,E-Katalog 5.0,BLUD,PT.Elsyahfi Calibratech Mandiri,E-Purchasing,Pengadaan Barang,Jasa Pengujian dan Kalibrasi Dental Panoramic,MELAKUKAN PENGIRIMAN DAN PENERIMAAN,1871000,1871000
KAB. MANDAILING NATAL,DINAS KESEHATAN - 1.02.0.00.0.00.02.0000,10019699,51356108,2024,E-Katalog 5.0,APBD,PT. Duta Kaisar Pharmacy,E-Purchasing,Pengadaan Barang,Ethyl Chloride,MELAKUKAN PENGIRIMAN DAN PENERIMAAN,10150000,10150000
KAB. MANDAILING NATAL,RUMAH SAKIT UMUM DAERAH PANYABUNGAN - 1.02.0.00.0.00.02.0001,9095668,51459102,2024,E-Katalog 5.0,BLUD,PT. Kimia Farma Tbk,E-Purchasing,Pengadaan Barang,Morphine hydrochloride(HCl)/ Morphine/ Morfin tablet/kapsul/kaplet 10 mg,MELAKUKAN PENGIRIMAN DAN PENERIMAAN,1057800,1057800
KAB. MANDAILING NATAL,DINAS KESEHATAN - 1.02.0.00.0.00.02.0000,10029342,51356109,2024,E-Katalog 5.0,APBD,PT Axion Jaya Alkesindo,E-Purchasing,Pengadaan Barang,Bisturi Surgical Blade Size 11,MELAKUKAN PENGIRIMAN DAN PENERIMAAN,10000000,10000000
KAB. MANDAILING NATAL,RUMAH SAKIT UMUM DAERAH PANYABUNGAN - 1.02.0.00.0.00.02.0001,9584343,51830655,2024,E-Katalog 5.0,BLUD,PT.Elsyahfi Calibratech Mandiri,E-Purchasing,Pengadaan Barang,Pemeliharaan dan Perbaikan Digital Radiography  (DR),MELAKUKAN PENGIRIMAN DAN PENERIMAAN,175000000,175000000
KAB. MANDAILING NATAL,DINAS PENDIDIKAN DAN KEBUDAYAAN - 1.01.2.22.0.00.01.0000,10897926,53328247,2024,E-Katalog 5.0,APBD,CV. PARADISE PARK,E-Purchasing,Pengadaan Barang,Kaos Kaki (Putih),MELAKUKAN PENGIRIMAN DAN PENERIMAAN,54000000,54000000
KAB. MANDAILING NATAL,RUMAH SAKIT UMUM DAERAH PANYABUNGAN - 1.02.0.00.0.00.02.0001,10456871,51459102,2024,E-Katalog 5.0,BLUD,PT.TOP POINT MEDICAL,E-Purchasing,Pengadaan Barang,TP Disposable Syringe 1ML with Needle,MELAKUKAN PENGIRIMAN DAN PENERIMAAN,988200,988200
KAB. MANDAILING NATAL,RUMAH SAKIT UMUM DAERAH PANYABUNGAN - 1.02.0.00.0.00.02.0001,9095668,51459102,2024,E-Katalog 5.0,BLUD,PT. Kimia Farma Tbk,E-Purchasing,Pengadaan Barang,"Antihemoroid, kombinasi: bismut subgalat 150 mg + heksaklorofen 2,5 mg + lidokain lidokain 10 mg+ seng oksida 120 mg + sup ad 2 g",MELAKUKAN PENGIRIMAN DAN PENERIMAAN,1706500,1706500
KAB. MANDAILING NATAL,DINAS SOSIAL PEMBERDAYAAN PEREMPUAN DAN PERLINDUNGAN ANAK - 1.06.2.08.0.00.07.0000,10723426,53005075,2024,E-Katalog 5.0,APBD,KENANGA MULTI TRADE,E-Purchasing,Pengadaan Barang,SAJADAH SHOLAT DEWASA,MELAKUKAN PENGIRIMAN DAN PENERIMAAN,76250000,76250000
KAB. MANDAILING NATAL,DINAS PENDIDIKAN DAN KEBUDAYAAN - 1.01.2.22.0.00.01.0000,2981373,50635216,2024,Tender,APBD,cv sinar jaya,Tender,Pekerjaan Konstruksi,PEMBANGUNAN RUANG GURU BESERTA PERABOTNYA (DAK) SD NEGERI 382 SINGKUANG,SELESAI,241957576,241957576
KAB. MANDAILING NATAL,RUMAH SAKIT UMUM DAERAH PANYABUNGAN - 1.02.0.00.0.00.02.0001,11218016,53529595,2024,E-Katalog 5.0,BLUD,PT.Elsyahfi Calibratech Mandiri,E-Purchasing,Pengadaan Barang,Baby Incubator / Infant Incubator / Incubator Bayi,MELAKUKAN PENGIRIMAN DAN PENERIMAAN,4698000,4698000
KAB. MANDAILING NATAL,RUMAH SAKIT UMUM DAERAH PANYABUNGAN - 1.02.0.00.0.00.02.0001,10761518,51459102,2024,E-Katalog 5.0,BLUD,PT. Kimia Farma Tbk,E-Purchasing,Pengadaan Barang,Morfin Injeksi 10 mg/ml (i.m/s.k/ i.v),MELAKUKAN PENGIRIMAN DAN PENERIMAAN,1718000,1718000
KAB. MANDAILING NATAL,DINAS KEPENDUDUKAN DAN PENCATATAN SIPIL - 2.12.0.00.0.00.11.0000,9930608,49512269,2024,E-Katalog 5.0,APBD,Mitra Tech Sejahtera,E-Purchasing,Pengadaan Barang,PAKET SISTEM ANTRIAN KIOSK 12 CLIENT,PROSES KONTRAK PPK,141000000,141000000
KAB. MANDAILING NATAL,RUMAH SAKIT UMUM DAERAH PANYABUNGAN - 1.02.0.00.0.00.02.0001,10624500,51459105,2024,E-Katalog 5.0,BLUD,PT. PHC Sales Indonesia,E-Purchasing,Pengadaan Barang,Plus Strip Uji Glukosa Darah (Blood Glucose Test Strip),MELAKUKAN PENGIRIMAN DAN PENERIMAAN,25641000,25641000
KAB. MANDAILING NATAL,RUMAH SAKIT UMUM DAERAH PANYABUNGAN - 1.02.0.00.0.00.02.0001,11218016,53529595,2024,E-Katalog 5.0,BLUD,PT.Elsyahfi Calibratech Mandiri,E-Purchasing,Pengadaan Barang,Jasa Pengujian dan/atau Kalibrasi Microscope,MELAKUKAN PENGIRIMAN DAN PENERIMAAN,1636000,1636000
KAB. MANDAILING NATAL,DINAS PERHUBUNGAN - 2.15.0.00.0.00.14.0000,4085373,51712432,2024,Non Tender,APBD,CV. FAMILY ARTA GRAHA MANDIRI,Pengadaan Langsung,Pengadaan Barang,Penataan Penerangan Jalan di Jembatan Aek Pohon Pidoli Dolok,SELESAI,49579260,0
KAB. MANDAILING NATAL,DINAS PERTANIAN - 3.27.0.00.0.00.22.0000,3922373,49587937,2024,Non Tender,APBD,CV. HABIBI PRATAMA,Pengadaan Langsung,Pekerjaan Konstruksi,Pembangunan/Rehabilitasi Jalan Usaha Tani/Jalan Produksi Desa Gunung Tua Julu Kec. Panyabungan,SELESAI,101500049,101500049
KAB. MANDAILING NATAL,DINAS KEPENDUDUKAN DAN PENCATATAN SIPIL - 2.12.0.00.0.00.11.0000,8936316,49512270,2024,E-Katalog 5.0,APBD,PT. TRIKREASINDO MANDIRI SENTOSA,E-Purchasing,Pengadaan Barang,RIBBON COLOR YMCKH HDP5000/5600 E-KTP 075202-056,PROSES KONTRAK PPK,405238000,0
KAB. MANDAILING NATAL,DINAS PENDIDIKAN DAN KEBUDAYAAN - 1.01.2.22.0.00.01.0000,4042373,50635345,2024,Non Tender,APBD,CV. ANUGRAH ALAM MANDIRI,Pengadaan Langsung,Pekerjaan Konstruksi,PEMBANGUNAN RUANG UKS BESERTA PERABOTNYA (DAK) SD NEGERI 393 TAGILANG,SELESAI,152507772,152507772
KAB. MANDAILING NATAL,DINAS PERUMAHAN RAKYAT DAN KAWASAN PERMUKIMAN SERTA PERTANAHAN - 1.04.2.10.0.00.04.0000,5143373,52967995,2024,Non Tender,APBD,CV. CHANTIKA LESTARI,Pengadaan Langsung,Pekerjaan Konstruksi,Pembangunan Jalan Lingkungan di Kelurahan Kayu Jati Kec. Panyabungan (Sumber Dana: Insentif Fiskal TA.2024),SELESAI,155650000,155650000
KAB. MANDAILING NATAL,DINAS PEKERJAAN UMUM DAN PENATAAN RUANG - 1.03.0.00.0.00.03.0000,10575388,52657826,2024,E-Katalog 5.0,APBD,PT. RONA NAMORA,E-Purchasing,Pengadaan Barang,Laston Lapis Aus (AC-WC),PAKET SELESAI,219686500,219686500
KAB. MANDAILING NATAL,DINAS KESEHATAN - 1.02.0.00.0.00.02.0000,9303594,51356109,2024,E-Katalog 5.0,APBD,PT. Efada Medical Industries Indonesia,E-Purchasing,Pengadaan Barang,CHROGUT R2633,MELAKUKAN PENGIRIMAN DAN PENERIMAAN,90000000,90000000
KAB. MANDAILING NATAL,RUMAH SAKIT UMUM DAERAH PANYABUNGAN - 1.02.0.00.0.00.02.0001,11218016,53529595,2024,E-Katalog 5.0,BLUD,PT.Elsyahfi Calibratech Mandiri,E-Purchasing,Pengadaan Barang,JASA PENGUJIAN DAN/ATAU KALIBRASI PULSE OXYMETER / SATUR METER / PULSE OXIMETRI / SATURASI OKSIGEN (BAYI DAN DEWASA),MELAKUKAN PENGIRIMAN DAN PENERIMAAN,1932000,1932000
KAB. MANDAILING NATAL,DINAS PENDIDIKAN DAN KEBUDAYAAN - 1.01.2.22.0.00.01.0000,2998373,50635054,2024,Tender,APBD,cv sinar jaya,Tender,Pekerjaan Konstruksi,PEMBANGUNAN RUANG PERPUSTAKAAN BESERTA PERABOTNYA (DAK) SD NEGERI 350 BATAHAN I,SELESAI,249852786,249852786
KAB. MANDAILING NATAL,DINAS KESEHATAN - 1.02.0.00.0.00.02.0000,10401037,51322684,2024,E-Katalog 5.0,APBD,PT.Elsyahfi Calibratech Mandiri,E-Purchasing,Pengadaan Barang,JASA PENGUJIAN DAN/ATAU KALIBRASI THERMOMETER KLINIK / THERMOMETER RUANGAN / THERMOMETER REFRIGERATOR - ANALOG DAN DIGITAL,MELAKUKAN PENGIRIMAN DAN PENERIMAAN,440000,440000
KAB. MANDAILING NATAL,RUMAH SAKIT UMUM DAERAH PANYABUNGAN - 1.02.0.00.0.00.02.0001,10359194,51459102,2024,E-Katalog 5.0,BLUD,PT. Mersifarma Tirmaku Mercusana,E-Purchasing,Pengadaan Barang,ANTASIDA DOEN SUSPENSI,MELAKUKAN PENGIRIMAN DAN PENERIMAAN,275000,275000
KAB. MANDAILING NATAL,DINAS PENDIDIKAN DAN KEBUDAYAAN - 1.01.2.22.0.00.01.0000,10897926,53328247,2024,E-Katalog 5.0,APBD,CV. PARADISE PARK,E-Purchasing,Pengadaan Barang,Seragam Sekolah (Pramuka Laki-laki),MELAKUKAN PENGIRIMAN DAN PENERIMAAN,24396000,24396000
KAB. MANDAILING NATAL,DINAS PERDAGANGAN - 3.30.3.31.0.00.23.0000,10010706000,53496282,2024,Non Tender,APBD,CV. CENTRAL GRAFIKA PRINT,Pengadaan Langsung,Pekerjaan Konstruksi,Rehabilitasi Losd Pasar Kayu laut Kecamatan Panyabungan Selatan (Sumber Dana Insentif Fiskal) TA. 2024,SELESAI,79089999,79089999
KAB. MANDAILING NATAL,DINAS PENDIDIKAN DAN KEBUDAYAAN - 1.01.2.22.0.00.01.0000,10897926,53328247,2024,E-Katalog 5.0,APBD,CV. PARADISE PARK,E-Purchasing,Pengadaan Barang,Ball Point (Standard),MELAKUKAN PENGIRIMAN DAN PENERIMAAN,33000000,33000000
KAB. MANDAILING NATAL,DINAS PEKERJAAN UMUM DAN PENATAAN RUANG - 1.03.0.00.0.00.03.0000,10574685,52658572,2024,E-Katalog 5.0,APBD,PT. DALIHAN NATOLU GROUP,E-Purchasing,Pengadaan Barang,Bahan anti Pengelupasan,PAKET SELESAI,21211000,21211000
KAB. MANDAILING NATAL,RUMAH SAKIT UMUM DAERAH PANYABUNGAN - 1.02.0.00.0.00.02.0001,9376013,51459102,2024,E-Katalog 5.0,BLUD,PT.TOP POINT MEDICAL,E-Purchasing,Pengadaan Barang,TP Disposable Syringe 5ML with Needle,MELAKUKAN PENGIRIMAN DAN PENERIMAAN,20000000,20000000
KAB. MANDAILING NATAL,DINAS PEMUDA DAN OLAHRAGA - 2.19.0.00.0.00.18.0000,9243448,50855612,2024,E-Katalog 5.0,APBD,CV. PUTRA DOLOK SIHITE,E-Purchasing,Pengadaan Barang,BOLA VOLLY NO. 3,MELAKUKAN PENGIRIMAN DAN PENERIMAAN,39920000,39920000
KAB. MANDAILING NATAL,DINAS PENDIDIKAN DAN KEBUDAYAAN - 1.01.2.22.0.00.01.0000,3001373,50635055,2024,Tender,APBD,"ADHYATAMA, CV",Tender,Pekerjaan Konstruksi,PEMBANGUNAN RUANG PERPUSTAKAAN BESERTA PERABOTNYA (DAK) SD NEGERI 391 SUKARAMAI,SELESAI,250297567,250297567
KAB. MANDAILING NATAL,DINAS PEKERJAAN UMUM DAN PENATAAN RUANG - 1.03.0.00.0.00.03.0000,8894384,49523781,2024,E-Katalog 5.0,APBD,DEMBAN SIMPAR JAYA,E-Purchasing,Pengadaan Barang,Bahan anti pengelupasan,PAKET SELESAI,7423300,7423300
KAB. MANDAILING NATAL,DINAS PENDIDIKAN DAN KEBUDAYAAN - 1.01.2.22.0.00.01.0000,4047373,51951794,2024,Non Tender,APBD,CV. BANGKIT BERSAMA GROUP,Pengadaan Langsung,Pekerjaan Konstruksi,PEMBANGUNAN TOILET (JAMBAN) BESERTA SANITASINYA (DAK) SMP MUHAMMADIYAH 31 PANYABUNGAN,SELESAI,152030543,152030543
KAB. MANDAILING NATAL,DINAS PEKERJAAN UMUM DAN PENATAAN RUANG - 1.03.0.00.0.00.03.0000,4130373,52659220,2024,Non Tender,APBD,CV. PELITA BUANA,Pengadaan Langsung,Jasa Konsultansi Badan Usaha Konstruksi,Konsultansi Perencanaan Kegiatan Pengembangan Dan Pengelolaan Sistem Irigasi Primer dan Sekunder Pada Daerah Irigasi yang Luasnya Di Bawah 1000 Ha Dalam 1 (Satu) Daerah Kabupaten,SELESAI,99800000,99800000
KAB. MANDAILING NATAL,DINAS KESEHATAN - 1.02.0.00.0.00.02.0000,10103116,51356108,2024,E-Katalog 5.0,APBD,PT.Phapros Tbk,E-Purchasing,Pengadaan Barang,Fenobarbital/ Phenobarbital injeksi 50 mg/ml,MELAKUKAN PENGIRIMAN DAN PENERIMAAN,116550,116550
KAB. MANDAILING NATAL,RUMAH SAKIT UMUM DAERAH PANYABUNGAN - 1.02.0.00.0.00.02.0001,9138759,51459102,2024,E-Katalog 5.0,BLUD,PT SANBE FARMA,E-Purchasing,Pengadaan Barang,Larutan Infus mengandung Lipid Emulsi MCT/LCT 20% 100 mL,MELAKUKAN PENGIRIMAN DAN PENERIMAAN,924408,924408
KAB. MANDAILING NATAL,DINAS PERTANIAN - 3.27.0.00.0.00.22.0000,3917373,49545790,2024,Non Tender,APBD,CV. NAMBURAK,Pengadaan Langsung,Pekerjaan Konstruksi,Pembangunan/Rehabilitasi Jaringan Irigasi Desa Laru Lombang Kec. Tambangan,SELESAI,79010999,79010999
KAB. MANDAILING NATAL,DINAS KESEHATAN - 1.02.0.00.0.00.02.0000,9353207,51356109,2024,E-Katalog 5.0,APBD,PT. Setia Anugrah Medika,E-Purchasing,Pengadaan Barang,ARKRAY ARKRAY SPANCLONE ANTI B MONOCLONAL,MELAKUKAN PENGIRIMAN DAN PENERIMAAN,30140000,0
KAB. MANDAILING NATAL,DINAS PEKERJAAN UMUM DAN PENATAAN RUANG - 1.03.0.00.0.00.03.0000,8941316,49523772,2024,E-Katalog 5.0,APBD,DEMBAN SIMPAR JAYA,E-Purchasing,Pengadaan Barang,Timbunan Pilihan dari sumber galian,PAKET SELESAI,1448007258,1448007258
KAB. MANDAILING NATAL,RUMAH SAKIT UMUM DAERAH PANYABUNGAN - 1.02.0.00.0.00.02.0001,9335898,51459102,2024,E-Katalog 5.0,BLUD,PT.Bernofarm,E-Purchasing,Pengadaan Barang,MELOXICAM 15 mg TABLET @ 100,MELAKUKAN PENGIRIMAN DAN PENERIMAAN,1539000,1539000
KAB. MANDAILING NATAL,RUMAH SAKIT UMUM DAERAH PANYABUNGAN - 1.02.0.00.0.00.02.0001,10459245,52645600,2024,E-Katalog 5.0,BLUD,PT. ASTRA INTERNATIONAL TBK,E-Purchasing,Pengadaan Barang,KIJANG INNOVA 2.4 G A/T DSL,PROSES KONTRAK PPK,410100000,410100000
KAB. MANDAILING NATAL,DINAS KETAHANAN PANGAN - 2.09.0.00.0.00.09.0000,3885373,49221597,2024,Non Tender,APBD,PT. KURNIA MADINA PERSADA,Pengadaan Langsung,Pekerjaan Konstruksi,Belanja Modal Bangunan Gedung Kantor,SELESAI,99702013,99702013
KAB. MANDAILING NATAL,DINAS KESEHATAN - 1.02.0.00.0.00.02.0000,9588538,51356108,2024,E-Katalog 5.0,APBD,PT. TRIFA RAYA LABORATORIES,E-Purchasing,Pengadaan Barang,IBUPROFEN 400 MG,MELAKUKAN PENGIRIMAN DAN PENERIMAAN,30900000,30900000
KAB. MANDAILING NATAL,DINAS PERUMAHAN RAKYAT DAN KAWASAN PERMUKIMAN SERTA PERTANAHAN - 1.04.2.10.0.00.04.0000,4061373,52056286,2024,Non Tender,APBD,CV. NIAGA BESTARI,Pengadaan Langsung,Pekerjaan Konstruksi,Pembangunan Jalan Lingkungan Gg. Family Aek Galola Desa Pidoli Lombang,SELESAI,99470945,99470945
KAB. MANDAILING NATAL,DINAS KESEHATAN - 1.02.0.00.0.00.02.0000,10024578,51356108,2024,E-Katalog 5.0,APBD,PT. Kimia Farma Tbk,E-Purchasing,Pengadaan Barang,"Bisoprolol/Bisoprolol Fumarate tablet/kapsul/kaplet 2,5 mg",PROSES KONTRAK PPK,2900000,2900000
KAB. MANDAILING NATAL,DINAS PENDIDIKAN DAN KEBUDAYAAN - 1.01.2.22.0.00.01.0000,2985373,50635207,2024,Tender,APBD,CV. Berkah Bersama Pemula,Tender,Pekerjaan Konstruksi,PEMBANGUNAN RUANG GURU BESERTA PERABOTNYA (DAK) SD NEGERI 129 HUTARIMBARU,SELESAI,242645141,242645141
KAB. MANDAILING NATAL,DINAS PENDIDIKAN DAN KEBUDAYAAN - 1.01.2.22.0.00.01.0000,9752765,52011912,2024,E-Katalog 5.0,APBD,CV. FAMILY ARTA GRAHA MANDIRI,E-Purchasing,Pengadaan Barang,MEJA 1/2 BIRO,MELAKUKAN PENGIRIMAN DAN PENERIMAAN,44800000,44800000
KAB. MANDAILING NATAL,DINAS KESEHATAN - 1.02.0.00.0.00.02.0000,10103002,51356108,2024,E-Katalog 5.0,APBD,PT. Interbat,E-Purchasing,Pengadaan Barang,CEFADROXIL MONOHYDRATE/ CEFADROXIL/ SEFADROKSIL KAPSUL 500 MG,MELAKUKAN PENGIRIMAN DAN PENERIMAAN,28500000,28500000
KAB. MANDAILING NATAL,DINAS PENDIDIKAN DAN KEBUDAYAAN - 1.01.2.22.0.00.01.0000,3933373,50635342,2024,Non Tender,APBD,PT. KURNIA MADINA PERSADA,Pengadaan Langsung,Pekerjaan Konstruksi,PEMBANGUNAN RUANG UKS BESERTA PERABOTNYA (DAK) SD NEGERI 021 SIABU,SELESAI,152703950,152703950
KAB. MANDAILING NATAL,DINAS KESEHATAN - 1.02.0.00.0.00.02.0000,10024578,51356108,2024,E-Katalog 5.0,APBD,PT. Kimia Farma Tbk,E-Purchasing,Pengadaan Barang,"Antihemoroid, kombinasi: bismut subgalat 150 mg + heksaklorofen 2,5 mg + lidokain lidokain 10 mg+ seng oksida 120 mg + sup ad 2 g",PROSES KONTRAK PPK,1023900,1023900
KAB. MANDAILING NATAL,RUMAH SAKIT UMUM DAERAH PANYABUNGAN - 1.02.0.00.0.00.02.0001,9971374,51459102,2024,E-Katalog 5.0,BLUD,PT. Mersifarma Tirmaku Mercusana,E-Purchasing,Pengadaan Barang,Haloperidol inj 5 mg/mL (i.m.),MELAKUKAN PENGIRIMAN DAN PENERIMAAN,235920,235920
KAB. MANDAILING NATAL,BADAN PENANGGULANGAN BENCANA DAERAH - 1.05.0.00.0.00.06.0000,5158373,51036292,2024,Non Tender,APBD,CV. PUTRA PRATAMA,Pengadaan Langsung,Pekerjaan Konstruksi,Rehab Ruang Pusdalop-PB,SELESAI,89500000,89500000
KAB. MANDAILING NATAL,DINAS PENDIDIKAN DAN KEBUDAYAAN - 1.01.2.22.0.00.01.0000,9363952,50634942,2024,E-Katalog 5.0,APBD,PT. Trisolah Suvarna Indonesia,E-Purchasing,Pengadaan Barang,Proyektor VS16909,MELAKUKAN PENGIRIMAN DAN PENERIMAAN,8000000,8000000
KAB. MANDAILING NATAL,RUMAH SAKIT UMUM DAERAH PANYABUNGAN - 1.02.0.00.0.00.02.0001,10069801,51459102,2024,E-Katalog 5.0,BLUD,PT. Mersifarma Tirmaku Mercusana,E-Purchasing,Pengadaan Barang,Alprazolam tab 1 mg,MELAKUKAN PENGIRIMAN DAN PENERIMAAN,576000,576000
KAB. MANDAILING NATAL,DINAS PEKERJAAN UMUM DAN PENATAAN RUANG - 1.03.0.00.0.00.03.0000,3809373,49877663,2024,Non Tender,APBD,CV. RENDER CONSULTANT,Pengadaan Langsung,Jasa Konsultansi Badan Usaha Konstruksi,Jasa Konsultansi Penyusunan Detail Engineering Design Pembangunan Mess Pemda Natal,SELESAI,99289500,99289500
KAB. MANDAILING NATAL,BADAN PENGELOLAAN KEUANGAN DAN ASET DAERAH - 5.02.0.00.0.00.27.0000,3984373,51504058,2024,Non Tender,APBD,CV. KREATIFITAS CEMERLANG,Pengadaan Langsung,Pengadaan Barang,Belanja Alat/Bahan untuk Kegiatan Kantor- Bahan Cetak,SELESAI,194083500,194083500
KAB. MANDAILING NATAL,DINAS PENDIDIKAN DAN KEBUDAYAAN - 1.01.2.22.0.00.01.0000,3023373,50635541,2024,Tender,APBD,CV. ALDRICH PERDANA KARYA,Tender,Pekerjaan Konstruksi,PEMBANGUNAN RUANG LABORATORIUM KOMPUTER BESERTA PERABOTNYA (DAK) SD NEGERI 131 TANJUNG,SELESAI,243545043,243545043
KAB. MANDAILING NATAL,RUMAH SAKIT UMUM DAERAH PANYABUNGAN - 1.02.0.00.0.00.02.0001,9739868,51459104,2024,E-Katalog 5.0,BLUD,Andreas Karya Terbesar,E-Purchasing,Pengadaan Barang,"BLOODLINE TUBING SET HEMODIALISIS, VITALCARE",MELAKUKAN PENGIRIMAN DAN PENERIMAAN,33966000,33966000
KAB. MANDAILING NATAL,DINAS PEKERJAAN UMUM DAN PENATAAN RUANG - 1.03.0.00.0.00.03.0000,8975338,51021126,2024,E-Katalog 5.0,APBD,PT. RONA NAMORA,E-Purchasing,Pengadaan Barang,Pengendalian Tanaman,PAKET SELESAI,57836000,57836000
KAB. MANDAILING NATAL,DINAS KESEHATAN - 1.02.0.00.0.00.02.0000,9464361,51356108,2024,E-Katalog 5.0,APBD,PT.Bernofarm,E-Purchasing,Pengadaan Barang,Chloramphenicol/ Kloramfenikol tablet/kapsul/kaplet 250 mg,MELAKUKAN PENGIRIMAN DAN PENERIMAAN,21780000,21780000
KAB. MANDAILING NATAL,RUMAH SAKIT UMUM DAERAH PANYABUNGAN - 1.02.0.00.0.00.02.0001,9335687,51459102,2024,E-Katalog 5.0,BLUD,P.T. Dexa Medica,E-Purchasing,Pengadaan Barang,Propranolol hydrochloride (HCl)/ Propranolol tablet/kapsul/kaplet 40 mg,MELAKUKAN PENGIRIMAN DAN PENERIMAAN,258000,258000
KAB. MANDAILING NATAL,DINAS KESEHATAN - 1.02.0.00.0.00.02.0000,9329172,51356109,2024,E-Katalog 5.0,APBD,PT MAKMUR JAYA HEALTHINDO,E-Purchasing,Pengadaan Barang,Kapas Pembalut 250 Gram,MELAKUKAN PENGIRIMAN DAN PENERIMAAN,9200000,9200000
KAB. MANDAILING NATAL,DINAS PENDIDIKAN DAN KEBUDAYAAN - 1.01.2.22.0.00.01.0000,4053373,50635522,2024,Non Tender,APBD,PT.REPUBLIC ENGINEERING CONSULTANT,Pengadaan Langsung,Jasa Konsultansi Badan Usaha Konstruksi,JASA KONSULTAN PENGAWASAN PEMBANGUNAN LABORATORIUM KOMPUTER BESERTA PERABOTNYA (DAK),SELESAI,99966600,99966600
KAB. MANDAILING NATAL,DINAS PENDIDIKAN DAN KEBUDAYAAN - 1.01.2.22.0.00.01.0000,9643711,51943842,2024,E-Katalog 5.0,APBD,PT CITTA BISNIS SELARAS,E-Purchasing,Pengadaan Barang,Meja Guru 001,MELAKUKAN PENGIRIMAN DAN PENERIMAAN,41360000,41360000
KAB. MANDAILING NATAL,DINAS PENDIDIKAN DAN KEBUDAYAAN - 1.01.2.22.0.00.01.0000,9422634,51737634,2024,E-Katalog 5.0,APBD,CV Buana Inti Nusantara,E-Purchasing,Pengadaan Barang,PERPUSTAKAAN SD Zona 3,MELAKUKAN PENGIRIMAN DAN PENERIMAAN,392250000,392250000
KAB. MANDAILING NATAL,RUMAH SAKIT UMUM DAERAH PANYABUNGAN - 1.02.0.00.0.00.02.0001,9479242,51411949,2024,E-Katalog 5.0,APBD,PT. MEGA ANDALAN KALASAN,E-Purchasing,Pengadaan Barang,Patient Stretcher MS303,MELAKUKAN PENGIRIMAN DAN PENERIMAAN,74028400,74028400
KAB. MANDAILING NATAL,DINAS PERHUBUNGAN - 2.15.0.00.0.00.14.0000,4112373,52223400,2024,Non Tender,APBD,CV. AULIA RIZKI PRATAMA,Pengadaan Langsung,Pengadaan Barang,Belanja Operasional Pemeliharaan Lampu Penerangan Jalan Umum (Pengadaan Lampu PJU LED 70 Watt),SELESAI,109890000,0
KAB. MANDAILING NATAL,RUMAH SAKIT UMUM DAERAH PANYABUNGAN - 1.02.0.00.0.00.02.0001,10656935,51459104,2024,E-Katalog 5.0,BLUD,Andreas Karya Terbesar,E-Purchasing,Pengadaan Barang,"AV FISTULA HEMODIALISE, VITALCARE",MELAKUKAN PENGIRIMAN DAN PENERIMAAN,4395600,4395600
KAB. MANDAILING NATAL,DINAS KESEHATAN - 1.02.0.00.0.00.02.0000,10031900,51356108,2024,E-Katalog 5.0,APBD,PT Otsuka Indonesia,E-Purchasing,Pengadaan Barang,Magnesium sulfat injeksi 20%  (i.v.) @ 25 mL.,MELAKUKAN PENGIRIMAN DAN PENERIMAAN,1193520,1193520
KAB. MANDAILING NATAL,RUMAH SAKIT UMUM DAERAH PANYABUNGAN - 1.02.0.00.0.00.02.0001,9335898,51459102,2024,E-Katalog 5.0,BLUD,PT.Bernofarm,E-Purchasing,Pengadaan Barang,AMBROXOL HCl 30 mg TABLET,MELAKUKAN PENGIRIMAN DAN PENERIMAAN,1175000,1175000
KAB. MANDAILING NATAL,DINAS PERTANIAN - 3.27.0.00.0.00.22.0000,3873373,49545795,2024,Non Tender,APBD,CV. HANAYA KARYA PERSADA,Pengadaan Langsung,Pekerjaan Konstruksi,Pembangunan/Rehabilitasi Jaringan Irigasi Desa Sibanggor Jae Kec. Puncak Sorik Marapi,SELESAI,79000001,79000001
KAB. MANDAILING NATAL,RUMAH SAKIT UMUM DAERAH PANYABUNGAN - 1.02.0.00.0.00.02.0001,9133754,51459102,2024,E-Katalog 5.0,BLUD,PT Jayamas Medica Industri,E-Purchasing,Pengadaan Barang,Urine Bag,MELAKUKAN PENGIRIMAN DAN PENERIMAAN,2435125,2435125
KAB. MANDAILING NATAL,DINAS PENDIDIKAN DAN KEBUDAYAAN - 1.01.2.22.0.00.01.0000,3993373,50635867,2024,Non Tender,APBD,HQ PRATAMA CONSULTANT,Pengadaan Langsung,Jasa Konsultansi Badan Usaha Konstruksi,JASA KONSULTAN PENGAWASAN PEMBANGUNAN RKB BESERTA PERABOTNYA (DAK),SELESAI,99234000,99234000
KAB. MANDAILING NATAL,DINAS PENDIDIKAN DAN KEBUDAYAAN - 1.01.2.22.0.00.01.0000,9271284,50635754,2024,E-Katalog 5.0,APBD,PT. Trisolah Suvarna Indonesia,E-Purchasing,Pengadaan Barang,Screen Projector Tripod 84inch,MELAKUKAN PENGIRIMAN DAN PENERIMAAN,35860000,35860000
KAB. MANDAILING NATAL,DINAS PENDIDIKAN DAN KEBUDAYAAN - 1.01.2.22.0.00.01.0000,9367699,50634944,2024,E-Katalog 5.0,APBD,PT. GRANDSAINS,E-Purchasing,Pengadaan Barang,Paket Peralatan Pendidikan IPA Biologi,MELAKUKAN PENGIRIMAN DAN PENERIMAAN,219500000,219500000
KAB. MANDAILING NATAL,DINAS PENANAMAN MODAL DAN PELAYANAN TERPADU SATU PINTU - 2.18.0.00.0.00.17.0000,9553024,51662205,2024,E-Katalog 5.0,APBD,CV. NAMBURAK,E-Purchasing,Pengadaan Barang,MEJA RAPAT KANTOR,PROSES KONTRAK PPK,33400000,33400000
KAB. MANDAILING NATAL,RUMAH SAKIT UMUM DAERAH PANYABUNGAN - 1.02.0.00.0.00.02.0001,9417210,51411949,2024,E-Katalog 5.0,APBD,PT. Djuniar & Djuniar,E-Purchasing,Pengadaan Barang,PASIEN MONITOR,MELAKUKAN PENGIRIMAN DAN PENERIMAAN,176350000,176350000
KAB. MANDAILING NATAL,DINAS PENDIDIKAN DAN KEBUDAYAAN - 1.01.2.22.0.00.01.0000,10898187,53328228,2024,E-Katalog 5.0,APBD,CV. IKHWAN FIRDAUS,E-Purchasing,Pengadaan Barang,Sepatu Sekolah,MELAKUKAN PENGIRIMAN DAN PENERIMAAN,48822000,48822000
KAB. MANDAILING NATAL,RUMAH SAKIT UMUM DAERAH PANYABUNGAN - 1.02.0.00.0.00.02.0001,9335687,51459102,2024,E-Katalog 5.0,BLUD,P.T. Dexa Medica,E-Purchasing,Pengadaan Barang,Spironolactone/ Spironolakton tablet/kapsul/kaplet 25 mg,MELAKUKAN PENGIRIMAN DAN PENERIMAAN,5500000,5500000
KAB. MANDAILING NATAL,RUMAH SAKIT UMUM DAERAH PANYABUNGAN - 1.02.0.00.0.00.02.0001,10370320,51459102,2024,E-Katalog 5.0,BLUD,PT. Merck Tbk,E-Purchasing,Pengadaan Barang,"Bisoprolol tab 1,25 mg",MELAKUKAN PENGIRIMAN DAN PENERIMAAN,10145000,10145000
KAB. MANDAILING NATAL,DINAS PEKERJAAN UMUM DAN PENATAAN RUANG - 1.03.0.00.0.00.03.0000,4093373,49523775,2024,Non Tender,APBD,cv sinar jaya,Pengadaan Langsung,Pengadaan Barang,Belanja Modal Personal Computer,SELESAI,68445153,68445153
KAB. MANDAILING NATAL,RUMAH SAKIT UMUM DAERAH PANYABUNGAN - 1.02.0.00.0.00.02.0001,10880143,51459102,2024,E-Katalog 5.0,BLUD,P.T. Dexa Medica,E-Purchasing,Pengadaan Barang,Nifedipin tab 10 mg,MELAKUKAN PENGIRIMAN DAN PENERIMAAN,158000,158000
KAB. MANDAILING NATAL,RUMAH SAKIT UMUM DAERAH PANYABUNGAN - 1.02.0.00.0.00.02.0001,11218016,53529595,2024,E-Katalog 5.0,BLUD,PT.Elsyahfi Calibratech Mandiri,E-Purchasing,Pengadaan Barang,Jasa Pengujian dan Kalibrasi Alat X-Ray Film Viewer,MELAKUKAN PENGIRIMAN DAN PENERIMAAN,1955000,1955000
KAB. MANDAILING NATAL,DINAS PERUMAHAN RAKYAT DAN KAWASAN PERMUKIMAN SERTA PERTANAHAN - 1.04.2.10.0.00.04.0000,3799373,49937000,2024,Non Tender,APBD,CV. SIMETRIS PULUNGINDO UTAMA,Pengadaan Langsung,Jasa Konsultansi Badan Usaha Non Konstruksi,Pembuatan DED PSU Kawasan Kumuh Kecamatan Kotanopan,SELESAI,71500650,71500650
KAB. MANDAILING NATAL,DINAS KESEHATAN - 1.02.0.00.0.00.02.0000,10056257,51356108,2024,E-Katalog 5.0,APBD,PT.Phapros Tbk,E-Purchasing,Pengadaan Barang,Nystatin/ Nistatin vaginal tablet/kaplet 100.000 IU,PROSES KONTRAK PPK,732800,732800
KAB. MANDAILING NATAL,DINAS KESEHATAN - 1.02.0.00.0.00.02.0000,10082790,51356108,2024,E-Katalog 5.0,APBD,PT HARSEN LABORATORIES,E-Purchasing,Pengadaan Barang,Bisakodil/Bisacodyl tablet salut/kaplet salut 5 mg,MELAKUKAN PENGIRIMAN DAN PENERIMAAN,920000,920000
KAB. MANDAILING NATAL,DINAS KESEHATAN - 1.02.0.00.0.00.02.0000,10033197,51356108,2024,E-Katalog 5.0,APBD,PT Ferron Par Pharmaceuticals,E-Purchasing,Pengadaan Barang,"Chloramphenicol/Kloramfenikol tetes mata 0,5%",PROSES KONTRAK PPK,3680000,3680000
KAB. MANDAILING NATAL,DINAS PEKERJAAN UMUM DAN PENATAAN RUANG - 1.03.0.00.0.00.03.0000,8975338,51021126,2024,E-Katalog 5.0,APBD,PT. RONA NAMORA,E-Purchasing,Pengadaan Barang,Timbunan Pilihan dari sumber galian,PAKET SELESAI,686527000,686527000
KAB. MANDAILING NATAL,DINAS PEKERJAAN UMUM DAN PENATAAN RUANG - 1.03.0.00.0.00.03.0000,3810373,49877657,2024,Non Tender,APBD,CV. EFOD DESIGN CONSULTANT,Pengadaan Langsung,Jasa Konsultansi Badan Usaha Konstruksi,Jasa Konsultansi Pengawasan Program Penataan Bangunan Gedung,SELESAI,49839000,49839000
KAB. MANDAILING NATAL,RUMAH SAKIT UMUM DAERAH PANYABUNGAN - 1.02.0.00.0.00.02.0001,10469610,51459102,2024,E-Katalog 5.0,BLUD,PT.Imfarmind Farmasi Industri,E-Purchasing,Pengadaan Barang,Ibuprofen susp 100 mg/5 mL,MELAKUKAN PENGIRIMAN DAN PENERIMAAN,1402200,1402200
KAB. MANDAILING NATAL,DINAS PERUMAHAN RAKYAT DAN KAWASAN PERMUKIMAN SERTA PERTANAHAN - 1.04.2.10.0.00.04.0000,3903373,49936937,2024,Non Tender,APBD,CV. SINGOLOT MANIKAM PERSADA,Pengadaan Langsung,Pekerjaan Konstruksi,Pembangunan Jalan Lingkungan IV Bhakti Nauli Gg. Cahaya Bhakti Kelurahan Panyabungan II,SELESAI,99448423,99448423
KAB. MANDAILING NATAL,BAGIAN KESEJAHTERAAN RAKYAT - 4.01.5.06.0.00.24.0002,9178836,51381295,2024,E-Katalog 5.0,APBD,KENANGA MULTI TRADE,E-Purchasing,Pengadaan Barang,KAIN SARUNG COTTON,MELAKUKAN PENGIRIMAN DAN PENERIMAAN,53105000,53105000
KAB. MANDAILING NATAL,DINAS PENDIDIKAN DAN KEBUDAYAAN - 1.01.2.22.0.00.01.0000,10897926,53328247,2024,E-Katalog 5.0,APBD,CV. PARADISE PARK,E-Purchasing,Pengadaan Barang,Baju Training Olah Raga Anak,MELAKUKAN PENGIRIMAN DAN PENERIMAAN,71868000,71868000
KAB. MANDAILING NATAL,DINAS KESEHATAN - 1.02.0.00.0.00.02.0000,10812452,51356469,2024,E-Katalog 5.0,APBD,CV. TERMINAL PRINT,E-Purchasing,Pengadaan Barang,BUKU PENGELOLAAN POSYANDU,MELAKUKAN PENGIRIMAN DAN PENERIMAAN,17500000,17500000
KAB. MANDAILING NATAL,DINAS PEKERJAAN UMUM DAN PENATAAN RUANG - 1.03.0.00.0.00.03.0000,3796373,49877656,2024,Non Tender,APBD,CV. IKHWAN FIRDAUS,Pengadaan Langsung,Pekerjaan Konstruksi,Lanjutan Pembangunan Markas PMI Panyabungan,SELESAI,198554000,198554000
KAB. MANDAILING NATAL,DINAS PENDIDIKAN DAN KEBUDAYAAN - 1.01.2.22.0.00.01.0000,3974373,50635551,2024,Non Tender,APBD,PT. KURNIA MADINA PERSADA,Pengadaan Langsung,Pekerjaan Konstruksi,PEMBANGUNAN PAGAR SD NEGERI 112 PARBANGUNAN,SELESAI,98799997,98799997
KAB. MANDAILING NATAL,RUMAH SAKIT UMUM DAERAH PANYABUNGAN - 1.02.0.00.0.00.02.0001,9131381,51459102,2024,E-Katalog 5.0,BLUD,PT.Bernofarm,E-Purchasing,Pengadaan Barang,Piracetam 3 G/ 15 ml Inj @ 10,MELAKUKAN PENGIRIMAN DAN PENERIMAAN,1400000,1400000
KAB. MANDAILING NATAL,DINAS PEKERJAAN UMUM DAN PENATAAN RUANG - 1.03.0.00.0.00.03.0000,4113373,49523018,2024,Non Tender,APBD,3D STATION CONSULTANT,Pengadaan Langsung,Jasa Konsultansi Badan Usaha Non Konstruksi,Penyusunan Dokumen Standar Pelayanan Minimal (SPM) Ruas Jalan Kabupaten,SELESAI,99700200,99700200
KAB. MANDAILING NATAL,RUMAH SAKIT UMUM DAERAH PANYABUNGAN - 1.02.0.00.0.00.02.0001,11098807,51459102,2024,E-Katalog 5.0,BLUD,PT. Mersifarma Tirmaku Mercusana,E-Purchasing,Pengadaan Barang,"Alprazolam tab 0,5 mg",MELAKUKAN PENGIRIMAN DAN PENERIMAAN,760000,760000
KAB. MANDAILING NATAL,DINAS PENDIDIKAN DAN KEBUDAYAAN - 1.01.2.22.0.00.01.0000,3029373,50635549,2024,Tender,APBD,"ADHYATAMA, CV",Tender,Pekerjaan Konstruksi,PEMBANGUNAN RUANG LABORATORIUM KOMPUTER BESERTA PERABOTNYA (DAK) SD NEGERI 303 BATANG LOBUNG,SELESAI,238692709,238692709
KAB. MANDAILING NATAL,DINAS PENDIDIKAN DAN KEBUDAYAAN - 1.01.2.22.0.00.01.0000,10898187,53328228,2024,E-Katalog 5.0,APBD,CV. IKHWAN FIRDAUS,E-Purchasing,Pengadaan Barang,Topi SD (Bahan Katun & Mesh),MELAKUKAN PENGIRIMAN DAN PENERIMAAN,21600000,21600000
KAB. MANDAILING NATAL,DINAS PENDIDIKAN DAN KEBUDAYAAN - 1.01.2.22.0.00.01.0000,9271284,50635754,2024,E-Katalog 5.0,APBD,PT. Trisolah Suvarna Indonesia,E-Purchasing,Pengadaan Barang,Merdeka Chromebook C120,MELAKUKAN PENGIRIMAN DAN PENERIMAAN,1930500000,1930500000
KAB. MANDAILING NATAL,DINAS PENDIDIKAN DAN KEBUDAYAAN - 1.01.2.22.0.00.01.0000,9974996,52150713,2024,E-Katalog 5.0,APBD,CV. KREATIFITAS CEMERLANG,E-Purchasing,Pengadaan Barang,PUZZLE HURUF HIJAIAH,MELAKUKAN PENGIRIMAN DAN PENERIMAAN,4100000,4100000
KAB. MANDAILING NATAL,RUMAH SAKIT UMUM DAERAH PANYABUNGAN - 1.02.0.00.0.00.02.0001,2975373,51405354,2024,Tender,APBD,CV. MANGUN CITRA BERSAMA,Tender,Pekerjaan Konstruksi,Pembangunan Ruang Rawat Inap (KRIS),SELESAI,5706614983,5706614983
KAB. MANDAILING NATAL,DINAS KESEHATAN - 1.02.0.00.0.00.02.0000,10056826,51356108,2024,E-Katalog 5.0,APBD,PT. IFARS PHARMACEUTICAL LABORATORIES,E-Purchasing,Pengadaan Barang,Hiosin butilbromida/Hyoscine butylbromide tablet/kapsul/kaplet 10 mg,MELAKUKAN PENGIRIMAN DAN PENERIMAAN,3590000,3590000
KAB. MANDAILING NATAL,DINAS KESEHATAN - 1.02.0.00.0.00.02.0000,10401037,51322684,2024,E-Katalog 5.0,APBD,PT.Elsyahfi Calibratech Mandiri,E-Purchasing,Pengadaan Barang,HEMATOLOGY ANALYZER,MELAKUKAN PENGIRIMAN DAN PENERIMAAN,11725000,11725000
KAB. MANDAILING NATAL,DINAS PERHUBUNGAN - 2.15.0.00.0.00.14.0000,10788045,53092568,2024,E-Katalog 5.0,APBD,PT. Honoris Industry,E-Purchasing,Pengadaan Barang,Street Light HLS-LDL-2D 100 W,PAKET SELESAI,86860000,86860000
KAB. MANDAILING NATAL,DINAS KESEHATAN - 1.02.0.00.0.00.02.0000,10029342,51356109,2024,E-Katalog 5.0,APBD,PT Axion Jaya Alkesindo,E-Purchasing,Pengadaan Barang,Bisturi Surgical Blade Size 10,MELAKUKAN PENGIRIMAN DAN PENERIMAAN,7000000,7000000
KAB. MANDAILING NATAL,DINAS PENDIDIKAN DAN KEBUDAYAAN - 1.01.2.22.0.00.01.0000,9640247,51943816,2024,E-Katalog 5.0,APBD,PT CITTA BISNIS SELARAS,E-Purchasing,Pengadaan Barang,Tempat Sampah Injak,MELAKUKAN PENGIRIMAN DAN PENERIMAAN,6800000,6800000
KAB. MANDAILING NATAL,RUMAH SAKIT UMUM DAERAH PANYABUNGAN - 1.02.0.00.0.00.02.0001,2978373,51667697,2024,Tender,APBD,PT. MARGA BHUANA JAYA,Seleksi,Jasa Konsultansi Badan Usaha Konstruksi,Pembangunan Ruang Rawat Inap (KRIS),SELESAI,198928650,198928650
KAB. MANDAILING NATAL,DINAS KESEHATAN - 1.02.0.00.0.00.02.0000,10024213,51356108,2024,E-Katalog 5.0,APBD,PT. Hexpharm Jaya Laboratories,E-Purchasing,Pengadaan Barang,Metformin tab 500 mg,PROSES KONTRAK PPK,35600000,35600000
KAB. MANDAILING NATAL,DINAS PENDIDIKAN DAN KEBUDAYAAN - 1.01.2.22.0.00.01.0000,9640247,51943816,2024,E-Katalog 5.0,APBD,PT CITTA BISNIS SELARAS,E-Purchasing,Pengadaan Barang,Kursi Meeting Kantor,MELAKUKAN PENGIRIMAN DAN PENERIMAAN,31042000,31042000
KAB. MANDAILING NATAL,RUMAH SAKIT UMUM DAERAH PANYABUNGAN - 1.02.0.00.0.00.02.0001,10444466,51459102,2024,E-Katalog 5.0,BLUD,PT. Hexpharm Jaya Laboratories,E-Purchasing,Pengadaan Barang,Setirizin tab 10 mg,MELAKUKAN PENGIRIMAN DAN PENERIMAAN,760000,760000
KAB. MANDAILING NATAL,DINAS LINGKUNGAN HIDUP - 2.11.0.00.0.00.10.0000,4140373,49859721,2024,Non Tender,APBD,PT PRIMA ENVIRO TEKNIKA,Pengadaan Langsung,Jasa Konsultansi Badan Usaha Non Konstruksi,Kajian Lingkungan Tempat Pembuangan Akhir (TPA) Sampah Panyabungan,SELESAI,99817860,99817860
KAB. MANDAILING NATAL,DINAS KESEHATAN - 1.02.0.00.0.00.02.0000,10082510,51356108,2024,E-Katalog 5.0,APBD,PT.Imfarmind Farmasi Industri,E-Purchasing,Pengadaan Barang,Asam askorbat (vitamin C) tablet/kapsul/kaplet 50 mg,MELAKUKAN PENGIRIMAN DAN PENERIMAAN,10000000,10000000
KAB. MANDAILING NATAL,RUMAH SAKIT UMUM DAERAH PANYABUNGAN - 1.02.0.00.0.00.02.0001,9133754,51459102,2024,E-Katalog 5.0,BLUD,PT Jayamas Medica Industri,E-Purchasing,Pengadaan Barang,MEDIGLOVES Surgical Sterile Gloves PP Size 6,MELAKUKAN PENGIRIMAN DAN PENERIMAAN,1593072,1593072
KAB. MANDAILING NATAL,DINAS PENDIDIKAN DAN KEBUDAYAAN - 1.01.2.22.0.00.01.0000,4050373,50635815,2024,Non Tender,APBD,CV.Tunjung Biru,Pengadaan Langsung,Pekerjaan Konstruksi,REHABILITASI RUANG KELAS SD NEGERI 241 MUARASIPONGI,SELESAI,119000001,119000001
KAB. MANDAILING NATAL,DINAS PEKERJAAN UMUM DAN PENATAAN RUANG - 1.03.0.00.0.00.03.0000,10575388,52657826,2024,E-Katalog 5.0,APBD,PT. RONA NAMORA,E-Purchasing,Pengadaan Barang,Marka Jalan Termoplastik,PAKET SELESAI,13560000,13560000
KAB. MANDAILING NATAL,SEKRETARIAT DPRD - 4.02.0.00.0.00.25.0000,10402128,52363334,2024,E-Katalog 5.0,APBD,CV. SETYA SARI SUKSES,E-Purchasing,Pengadaan Barang,PAPAN NAMA MEJA UKIR DPRD,PROSES KONTRAK PPK,72009000,72009000
KAB. MANDAILING NATAL,DINAS KESEHATAN - 1.02.0.00.0.00.02.0000,9579302,51356108,2024,E-Katalog 5.0,APBD,PT. TRIFA RAYA LABORATORIES,E-Purchasing,Pengadaan Barang,CHLORPHENAMINE MALEATE _CTM 4 MG,PROSES KONTRAK PPK,35000000,35000000
KAB. MANDAILING NATAL,DINAS PENDIDIKAN DAN KEBUDAYAAN - 1.01.2.22.0.00.01.0000,3028373,50635554,2024,Tender,APBD,cv bona,Tender,Pekerjaan Konstruksi,PEMBANGUNAN RUANG LABORATORIUM KOMPUTER BESERTA PERABOTNYA (DAK)  SD NEGERI 353 BATAHAN II,SELESAI,239054905,239054905
KAB. MANDAILING NATAL,DINAS PEKERJAAN UMUM DAN PENATAAN RUANG - 1.03.0.00.0.00.03.0000,8976735,49523770,2024,E-Katalog 5.0,APBD,PT. DALIHAN NATOLU GROUP,E-Purchasing,Pengadaan Barang,Gorong-gorong pipa beton bertulang diameter 50-60 cm,PAKET SELESAI,149584284,149584284
KAB. MANDAILING NATAL,DINAS PERTANIAN - 3.27.0.00.0.00.22.0000,3879373,49587928,2024,Non Tender,APBD,CV. SETYA SARI SUKSES,Pengadaan Langsung,Pekerjaan Konstruksi,Pembangunan/Rehabilitasi Jalan Usaha Tani/Jalan Produksi Desa Mompang Julu Kec. Panyabungan Utara,SELESAI,101364998,101364998
KAB. MANDAILING NATAL,DINAS PEMUDA DAN OLAHRAGA - 2.19.0.00.0.00.18.0000,9243448,50855612,2024,E-Katalog 5.0,APBD,CV. PUTRA DOLOK SIHITE,E-Purchasing,Pengadaan Barang,KUSTUM BOLA VOLLY,MELAKUKAN PENGIRIMAN DAN PENERIMAAN,63300000,63300000
KAB. MANDAILING NATAL,DINAS KESEHATAN - 1.02.0.00.0.00.02.0000,9367877,51356109,2024,E-Katalog 5.0,APBD,PT. Efada Medical Industries Indonesia,E-Purchasing,Pengadaan Barang,SILKPRO C2683,MELAKUKAN PENGIRIMAN DAN PENERIMAAN,69739425,69739425
KAB. MANDAILING NATAL,DINAS PENDIDIKAN DAN KEBUDAYAAN - 1.01.2.22.0.00.01.0000,4035373,50635358,2024,Non Tender,APBD,cv. riski nauli,Pengadaan Langsung,Pekerjaan Konstruksi,PEMBANGUNAN RUANG UKS BESERTA PERABOTNYA (DAK) SD NEGERI 120 HUTABARGOT,SELESAI,150000000,150000000
KAB. MANDAILING NATAL,DINAS PENDIDIKAN DAN KEBUDAYAAN - 1.01.2.22.0.00.01.0000,3013373,50635532,2024,Tender,APBD,CV.RIZKI KARYA,Tender,Pekerjaan Konstruksi,PEMBANGUNAN RUANG LABORATORIUM KOMPUTER BESERTA PERABOTNYA (DAK) SD NEGERI 129 HUTARIMBARU,SELESAI,225194025,225194025
KAB. MANDAILING NATAL,DINAS PERUMAHAN RAKYAT DAN KAWASAN PERMUKIMAN SERTA PERTANAHAN - 1.04.2.10.0.00.04.0000,3853373,49936997,2024,Non Tender,APBD,CV. SIMETRIS PULUNGINDO UTAMA,Pengadaan Langsung,Jasa Konsultansi Badan Usaha Konstruksi,Pengawasan Pembangunan / Peningkatan / Rehabilitasi PSU,SELESAI,49900050,49900050
KAB. MANDAILING NATAL,RUMAH SAKIT UMUM DAERAH PANYABUNGAN - 1.02.0.00.0.00.02.0001,10761685,51459105,2024,E-Katalog 5.0,BLUD,PT Johnson and Johnson Indonesia Two,E-Purchasing,Pengadaan Barang,SURGICEL Fibrillar (1962),MELAKUKAN PENGIRIMAN DAN PENERIMAAN,5217399,0
KAB. MANDAILING NATAL,BAGIAN UMUM - 4.01.5.06.0.00.24.0009,5165373,49059915,2024,Non Tender,APBD,CV. AULIA RIZKI PRATAMA,Pengadaan Langsung,Pekerjaan Konstruksi,Rehab dan Pengecatan di Lingkungan Rumah Dinas Wakil Bupati,SELESAI,99500000,99500000
KAB. MANDAILING NATAL,RUMAH SAKIT UMUM DAERAH PANYABUNGAN - 1.02.0.00.0.00.02.0001,11218016,53529595,2024,E-Katalog 5.0,BLUD,PT.Elsyahfi Calibratech Mandiri,E-Purchasing,Pengadaan Barang,AUTOMATIC PROCESING FILM,MELAKUKAN PENGIRIMAN DAN PENERIMAAN,670000,670000
KAB. MANDAILING NATAL,RUMAH SAKIT UMUM DAERAH PANYABUNGAN - 1.02.0.00.0.00.02.0001,11218016,53529595,2024,E-Katalog 5.0,BLUD,PT.Elsyahfi Calibratech Mandiri,E-Purchasing,Pengadaan Barang,Centrifuge / Hematokrit Centrifuge / Mini Microcentrifuge / Minispin,MELAKUKAN PENGIRIMAN DAN PENERIMAAN,1017000,1017000
KAB. MANDAILING NATAL,DINAS LINGKUNGAN HIDUP - 2.11.0.00.0.00.10.0000,2977373,49755349,2024,Tender,APBD,CV. CAKRAWALA ANGKASA,Tender,Pekerjaan Konstruksi,Penataan Taman Panyabungan,SELESAI,633000000,633000000
KAB. MANDAILING NATAL,RUMAH SAKIT UMUM DAERAH PANYABUNGAN - 1.02.0.00.0.00.02.0001,10880143,51459102,2024,E-Katalog 5.0,BLUD,P.T. Dexa Medica,E-Purchasing,Pengadaan Barang,Kandesartan tab 8 mg,MELAKUKAN PENGIRIMAN DAN PENERIMAAN,1884000,1884000
KAB. MANDAILING NATAL,DINAS PEKERJAAN UMUM DAN PENATAAN RUANG - 1.03.0.00.0.00.03.0000,8976735,49523770,2024,E-Katalog 5.0,APBD,PT. DALIHAN NATOLU GROUP,E-Purchasing,Pengadaan Barang,Timbunan Pilihan dari Sumber Galian,PAKET SELESAI,404950650,404950650
KAB. MANDAILING NATAL,RUMAH SAKIT UMUM DAERAH PANYABUNGAN - 1.02.0.00.0.00.02.0001,9164083,51459105,2024,E-Katalog 5.0,BLUD,SANSICO NATURA RESOURCES,E-Purchasing,Pengadaan Barang,d3TEKS1 HCV Antibody Rapid Test,MELAKUKAN PENGIRIMAN DAN PENERIMAAN,5940000,5940000
KAB. MANDAILING NATAL,DINAS PENDIDIKAN DAN KEBUDAYAAN - 1.01.2.22.0.00.01.0000,9367699,50634944,2024,E-Katalog 5.0,APBD,PT. GRANDSAINS,E-Purchasing,Pengadaan Barang,Peralatan Laboratorium IPA FIsika,MELAKUKAN PENGIRIMAN DAN PENERIMAAN,235500000,235500000
KAB. MANDAILING NATAL,DINAS PERTANIAN - 3.27.0.00.0.00.22.0000,8936311,51193832,2024,E-Katalog 5.0,APBD,CV. AULIA RIZKI PRATAMA,E-Purchasing,Pengadaan Barang,Bibit Kopi Robusta,PROSES KONTRAK PPK,23850000,23850000
KAB. MANDAILING NATAL,RUMAH SAKIT UMUM DAERAH PANYABUNGAN - 1.02.0.00.0.00.02.0001,9367262,51459102,2024,E-Katalog 5.0,BLUD,PT Pratapa Nirmala,E-Purchasing,Pengadaan Barang,Ibuprofen Inj 100 mg/ml,MELAKUKAN PENGIRIMAN DAN PENERIMAAN,905760,905760
KAB. MANDAILING NATAL,DINAS PEKERJAAN UMUM DAN PENATAAN RUANG - 1.03.0.00.0.00.03.0000,8977494,49523783,2024,E-Katalog 5.0,APBD,PT. GASHABAT SUKSES MANDIRI,E-Purchasing,Pengadaan Barang,"BETON STRUKTUR, FC 20 MPa",PAKET SELESAI,695548000,695548000
KAB. MANDAILING NATAL,DINAS KESEHATAN - 1.02.0.00.0.00.02.0000,9588807,51356108,2024,E-Katalog 5.0,APBD,PT.Bernofarm,E-Purchasing,Pengadaan Barang,Paracetamol/ Parasetamol tablet/kapsul/kaplet 500 mg,MELAKUKAN PENGIRIMAN DAN PENERIMAAN,154400000,154400000
KAB. MANDAILING NATAL,DINAS PERUMAHAN RAKYAT DAN KAWASAN PERMUKIMAN SERTA PERTANAHAN - 1.04.2.10.0.00.04.0000,4071373,49936926,2024,Non Tender,APBD,CV. NIAGA BESTARI,Pengadaan Langsung,Pekerjaan Konstruksi,Pembangunan Jalan Lingkungan Desa Aek Garut Kecamatan Siabu,SELESAI,99742287,99742287
KAB. MANDAILING NATAL,RUMAH SAKIT UMUM DAERAH PANYABUNGAN - 1.02.0.00.0.00.02.0001,11256352,51459104,2024,E-Katalog 5.0,BLUD,Andreas Karya Terbesar,E-Purchasing,Pengadaan Barang,"BLOODLINE TUBING SET HEMODIALISIS, VITALCARE",MELAKUKAN PENGIRIMAN DAN PENERIMAAN,21511800,21511800
KAB. MANDAILING NATAL,RUMAH SAKIT UMUM DAERAH PANYABUNGAN - 1.02.0.00.0.00.02.0001,10068886,51459102,2024,E-Katalog 5.0,BLUD,P.T. Dexa Medica,E-Purchasing,Pengadaan Barang,Bisoprolol tab 5 mg,MELAKUKAN PENGIRIMAN DAN PENERIMAAN,330000,330000
KAB. MANDAILING NATAL,DINAS KESEHATAN - 1.02.0.00.0.00.02.0000,10022634,51356108,2024,E-Katalog 5.0,APBD,PT. Interbat,E-Purchasing,Pengadaan Barang,Alopurinol/Allopurinol tablet 300 mg,PROSES KONTRAK PPK,50000000,50000000
KAB. MANDAILING NATAL,RUMAH SAKIT UMUM DAERAH PANYABUNGAN - 1.02.0.00.0.00.02.0001,9922657,51459106,2024,E-Katalog 5.0,BLUD,PT Surgika Alkesindo,E-Purchasing,Pengadaan Barang,27G-90 mm Spinal Needle Quincke,MELAKUKAN PENGIRIMAN DAN PENERIMAAN,787500,0
KAB. MANDAILING NATAL,DINAS KESEHATAN - 1.02.0.00.0.00.02.0000,9285469,51355796,2024,E-Katalog 5.0,APBD,PT MAKMUR JAYA HEALTHINDO,E-Purchasing,Pengadaan Barang,PAKET BMHP SHK,MELAKUKAN PENGIRIMAN DAN PENERIMAAN,55230000,55230000
KAB. MANDAILING NATAL,DINAS PEKERJAAN UMUM DAN PENATAAN RUANG - 1.03.0.00.0.00.03.0000,3864373,49522808,2024,Non Tender,APBD,CV. CENDANA,Pengadaan Langsung,Pekerjaan Konstruksi,Lanjutan Pembangunan Jembatan Aek Batang Pasusuk Ruas Jalan Bintungan Bejangkar Lamo - Karang Anyar,SELESAI,198799808,198799808
KAB. MANDAILING NATAL,DINAS PEKERJAAN UMUM DAN PENATAAN RUANG - 1.03.0.00.0.00.03.0000,8946540,49523780,2024,E-Katalog 5.0,APBD,PT. RONA NAMORA,E-Purchasing,Pengadaan Barang,Galian Biasa,PAKET SELESAI,410720400,410720400
KAB. MANDAILING NATAL,RUMAH SAKIT UMUM DAERAH PANYABUNGAN - 1.02.0.00.0.00.02.0001,11218016,53529595,2024,E-Katalog 5.0,BLUD,PT.Elsyahfi Calibratech Mandiri,E-Purchasing,Pengadaan Barang,Blood Bank Refrigerator,MELAKUKAN PENGIRIMAN DAN PENERIMAAN,626000,626000
KAB. MANDAILING NATAL,RUMAH SAKIT UMUM DAERAH PANYABUNGAN - 1.02.0.00.0.00.02.0001,9986615,51459106,2024,E-Katalog 5.0,BLUD,PT. B.BRAUN MEDICAL INDONESIA,E-Purchasing,Pengadaan Barang,Certofix Duo V 720,MELAKUKAN PENGIRIMAN DAN PENERIMAAN,2010756,0
KAB. MANDAILING NATAL,DINAS KESEHATAN - 1.02.0.00.0.00.02.0000,10102043,51356108,2024,E-Katalog 5.0,APBD,PT. IFARS PHARMACEUTICAL LABORATORIES,E-Purchasing,Pengadaan Barang,Cefadroxil monohydrate/ Cefadroxil/ Sefadroksil sirup kering 125 mg/5ml,PROSES KONTRAK PPK,2315600,2315600
KAB. MANDAILING NATAL,DINAS KESEHATAN - 1.02.0.00.0.00.02.0000,3801373,51354818,2024,Non Tender,APBD,CV. EFOD DESIGN CONSULTANT,Pengadaan Langsung,Jasa Konsultansi Badan Usaha Non Konstruksi,Belanja Jasa Tenaga Ahli,SELESAI,74586450,74586450
KAB. MANDAILING NATAL,RUMAH SAKIT UMUM DAERAH PANYABUNGAN - 1.02.0.00.0.00.02.0001,9159905,51459106,2024,E-Katalog 5.0,BLUD,PT Medihop,E-Purchasing,Pengadaan Barang,"V9 T-Vio Polyglycolide 2-0, 90 cm Round Bodied, 1/2 circle, 35 mm",MELAKUKAN PENGIRIMAN DAN PENERIMAAN,6731928,6731928
KAB. MANDAILING NATAL,RUMAH SAKIT UMUM DAERAH PANYABUNGAN - 1.02.0.00.0.00.02.0001,10469610,51459102,2024,E-Katalog 5.0,BLUD,PT.Imfarmind Farmasi Industri,E-Purchasing,Pengadaan Barang,Salbutamol tab 2 mg,MELAKUKAN PENGIRIMAN DAN PENERIMAAN,340000,340000
KAB. MANDAILING NATAL,DINAS SOSIAL PEMBERDAYAAN PEREMPUAN DAN PERLINDUNGAN ANAK - 1.06.2.08.0.00.07.0000,9402635,51752206,2024,E-Katalog 5.0,APBD,KENANGA MULTI TRADE,E-Purchasing,Pengadaan Barang,MUKENA SHOLAT DEWASA,PAKET SELESAI,112800000,112800000
KAB. MANDAILING NATAL,DINAS KESEHATAN - 1.02.0.00.0.00.02.0000,10092320,51356108,2024,E-Katalog 5.0,APBD,P.T. Dexa Medica,E-Purchasing,Pengadaan Barang,Propranolol hydrochloride (HCl)/ Propranolol tablet/kapsul/kaplet 10 mg,PROSES KONTRAK PPK,600000,600000
KAB. MANDAILING NATAL,DINAS KESEHATAN - 1.02.0.00.0.00.02.0000,9623603,51355955,2024,E-Katalog 5.0,APBD,PT. Pradana Sirona Persada,E-Purchasing,Pengadaan Barang,Ultrasound USG Gel UG-1 250 ml,MELAKUKAN PENGIRIMAN DAN PENERIMAAN,840000,840000
KAB. MANDAILING NATAL,DINAS PERTANIAN - 3.27.0.00.0.00.22.0000,3803373,49818765,2024,Non Tender,APBD,CV. NAMBURAK,Pengadaan Langsung,Pengadaan Barang,Belanja Obat - Obatan Pertanian,SELESAI,125070000,0
KAB. MANDAILING NATAL,DINAS PENDIDIKAN DAN KEBUDAYAAN - 1.01.2.22.0.00.01.0000,3978373,50634666,2024,Non Tender,APBD,CV. NAMBURAK,Pengadaan Langsung,Pekerjaan Konstruksi,REHABILITASI RUANG KELAS SMP N 7 Siabu Satu Atap,SELESAI,109000000,109000000
KAB. MANDAILING NATAL,RUMAH SAKIT UMUM DAERAH PANYABUNGAN - 1.02.0.00.0.00.02.0001,10302678,51459102,2024,E-Katalog 5.0,BLUD,PT. Mersifarma Tirmaku Mercusana,E-Purchasing,Pengadaan Barang,Gabapentin kaps 100 mg,MELAKUKAN PENGIRIMAN DAN PENERIMAAN,240000,240000
KAB. MANDAILING NATAL,RUMAH SAKIT UMUM DAERAH PANYABUNGAN - 1.02.0.00.0.00.02.0001,10656935,51459104,2024,E-Katalog 5.0,BLUD,Andreas Karya Terbesar,E-Purchasing,Pengadaan Barang,VITAL CARE Hollow Fiber Dialyzer 18 HF,MELAKUKAN PENGIRIMAN DAN PENERIMAAN,49062000,49062000
KAB. MANDAILING NATAL,DINAS KESEHATAN - 1.02.0.00.0.00.02.0000,10024650,51356108,2024,E-Katalog 5.0,APBD,PT. Kimia Farma Tbk,E-Purchasing,Pengadaan Barang,Kodein tab 15 mg,PROSES KONTRAK PPK,11170000,11170000
KAB. MANDAILING NATAL,DINAS KESEHATAN - 1.02.0.00.0.00.02.0000,10066812,51356108,2024,E-Katalog 5.0,APBD,PT ACTAVIS INDONESIA,E-Purchasing,Pengadaan Barang,"Diazepam enema 5 mg/2,5mL",PROSES KONTRAK PPK,1366500,1366500
KAB. MANDAILING NATAL,RUMAH SAKIT UMUM DAERAH PANYABUNGAN - 1.02.0.00.0.00.02.0001,10713746,51459102,2024,E-Katalog 5.0,BLUD,PT.Bernofarm,E-Purchasing,Pengadaan Barang,Fitomenadion/ Phytomenadione/ Phytomenadion (Vitamin K1) injeksi 2 mg/ml (i.m.),MELAKUKAN PENGIRIMAN DAN PENERIMAAN,960000,960000
KAB. MANDAILING NATAL,DINAS KESEHATAN - 1.02.0.00.0.00.02.0000,9579302,51356108,2024,E-Katalog 5.0,APBD,PT. TRIFA RAYA LABORATORIES,E-Purchasing,Pengadaan Barang,VITAMIN B6 10 MG,PROSES KONTRAK PPK,11000000,11000000
KAB. MANDAILING NATAL,RUMAH SAKIT UMUM DAERAH PANYABUNGAN - 1.02.0.00.0.00.02.0001,9780476,51459102,2024,E-Katalog 5.0,BLUD,PT. Merck Tbk,E-Purchasing,Pengadaan Barang,"Oxymetazoline/ Oksimetazolin tetes hidung 0,050%",MELAKUKAN PENGIRIMAN DAN PENERIMAAN,213000,213000
KAB. MANDAILING NATAL,RUMAH SAKIT UMUM DAERAH PANYABUNGAN - 1.02.0.00.0.00.02.0001,9632094,51459105,2024,E-Katalog 5.0,BLUD,PT ANUGERAH REZEKI BERSAMA INDONESIA,E-Purchasing,Pengadaan Barang,CONTOUR PLUS Strip Uji Glukosa Darah Blood Glucose Test Strip (Isi 50 Strip),MELAKUKAN PENGIRIMAN DAN PENERIMAAN,13675200,13675200
KAB. MANDAILING NATAL,RUMAH SAKIT UMUM DAERAH PANYABUNGAN - 1.02.0.00.0.00.02.0001,9052108,51459104,2024,E-Katalog 5.0,BLUD,Andreas Karya Terbesar,E-Purchasing,Pengadaan Barang,DIAFLUID ACID,MELAKUKAN PENGIRIMAN DAN PENERIMAAN,28971000,28971000
KAB. MANDAILING NATAL,DINAS PERHUBUNGAN - 2.15.0.00.0.00.14.0000,5148373,51712297,2024,Non Tender,APBD,CV. KENZO MAHAGANI,Pengadaan Langsung,Pengadaan Barang,Penataan Penerangan Jalan di Jembatan Aek Pohon Jalan Lintas Timur Panyabungan,SELESAI,46928580,0
KAB. MANDAILING NATAL,RUMAH SAKIT UMUM DAERAH PANYABUNGAN - 1.02.0.00.0.00.02.0001,9162989,51459102,2024,E-Katalog 5.0,BLUD,PT. Hexpharm Jaya Laboratories,E-Purchasing,Pengadaan Barang,Omeprazol/Omeprazole tablet/kapsul/kaplet 20 mg,MELAKUKAN PENGIRIMAN DAN PENERIMAAN,1080000,1080000
KAB. MANDAILING NATAL,DINAS PERTANIAN - 3.27.0.00.0.00.22.0000,9428839,51775582,2024,E-Katalog 5.0,APBD,CV. SETYA SARI SUKSES,E-Purchasing,Pengadaan Barang,BIBIT ITIK,PROSES KONTRAK PPK,98933000,98933000
KAB. MANDAILING NATAL,DINAS PEKERJAAN UMUM DAN PENATAAN RUANG - 1.03.0.00.0.00.03.0000,8978133,49523782,2024,E-Katalog 5.0,APBD,PT. GASHABAT SUKSES MANDIRI,E-Purchasing,Pengadaan Barang,LASTON LAPIS AUS (AC-WC),PAKET SELESAI,914840000,914840000
KAB. MANDAILING NATAL,RUMAH SAKIT UMUM DAERAH PANYABUNGAN - 1.02.0.00.0.00.02.0001,10444466,51459102,2024,E-Katalog 5.0,BLUD,PT. Hexpharm Jaya Laboratories,E-Purchasing,Pengadaan Barang,Alopurinol tab 100 mg,MELAKUKAN PENGIRIMAN DAN PENERIMAAN,471000,471000
KAB. MANDAILING NATAL,DINAS PENDIDIKAN DAN KEBUDAYAAN - 1.01.2.22.0.00.01.0000,4001373,52031552,2024,Non Tender,APBD,CV. INOVASI GEMILANG,Pengadaan Langsung,Pekerjaan Konstruksi,Pembangunan Ruang UKS Beserta Perabotnya - TK Satu Apat SDN 003 Sihepeng,SELESAI,98700017,98700017
KAB. MANDAILING NATAL,DINAS PERUMAHAN RAKYAT DAN KAWASAN PERMUKIMAN SERTA PERTANAHAN - 1.04.2.10.0.00.04.0000,3897373,49936930,2024,Non Tender,APBD,CV. CHANTIKA LESTARI,Pengadaan Langsung,Pekerjaan Konstruksi,Pembangunan Jalan Lingkungan di Jalan Sutan Diaru Gg. Berdikari Panyabungan Toanga Kec. Panyabungan,SELESAI,99516449,99516449
KAB. MANDAILING NATAL,RUMAH SAKIT UMUM DAERAH PANYABUNGAN - 1.02.0.00.0.00.02.0001,10656935,51459104,2024,E-Katalog 5.0,BLUD,Andreas Karya Terbesar,E-Purchasing,Pengadaan Barang,"BLOODLINE TUBING SET HEMODIALISIS, VITALCARE",MELAKUKAN PENGIRIMAN DAN PENERIMAAN,28305000,28305000
KAB. MANDAILING NATAL,RUMAH SAKIT UMUM DAERAH PANYABUNGAN - 1.02.0.00.0.00.02.0001,11218016,53529595,2024,E-Katalog 5.0,BLUD,PT.Elsyahfi Calibratech Mandiri,E-Purchasing,Pengadaan Barang,AUDIOMTRY,MELAKUKAN PENGIRIMAN DAN PENERIMAAN,607000,607000
KAB. MANDAILING NATAL,DINAS KESEHATAN - 1.02.0.00.0.00.02.0000,10130756,51356108,2024,E-Katalog 5.0,APBD,PT. Mersifarma Tirmaku Mercusana,E-Purchasing,Pengadaan Barang,Diazepam tab 5 mg,MELAKUKAN PENGIRIMAN DAN PENERIMAAN,9750000,9750000
KAB. MANDAILING NATAL,DINAS PEKERJAAN UMUM DAN PENATAAN RUANG - 1.03.0.00.0.00.03.0000,10574685,52658572,2024,E-Katalog 5.0,APBD,PT. DALIHAN NATOLU GROUP,E-Purchasing,Pengadaan Barang,Laston Lapis Aus (AC-WC),PAKET SELESAI,2479500000,2479500000
KAB. MANDAILING NATAL,DINAS PEMUDA DAN OLAHRAGA - 2.19.0.00.0.00.18.0000,9243448,50855612,2024,E-Katalog 5.0,APBD,CV. PUTRA DOLOK SIHITE,E-Purchasing,Pengadaan Barang,NET BOLA VOLLY NO. 3,MELAKUKAN PENGIRIMAN DAN PENERIMAAN,33775000,33775000
KAB. MANDAILING NATAL,DINAS PERUMAHAN RAKYAT DAN KAWASAN PERMUKIMAN SERTA PERTANAHAN - 1.04.2.10.0.00.04.0000,4070373,49936927,2024,Non Tender,APBD,CV. CHANTIKA LESTARI,Pengadaan Langsung,Pekerjaan Konstruksi,Pembangunan Jalan Lingkungan Desa Gunung Tua Iparbondar Kecamatan Panyabungan,SELESAI,99466446,99466446
KAB. MANDAILING NATAL,RUMAH SAKIT UMUM DAERAH PANYABUNGAN - 1.02.0.00.0.00.02.0001,9641608,51459102,2024,E-Katalog 5.0,BLUD,PT.Bernofarm,E-Purchasing,Pengadaan Barang,Ceftriaxone/ Ceftriaxone Sodium/ Seftriakson inj 1.000 mg @100,MELAKUKAN PENGIRIMAN DAN PENERIMAAN,58000000,58000000
KAB. MANDAILING NATAL,DINAS PERHUBUNGAN - 2.15.0.00.0.00.14.0000,4110373,51617859;51617886,2024,Non Tender,APBD,CV. RRH CONSULTANT,Pengadaan Langsung,Jasa Konsultansi Badan Usaha Konstruksi,",Belanja Jasa Konsultan Perencanaan Pembangunan Pagar Terminal Panyabungan",SELESAI,15873000,15873000
KAB. MANDAILING NATAL,DINAS PEKERJAAN UMUM DAN PENATAAN RUANG - 1.03.0.00.0.00.03.0000,8941316,49523772,2024,E-Katalog 5.0,APBD,DEMBAN SIMPAR JAYA,E-Purchasing,Pengadaan Barang,"Gorong-gorong Pipa Beton Bertulang, diameter dalam 80 cm",PAKET SELESAI,171586800,171586800
KAB. MANDAILING NATAL,DINAS KESEHATAN - 1.02.0.00.0.00.02.0000,9389371,51356107,2024,E-Katalog 5.0,APBD,PT Axion Jaya Alkesindo,E-Purchasing,Pengadaan Barang,IV Catheter 22 G,MELAKUKAN PENGIRIMAN DAN PENERIMAAN,14000000,14000000
KAB. MANDAILING NATAL,DINAS PENDIDIKAN DAN KEBUDAYAAN - 1.01.2.22.0.00.01.0000,9643711,51943842,2024,E-Katalog 5.0,APBD,PT CITTA BISNIS SELARAS,E-Purchasing,Pengadaan Barang,Meja Double SMP,MELAKUKAN PENGIRIMAN DAN PENERIMAAN,200960000,200960000
KAB. MANDAILING NATAL,DINAS PENDIDIKAN DAN KEBUDAYAAN - 1.01.2.22.0.00.01.0000,3034373,50634808,2024,Tender,APBD,CV. PUTRA BARINGIN GROUP,Tender,Pekerjaan Konstruksi,PEMBANGUNAN RUANG PERPUSTAKAAN BESERTA PERABOTNYA (DAK) SMP N 3 LINGGABAYU SATU ATAP,SELESAI,396688115,396688115
KAB. MANDAILING NATAL,DINAS KESEHATAN - 1.02.0.00.0.00.02.0000,10067112,51356108,2024,E-Katalog 5.0,APBD,PT Boehringer Ingelheim Indonesia,E-Purchasing,Pengadaan Barang,"Kombinasi : Ipratropium Bromida 0,021 mg, Fenoterol Hydrobromide 0,05 mg",PROSES KONTRAK PPK,6628150,0
KAB. MANDAILING NATAL,DINAS KESEHATAN - 1.02.0.00.0.00.02.0000,10812452,51356469,2024,E-Katalog 5.0,APBD,CV. TERMINAL PRINT,E-Purchasing,Pengadaan Barang,FORMULIR KUNJUNGAN KERUMAH,MELAKUKAN PENGIRIMAN DAN PENERIMAAN,18720000,18720000
KAB. MANDAILING NATAL,RUMAH SAKIT UMUM DAERAH PANYABUNGAN - 1.02.0.00.0.00.02.0001,9131999,51459102,2024,E-Katalog 5.0,BLUD,PT. Likuid Pharmalab Indonesia,E-Purchasing,Pengadaan Barang,Medika Povidine 10% ukuran 300 ml,MELAKUKAN PENGIRIMAN DAN PENERIMAAN,5746000,5746000
KAB. MANDAILING NATAL,DINAS PENDIDIKAN DAN KEBUDAYAAN - 1.01.2.22.0.00.01.0000,3039373,50634393,2024,Tender,APBD,CV. PARADISE PARK,Tender,Pekerjaan Konstruksi,PEMBANGUNAN LABORATORIUM KOMPUTER BESERTA PERABOTNYA (DAK) SMP NEGERI 5 SIABU,SELESAI,288589574,288589574
KAB. MANDAILING NATAL,RUMAH SAKIT UMUM DAERAH PANYABUNGAN - 1.02.0.00.0.00.02.0001,11218016,53529595,2024,E-Katalog 5.0,BLUD,PT.Elsyahfi Calibratech Mandiri,E-Purchasing,Pengadaan Barang,SLIT LAMP,MELAKUKAN PENGIRIMAN DAN PENERIMAAN,670000,670000
KAB. MANDAILING NATAL,RUMAH SAKIT UMUM DAERAH PANYABUNGAN - 1.02.0.00.0.00.02.0001,9376013,51459102,2024,E-Katalog 5.0,BLUD,PT.TOP POINT MEDICAL,E-Purchasing,Pengadaan Barang,TP Disposable Syringe 3ML with Needle,MELAKUKAN PENGIRIMAN DAN PENERIMAAN,18120000,18120000
KAB. MANDAILING NATAL,DINAS PEKERJAAN UMUM DAN PENATAAN RUANG - 1.03.0.00.0.00.03.0000,8894384,49523781,2024,E-Katalog 5.0,APBD,DEMBAN SIMPAR JAYA,E-Purchasing,Pengadaan Barang,Baja Tulangan Polos-BjTP 280,PAKET SELESAI,92581800,92581800
KAB. MANDAILING NATAL,DINAS PENDIDIKAN DAN KEBUDAYAAN - 1.01.2.22.0.00.01.0000,9865321,51843475,2024,E-Katalog 5.0,APBD,Lima Berkat Sejahtera,E-Purchasing,Pengadaan Barang,PAKET BUKU ENSIKLOPEDIA JENJANG SD,MELAKUKAN PENGIRIMAN DAN PENERIMAAN,991161600,991161600
KAB. MANDAILING NATAL,DINAS KESEHATAN - 1.02.0.00.0.00.02.0000,9135910,51356467,2024,E-Katalog 5.0,APBD,CV. TERMINAL PRINT,E-Purchasing,Pengadaan Barang,TUMBLER CETAK COSTUM 500 ML,MELAKUKAN PENGIRIMAN DAN PENERIMAAN,196650000,196650000
KAB. MANDAILING NATAL,DINAS KESEHATAN - 1.02.0.00.0.00.02.0000,9464361,51356108,2024,E-Katalog 5.0,APBD,PT.Bernofarm,E-Purchasing,Pengadaan Barang,Diclofenac sodium/ Natrium diklofenak tablet salut enterik/kaplet salut enterik 50 mg,MELAKUKAN PENGIRIMAN DAN PENERIMAAN,40000000,40000000
KAB. MANDAILING NATAL,DINAS PEKERJAAN UMUM DAN PENATAAN RUANG - 1.03.0.00.0.00.03.0000,8978133,49523782,2024,E-Katalog 5.0,APBD,PT. GASHABAT SUKSES MANDIRI,E-Purchasing,Pengadaan Barang,Galian untuk Selokan Drainase dan Saluran Air,PAKET SELESAI,5446000,5446000
KAB. MANDAILING NATAL,DINAS PEKERJAAN UMUM DAN PENATAAN RUANG - 1.03.0.00.0.00.03.0000,8978133,49523782,2024,E-Katalog 5.0,APBD,PT. GASHABAT SUKSES MANDIRI,E-Purchasing,Pengadaan Barang,PENYIAPAN BADAN JALAN,PAKET SELESAI,3222400,3222400
KAB. MANDAILING NATAL,DINAS PEKERJAAN UMUM DAN PENATAAN RUANG - 1.03.0.00.0.00.03.0000,8975338,51021126,2024,E-Katalog 5.0,APBD,PT. RONA NAMORA,E-Purchasing,Pengadaan Barang,Lapis Fondasi Agregat Kelas A,PAKET SELESAI,806110200,806110200
KAB. MANDAILING NATAL,DINAS PEKERJAAN UMUM DAN PENATAAN RUANG - 1.03.0.00.0.00.03.0000,8946540,49523780,2024,E-Katalog 5.0,APBD,PT. RONA NAMORA,E-Purchasing,Pengadaan Barang,Baja Tulangan Polos-BjTP 280,PAKET SELESAI,13688800,13688800
KAB. MANDAILING NATAL,RUMAH SAKIT UMUM DAERAH PANYABUNGAN - 1.02.0.00.0.00.02.0001,9648902,51459102,2024,E-Katalog 5.0,BLUD,PT. PHARMA LABORATORIES,E-Purchasing,Pengadaan Barang,"Desoximetasone krim 0,25% (2,5 mg/g)",MELAKUKAN PENGIRIMAN DAN PENERIMAAN,320910,320910
KAB. MANDAILING NATAL,RUMAH SAKIT UMUM DAERAH PANYABUNGAN - 1.02.0.00.0.00.02.0001,9149107,51459102,2024,E-Katalog 5.0,BLUD,PT. SOHO Industri Pharmasi,E-Purchasing,Pengadaan Barang,"Pramipexole dihydrochloride monohydrate/Pramipexole/ Pramipeksol tablet lepas lambat/kaplet lepas lambat 0,375mg",MELAKUKAN PENGIRIMAN DAN PENERIMAAN,5316300,0
KAB. MANDAILING NATAL,RUMAH SAKIT UMUM DAERAH PANYABUNGAN - 1.02.0.00.0.00.02.0001,9922657,51459106,2024,E-Katalog 5.0,BLUD,PT Surgika Alkesindo,E-Purchasing,Pengadaan Barang,26G-90 mm Spinal Needle Quincke,MELAKUKAN PENGIRIMAN DAN PENERIMAAN,1575000,0
KAB. MANDAILING NATAL,RUMAH SAKIT UMUM DAERAH PANYABUNGAN - 1.02.0.00.0.00.02.0001,10928242,51459106,2024,E-Katalog 5.0,BLUD,PT.TOP POINT MEDICAL,E-Purchasing,Pengadaan Barang,TP Disposable Syringe 1ML with Needle,MELAKUKAN PENGIRIMAN DAN PENERIMAAN,988200,988200
KAB. MANDAILING NATAL,DINAS PEKERJAAN UMUM DAN PENATAAN RUANG - 1.03.0.00.0.00.03.0000,4124373,52657370,2024,Non Tender,APBD,HQ PRATAMA CONSULTANT,Pengadaan Langsung,Jasa Konsultansi Badan Usaha Konstruksi,Penyusunan Dokumen Perencanaan Jalan Wilayah III,SELESAI,99800000,99800000
KAB. MANDAILING NATAL,DINAS KEPENDUDUKAN DAN PENCATATAN SIPIL - 2.12.0.00.0.00.11.0000,8947749,49512270,2024,E-Katalog 5.0,APBD,Mitra Tech Sejahtera,E-Purchasing,Pengadaan Barang,Cleaning Kit CK-A0308,PROSES KONTRAK PPK,18681000,0
KAB. MANDAILING NATAL,RUMAH SAKIT UMUM DAERAH PANYABUNGAN - 1.02.0.00.0.00.02.0001,9133754,51459102,2024,E-Katalog 5.0,BLUD,PT Jayamas Medica Industri,E-Purchasing,Pengadaan Barang,Kasa Steril 16 cm x 16 cm,MELAKUKAN PENGIRIMAN DAN PENERIMAAN,18126300,18126300
KAB. MANDAILING NATAL,RUMAH SAKIT UMUM DAERAH PANYABUNGAN - 1.02.0.00.0.00.02.0001,9383980,51411949,2024,E-Katalog 5.0,APBD,PT. Nicosh Indo Medical,E-Purchasing,Pengadaan Barang,Infusion Pump NC 01-IP,MELAKUKAN PENGIRIMAN DAN PENERIMAAN,113608400,113608400
KAB. MANDAILING NATAL,DINAS PENDIDIKAN DAN KEBUDAYAAN - 1.01.2.22.0.00.01.0000,3040373,50634389,2024,Tender,APBD,CV. PUTRI AEK RANGAT,Tender,Pekerjaan Konstruksi,PEMBANGUNAN LABORATORIUM KOMPUTER BESERTA PERABOTNYA (DAK) SMP NEGERI 4 SIABU,SELESAI,305259829,305259829
KAB. MANDAILING NATAL,RUMAH SAKIT UMUM DAERAH PANYABUNGAN - 1.02.0.00.0.00.02.0001,9097292,51459102,2024,E-Katalog 5.0,BLUD,PT.Bernofarm,E-Purchasing,Pengadaan Barang,Paracetamol/ Parasetamol tablet/kapsul/kaplet 500 mg,MELAKUKAN PENGIRIMAN DAN PENERIMAAN,3860000,3860000
KAB. MANDAILING NATAL,DINAS KESEHATAN - 1.02.0.00.0.00.02.0000,10898655,51356107,2024,E-Katalog 5.0,APBD,PT Axion Jaya Alkesindo,E-Purchasing,Pengadaan Barang,ONEHEALTH ALCOHOL SWABS 2 PLY,MELAKUKAN PENGIRIMAN DAN PENERIMAAN,1466250,1466250
KAB. MANDAILING NATAL,RUMAH SAKIT UMUM DAERAH PANYABUNGAN - 1.02.0.00.0.00.02.0001,9521540,51459102,2024,E-Katalog 5.0,BLUD,PT INTERSKALA MEDIKA INDONESIA,E-Purchasing,Pengadaan Barang,Typhoid IgG/IgM Rapid Test,MELAKUKAN PENGIRIMAN DAN PENERIMAAN,16301250,16301250
KAB. MANDAILING NATAL,RUMAH SAKIT UMUM DAERAH PANYABUNGAN - 1.02.0.00.0.00.02.0001,9335458,51459102,2024,E-Katalog 5.0,BLUD,PT. Kimia Farma Tbk,E-Purchasing,Pengadaan Barang,Codeine Phosphate Hemihydrate/ Codeine/ Kodein tablet/kapsul/kaplet 10 mg,MELAKUKAN PENGIRIMAN DAN PENERIMAAN,8290000,8290000
KAB. MANDAILING NATAL,DINAS PERUMAHAN RAKYAT DAN KAWASAN PERMUKIMAN SERTA PERTANAHAN - 1.04.2.10.0.00.04.0000,3896373,49936929,2024,Non Tender,APBD,CV. HANAYA KARYA PERSADA,Pengadaan Langsung,Pekerjaan Konstruksi,Pembangunan Jalan Lingkungan Desa Sayur Maincat Kecamatan Kotanopan,SELESAI,99550000,99550000
KAB. MANDAILING NATAL,RUMAH SAKIT UMUM DAERAH PANYABUNGAN - 1.02.0.00.0.00.02.0001,11218016,53529595,2024,E-Katalog 5.0,BLUD,PT.Elsyahfi Calibratech Mandiri,E-Purchasing,Pengadaan Barang,Jasa Pengujian dan/atau Kalibrasi Lampu Operasi / Operating Lamp,MELAKUKAN PENGIRIMAN DAN PENERIMAAN,820200,820200
KAB. MANDAILING NATAL,DINAS KESEHATAN - 1.02.0.00.0.00.02.0000,9464361,51356108,2024,E-Katalog 5.0,APBD,PT.Bernofarm,E-Purchasing,Pengadaan Barang,Amoksisilin/ Amoxicillin/ Amoxicillin Trihydrate tablet/kapsul/kaplet/kaptab 500 mg,MELAKUKAN PENGIRIMAN DAN PENERIMAAN,403000000,403000000
KAB. MANDAILING NATAL,DINAS PEKERJAAN UMUM DAN PENATAAN RUANG - 1.03.0.00.0.00.03.0000,8976735,49523770,2024,E-Katalog 5.0,APBD,PT. DALIHAN NATOLU GROUP,E-Purchasing,Pengadaan Barang,Beton struktur Fc 20 Mpa,PAKET SELESAI,462170000,462170000
KAB. MANDAILING NATAL,DINAS KOPERASI USAHA KECIL DAN MENENGAH - 2.17.0.00.0.00.16.0000,9740794,52005333,2024,E-Katalog 5.0,APBD,CV. TERMINAL PRINT,E-Purchasing,Pengadaan Barang,MESIN GERINDA TANGAN,PROSES KONTRAK PPK,15250000,15250000
KAB. MANDAILING NATAL,DINAS KOPERASI USAHA KECIL DAN MENENGAH - 2.17.0.00.0.00.16.0000,9740794,52005333,2024,E-Katalog 5.0,APBD,CV. TERMINAL PRINT,E-Purchasing,Pengadaan Barang,GEROBAK JUALAN SERBAGUNA,PROSES KONTRAK PPK,87100000,87100000
KAB. MANDAILING NATAL,RUMAH SAKIT UMUM DAERAH PANYABUNGAN - 1.02.0.00.0.00.02.0001,9138532,51459102,2024,E-Katalog 5.0,BLUD,PT. EMJEBE PHARMA,E-Purchasing,Pengadaan Barang,Air untuk injeksi/ Aqua pro injeksi/ Aqua pro injection/ water for injection,MELAKUKAN PENGIRIMAN DAN PENERIMAAN,7020000,7020000
KAB. MANDAILING NATAL,DINAS KESEHATAN - 1.02.0.00.0.00.02.0000,10401037,51322684,2024,E-Katalog 5.0,APBD,PT.Elsyahfi Calibratech Mandiri,E-Purchasing,Pengadaan Barang,Autoclave / Steam Sterilizer,MELAKUKAN PENGIRIMAN DAN PENERIMAAN,6740000,6740000
KAB. MANDAILING NATAL,RUMAH SAKIT UMUM DAERAH PANYABUNGAN - 1.02.0.00.0.00.02.0001,10573448,51459105,2024,E-Katalog 5.0,BLUD,PT. STANDARD BIOSENSOR HEALTHCARE,E-Purchasing,Pengadaan Barang,Dengue IgM/IgG Test,MELAKUKAN PENGIRIMAN DAN PENERIMAAN,15750000,15750000
KAB. MANDAILING NATAL,DINAS PENDIDIKAN DAN KEBUDAYAAN - 1.01.2.22.0.00.01.0000,3953373,50635364,2024,Non Tender,APBD,CV.MULTI KENCANA,Pengadaan Langsung,Pekerjaan Konstruksi,PEMBANGUNAN RUANG UKS BESERTA PERABOTNYA (DAK) SD NEGERI 271 TOMBANG KALUANG,SELESAI,151753478,151753478
KAB. MANDAILING NATAL,DINAS KESEHATAN - 1.02.0.00.0.00.02.0000,10899116,51356107,2024,E-Katalog 5.0,APBD,PT Axion Jaya Alkesindo,E-Purchasing,Pengadaan Barang,Sarung Tangan Obgyn,MELAKUKAN PENGIRIMAN DAN PENERIMAAN,2654200,2654200
KAB. MANDAILING NATAL,DINAS PEKERJAAN UMUM DAN PENATAAN RUANG - 1.03.0.00.0.00.03.0000,3863373,49522810,2024,Non Tender,APBD,CV. PUTRA BARINGIN GROUP,Pengadaan Langsung,Pekerjaan Konstruksi,Lanjutan Pembangunan Jembatan Lubuk Samboa Kec. Batang Natal,SELESAI,198600000,198600000
KAB. MANDAILING NATAL,DINAS KESEHATAN - 1.02.0.00.0.00.02.0000,10401037,51322684,2024,E-Katalog 5.0,APBD,PT.Elsyahfi Calibratech Mandiri,E-Purchasing,Pengadaan Barang,MIcrobalance/ Timbagan analitik/ Analitical balance,MELAKUKAN PENGIRIMAN DAN PENERIMAAN,235000,235000
KAB. MANDAILING NATAL,DINAS PERUMAHAN RAKYAT DAN KAWASAN PERMUKIMAN SERTA PERTANAHAN - 1.04.2.10.0.00.04.0000,3894373,49936928,2024,Non Tender,APBD,CV.RIZKI KARYA,Pengadaan Langsung,Pekerjaan Konstruksi,Pembangunan Jalan Lingkungan Desa Gunungtua MS Kec. Kotanopan,SELESAI,98450000,98450000
KAB. MANDAILING NATAL,RUMAH SAKIT UMUM DAERAH PANYABUNGAN - 1.02.0.00.0.00.02.0001,10936234,51459106,2024,E-Katalog 5.0,BLUD,NEO DUTA MANDIRI,E-Purchasing,Pengadaan Barang,FILM CR/DR RADIOLOGI 35X43,MELAKUKAN PENGIRIMAN DAN PENERIMAAN,4800000,4800000
KAB. MANDAILING NATAL,RUMAH SAKIT UMUM DAERAH PANYABUNGAN - 1.02.0.00.0.00.02.0001,11256352,51459104,2024,E-Katalog 5.0,BLUD,Andreas Karya Terbesar,E-Purchasing,Pengadaan Barang,"BICARBONAT BUBUK HEMODIALYSIS, VITALCARE",MELAKUKAN PENGIRIMAN DAN PENERIMAAN,18348300,18348300
KAB. MANDAILING NATAL,DINAS PEKERJAAN UMUM DAN PENATAAN RUANG - 1.03.0.00.0.00.03.0000,2945373,49523776,2024,Tender,APBD,PT. ARTEK UTAMA,Seleksi,Jasa Konsultansi Badan Usaha Konstruksi,Jasa Konsultansi Pengawasan Kegiatan Bidang Bina Marga TA. 2024,SELESAI,444999000,444999000
KAB. MANDAILING NATAL,RUMAH SAKIT UMUM DAERAH PANYABUNGAN - 1.02.0.00.0.00.02.0001,9281330,51459105,2024,E-Katalog 5.0,BLUD,PT INTERSKALA MEDIKA INDONESIA,E-Purchasing,Pengadaan Barang,Typhoid IgG/IgM Rapid Test,MELAKUKAN PENGIRIMAN DAN PENERIMAAN,16300000,16300000
KAB. MANDAILING NATAL,RUMAH SAKIT UMUM DAERAH PANYABUNGAN - 1.02.0.00.0.00.02.0001,10656133,51459102,2024,E-Katalog 5.0,BLUD,P.T. Dexa Medica,E-Purchasing,Pengadaan Barang,Kalsium glukonat/ Calcium gluconate inj 10%,MELAKUKAN PENGIRIMAN DAN PENERIMAAN,554400,554400
KAB. MANDAILING NATAL,DINAS PENDIDIKAN DAN KEBUDAYAAN - 1.01.2.22.0.00.01.0000,3967373,50634742,2024,Non Tender,APBD,PT. KURNIA MADINA PERSADA,Pengadaan Langsung,Pekerjaan Konstruksi,PEMBANGUNAN RUANG UKS BESERTA PERABOTNYA (DAK) SMP NEGERI 5 SIABU,SELESAI,143347468,143347468
KAB. MANDAILING NATAL,DINAS PEKERJAAN UMUM DAN PENATAAN RUANG - 1.03.0.00.0.00.03.0000,2959373,49604324,2024,Tender,APBD,CV. TIGA MITRA KARYA,Tender,Pekerjaan Konstruksi,Pembangunan Baru SPAM Jaringan Perpipaan di Rumah Sakit Umum di Komplek Perkantoran Paya Loting Kec. Panyabungan,SELESAI,1023142941,1023142941
KAB. MANDAILING NATAL,DINAS PEKERJAAN UMUM DAN PENATAAN RUANG - 1.03.0.00.0.00.03.0000,4111373,52650098,2024,Non Tender,APBD,PT. MARGA BHUANA JAYA CONSULTANT,Pengadaan Langsung,Jasa Konsultansi Badan Usaha Konstruksi,Jasa Konsultansi Perencanaan Pembangunan IPAL terpusat Permukiman Sumber Dana AIF 2024,SELESAI,24900000,24900000
KAB. MANDAILING NATAL,DINAS PENDIDIKAN DAN KEBUDAYAAN - 1.01.2.22.0.00.01.0000,2994373,50635865,2024,Tender,APBD,CV. GARUDA INDONESIA BAROKAH,Tender,Pekerjaan Konstruksi,PEMBANGUNAN RUANG KELAS BARU BESERTA PERABOTNYA (DAK) SD NEGERI 391 SUKARAMAI,SELESAI,1066160646,1066160646
KAB. MANDAILING NATAL,DINAS PERPUSTAKAAN DAN KEARSIPAN - 2.23.2.24.0.00.19.0000,3861373,49592510;49592511;49592512;49592513,2024,Non Tender,APBD,CV. KREASI KENANGA,Pengadaan Langsung,Pengadaan Barang,Belanja Modal Bahan Perpustakaan Tercetak,SELESAI,79510000,0
KAB. MANDAILING NATAL,RUMAH SAKIT UMUM DAERAH PANYABUNGAN - 1.02.0.00.0.00.02.0001,9641608,51459102,2024,E-Katalog 5.0,BLUD,PT.Bernofarm,E-Purchasing,Pengadaan Barang,Dexamethason Sodium Phosphate/ Deksamethason/ Deksametason injeksi 5 mg/mL,MELAKUKAN PENGIRIMAN DAN PENERIMAAN,3960000,3960000
KAB. MANDAILING NATAL,RUMAH SAKIT UMUM DAERAH PANYABUNGAN - 1.02.0.00.0.00.02.0001,9178111,51459102,2024,E-Katalog 5.0,BLUD,PT. Interbat,E-Purchasing,Pengadaan Barang,Metoclopramide hydrochloride (HCl)/ Metoclopramide/ Metoklopramid inj 5 mg/mL,MELAKUKAN PENGIRIMAN DAN PENERIMAAN,4990000,4990000
KAB. MANDAILING NATAL,RUMAH SAKIT UMUM DAERAH PANYABUNGAN - 1.02.0.00.0.00.02.0001,9335687,51459102,2024,E-Katalog 5.0,BLUD,P.T. Dexa Medica,E-Purchasing,Pengadaan Barang,Cefixime trihydrate/ Cefixime/ Sefiksim sirup/ sirup kering 100 mg/ 5 ml,MELAKUKAN PENGIRIMAN DAN PENERIMAAN,1768200,1768200
KAB. MANDAILING NATAL,RUMAH SAKIT UMUM DAERAH PANYABUNGAN - 1.02.0.00.0.00.02.0001,10928242,51459106,2024,E-Katalog 5.0,BLUD,PT.TOP POINT MEDICAL,E-Purchasing,Pengadaan Barang,TP Disposable Syringe 5 ML with Needle,MELAKUKAN PENGIRIMAN DAN PENERIMAAN,20520000,20520000
KAB. MANDAILING NATAL,RUMAH SAKIT UMUM DAERAH PANYABUNGAN - 1.02.0.00.0.00.02.0001,9648902,51459102,2024,E-Katalog 5.0,BLUD,PT. PHARMA LABORATORIES,E-Purchasing,Pengadaan Barang,Amoksisilin/ Amoxicillin/ Amoxicillin Trihydrate tablet/kapsul/kaplet/kaptab 500 mg,MELAKUKAN PENGIRIMAN DAN PENERIMAAN,273500,273500
KAB. MANDAILING NATAL,DINAS KESEHATAN - 1.02.0.00.0.00.02.0000,9464361,51356108,2024,E-Katalog 5.0,APBD,PT.Bernofarm,E-Purchasing,Pengadaan Barang,"Cotrimoxazole/ Cotrimoksazole/ Kotrimoksazol forte kombinasi: sulfametoksazol 800 mg + trimetoprim 160 mg, tablet",MELAKUKAN PENGIRIMAN DAN PENERIMAAN,60300000,60300000
KAB. MANDAILING NATAL,RUMAH SAKIT UMUM DAERAH PANYABUNGAN - 1.02.0.00.0.00.02.0001,10302678,51459102,2024,E-Katalog 5.0,BLUD,PT. Mersifarma Tirmaku Mercusana,E-Purchasing,Pengadaan Barang,Antasida tab kunyah,MELAKUKAN PENGIRIMAN DAN PENERIMAAN,270000,270000
KAB. MANDAILING NATAL,RUMAH SAKIT UMUM DAERAH PANYABUNGAN - 1.02.0.00.0.00.02.0001,10713746,51459102,2024,E-Katalog 5.0,BLUD,PT.Bernofarm,E-Purchasing,Pengadaan Barang,Metronidazole/ Metronidazol infus 5 mg/ ml (TD),MELAKUKAN PENGIRIMAN DAN PENERIMAAN,20800000,20800000
KAB. MANDAILING NATAL,DINAS PERTANIAN - 3.27.0.00.0.00.22.0000,3883373,51233747,2024,Non Tender,APBD,HQ PRATAMA CONSULTANT,Pengadaan Langsung,Jasa Konsultansi Badan Usaha Konstruksi,Belanja Jasa Konsultan Pengawasan Jalan Usaha Tani (JUT),SELESAI,49700000,49700000
KAB. MANDAILING NATAL,DINAS KESEHATAN - 1.02.0.00.0.00.02.0000,10032072,51356108,2024,E-Katalog 5.0,APBD,PT.ERELA,E-Purchasing,Pengadaan Barang,Chloramphenicol/ Kloramfenikol salep mata 1 %,PROSES KONTRAK PPK,7474320,7474320
KAB. MANDAILING NATAL,DINAS KESEHATAN - 1.02.0.00.0.00.02.0000,10401037,51322684,2024,E-Katalog 5.0,APBD,PT.Elsyahfi Calibratech Mandiri,E-Purchasing,Pengadaan Barang,Centrifuge / Hematokrit Centrifuge / Mini Microcentrifuge / Minispin,MELAKUKAN PENGIRIMAN DAN PENERIMAAN,1695000,1695000
KAB. MANDAILING NATAL,DINAS KESEHATAN - 1.02.0.00.0.00.02.0000,9353207,51356109,2024,E-Katalog 5.0,APBD,PT. Setia Anugrah Medika,E-Purchasing,Pengadaan Barang,ARKRAY ARKRAY SPANCLONE ANTI AB MONOCLONAL,MELAKUKAN PENGIRIMAN DAN PENERIMAAN,43460000,0
KAB. MANDAILING NATAL,DINAS PERDAGANGAN - 3.30.3.31.0.00.23.0000,4051373,51533943,2024,Non Tender,APBD,KJPP MBPRU DAN REKAN,Pengadaan Langsung,Jasa Konsultansi Badan Usaha Non Konstruksi,Belanja Jasa KJPP Untuk Lahan Relokasi Pasar Baru,SELESAI,59279550,59279550
KAB. MANDAILING NATAL,RUMAH SAKIT UMUM DAERAH PANYABUNGAN - 1.02.0.00.0.00.02.0001,9131381,51459102,2024,E-Katalog 5.0,BLUD,PT.Bernofarm,E-Purchasing,Pengadaan Barang,Dexamethason Sodium Phosphate/ Deksamethason/ Deksametason injeksi 5 mg/mL,MELAKUKAN PENGIRIMAN DAN PENERIMAAN,1250000,1250000
KAB. MANDAILING NATAL,RUMAH SAKIT UMUM DAERAH PANYABUNGAN - 1.02.0.00.0.00.02.0001,9495229,51459102,2024,E-Katalog 5.0,BLUD,P.T. Dexa Medica,E-Purchasing,Pengadaan Barang,Propranolol hydrochloride (HCl)/ Propranolol tablet/kapsul/kaplet 40 mg,MELAKUKAN PENGIRIMAN DAN PENERIMAAN,129000,129000
KAB. MANDAILING NATAL,DINAS PENDIDIKAN DAN KEBUDAYAAN - 1.01.2.22.0.00.01.0000,9643711,51943842,2024,E-Katalog 5.0,APBD,PT CITTA BISNIS SELARAS,E-Purchasing,Pengadaan Barang,Tempat Sampah Injak,MELAKUKAN PENGIRIMAN DAN PENERIMAAN,3200000,3200000
KAB. MANDAILING NATAL,RUMAH SAKIT UMUM DAERAH PANYABUNGAN - 1.02.0.00.0.00.02.0001,9641608,51459102,2024,E-Katalog 5.0,BLUD,PT.Bernofarm,E-Purchasing,Pengadaan Barang,Ranitidine hydrochloride (HCl)/ Ranitidin injeksi 25 mg/ml,MELAKUKAN PENGIRIMAN DAN PENERIMAAN,14000000,14000000
KAB. MANDAILING NATAL,DINAS PENDIDIKAN DAN KEBUDAYAAN - 1.01.2.22.0.00.01.0000,4048373,50635809,2024,Non Tender,APBD,cv. riski nauli,Pengadaan Langsung,Pekerjaan Konstruksi,REHABILITASI RUANG KELAS SD NEGERI 187 LARU,SELESAI,139200002,139200002
KAB. MANDAILING NATAL,DINAS PEKERJAAN UMUM DAN PENATAAN RUANG - 1.03.0.00.0.00.03.0000,8946540,49523780,2024,E-Katalog 5.0,APBD,PT. RONA NAMORA,E-Purchasing,Pengadaan Barang,Galian untuk Selokan Drainase dan Saluran Air,PAKET SELESAI,58248400,58248400
KAB. MANDAILING NATAL,DINAS KETAHANAN PANGAN - 2.09.0.00.0.00.09.0000,3845373,49220394,2024,Non Tender,APBD,Bejana Utama,Pengadaan Langsung,Pekerjaan Konstruksi,Belanja Modal Bangunan Gedung Kantor,SELESAI,164643043,164643043
KAB. MANDAILING NATAL,RUMAH SAKIT UMUM DAERAH PANYABUNGAN - 1.02.0.00.0.00.02.0001,11218016,53529595,2024,E-Katalog 5.0,BLUD,PT.Elsyahfi Calibratech Mandiri,E-Purchasing,Pengadaan Barang,Electrosurgery,MELAKUKAN PENGIRIMAN DAN PENERIMAAN,1508000,1508000
KAB. MANDAILING NATAL,BADAN PENGELOLAAN KEUANGAN DAN ASET DAERAH - 5.02.0.00.0.00.27.0000,4107373,49068363,2024,Non Tender,APBD,CV. KREASI KENANGA,Pengadaan Langsung,Pengadaan Barang,Belanja Alat/Bahan untuk Kegiatan Kantor- Alat Tulis Kantor,SELESAI,57406425,57406425
KAB. MANDAILING NATAL,DINAS PENDIDIKAN DAN KEBUDAYAAN - 1.01.2.22.0.00.01.0000,9363952,50634942,2024,E-Katalog 5.0,APBD,PT. Trisolah Suvarna Indonesia,E-Purchasing,Pengadaan Barang,Merdeka Chromebook C120,MELAKUKAN PENGIRIMAN DAN PENERIMAAN,87750000,87750000
KAB. MANDAILING NATAL,RUMAH SAKIT UMUM DAERAH PANYABUNGAN - 1.02.0.00.0.00.02.0001,10880143,51459102,2024,E-Katalog 5.0,BLUD,P.T. Dexa Medica,E-Purchasing,Pengadaan Barang,Asam ursodeoksikolat kaps 250 mg,MELAKUKAN PENGIRIMAN DAN PENERIMAAN,3273900,3273900
KAB. MANDAILING NATAL,RUMAH SAKIT UMUM DAERAH PANYABUNGAN - 1.02.0.00.0.00.02.0001,10068886,51459102,2024,E-Katalog 5.0,BLUD,P.T. Dexa Medica,E-Purchasing,Pengadaan Barang,"Bisoprolol tab 2,5 mg",MELAKUKAN PENGIRIMAN DAN PENERIMAAN,1360000,1360000
KAB. MANDAILING NATAL,RUMAH SAKIT UMUM DAERAH PANYABUNGAN - 1.02.0.00.0.00.02.0001,10193421,51459102,2024,E-Katalog 5.0,BLUD,PT. Kimia Farma Tbk,E-Purchasing,Pengadaan Barang,Permethrin/ Permetrin Krim 5%,MELAKUKAN PENGIRIMAN DAN PENERIMAAN,648300,648300
KAB. MANDAILING NATAL,RUMAH SAKIT UMUM DAERAH PANYABUNGAN - 1.02.0.00.0.00.02.0001,9098725,51459102,2024,E-Katalog 5.0,BLUD,P.T. Dexa Medica,E-Purchasing,Pengadaan Barang,Betahistin/Betahistine Mesilate/Betahistine Mesylate tablet/kapsul/kaplet 6 mg,MELAKUKAN PENGIRIMAN DAN PENERIMAAN,2000000,2000000
KAB. MANDAILING NATAL,DINAS PENDIDIKAN DAN KEBUDAYAAN - 1.01.2.22.0.00.01.0000,9640247,51943816,2024,E-Katalog 5.0,APBD,PT CITTA BISNIS SELARAS,E-Purchasing,Pengadaan Barang,Meja Guru 001,MELAKUKAN PENGIRIMAN DAN PENERIMAAN,87890000,87890000
KAB. MANDAILING NATAL,DINAS PEKERJAAN UMUM DAN PENATAAN RUANG - 1.03.0.00.0.00.03.0000,8975338,51021126,2024,E-Katalog 5.0,APBD,PT. RONA NAMORA,E-Purchasing,Pengadaan Barang,Galian Biasa,PAKET SELESAI,85132000,85132000
KAB. MANDAILING NATAL,DINAS KESEHATAN - 1.02.0.00.0.00.02.0000,10053838,51356108,2024,E-Katalog 5.0,APBD,P.T. Dexa Medica,E-Purchasing,Pengadaan Barang,Human tetanus imunoglobulin inj 250 IU (i.m.),PROSES KONTRAK PPK,5550000,0
KAB. MANDAILING NATAL,DINAS PEKERJAAN UMUM DAN PENATAAN RUANG - 1.03.0.00.0.00.03.0000,2944373,49523774,2024,Tender,APBD,CV. MEDTAN CIPTA UTAMA,Seleksi,Jasa Konsultansi Badan Usaha Konstruksi,Jasa Konsultansi Pengawasan Paket Peningkatan Jalan Padang Silojongan - Ranto Panjang (DBH Sawit),SELESAI,148129500,148129500
KAB. MANDAILING NATAL,DINAS KESEHATAN - 1.02.0.00.0.00.02.0000,10053838,51356108,2024,E-Katalog 5.0,APBD,P.T. Dexa Medica,E-Purchasing,Pengadaan Barang,"Lactulose/ Laktulosa sir 3,335 g/5 mL",PROSES KONTRAK PPK,36104000,36104000
KAB. MANDAILING NATAL,RUMAH SAKIT UMUM DAERAH PANYABUNGAN - 1.02.0.00.0.00.02.0001,9138532,51459102,2024,E-Katalog 5.0,BLUD,PT. EMJEBE PHARMA,E-Purchasing,Pengadaan Barang,"Nacl 0,9% / Sodium Chloride 0,9%",MELAKUKAN PENGIRIMAN DAN PENERIMAAN,15192000,15192000
KAB. MANDAILING NATAL,DINAS KESEHATAN - 1.02.0.00.0.00.02.0000,9135811,51356469,2024,E-Katalog 5.0,APBD,CV. TERMINAL PRINT,E-Purchasing,Pengadaan Barang,KALENDER CETAK 6 HALAMAN,MELAKUKAN PENGIRIMAN DAN PENERIMAAN,24960000,24960000
KAB. MANDAILING NATAL,DINAS KESEHATAN - 1.02.0.00.0.00.02.0000,10032072,51356108,2024,E-Katalog 5.0,APBD,PT.ERELA,E-Purchasing,Pengadaan Barang,Chloramphenicol/ kloramfenikol tetes telinga 3%,PROSES KONTRAK PPK,16575552,16575552
KAB. MANDAILING NATAL,RUMAH SAKIT UMUM DAERAH PANYABUNGAN - 1.02.0.00.0.00.02.0001,11218016,53529595,2024,E-Katalog 5.0,BLUD,PT.Elsyahfi Calibratech Mandiri,E-Purchasing,Pengadaan Barang,Infant Warmer / Radiant Warmer,MELAKUKAN PENGIRIMAN DAN PENERIMAAN,1408000,1408000
KAB. MANDAILING NATAL,RUMAH SAKIT UMUM DAERAH PANYABUNGAN - 1.02.0.00.0.00.02.0001,9648463,51459102,2024,E-Katalog 5.0,BLUD,PT. Hexpharm Jaya Laboratories,E-Purchasing,Pengadaan Barang,Ranitidine hydrochloride (HCl)/Ranitidin tablet/kapsul/kaplet 150 mg,MELAKUKAN PENGIRIMAN DAN PENERIMAAN,3760000,3760000
KAB. MANDAILING NATAL,DINAS PERTANIAN - 3.27.0.00.0.00.22.0000,8936311,51193832,2024,E-Katalog 5.0,APBD,CV. AULIA RIZKI PRATAMA,E-Purchasing,Pengadaan Barang,Bibit Pinang Unggul,PROSES KONTRAK PPK,72899400,72899400
KAB. MANDAILING NATAL,RUMAH SAKIT UMUM DAERAH PANYABUNGAN - 1.02.0.00.0.00.02.0001,10355084,51459102,2024,E-Katalog 5.0,BLUD,Andreas Karya Terbesar,E-Purchasing,Pengadaan Barang,"BLOODLINE TUBING SET HEMODIALISIS, VITALCARE",MELAKUKAN PENGIRIMAN DAN PENERIMAAN,28305000,28305000
KAB. MANDAILING NATAL,RUMAH SAKIT UMUM DAERAH PANYABUNGAN - 1.02.0.00.0.00.02.0001,10069801,51459102,2024,E-Katalog 5.0,BLUD,PT. Mersifarma Tirmaku Mercusana,E-Purchasing,Pengadaan Barang,Sertralin tab sal 50 mg,MELAKUKAN PENGIRIMAN DAN PENERIMAAN,2031000,2031000
KAB. MANDAILING NATAL,DINAS PENDIDIKAN DAN KEBUDAYAAN - 1.01.2.22.0.00.01.0000,3032373,50635527,2024,Tender,APBD,CV. NAKHA ACINTYA,Tender,Pekerjaan Konstruksi,PEMBANGUNAN RUANG LABORATORIUM KOMPUTER BESERTA PERABOTNYA (DAK) SD NEGERI 404 BRONJONG,SELESAI,240981142,240981142
KAB. MANDAILING NATAL,DINAS KESEHATAN - 1.02.0.00.0.00.02.0000,10056257,51356108,2024,E-Katalog 5.0,APBD,PT.Phapros Tbk,E-Purchasing,Pengadaan Barang,Lidocaine Hydrochloride/ Lidocaine/ Lidocain/ Lidokain injeksi 2%,PROSES KONTRAK PPK,6993000,6993000
KAB. MANDAILING NATAL,RUMAH SAKIT UMUM DAERAH PANYABUNGAN - 1.02.0.00.0.00.02.0001,10880271,51459102,2024,E-Katalog 5.0,BLUD,P.T. Dexa Medica,E-Purchasing,Pengadaan Barang,Fenitoin/ Phenytoin Sodium Injeksi 50 mg/ml (100 mg/ 2 mL),MELAKUKAN PENGIRIMAN DAN PENERIMAAN,383200,383200
KAB. MANDAILING NATAL,DINAS PEKERJAAN UMUM DAN PENATAAN RUANG - 1.03.0.00.0.00.03.0000,8977494,49523783,2024,E-Katalog 5.0,APBD,PT. GASHABAT SUKSES MANDIRI,E-Purchasing,Pengadaan Barang,LASTON LAPIS AUS (AC-WC),PAKET SELESAI,1297321000,1297321000
KAB. MANDAILING NATAL,DINAS KESEHATAN - 1.02.0.00.0.00.02.0000,10031751,51356108,2024,E-Katalog 5.0,APBD,PT. MARIN LIZA FARMASI,E-Purchasing,Pengadaan Barang,Fitomenadion/ Phytomenadion (Vitamin K1) tablet/kapsul/kaplet 10 mg,PROSES KONTRAK PPK,1672000,1672000
KAB. MANDAILING NATAL,DINAS PENDIDIKAN DAN KEBUDAYAAN - 1.01.2.22.0.00.01.0000,3007373,50635534,2024,Tender,APBD,CV. IKHWAN FIRDAUS,Tender,Pekerjaan Konstruksi,PEMBANGUNAN RUANG LABORATORIUM KOMPUTER BESERTA PERABOTNYA (DAK) SD NEGERI 071 TANJUNG MOMPANG,SELESAI,219777442,219777442
KAB. MANDAILING NATAL,RUMAH SAKIT UMUM DAERAH PANYABUNGAN - 1.02.0.00.0.00.02.0001,11218016,53529595,2024,E-Katalog 5.0,BLUD,PT.Elsyahfi Calibratech Mandiri,E-Purchasing,Pengadaan Barang,Jasa Pengujian dan Kalibrasi Mobile X ray,MELAKUKAN PENGIRIMAN DAN PENERIMAAN,2125000,2125000
KAB. MANDAILING NATAL,RUMAH SAKIT UMUM DAERAH PANYABUNGAN - 1.02.0.00.0.00.02.0001,11218016,53529595,2024,E-Katalog 5.0,BLUD,PT.Elsyahfi Calibratech Mandiri,E-Purchasing,Pengadaan Barang,Mikropipete,MELAKUKAN PENGIRIMAN DAN PENERIMAAN,6472000,6472000
KAB. MANDAILING NATAL,DINAS PEKERJAAN UMUM DAN PENATAAN RUANG - 1.03.0.00.0.00.03.0000,3862373,49522812,2024,Non Tender,APBD,CV. PUTRA BARINGIN GROUP,Pengadaan Langsung,Pekerjaan Konstruksi,Lanjutan Pembangunan Jembatan Gantung/Rambin Huta Julu Kec. Huta Bargot,SELESAI,198749102,198749102
KAB. MANDAILING NATAL,RUMAH SAKIT UMUM DAERAH PANYABUNGAN - 1.02.0.00.0.00.02.0001,9479636,51411949,2024,E-Katalog 5.0,APBD,PT. HOSPI NIAGA UTAMA,E-Purchasing,Pengadaan Barang,AXIO Suction Pump AXIO MAXI,MELAKUKAN PENGIRIMAN DAN PENERIMAAN,88722000,88722000
KAB. MANDAILING NATAL,DINAS PERTANIAN - 3.27.0.00.0.00.22.0000,3916373,49545786,2024,Non Tender,APBD,CV. HABIBI PRATAMA,Pengadaan Langsung,Pekerjaan Konstruksi,Pembangunan/Rehabilitasi Jaringan Irigasi Desa Lumban Pasir Kec. Panyabungan,SELESAI,78972001,78972001
KAB. MANDAILING NATAL,DINAS KESEHATAN - 1.02.0.00.0.00.02.0000,10102761,51356108,2024,E-Katalog 5.0,APBD,PT.Imfarmind Farmasi Industri,E-Purchasing,Pengadaan Barang,Zinc sulfate/ Zinc sulfate monohydrate/Zinc/ Zinc tablet dispersible 20 mg,MELAKUKAN PENGIRIMAN DAN PENERIMAAN,1210000,1210000
KAB. MANDAILING NATAL,RUMAH SAKIT UMUM DAERAH PANYABUNGAN - 1.02.0.00.0.00.02.0001,10656133,51459102,2024,E-Katalog 5.0,BLUD,P.T. Dexa Medica,E-Purchasing,Pengadaan Barang,"Levofloxacin hemihydrate/ Levofloxacin/ Levofloksasin inf 5 mg/mL, 100 mL",MELAKUKAN PENGIRIMAN DAN PENERIMAAN,11750000,11750000
KAB. MANDAILING NATAL,DINAS PENDIDIKAN DAN KEBUDAYAAN - 1.01.2.22.0.00.01.0000,3997373,51891826,2024,Non Tender,APBD,SYAIFUL ANWAR DAULAY,Pengadaan Langsung,Jasa Konsultansi Perorangan Konstruksi,Belanja Jasa Konsultan Pengawasan - PAUD,SELESAI,6400000,6400000
KAB. MANDAILING NATAL,RUMAH SAKIT UMUM DAERAH PANYABUNGAN - 1.02.0.00.0.00.02.0001,9335687,51459102,2024,E-Katalog 5.0,BLUD,P.T. Dexa Medica,E-Purchasing,Pengadaan Barang,Gabapentin tablet/kapsul/kaplet 300 mg,MELAKUKAN PENGIRIMAN DAN PENERIMAAN,2280000,2280000
KAB. MANDAILING NATAL,RUMAH SAKIT UMUM DAERAH PANYABUNGAN - 1.02.0.00.0.00.02.0001,9451608,51411949,2024,E-Katalog 5.0,APBD,PT Gerlink Utama Mandiri,E-Purchasing,Pengadaan Barang,GERLINK GL ECS 01 - VARIAN 27 Endoskopi THT,MELAKUKAN PENGIRIMAN DAN PENERIMAAN,2270000000,2270000000
KAB. MANDAILING NATAL,DINAS PENDIDIKAN DAN KEBUDAYAAN - 1.01.2.22.0.00.01.0000,10897926,53328247,2024,E-Katalog 5.0,APBD,CV. PARADISE PARK,E-Purchasing,Pengadaan Barang,Tas Punggung Ransel,MELAKUKAN PENGIRIMAN DAN PENERIMAAN,20972000,20972000
KAB. MANDAILING NATAL,RUMAH SAKIT UMUM DAERAH PANYABUNGAN - 1.02.0.00.0.00.02.0001,10406335,51459102,2024,E-Katalog 5.0,BLUD,PT. Holi Pharma,E-Purchasing,Pengadaan Barang,Ibuprofen susp 100 mg/5 mL,MELAKUKAN PENGIRIMAN DAN PENERIMAAN,934800,934800
KAB. MANDAILING NATAL,DINAS KESEHATAN - 1.02.0.00.0.00.02.0000,9579579,51356108,2024,E-Katalog 5.0,APBD,PT. TRIFA RAYA LABORATORIES,E-Purchasing,Pengadaan Barang,Guaifenesin 100 mg,PROSES KONTRAK PPK,10000000,10000000
KAB. MANDAILING NATAL,DINAS KESEHATAN - 1.02.0.00.0.00.02.0000,9329172,51356109,2024,E-Katalog 5.0,APBD,PT MAKMUR JAYA HEALTHINDO,E-Purchasing,Pengadaan Barang,QILAN Surgical Face Mask 3 Ply Earloop,MELAKUKAN PENGIRIMAN DAN PENERIMAAN,55000000,55000000
KAB. MANDAILING NATAL,DINAS PENANAMAN MODAL DAN PELAYANAN TERPADU SATU PINTU - 2.18.0.00.0.00.17.0000,9553024,51662205,2024,E-Katalog 5.0,APBD,CV. NAMBURAK,E-Purchasing,Pengadaan Barang,MEJA KERJA OPERATOR,PROSES KONTRAK PPK,3400000,3400000
KAB. MANDAILING NATAL,RUMAH SAKIT UMUM DAERAH PANYABUNGAN - 1.02.0.00.0.00.02.0001,9164083,51459105,2024,E-Katalog 5.0,BLUD,SANSICO NATURA RESOURCES,E-Purchasing,Pengadaan Barang,d3TEKS1 HIV 1/2 Antibody Rapid Test (3 Lines),MELAKUKAN PENGIRIMAN DAN PENERIMAAN,3894000,3894000
KAB. MANDAILING NATAL,DINAS PENANAMAN MODAL DAN PELAYANAN TERPADU SATU PINTU - 2.18.0.00.0.00.17.0000,8975458,51278612,2024,E-Katalog 5.0,APBD,CV. VIRGO WIRA PERKASA,E-Purchasing,Pengadaan Barang,L1300 A3 Ink Tank Printer,PAKET SELESAI,20460000,0
KAB. MANDAILING NATAL,RUMAH SAKIT UMUM DAERAH PANYABUNGAN - 1.02.0.00.0.00.02.0001,10069801,51459102,2024,E-Katalog 5.0,BLUD,PT. Mersifarma Tirmaku Mercusana,E-Purchasing,Pengadaan Barang,Kalsium laktat (kalk) tab 500 mg,MELAKUKAN PENGIRIMAN DAN PENERIMAAN,43000,43000
KAB. MANDAILING NATAL,DINAS PEKERJAAN UMUM DAN PENATAAN RUANG - 1.03.0.00.0.00.03.0000,8946540,49523780,2024,E-Katalog 5.0,APBD,PT. RONA NAMORA,E-Purchasing,Pengadaan Barang,Galian Batu,PAKET SELESAI,0,0
KAB. MANDAILING NATAL,RUMAH SAKIT UMUM DAERAH PANYABUNGAN - 1.02.0.00.0.00.02.0001,9739868,51459104,2024,E-Katalog 5.0,BLUD,Andreas Karya Terbesar,E-Purchasing,Pengadaan Barang,"BICARBONAT BUBUK HEMODIALYSIS, VITALCARE",MELAKUKAN PENGIRIMAN DAN PENERIMAAN,28971000,28971000
KAB. MANDAILING NATAL,DINAS PEMUDA DAN OLAHRAGA - 2.19.0.00.0.00.18.0000,9243448,50855612,2024,E-Katalog 5.0,APBD,CV. PUTRA DOLOK SIHITE,E-Purchasing,Pengadaan Barang,KUSTUM BOLA KAKI,MELAKUKAN PENGIRIMAN DAN PENERIMAAN,77500000,77500000
KAB. MANDAILING NATAL,RUMAH SAKIT UMUM DAERAH PANYABUNGAN - 1.02.0.00.0.00.02.0001,10312283,51459102,2024,E-Katalog 5.0,BLUD,PT. Kimia Farma Tbk,E-Purchasing,Pengadaan Barang,"Gliseril trinitrat kaps lepas lambat 2,5 mg",MELAKUKAN PENGIRIMAN DAN PENERIMAAN,36420000,36420000
KAB. MANDAILING NATAL,DINAS KESEHATAN - 1.02.0.00.0.00.02.0000,10081614,51356108,2024,E-Katalog 5.0,APBD,PT. Holi Pharma,E-Purchasing,Pengadaan Barang,Chloramphenicol/ Chloramphenicol palmitate/ Kloramfenikol suspensi 125 mg/ 5 ml,MELAKUKAN PENGIRIMAN DAN PENERIMAAN,44935000,44935000
KAB. MANDAILING NATAL,BADAN PENGELOLAAN KEUANGAN DAN ASET DAERAH - 5.02.0.00.0.00.27.0000,4068373,49171543,2024,Non Tender,APBD,CV. KREASI KENANGA,Pengadaan Langsung,Pengadaan Barang,Belanja Alat/Bahan untuk Kegiatan Kantor- Alat Tulis Kantor,SELESAI,91014450,91014450
KAB. MANDAILING NATAL,RUMAH SAKIT UMUM DAERAH PANYABUNGAN - 1.02.0.00.0.00.02.0001,9138905,51459102,2024,E-Katalog 5.0,BLUD,PT. Mersifarma Tirmaku Mercusana,E-Purchasing,Pengadaan Barang,Haloperidol inj 5 mg/mL (i.m.),MELAKUKAN PENGIRIMAN DAN PENERIMAAN,23592,23592
KAB. MANDAILING NATAL,DINAS PENANAMAN MODAL DAN PELAYANAN TERPADU SATU PINTU - 2.18.0.00.0.00.17.0000,8975458,51278612,2024,E-Katalog 5.0,APBD,CV. VIRGO WIRA PERKASA,E-Purchasing,Pengadaan Barang,DCP-T820DW Printer Ink Tank,PAKET SELESAI,51800000,0
KAB. MANDAILING NATAL,BADAN PENGELOLAAN KEUANGAN DAN ASET DAERAH - 5.02.0.00.0.00.27.0000,3890373,49066697,2024,Non Tender,APBD,CV. INOVASI GEMILANG,Pengadaan Langsung,Pengadaan Barang,Belanja Modal Meja Kerja Pejabat,SELESAI,197025000,197025000
KAB. MANDAILING NATAL,DINAS PERTANIAN - 3.27.0.00.0.00.22.0000,3918373,49587932,2024,Non Tender,APBD,CV. SILANDORUNG CO,Pengadaan Langsung,Pekerjaan Konstruksi,Pembangunan/Rehabilitasi Jalan Usaha Tani/Jalan Produksi Desa Gunung Baringin Kec. Panyabungan Timur,SELESAI,101530000,101530000
KAB. MANDAILING NATAL,RUMAH SAKIT UMUM DAERAH PANYABUNGAN - 1.02.0.00.0.00.02.0001,9169085,51459106,2024,E-Katalog 5.0,BLUD,PT Sinaraya Nugraha Ahmadaris Medika,E-Purchasing,Pengadaan Barang,10 cm x 5 m,MELAKUKAN PENGIRIMAN DAN PENERIMAAN,9240000,9240000
KAB. MANDAILING NATAL,DINAS KESEHATAN - 1.02.0.00.0.00.02.0000,10032072,51356108,2024,E-Katalog 5.0,APBD,PT.ERELA,E-Purchasing,Pengadaan Barang,"Gentamisin/ Gentamycin / Gentamycin sulfate tetes mata 0,3%",PROSES KONTRAK PPK,4638240,4638240
KAB. MANDAILING NATAL,DINAS PENDIDIKAN DAN KEBUDAYAAN - 1.01.2.22.0.00.01.0000,4054373,50635812,2024,Non Tender,APBD,PT.REPUBLIC ENGINEERING CONSULTANT,Pengadaan Langsung,Jasa Konsultansi Badan Usaha Konstruksi,JASA KONSULTAN PENGAWASAN REHABILITASI RUANG KELAS,SELESAI,49977750,49977750
KAB. MANDAILING NATAL,DINAS PEKERJAAN UMUM DAN PENATAAN RUANG - 1.03.0.00.0.00.03.0000,8946540,49523780,2024,E-Katalog 5.0,APBD,PT. RONA NAMORA,E-Purchasing,Pengadaan Barang,Marka Jalan Termoplastik,PAKET SELESAI,67190400,67190400
KAB. MANDAILING NATAL,RUMAH SAKIT UMUM DAERAH PANYABUNGAN - 1.02.0.00.0.00.02.0001,10461355,51459102,2024,E-Katalog 5.0,BLUD,PT. Kimia Farma Tbk,E-Purchasing,Pengadaan Barang,Kodein tab 10 mg,MELAKUKAN PENGIRIMAN DAN PENERIMAAN,6600000,6600000
KAB. MANDAILING NATAL,RUMAH SAKIT UMUM DAERAH PANYABUNGAN - 1.02.0.00.0.00.02.0001,11218016,53529595,2024,E-Katalog 5.0,BLUD,PT.Elsyahfi Calibratech Mandiri,E-Purchasing,Pengadaan Barang,Jasa Pengujian dan/atau Kalibrasi Timbangan Dewasa - Mekanik dan Digital,MELAKUKAN PENGIRIMAN DAN PENERIMAAN,276000,276000
KAB. MANDAILING NATAL,RUMAH SAKIT UMUM DAERAH PANYABUNGAN - 1.02.0.00.0.00.02.0001,9958133,51459105,2024,E-Katalog 5.0,BLUD,PT INTERSKALA MEDIKA INDONESIA,E-Purchasing,Pengadaan Barang,hCG Pregnancy Rapid Test,MELAKUKAN PENGIRIMAN DAN PENERIMAAN,840000,840000
KAB. MANDAILING NATAL,RUMAH SAKIT UMUM DAERAH PANYABUNGAN - 1.02.0.00.0.00.02.0001,10880143,51459102,2024,E-Katalog 5.0,BLUD,P.T. Dexa Medica,E-Purchasing,Pengadaan Barang,Kandesartan tab 16 mg,MELAKUKAN PENGIRIMAN DAN PENERIMAAN,2772000,2772000
KAB. MANDAILING NATAL,DINAS PEKERJAAN UMUM DAN PENATAAN RUANG - 1.03.0.00.0.00.03.0000,4121373,52657541,2024,Non Tender,APBD,HQ PRATAMA CONSULTANT,Pengadaan Langsung,Jasa Konsultansi Badan Usaha Non Konstruksi,Penyusunan Dokumen Perencanaan Jembatan,SELESAI,99850000,99850000
KAB. MANDAILING NATAL,RUMAH SAKIT UMUM DAERAH PANYABUNGAN - 1.02.0.00.0.00.02.0001,11218016,53529595,2024,E-Katalog 5.0,BLUD,PT.Elsyahfi Calibratech Mandiri,E-Purchasing,Pengadaan Barang,Inkubator Laboratory,MELAKUKAN PENGIRIMAN DAN PENERIMAAN,597000,597000
KAB. MANDAILING NATAL,DINAS KESEHATAN - 1.02.0.00.0.00.02.0000,9389371,51356107,2024,E-Katalog 5.0,APBD,PT Axion Jaya Alkesindo,E-Purchasing,Pengadaan Barang,KASA HIDROFIL VERBAND 4 YARD X 15 CM,MELAKUKAN PENGIRIMAN DAN PENERIMAAN,20500000,20500000
KAB. MANDAILING NATAL,DINAS PENDIDIKAN DAN KEBUDAYAAN - 1.01.2.22.0.00.01.0000,4040373,50635351,2024,Non Tender,APBD,CV. CHANTIKA LESTARI,Pengadaan Langsung,Pekerjaan Konstruksi,PEMBANGUNAN RUANG UKS BESERTA PERABOTNYA (DAK) SD NEGERI 316 RANTO PANJANG,SELESAI,150975011,150975011
KAB. MANDAILING NATAL,RUMAH SAKIT UMUM DAERAH PANYABUNGAN - 1.02.0.00.0.00.02.0001,11218016,53529595,2024,E-Katalog 5.0,BLUD,PT.Elsyahfi Calibratech Mandiri,E-Purchasing,Pengadaan Barang,Autoclave / Steam Sterilizer,MELAKUKAN PENGIRIMAN DAN PENERIMAAN,337000,337000
KAB. MANDAILING NATAL,DINAS PEKERJAAN UMUM DAN PENATAAN RUANG - 1.03.0.00.0.00.03.0000,3818373,49550210,2024,Non Tender,APBD,Reyza suhariyanto,Pengadaan Langsung,Jasa Konsultansi Perorangan Konstruksi,Konsultan Pengawasan Peningkatan SPAM Jaringan Perpipaan di Desa Muara Potan Kec. Kotanopan,SELESAI,80097600,80097600
KAB. MANDAILING NATAL,DINAS KESEHATAN - 1.02.0.00.0.00.02.0000,10102642,51356108,2024,E-Katalog 5.0,APBD,PT. Kimia Farma Tbk,E-Purchasing,Pengadaan Barang,Ketokonazol/ Ketoconazole krim 2%,MELAKUKAN PENGIRIMAN DAN PENERIMAAN,17935000,17935000
KAB. MANDAILING NATAL,DINAS KESEHATAN - 1.02.0.00.0.00.02.0000,9336331,51356109,2024,E-Katalog 5.0,APBD,PT Axion Jaya Alkesindo,E-Purchasing,Pengadaan Barang,KASA HIDROFIL VERBAND 4 YARD X 10 CM,MELAKUKAN PENGIRIMAN DAN PENERIMAAN,30282000,30282000
KAB. MANDAILING NATAL,RUMAH SAKIT UMUM DAERAH DR. HUSNI THAMRIN - 1.02.0.00.0.00.02.0002,4139373,51369178,2024,Non Tender,APBD,CV. SINGOLOT MANIKAM PERSADA,Pengadaan Langsung,Pekerjaan Konstruksi,Belanja Gedung dan Bangunan-Bangunan Gedung-Bangunan Gedung Tempat Tinggal-Rumah Negara Golongan I-Rehabilitasi Rumah Dinas RSUD dr. Husni Thamrin,SELESAI,91900000,91900000
KAB. MANDAILING NATAL,DINAS KESEHATAN - 1.02.0.00.0.00.02.0000,9497438,51356109,2024,E-Katalog 5.0,APBD,PT. Likuid Pharmalab Indonesia,E-Purchasing,Pengadaan Barang,BAYGEL Ultrasound Transmission Gel 250 ml,MELAKUKAN PENGIRIMAN DAN PENERIMAAN,22499296,22499296
KAB. MANDAILING NATAL,RUMAH SAKIT UMUM DAERAH PANYABUNGAN - 1.02.0.00.0.00.02.0001,9362805,51411949,2024,E-Katalog 5.0,APBD,PT. INDOMEDIK NIAGA PERKASA,E-Purchasing,Pengadaan Barang,ECG Machine 12 Ch TEC 501,MELAKUKAN PENGIRIMAN DAN PENERIMAAN,242000000,242000000
KAB. MANDAILING NATAL,RUMAH SAKIT UMUM DAERAH PANYABUNGAN - 1.02.0.00.0.00.02.0001,11218016,53529595,2024,E-Katalog 5.0,BLUD,PT.Elsyahfi Calibratech Mandiri,E-Purchasing,Pengadaan Barang,JASA PENGUJIAN DAN/ATAU KALIBRASI PHOTOTHERAPY / BLUE LIGHT THERAPY,MELAKUKAN PENGIRIMAN DAN PENERIMAAN,499000,499000
KAB. MANDAILING NATAL,DINAS PEKERJAAN UMUM DAN PENATAAN RUANG - 1.03.0.00.0.00.03.0000,8894384,49523781,2024,E-Katalog 5.0,APBD,DEMBAN SIMPAR JAYA,E-Purchasing,Pengadaan Barang,Galian Biasa,PAKET SELESAI,241329900,241329900
KAB. MANDAILING NATAL,RUMAH SAKIT UMUM DAERAH PANYABUNGAN - 1.02.0.00.0.00.02.0001,11049722,51459104,2024,E-Katalog 5.0,BLUD,Andreas Karya Terbesar,E-Purchasing,Pengadaan Barang,"BICARBONAT BUBUK HEMODIALYSIS, VITALCARE",MELAKUKAN PENGIRIMAN DAN PENERIMAAN,28971000,28971000
KAB. MANDAILING NATAL,DINAS PEKERJAAN UMUM DAN PENATAAN RUANG - 1.03.0.00.0.00.03.0000,9488222,51781735,2024,E-Katalog 5.0,APBD,KENANGA MULTI TRADE,E-Purchasing,Pengadaan Barang,BAJU KAOS KERAH SABLON,VERIFIKASI PENYELESAIAN PAKET,71121000,71121000
KAB. MANDAILING NATAL,RUMAH SAKIT UMUM DAERAH PANYABUNGAN - 1.02.0.00.0.00.02.0001,10009116,51459102,2024,E-Katalog 5.0,BLUD,PT.Bernofarm,E-Purchasing,Pengadaan Barang,Cotrimoxazole/ Cotrimoksazole/ Kotrimoksazol (anak) kombinasi tiap 5 ml suspensi: sulfametoksazol 200 mg + trimetoprim 40 mg,MELAKUKAN PENGIRIMAN DAN PENERIMAAN,245750,245750
KAB. MANDAILING NATAL,RUMAH SAKIT UMUM DAERAH PANYABUNGAN - 1.02.0.00.0.00.02.0001,10382604,51459105,2024,E-Katalog 5.0,BLUD,ANUGERAH TETAP MAKMUR,E-Purchasing,Pengadaan Barang,OneLyte Reagent Pack,MELAKUKAN PENGIRIMAN DAN PENERIMAAN,10033204,0
KAB. MANDAILING NATAL,RUMAH SAKIT UMUM DAERAH PANYABUNGAN - 1.02.0.00.0.00.02.0001,10880271,51459102,2024,E-Katalog 5.0,BLUD,P.T. Dexa Medica,E-Purchasing,Pengadaan Barang,Omeprazol/Omeprazole/ Omeoprazole Sodium inj 40 mg,MELAKUKAN PENGIRIMAN DAN PENERIMAAN,15900000,15900000
KAB. MANDAILING NATAL,DINAS PENDIDIKAN DAN KEBUDAYAAN - 1.01.2.22.0.00.01.0000,9974996,52150713,2024,E-Katalog 5.0,APBD,CV. KREATIFITAS CEMERLANG,E-Purchasing,Pengadaan Barang,PUZZLE ANGKA,MELAKUKAN PENGIRIMAN DAN PENERIMAAN,4100000,4100000
KAB. MANDAILING NATAL,RUMAH SAKIT UMUM DAERAH PANYABUNGAN - 1.02.0.00.0.00.02.0001,10245049,51459102,2024,E-Katalog 5.0,BLUD,PT.Bernofarm,E-Purchasing,Pengadaan Barang,PIRACETAM 800 mg KSS,MELAKUKAN PENGIRIMAN DAN PENERIMAAN,3516000,3516000
KAB. MANDAILING NATAL,DINAS PENDIDIKAN DAN KEBUDAYAAN - 1.01.2.22.0.00.01.0000,3941373,50635361,2024,Non Tender,APBD,CV. AULIA RIZKI PRATAMA,Pengadaan Langsung,Pekerjaan Konstruksi,PEMBANGUNAN RUANG UKS BESERTA PERABOTNYA (DAK)  SD NEGERI 184 HUTATONGA,SELESAI,150000000,150000000
KAB. MANDAILING NATAL,DINAS KESEHATAN - 1.02.0.00.0.00.02.0000,9623623,51355955,2024,E-Katalog 5.0,APBD,PT. SINKO PRIMA ALLOY,E-Purchasing,Pengadaan Barang,KERTAS ECG / ROLL PAPER - ROLL PAPER FOR ECG-1200G,MELAKUKAN PENGIRIMAN DAN PENERIMAAN,20316000,20316000
KAB. MANDAILING NATAL,DINAS PENDIDIKAN DAN KEBUDAYAAN - 1.01.2.22.0.00.01.0000,4006373,50635808,2024,Non Tender,APBD,CV. ANUGRAH KARYA ABADI,Pengadaan Langsung,Pekerjaan Konstruksi,REHABILITASI RUANG KELAS SD NEGERI 125 TEBINGTINGGI,SELESAI,139000000,139000000
KAB. MANDAILING NATAL,DINAS KESEHATAN - 1.02.0.00.0.00.02.0000,10103239,51356108,2024,E-Katalog 5.0,APBD,PT COMAL MULIA ABADI,E-Purchasing,Pengadaan Barang,"NEO DIAFORM TAB / Kaolin 550 mg, pectin 20 mg.",MELAKUKAN PENGIRIMAN DAN PENERIMAAN,3600000,3600000
KAB. MANDAILING NATAL,DINAS PENDIDIKAN DAN KEBUDAYAAN - 1.01.2.22.0.00.01.0000,3020373,50635538,2024,Tender,APBD,CV. CENTRAL GRAFIKA PRINT,Tender,Pekerjaan Konstruksi,PEMBANGUNAN RUANG LABORATORIUM KOMPUTER BESERTA PERABOTNYA (DAK) SD NEGERI 119 PANCINARAN,SELESAI,214424777,214424777
KAB. MANDAILING NATAL,RUMAH SAKIT UMUM DAERAH PANYABUNGAN - 1.02.0.00.0.00.02.0001,10656133,51459102,2024,E-Katalog 5.0,BLUD,P.T. Dexa Medica,E-Purchasing,Pengadaan Barang,Sucralfate/ Sukralfat susp 500 mg/5 mL,MELAKUKAN PENGIRIMAN DAN PENERIMAAN,22500000,22500000
KAB. MANDAILING NATAL,RUMAH SAKIT UMUM DAERAH PANYABUNGAN - 1.02.0.00.0.00.02.0001,10355084,51459102,2024,E-Katalog 5.0,BLUD,Andreas Karya Terbesar,E-Purchasing,Pengadaan Barang,VITAL CARE Hollow Fiber Dialyzer 17 (H Series),MELAKUKAN PENGIRIMAN DAN PENERIMAAN,45232500,45232500
KAB. MANDAILING NATAL,RUMAH SAKIT UMUM DAERAH PANYABUNGAN - 1.02.0.00.0.00.02.0001,9097292,51459102,2024,E-Katalog 5.0,BLUD,PT.Bernofarm,E-Purchasing,Pengadaan Barang,Simvastatin tablet/kapsul/kaplet 10 mg,MELAKUKAN PENGIRIMAN DAN PENERIMAAN,235000,235000
KAB. MANDAILING NATAL,BADAN PENGELOLAAN KEUANGAN DAN ASET DAERAH - 5.02.0.00.0.00.27.0000,3929373,49350949,2024,Non Tender,APBD,CV. TIARA CIDORAS,Pengadaan Langsung,Pengadaan Barang,Belanja Alat/Bahan untuk Kegiatan Kantor-Alat Tulis Kantor,SELESAI,73548600,73548600
KAB. MANDAILING NATAL,RUMAH SAKIT UMUM DAERAH PANYABUNGAN - 1.02.0.00.0.00.02.0001,11218016,53529595,2024,E-Katalog 5.0,BLUD,PT.Elsyahfi Calibratech Mandiri,E-Purchasing,Pengadaan Barang,HEMATOLOGY ANALYZER,MELAKUKAN PENGIRIMAN DAN PENERIMAAN,467000,467000
KAB. MANDAILING NATAL,DINAS PENDIDIKAN DAN KEBUDAYAAN - 1.01.2.22.0.00.01.0000,9752765,52011912,2024,E-Katalog 5.0,APBD,CV. FAMILY ARTA GRAHA MANDIRI,E-Purchasing,Pengadaan Barang,Kursi Pejabat,MELAKUKAN PENGIRIMAN DAN PENERIMAAN,58520000,58520000
KAB. MANDAILING NATAL,RUMAH SAKIT UMUM DAERAH PANYABUNGAN - 1.02.0.00.0.00.02.0001,11218016,53529595,2024,E-Katalog 5.0,BLUD,PT.Elsyahfi Calibratech Mandiri,E-Purchasing,Pengadaan Barang,Infra Red lamp,MELAKUKAN PENGIRIMAN DAN PENERIMAAN,1018000,1018000
KAB. MANDAILING NATAL,RUMAH SAKIT UMUM DAERAH PANYABUNGAN - 1.02.0.00.0.00.02.0001,9205717,51459106,2024,E-Katalog 5.0,BLUD,PT.GLOBAL DISPOMEDIKA,E-Purchasing,Pengadaan Barang,METRA Gloves Latex Surgical Sterile Powdered Size 7.5,MELAKUKAN PENGIRIMAN DAN PENERIMAAN,1665000,1665000
KAB. MANDAILING NATAL,BADAN PENGELOLAAN KEUANGAN DAN ASET DAERAH - 5.02.0.00.0.00.27.0000,3889373,49067472,2024,Non Tender,APBD,CV. INOVASI GEMILANG,Pengadaan Langsung,Pengadaan Barang,Belanja Modal Kursi Kerja Pejabat,SELESAI,167288100,167288100
KAB. MANDAILING NATAL,DINAS KESEHATAN - 1.02.0.00.0.00.02.0000,9525257,51356109,2024,E-Katalog 5.0,APBD,PT. Djembatan Dua,E-Purchasing,Pengadaan Barang,STARDEC DecaFix 10 CM X 5 M,MELAKUKAN PENGIRIMAN DAN PENERIMAAN,46500000,46500000
KAB. MANDAILING NATAL,RUMAH SAKIT UMUM DAERAH DR. HUSNI THAMRIN - 1.02.0.00.0.00.02.0002,4055373,51354244,2024,Non Tender,APBD,CV. EFOD DESIGN CONSULTANT,Pengadaan Langsung,Jasa Konsultansi Badan Usaha Konstruksi,Belanja Jasa Tenaga Ahli-Jasa Konsutan Pengawasan Pembangunan Rawat Inap Kelas (KRIS) (1 Kegiatan),SELESAI,49839000,49839000
KAB. MANDAILING NATAL,DINAS PEKERJAAN UMUM DAN PENATAAN RUANG - 1.03.0.00.0.00.03.0000,8941316,49523772,2024,E-Katalog 5.0,APBD,DEMBAN SIMPAR JAYA,E-Purchasing,Pengadaan Barang,Penyiapan Badan Jalan,PAKET SELESAI,33019375,33019375
KAB. MANDAILING NATAL,RUMAH SAKIT UMUM DAERAH PANYABUNGAN - 1.02.0.00.0.00.02.0001,9648463,51459102,2024,E-Katalog 5.0,BLUD,PT. Hexpharm Jaya Laboratories,E-Purchasing,Pengadaan Barang,Ranitidine hydrochloride (HCl)/ Ranitidin injeksi 25 mg/ml,MELAKUKAN PENGIRIMAN DAN PENERIMAAN,5850000,5850000
KAB. MANDAILING NATAL,DINAS KESEHATAN - 1.02.0.00.0.00.02.0000,10033389,51356108,2024,E-Katalog 5.0,APBD,PT Ethica Industri Farmasi,E-Purchasing,Pengadaan Barang,Epinefrin/ Epinephrine (Adrenalin) injeksi 1 mg/mL,PROSES KONTRAK PPK,19680000,19680000
KAB. MANDAILING NATAL,DINAS PEKERJAAN UMUM DAN PENATAAN RUANG - 1.03.0.00.0.00.03.0000,8978133,49523782,2024,E-Katalog 5.0,APBD,PT. GASHABAT SUKSES MANDIRI,E-Purchasing,Pengadaan Barang,"BETON STRUKTUR, FC 20 MPa",PAKET SELESAI,439481000,439481000
KAB. MANDAILING NATAL,DINAS PERUMAHAN RAKYAT DAN KAWASAN PERMUKIMAN SERTA PERTANAHAN - 1.04.2.10.0.00.04.0000,3792373,49936995,2024,Non Tender,APBD,CV. SIMETRIS PULUNGINDO UTAMA,Pengadaan Langsung,Jasa Konsultansi Badan Usaha Non Konstruksi,Pembuatan DED PSU Kawasan Kumuh Desa Gunung Tua Jae Kec. Panyabungan,SELESAI,71500650,71500650
KAB. MANDAILING NATAL,RUMAH SAKIT UMUM DAERAH PANYABUNGAN - 1.02.0.00.0.00.02.0001,9098725,51459102,2024,E-Katalog 5.0,BLUD,P.T. Dexa Medica,E-Purchasing,Pengadaan Barang,"Lactulose/ Laktulosa sir 3,335 g/5 mL",MELAKUKAN PENGIRIMAN DAN PENERIMAAN,5415600,5415600
KAB. MANDAILING NATAL,RUMAH SAKIT UMUM DAERAH PANYABUNGAN - 1.02.0.00.0.00.02.0001,10761518,51459102,2024,E-Katalog 5.0,BLUD,PT. Kimia Farma Tbk,E-Purchasing,Pengadaan Barang,Pethidine hydrochloride/ Petidin inj 50 mg/mL (i.m./i.v.),MELAKUKAN PENGIRIMAN DAN PENERIMAAN,1179500,1179500
KAB. MANDAILING NATAL,DINAS PENDIDIKAN DAN KEBUDAYAAN - 1.01.2.22.0.00.01.0000,3018373,50635555,2024,Tender,APBD,CV. MUTIARA MUTIARA ABADI,Tender,Pekerjaan Konstruksi,PEMBANGUNAN RUANG LABORATORIUM KOMPUTER BESERTA PERABOTNYA (DAK) SD NEGERI 360 PERKEBUNAN PATILUBAN,SELESAI,213269216,213269216
KAB. MANDAILING NATAL,DINAS KEPENDUDUKAN DAN PENCATATAN SIPIL - 2.12.0.00.0.00.11.0000,8936316,49512270,2024,E-Katalog 5.0,APBD,PT. TRIKREASINDO MANDIRI SENTOSA,E-Purchasing,Pengadaan Barang,HDP FILM HDP5000/5600 E-KTP 075203-056,PROSES KONTRAK PPK,57240000,0
KAB. MANDAILING NATAL,DINAS PERUMAHAN RAKYAT DAN KAWASAN PERMUKIMAN SERTA PERTANAHAN - 1.04.2.10.0.00.04.0000,3854373,49936998,2024,Non Tender,APBD,PT. TRIJAYA UTAMA KONSULTAN,Pengadaan Langsung,Jasa Konsultansi Badan Usaha Konstruksi,Pembuatan DED PSU Kawasan Kumuh Kelurahan Panyabungan III Kec. Panyabungan,SELESAI,99234000,99234000
KAB. MANDAILING NATAL,DINAS PERHUBUNGAN - 2.15.0.00.0.00.14.0000,4078373,51739968,2024,Non Tender,APBD,CV. AULIA RIZKI PRATAMA,Pengadaan Langsung,Pengadaan Barang,Pengadaan dan Pemasangan Lampu Penerangan Jalan Umum (LPJU) Konvensional di Ruas Jalan Simp. STAIM - Jl. Prof. Andi Hakim (Komplek Sekolah STAIN Madina),SELESAI,74980500,0
KAB. MANDAILING NATAL,DINAS PERUMAHAN RAKYAT DAN KAWASAN PERMUKIMAN SERTA PERTANAHAN - 1.04.2.10.0.00.04.0000,3787373,49937001,2024,Non Tender,APBD,PT. MARGA BHUANA JAYA CONSULTANT,Pengadaan Langsung,Jasa Konsultansi Badan Usaha Non Konstruksi,Perencanaan Pembangunan / Peningkatan / Rehabilitasi PSU,SELESAI,49000506,49000506
KAB. MANDAILING NATAL,DINAS PENDIDIKAN DAN KEBUDAYAAN - 1.01.2.22.0.00.01.0000,3010373,50635533,2024,Tender,APBD,CV. HIKMAH JAYA BERSAMA,Tender,Pekerjaan Konstruksi,PEMBANGUNAN RUANG LABORATORIUM KOMPUTER BESERTA PERABOTNYA (DAK)  SD NEGERI 021 SIABU,SELESAI,239868493,239868493
KAB. MANDAILING NATAL,DINAS PEKERJAAN UMUM DAN PENATAAN RUANG - 1.03.0.00.0.00.03.0000,8977494,49523783,2024,E-Katalog 5.0,APBD,PT. GASHABAT SUKSES MANDIRI,E-Purchasing,Pengadaan Barang,Galian untuk Selokan Drainase dan Saluran Air,PAKET SELESAI,12905400,12905400
KAB. MANDAILING NATAL,DINAS KESEHATAN - 1.02.0.00.0.00.02.0000,10102221,51356108,2024,E-Katalog 5.0,APBD,PT. PHARMA LABORATORIES,E-Purchasing,Pengadaan Barang,Cefixime trihydrate/ Cefixime/ Sefiksim tablet/kapsul/kaplet 100 mg,MELAKUKAN PENGIRIMAN DAN PENERIMAAN,7180000,7180000
KAB. MANDAILING NATAL,DINAS PENDIDIKAN DAN KEBUDAYAAN - 1.01.2.22.0.00.01.0000,10898187,53328228,2024,E-Katalog 5.0,APBD,CV. IKHWAN FIRDAUS,E-Purchasing,Pengadaan Barang,Seragam Sekolah (Pramuka Laki-laki),MELAKUKAN PENGIRIMAN DAN PENERIMAAN,36024000,36024000
KAB. MANDAILING NATAL,RUMAH SAKIT UMUM DAERAH PANYABUNGAN - 1.02.0.00.0.00.02.0001,10313919,51459105,2024,E-Katalog 5.0,BLUD,PT INTERSKALA MEDIKA INDONESIA,E-Purchasing,Pengadaan Barang,Napza Test / Drug Abuse Multi Test 5 Panel (THC/MOP/AMP/METH/BZO),MELAKUKAN PENGIRIMAN DAN PENERIMAAN,14150000,14150000
KAB. MANDAILING NATAL,RUMAH SAKIT UMUM DAERAH PANYABUNGAN - 1.02.0.00.0.00.02.0001,3811373,51411394,2024,Non Tender,BLUD,PT. MARGA BHUANA JAYA CONSULTANT,Pengadaan Langsung,Jasa Konsultansi Badan Usaha Konstruksi,Perencanaan Penambahan Gedung Radiologi pada RSUD Panyabungan di Panatapan,SELESAI,49500450,49500450
KAB. MANDAILING NATAL,DINAS PENDIDIKAN DAN KEBUDAYAAN - 1.01.2.22.0.00.01.0000,10897926,53328247,2024,E-Katalog 5.0,APBD,CV. PARADISE PARK,E-Purchasing,Pengadaan Barang,Topi (Bahan Katun & Mesh),MELAKUKAN PENGIRIMAN DAN PENERIMAAN,14400000,14400000
KAB. MANDAILING NATAL,DINAS PEKERJAAN UMUM DAN PENATAAN RUANG - 1.03.0.00.0.00.03.0000,10574685,52658572,2024,E-Katalog 5.0,APBD,PT. DALIHAN NATOLU GROUP,E-Purchasing,Pengadaan Barang,Perbaikan Campuran Aspal Panas,PAKET SELESAI,344162000,344162000
KAB. MANDAILING NATAL,DINAS KESEHATAN - 1.02.0.00.0.00.02.0000,4118373,51990733,2024,Non Tender,APBD,cv. riski nauli,Pengadaan Langsung,Pekerjaan Konstruksi,Belanja Modal Bangunan Kesehatan-Renovasi dan Penambahan Ruang Puskesmas Pakantan,SELESAI,173814951,173814951
KAB. MANDAILING NATAL,RUMAH SAKIT UMUM DAERAH PANYABUNGAN - 1.02.0.00.0.00.02.0001,11049722,51459104,2024,E-Katalog 5.0,BLUD,Andreas Karya Terbesar,E-Purchasing,Pengadaan Barang,"AV FISTULA HEMODIALISE, VITALCARE",MELAKUKAN PENGIRIMAN DAN PENERIMAAN,6593400,6593400
KAB. MANDAILING NATAL,RUMAH SAKIT UMUM DAERAH PANYABUNGAN - 1.02.0.00.0.00.02.0001,11218016,53529595,2024,E-Katalog 5.0,BLUD,PT.Elsyahfi Calibratech Mandiri,E-Purchasing,Pengadaan Barang,Jasa Pengujian dan Kalibrasi Anestesi Machine,MELAKUKAN PENGIRIMAN DAN PENERIMAAN,5288000,5288000
KAB. MANDAILING NATAL,RUMAH SAKIT UMUM DAERAH PANYABUNGAN - 1.02.0.00.0.00.02.0001,10761387,51459102,2024,E-Katalog 5.0,BLUD,PT. Mersifarma Tirmaku Mercusana,E-Purchasing,Pengadaan Barang,Klorpromazin tab 100 mg,MELAKUKAN PENGIRIMAN DAN PENERIMAAN,525000,525000
KAB. MANDAILING NATAL,DINAS KESEHATAN - 1.02.0.00.0.00.02.0000,10898959,51356109,2024,E-Katalog 5.0,APBD,PT Axion Jaya Alkesindo,E-Purchasing,Pengadaan Barang,Sterile Latex Powder Free,MELAKUKAN PENGIRIMAN DAN PENERIMAAN,101148750,101148750
KAB. MANDAILING NATAL,RUMAH SAKIT UMUM DAERAH DR. HUSNI THAMRIN - 1.02.0.00.0.00.02.0002,2973373,51606300,2024,Tender,APBD,CV. MANGUN CITRA BERSAMA,Tender,Pekerjaan Konstruksi,Pembangunan Gedung Ruang Radiology,SELESAI,3455368405,3455368405
KAB. MANDAILING NATAL,DINAS KESEHATAN - 1.02.0.00.0.00.02.0000,10101056,51356108,2024,E-Katalog 5.0,APBD,NOVAPHARIN,E-Purchasing,Pengadaan Barang,Vitamin B Kompleks/ Vitamin B complex tablet,MELAKUKAN PENGIRIMAN DAN PENERIMAAN,18200000,18200000
KAB. MANDAILING NATAL,DINAS PENANAMAN MODAL DAN PELAYANAN TERPADU SATU PINTU - 2.18.0.00.0.00.17.0000,8975458,51278612,2024,E-Katalog 5.0,APBD,CV. VIRGO WIRA PERKASA,E-Purchasing,Pengadaan Barang,WorkForce DS-410 A4 Duplex Sheet-fed Document Scanner,PAKET SELESAI,5920000,0
KAB. MANDAILING NATAL,RUMAH SAKIT UMUM DAERAH PANYABUNGAN - 1.02.0.00.0.00.02.0001,10141134,51459102,2024,E-Katalog 5.0,BLUD,Andreas Karya Terbesar,E-Purchasing,Pengadaan Barang,"AV FISTULA HEMODIALISE, VITALCARE",MELAKUKAN PENGIRIMAN DAN PENERIMAAN,5494500,5494500
KAB. MANDAILING NATAL,DINAS PENDIDIKAN DAN KEBUDAYAAN - 1.01.2.22.0.00.01.0000,3022373,50635536,2024,Tender,APBD,CV. PUTRA PRATAMA,Tender,Pekerjaan Konstruksi,PEMBANGUNAN RUANG LABORATORIUM KOMPUTER BESERTA PERABOTNYA (DAK)  SD NEGERI 097 GUNUNGBARANI,SELESAI,219656501,219656501
KAB. MANDAILING NATAL,DINAS PENDIDIKAN DAN KEBUDAYAAN - 1.01.2.22.0.00.01.0000,3923373,51891816,2024,Non Tender,APBD,SYAIFUL ANWAR DAULAY,Pengadaan Langsung,Jasa Konsultansi Perorangan Konstruksi,Belanja Jasa Konsultan Perencanaan - PAUD,SELESAI,12400000,12400000
KAB. MANDAILING NATAL,RUMAH SAKIT UMUM DAERAH PANYABUNGAN - 1.02.0.00.0.00.02.0001,10656935,51459104,2024,E-Katalog 5.0,BLUD,Andreas Karya Terbesar,E-Purchasing,Pengadaan Barang,"BICARBONAT BUBUK HEMODIALYSIS, VITALCARE",MELAKUKAN PENGIRIMAN DAN PENERIMAAN,25108200,25108200
KAB. MANDAILING NATAL,RUMAH SAKIT UMUM DAERAH PANYABUNGAN - 1.02.0.00.0.00.02.0001,9098725,51459102,2024,E-Katalog 5.0,BLUD,P.T. Dexa Medica,E-Purchasing,Pengadaan Barang,Ramipril tablet/kapsul/kaplet 5 mg,MELAKUKAN PENGIRIMAN DAN PENERIMAAN,1600000,1600000
KAB. MANDAILING NATAL,DINAS KESEHATAN - 1.02.0.00.0.00.02.0000,10024578,51356108,2024,E-Katalog 5.0,APBD,PT. Kimia Farma Tbk,E-Purchasing,Pengadaan Barang,"Betametason/Betamethasone Valerate krim 0,1%",PROSES KONTRAK PPK,19980000,19980000
KAB. MANDAILING NATAL,RUMAH SAKIT UMUM DAERAH PANYABUNGAN - 1.02.0.00.0.00.02.0001,10404073,51459102,2024,E-Katalog 5.0,BLUD,PT. IFARS PHARMACEUTICAL LABORATORIES,E-Purchasing,Pengadaan Barang,Nistatin/Nystatin  suspensi 100.000 IU/mL,MELAKUKAN PENGIRIMAN DAN PENERIMAAN,2708400,2708400
KAB. MANDAILING NATAL,DINAS KESEHATAN - 1.02.0.00.0.00.02.0000,10812452,51356469,2024,E-Katalog 5.0,APBD,CV. TERMINAL PRINT,E-Purchasing,Pengadaan Barang,KALENDER 6 HALAMAN,MELAKUKAN PENGIRIMAN DAN PENERIMAAN,24000000,24000000
KAB. MANDAILING NATAL,RUMAH SAKIT UMUM DAERAH PANYABUNGAN - 1.02.0.00.0.00.02.0001,9169085,51459106,2024,E-Katalog 5.0,BLUD,PT Sinaraya Nugraha Ahmadaris Medika,E-Purchasing,Pengadaan Barang,15 cm x 5 m,MELAKUKAN PENGIRIMAN DAN PENERIMAAN,6145000,6145000
KAB. MANDAILING NATAL,DINAS PEKERJAAN UMUM DAN PENATAAN RUANG - 1.03.0.00.0.00.03.0000,8941316,49523772,2024,E-Katalog 5.0,APBD,DEMBAN SIMPAR JAYA,E-Purchasing,Pengadaan Barang,Pasangan Batu,PAKET SELESAI,53226600,53226600
KAB. MANDAILING NATAL,DINAS KESEHATAN - 1.02.0.00.0.00.02.0000,10812452,51356469,2024,E-Katalog 5.0,APBD,CV. TERMINAL PRINT,E-Purchasing,Pengadaan Barang,BUKU POSYANDU,MELAKUKAN PENGIRIMAN DAN PENERIMAAN,9791600,9791600
KAB. MANDAILING NATAL,RUMAH SAKIT UMUM DAERAH PANYABUNGAN - 1.02.0.00.0.00.02.0001,10193674,51459102,2024,E-Katalog 5.0,BLUD,PT. Hexpharm Jaya Laboratories,E-Purchasing,Pengadaan Barang,Simvastatin tab 10 mg,MELAKUKAN PENGIRIMAN DAN PENERIMAAN,212000,212000
KAB. MANDAILING NATAL,DINAS KESEHATAN - 1.02.0.00.0.00.02.0000,4092373,51990711,2024,Non Tender,APBD,cv. bugis nauli,Pengadaan Langsung,Pekerjaan Konstruksi,Rehabilitasi dan Pemeliharaan Fasilitas Kesehatan Lainnya (Rehabilitasi Puskesmas Pembantu Desa Huta Padang Kecamatan Ulu Pungkut-Sumber Dana DBHCT),SELESAI,107824230,107824230
KAB. MANDAILING NATAL,RUMAH SAKIT UMUM DAERAH PANYABUNGAN - 1.02.0.00.0.00.02.0001,10193674,51459102,2024,E-Katalog 5.0,BLUD,PT. Hexpharm Jaya Laboratories,E-Purchasing,Pengadaan Barang,Gabapentin kaps 300 mg,MELAKUKAN PENGIRIMAN DAN PENERIMAAN,1953000,1953000
KAB. MANDAILING NATAL,RUMAH SAKIT UMUM DAERAH PANYABUNGAN - 1.02.0.00.0.00.02.0001,9688868,51459102,2024,E-Katalog 5.0,BLUD,PT Ethica Industri Farmasi,E-Purchasing,Pengadaan Barang,"Neostigmin injeksi 0,5 mg/ml",MELAKUKAN PENGIRIMAN DAN PENERIMAAN,241000,241000
KAB. MANDAILING NATAL,DINAS KESEHATAN - 1.02.0.00.0.00.02.0000,10899165,51356107,2024,E-Katalog 5.0,APBD,PT Axion Jaya Alkesindo,E-Purchasing,Pengadaan Barang,Supratul/Vaseline Swab,MELAKUKAN PENGIRIMAN DAN PENERIMAAN,18000000,18000000
KAB. MANDAILING NATAL,DINAS KESEHATAN - 1.02.0.00.0.00.02.0000,10079335,51356108,2024,E-Katalog 5.0,APBD,NOVAPHARIN,E-Purchasing,Pengadaan Barang,Metronidazole/Metronidazol tablet/kapsul/kaplet 500 mg,PROSES KONTRAK PPK,25000000,25000000
KAB. MANDAILING NATAL,RUMAH SAKIT UMUM DAERAH PANYABUNGAN - 1.02.0.00.0.00.02.0001,11082236,51459106,2024,E-Katalog 5.0,BLUD,CIPTA MEDIKA SEMPURNA,E-Purchasing,Pengadaan Barang,ROEKO Endo-Frost,MELAKUKAN PENGIRIMAN DAN PENERIMAAN,1704800,0
KAB. MANDAILING NATAL,DINAS KESEHATAN - 1.02.0.00.0.00.02.0000,9148790,51356249,2024,E-Katalog 5.0,APBD,PT. SERENITY INDONESIA,E-Purchasing,Pengadaan Barang,Alcohol Swab 2 ply,MELAKUKAN PENGIRIMAN DAN PENERIMAAN,58493250,58493250
KAB. MANDAILING NATAL,RUMAH SAKIT UMUM DAERAH PANYABUNGAN - 1.02.0.00.0.00.02.0001,9649033,51459102,2024,E-Katalog 5.0,BLUD,PT. Kimia Farma Tbk,E-Purchasing,Pengadaan Barang,Morfin Injeksi 10 mg/ml (i.m/s.k/ i.v),MELAKUKAN PENGIRIMAN DAN PENERIMAAN,1718000,1718000
KAB. MANDAILING NATAL,DINAS PEKERJAAN UMUM DAN PENATAAN RUANG - 1.03.0.00.0.00.03.0000,8977494,49523783,2024,E-Katalog 5.0,APBD,PT. GASHABAT SUKSES MANDIRI,E-Purchasing,Pengadaan Barang,LAPIS PEREKAT-ASPAL CAIR/EMULSI,PAKET SELESAI,17603200,17603200
KAB. MANDAILING NATAL,DINAS KESEHATAN - 1.02.0.00.0.00.02.0000,10101717,51356108,2024,E-Katalog 5.0,APBD,PT. MEPROFARM,E-Purchasing,Pengadaan Barang,ZINC SULFATE MONOHYDRATE  Drops,MELAKUKAN PENGIRIMAN DAN PENERIMAAN,2654000,2654000
KAB. MANDAILING NATAL,DINAS PEKERJAAN UMUM DAN PENATAAN RUANG - 1.03.0.00.0.00.03.0000,4126373,52657117,2024,Non Tender,APBD,CV. YATRAINDO CONSULTANT,Pengadaan Langsung,Jasa Konsultansi Badan Usaha Konstruksi,Penyusunan Dokumen Perencanaan Jalan Dalam Kota Panyabungan,SELESAI,74850000,74850000
KAB. MANDAILING NATAL,DINAS KESEHATAN - 1.02.0.00.0.00.02.0000,10401037,51322684,2024,E-Katalog 5.0,APBD,PT.Elsyahfi Calibratech Mandiri,E-Purchasing,Pengadaan Barang,NIBP / Blood Pressure Monitor / Sphygmomanometer Digital / Tensimeter Digital,MELAKUKAN PENGIRIMAN DAN PENERIMAAN,11288000,11288000
KAB. MANDAILING NATAL,DINAS PENDIDIKAN DAN KEBUDAYAAN - 1.01.2.22.0.00.01.0000,3025373,50635542,2024,Tender,APBD,CV.MULTI KENCANA,Tender,Pekerjaan Konstruksi,PEMBANGUNAN RUANG LABORATORIUM KOMPUTER BESERTA PERABOTNYA (DAK) SD NEGERI 177 PANJARINGAN,SELESAI,224342086,224342086
KAB. MANDAILING NATAL,RUMAH SAKIT UMUM DAERAH PANYABUNGAN - 1.02.0.00.0.00.02.0001,10141134,51459102,2024,E-Katalog 5.0,BLUD,Andreas Karya Terbesar,E-Purchasing,Pengadaan Barang,"BICARBONAT BUBUK HEMODIALYSIS, VITALCARE",MELAKUKAN PENGIRIMAN DAN PENERIMAAN,19314000,19314000
KAB. MANDAILING NATAL,RUMAH SAKIT UMUM DAERAH PANYABUNGAN - 1.02.0.00.0.00.02.0001,4029373,52044365,2024,Non Tender,APBD,CV. SIMETRIS PULUNGINDO UTAMA,Pengadaan Langsung,Jasa Konsultansi Badan Usaha Konstruksi,PENAMBAHAN RUANG,SELESAI,99198005,99198005
KAB. MANDAILING NATAL,DINAS PENDIDIKAN DAN KEBUDAYAAN - 1.01.2.22.0.00.01.0000,2992373,50635871,2024,Tender,APBD,CV. PUTRA PRATAMA,Tender,Pekerjaan Konstruksi,PEMBANGUNAN RUANG KELAS BARU BESERTA PERABOTNYA (DAK) SD NEGERI 131 TANJUNG,SELESAI,1129436093,1129436093
KAB. MANDAILING NATAL,RUMAH SAKIT UMUM DAERAH PANYABUNGAN - 1.02.0.00.0.00.02.0001,2988373,51405348,2024,Tender,APBD,CV MITRA PERKASA,Tender,Pekerjaan Konstruksi,Pembangunan Gedung,SELESAI,13477607692,13477607692
KAB. MANDAILING NATAL,DINAS KESEHATAN - 1.02.0.00.0.00.02.0000,9497438,51356109,2024,E-Katalog 5.0,APBD,PT. Likuid Pharmalab Indonesia,E-Purchasing,Pengadaan Barang,MEDIKA Rivanol 100 ml,MELAKUKAN PENGIRIMAN DAN PENERIMAAN,6349122,6349122
KAB. MANDAILING NATAL,RUMAH SAKIT UMUM DAERAH DR. HUSNI THAMRIN - 1.02.0.00.0.00.02.0002,4060373,51354244,2024,Non Tender,APBD,PT . HIBAR WAHANA PERSADA,Pengadaan Langsung,Jasa Konsultansi Badan Usaha Konstruksi,Belanja Jasa Tenaga Ahli-Jasa Konsultan Pengawasan Pembangunan Gedung Ruang Radiology (1 Kegiatan),SELESAI,49950000,49950000
KAB. MANDAILING NATAL,DINAS PENGENDALIAN PENDUDUK DAN KELUARGA BERENCANA - 2.14.0.00.0.00.13.0000,9998265,52150747,2024,E-Katalog 5.0,APBD,CV. VIRGO WIRA PERKASA,E-Purchasing,Pengadaan Barang,EcoTank L3210 A4 All-in-One Ink Tank Printer,PAKET SELESAI,15125000,0
KAB. MANDAILING NATAL,RUMAH SAKIT UMUM DAERAH PANYABUNGAN - 1.02.0.00.0.00.02.0001,11218016,53529595,2024,E-Katalog 5.0,BLUD,PT.Elsyahfi Calibratech Mandiri,E-Purchasing,Pengadaan Barang,JASA PENGUJIAN DAN/ATAU KALIBRASI SUCTION PUMP GENERAL / ALAT HISAP MEDIS,MELAKUKAN PENGIRIMAN DAN PENERIMAAN,2170000,2170000
KAB. MANDAILING NATAL,RUMAH SAKIT UMUM DAERAH PANYABUNGAN - 1.02.0.00.0.00.02.0001,2962373,51405353,2024,Tender,APBD,CV. PATRICIA ADISTY,Tender,Pekerjaan Konstruksi,Pembangunan IPAL,SELESAI,5143372505,5143372505
KAB. MANDAILING NATAL,RUMAH SAKIT UMUM DAERAH PANYABUNGAN - 1.02.0.00.0.00.02.0001,10302678,51459102,2024,E-Katalog 5.0,BLUD,PT. Mersifarma Tirmaku Mercusana,E-Purchasing,Pengadaan Barang,"Lorazepam tab 0,5 mg",MELAKUKAN PENGIRIMAN DAN PENERIMAAN,1212000,1212000
KAB. MANDAILING NATAL,RUMAH SAKIT UMUM DAERAH PANYABUNGAN - 1.02.0.00.0.00.02.0001,9739868,51459104,2024,E-Katalog 5.0,BLUD,Andreas Karya Terbesar,E-Purchasing,Pengadaan Barang,"AV FISTULA HEMODIALISE, VITALCARE",MELAKUKAN PENGIRIMAN DAN PENERIMAAN,2197800,2197800
KAB. MANDAILING NATAL,RUMAH SAKIT UMUM DAERAH PANYABUNGAN - 1.02.0.00.0.00.02.0001,4030373,52044336,2024,Non Tender,BLUD,CV. SIMETRIS PULUNGINDO UTAMA,Pengadaan Langsung,Jasa Konsultansi Badan Usaha Konstruksi,Biaya Konsultansi Pengawasan Prasarana Listrik,SELESAI,89839494,89839494
KAB. MANDAILING NATAL,RUMAH SAKIT UMUM DAERAH PANYABUNGAN - 1.02.0.00.0.00.02.0001,9098725,51459102,2024,E-Katalog 5.0,BLUD,P.T. Dexa Medica,E-Purchasing,Pengadaan Barang,Kandesartan/ Candesartan/ Candesartan Cilexetil  tablet/kapsul/kaplet 16 mg,MELAKUKAN PENGIRIMAN DAN PENERIMAAN,1188000,1188000
KAB. MANDAILING NATAL,RUMAH SAKIT UMUM DAERAH PANYABUNGAN - 1.02.0.00.0.00.02.0001,10359194,51459102,2024,E-Katalog 5.0,BLUD,PT. Mersifarma Tirmaku Mercusana,E-Purchasing,Pengadaan Barang,PARASETAMOL / PARACETAMOL SIRUP 120 MG / 5 ML,MELAKUKAN PENGIRIMAN DAN PENERIMAAN,2999000,2999000
KAB. MANDAILING NATAL,DINAS PENDIDIKAN DAN KEBUDAYAAN - 1.01.2.22.0.00.01.0000,4034373,50635357,2024,Non Tender,APBD,CV. BERKAH QYMERA,Pengadaan Langsung,Pekerjaan Konstruksi,PEMBANGUNAN RUANG UKS BESERTA PERABOTNYA (DAK) SD NEGERI 119 PANCINARAN,SELESAI,151131454,151131454
KAB. MANDAILING NATAL,DINAS PEKERJAAN UMUM DAN PENATAAN RUANG - 1.03.0.00.0.00.03.0000,10574685,52658572,2024,E-Katalog 5.0,APBD,PT. DALIHAN NATOLU GROUP,E-Purchasing,Pengadaan Barang,Penyiapan Badan Jalan,PAKET SELESAI,35177000,35177000
KAB. MANDAILING NATAL,RUMAH SAKIT UMUM DAERAH PANYABUNGAN - 1.02.0.00.0.00.02.0001,10823857,51459102,2024,E-Katalog 5.0,BLUD,PT. SOHO Industri Pharmasi,E-Purchasing,Pengadaan Barang,CURCUMA FORCE,MELAKUKAN PENGIRIMAN DAN PENERIMAAN,18193400,18193400
KAB. MANDAILING NATAL,RUMAH SAKIT UMUM DAERAH PANYABUNGAN - 1.02.0.00.0.00.02.0001,3860373,51411542,2024,Non Tender,BLUD,CV. SIMETRIS PULUNGINDO UTAMA,Pengadaan Langsung,Jasa Konsultansi Badan Usaha Konstruksi,Biaya Konsultansi Pembuatan DPLH pada RSUD Panyabungan di Panatapan,SELESAI,99500400,99500400
KAB. MANDAILING NATAL,RUMAH SAKIT UMUM DAERAH PANYABUNGAN - 1.02.0.00.0.00.02.0001,9367262,51459102,2024,E-Katalog 5.0,BLUD,PT Pratapa Nirmala,E-Purchasing,Pengadaan Barang,Amiodaron inj 50 mg/ml (150 mg/ 3 mL),MELAKUKAN PENGIRIMAN DAN PENERIMAAN,117990,117990
KAB. MANDAILING NATAL,DINAS PEKERJAAN UMUM DAN PENATAAN RUANG - 1.03.0.00.0.00.03.0000,3815373,49604330,2024,Non Tender,APBD,SUHDI EPENDI,Pengadaan Langsung,Jasa Konsultansi Perorangan Konstruksi,Pengawasan Program Pengelolaan dan Pengembangan Sistem Penyediaan Air Minum,SELESAI,99222900,99222900
KAB. MANDAILING NATAL,DINAS KESEHATAN - 1.02.0.00.0.00.02.0000,10081614,51356108,2024,E-Katalog 5.0,APBD,PT. Holi Pharma,E-Purchasing,Pengadaan Barang,Atapulgit tablet/kapsul/kaplet 600 mg,MELAKUKAN PENGIRIMAN DAN PENERIMAAN,15650000,15650000
KAB. MANDAILING NATAL,RUMAH SAKIT UMUM DAERAH PANYABUNGAN - 1.02.0.00.0.00.02.0001,9095668,51459102,2024,E-Katalog 5.0,BLUD,PT. Kimia Farma Tbk,E-Purchasing,Pengadaan Barang,Metoclopramide hydrochloride (HCl)/ Metoclopramida HCl/ Metoclopramide/ Metoklopramid tablet/kapsul/kaplet 5 mg,MELAKUKAN PENGIRIMAN DAN PENERIMAAN,1130000,1130000
KAB. MANDAILING NATAL,DINAS PENDIDIKAN DAN KEBUDAYAAN - 1.01.2.22.0.00.01.0000,9435699,51738137,2024,E-Katalog 5.0,APBD,CV Buana Inti Nusantara,E-Purchasing,Pengadaan Barang,PERPUSTAKAAN SMP Zona 3,MELAKUKAN PENGIRIMAN DAN PENERIMAAN,26100000,26100000
KAB. MANDAILING NATAL,DINAS PEKERJAAN UMUM DAN PENATAAN RUANG - 1.03.0.00.0.00.03.0000,8975338,51021126,2024,E-Katalog 5.0,APBD,PT. RONA NAMORA,E-Purchasing,Pengadaan Barang,Pasangan Batu dengan Mortar,PAKET SELESAI,103685000,103685000
KAB. MANDAILING NATAL,DINAS KESEHATAN - 1.02.0.00.0.00.02.0000,9464361,51356108,2024,E-Katalog 5.0,APBD,PT.Bernofarm,E-Purchasing,Pengadaan Barang,Clindamycin hydrochloride (HCl)/ Clindamycin/ Klindamisin tablet/kapsul/kaplet 300 mg,MELAKUKAN PENGIRIMAN DAN PENERIMAAN,37200000,37200000
KAB. MANDAILING NATAL,RUMAH SAKIT UMUM DAERAH PANYABUNGAN - 1.02.0.00.0.00.02.0001,9649050,51459102,2024,E-Katalog 5.0,BLUD,PT. Mahakam Beta Farma,E-Purchasing,Pengadaan Barang,"Fentanil/ Fentanyl injeksi 0,05 mg/ml (i.m/i.v) ampul/vial @ 2 mL",MELAKUKAN PENGIRIMAN DAN PENERIMAAN,11309600,11309600
KAB. MANDAILING NATAL,DINAS PEKERJAAN UMUM DAN PENATAAN RUANG - 1.03.0.00.0.00.03.0000,8975338,51021126,2024,E-Katalog 5.0,APBD,PT. RONA NAMORA,E-Purchasing,Pengadaan Barang,Laston Lapis Aus (AC-WC),PAKET SELESAI,2109917400,2109917400
KAB. MANDAILING NATAL,DINAS PEKERJAAN UMUM DAN PENATAAN RUANG - 1.03.0.00.0.00.03.0000,8946540,49523780,2024,E-Katalog 5.0,APBD,PT. RONA NAMORA,E-Purchasing,Pengadaan Barang,Timbunan Biasa dari hasil galian,PAKET SELESAI,3843000,3843000
KAB. MANDAILING NATAL,DINAS KESEHATAN - 1.02.0.00.0.00.02.0000,10401037,51322684,2024,E-Katalog 5.0,APBD,PT.Elsyahfi Calibratech Mandiri,E-Purchasing,Pengadaan Barang,Baby Incubator / Infant Incubator / Incubator Bayi,MELAKUKAN PENGIRIMAN DAN PENERIMAAN,2454000,2454000
KAB. MANDAILING NATAL,RUMAH SAKIT UMUM DAERAH PANYABUNGAN - 1.02.0.00.0.00.02.0001,9998497,52162330,2024,E-Katalog 5.0,BLUD,PT. AMANAH MEDDIS INDONESIA,E-Purchasing,Pengadaan Barang,"Sphygmomanometer Mobile Aneroid, size Adult",MELAKUKAN PENGIRIMAN DAN PENERIMAAN,32234400,32234400
KAB. MANDAILING NATAL,RUMAH SAKIT UMUM DAERAH PANYABUNGAN - 1.02.0.00.0.00.02.0001,10456871,51459102,2024,E-Katalog 5.0,BLUD,PT.TOP POINT MEDICAL,E-Purchasing,Pengadaan Barang,TP Disposable Syringe 5 ML with Needle,MELAKUKAN PENGIRIMAN DAN PENERIMAAN,25650000,25650000
KAB. MANDAILING NATAL,RUMAH SAKIT UMUM DAERAH PANYABUNGAN - 1.02.0.00.0.00.02.0001,9178111,51459102,2024,E-Katalog 5.0,BLUD,PT. Interbat,E-Purchasing,Pengadaan Barang,Tramadol Injeksi 50 mg/ml,MELAKUKAN PENGIRIMAN DAN PENERIMAAN,3000000,3000000
KAB. MANDAILING NATAL,DINAS PERTANIAN - 3.27.0.00.0.00.22.0000,3878373,49587934,2024,Non Tender,APBD,CV. SETYA SARI SUKSES,Pengadaan Langsung,Pekerjaan Konstruksi,Pembangunan/Rehabilitasi Jalan Usaha Tani/Jalan Produksi Desa Gunung Tua Lumban Pasir Kec. Panyabungan,SELESAI,101361999,101361999
KAB. MANDAILING NATAL,RUMAH SAKIT UMUM DAERAH PANYABUNGAN - 1.02.0.00.0.00.02.0001,9206388,51459105,2024,E-Katalog 5.0,BLUD,PT. STANDARD BIOSENSOR HEALTHCARE,E-Purchasing,Pengadaan Barang,Dengue IgM/IgG Test,MELAKUKAN PENGIRIMAN DAN PENERIMAAN,15000000,15000000
KAB. MANDAILING NATAL,RUMAH SAKIT UMUM DAERAH DR. HUSNI THAMRIN - 1.02.0.00.0.00.02.0002,9387083,51354258,2024,E-Katalog 5.0,APBD,PT. Djuniar & Djuniar,E-Purchasing,Pengadaan Barang,TANPA MEREK INCUBATOR TRANSPORT,MELAKUKAN PENGIRIMAN DAN PENERIMAAN,237000000,237000000
KAB. MANDAILING NATAL,DINAS PENDIDIKAN DAN KEBUDAYAAN - 1.01.2.22.0.00.01.0000,4032373,50635354,2024,Non Tender,APBD,CV. BERKAH QYMERA,Pengadaan Langsung,Pekerjaan Konstruksi,PEMBANGUNAN RUANG UKS BESERTA PERABOTNYA (DAK) SD NEGERI 084 SALAMBUE,SELESAI,151131454,151131454
KAB. MANDAILING NATAL,RUMAH SAKIT UMUM DAERAH PANYABUNGAN - 1.02.0.00.0.00.02.0001,9052108,51459104,2024,E-Katalog 5.0,BLUD,Andreas Karya Terbesar,E-Purchasing,Pengadaan Barang,"BLOODLINE TUBING SET HEMODIALISIS, VITALCARE",MELAKUKAN PENGIRIMAN DAN PENERIMAAN,39627000,39627000
KAB. MANDAILING NATAL,DINAS PENDIDIKAN DAN KEBUDAYAAN - 1.01.2.22.0.00.01.0000,3960373,50635348,2024,Non Tender,APBD,CV. BINTANG BUDI MANDIRI,Pengadaan Langsung,Pekerjaan Konstruksi,PEMBANGUNAN RUANG UKS BESERTA PERABOTNYA (DAK) SD NEGERI 350 BATAHAN I,SELESAI,152000028,152000028
KAB. MANDAILING NATAL,DINAS PEKERJAAN UMUM DAN PENATAAN RUANG - 1.03.0.00.0.00.03.0000,8894384,49523781,2024,E-Katalog 5.0,APBD,DEMBAN SIMPAR JAYA,E-Purchasing,Pengadaan Barang,Lapis Fondasi Agregat Kelas B,PAKET SELESAI,593201100,593201100
KAB. MANDAILING NATAL,RUMAH SAKIT UMUM DAERAH PANYABUNGAN - 1.02.0.00.0.00.02.0001,9997515,51459106,2024,E-Katalog 5.0,BLUD,PT. ESSITY HYGIENE AND HEALTH INDONESIA,E-Purchasing,Pengadaan Barang,CUTICELL CLASSIC 10CM x 10CM,MELAKUKAN PENGIRIMAN DAN PENERIMAAN,5326000,0
KAB. MANDAILING NATAL,RUMAH SAKIT UMUM DAERAH PANYABUNGAN - 1.02.0.00.0.00.02.0001,11218016,53529595,2024,E-Katalog 5.0,BLUD,PT.Elsyahfi Calibratech Mandiri,E-Purchasing,Pengadaan Barang,Otoscope,MELAKUKAN PENGIRIMAN DAN PENERIMAAN,321000,321000
KAB. MANDAILING NATAL,DINAS PENDIDIKAN DAN KEBUDAYAAN - 1.01.2.22.0.00.01.0000,3961373,50635344,2024,Non Tender,APBD,CV. SETYA SARI SUKSES,Pengadaan Langsung,Pekerjaan Konstruksi,PEMBANGUNAN RUANG UKS BESERTA PERABOTNYA (DAK) SD NEGERI 382 SINGKUANG,SELESAI,152082000,152082000
KAB. MANDAILING NATAL,DINAS KESEHATAN - 1.02.0.00.0.00.02.0000,10002535,51356107,2024,E-Katalog 5.0,APBD,PT Sinaraya Nugraha Ahmadaris Medika,E-Purchasing,Pengadaan Barang,"Pembalut  Elastis 15 cm x 4,55 m",MELAKUKAN PENGIRIMAN DAN PENERIMAAN,16675000,16675000
KAB. MANDAILING NATAL,DINAS PEKERJAAN UMUM DAN PENATAAN RUANG - 1.03.0.00.0.00.03.0000,8894384,49523781,2024,E-Katalog 5.0,APBD,DEMBAN SIMPAR JAYA,E-Purchasing,Pengadaan Barang,Lapis Resap Pengikat - Aspal Cair - Emulsi,PAKET SELESAI,92393089,92393089
KAB. MANDAILING NATAL,DINAS PENDIDIKAN DAN KEBUDAYAAN - 1.01.2.22.0.00.01.0000,9640247,51943816,2024,E-Katalog 5.0,APBD,PT CITTA BISNIS SELARAS,E-Purchasing,Pengadaan Barang,WHITEBOARD 03,MELAKUKAN PENGIRIMAN DAN PENERIMAAN,34204000,34204000
KAB. MANDAILING NATAL,DINAS KESEHATAN - 1.02.0.00.0.00.02.0000,10401037,51322684,2024,E-Katalog 5.0,APBD,PT.Elsyahfi Calibratech Mandiri,E-Purchasing,Pengadaan Barang,Fetal Doppler / Doppler Fetus Detektor / Doppler Fetal Monitor,MELAKUKAN PENGIRIMAN DAN PENERIMAAN,736000,736000
KAB. MANDAILING NATAL,DINAS KESEHATAN - 1.02.0.00.0.00.02.0000,10033389,51356108,2024,E-Katalog 5.0,APBD,PT Ethica Industri Farmasi,E-Purchasing,Pengadaan Barang,"Atropin inj 0,25 mg/mL (i.v./s.k.)",PROSES KONTRAK PPK,4340000,4340000
KAB. MANDAILING NATAL,RUMAH SAKIT UMUM DAERAH PANYABUNGAN - 1.02.0.00.0.00.02.0001,9138667,51459102,2024,E-Katalog 5.0,BLUD,PT Otsuka Indonesia,E-Purchasing,Pengadaan Barang,"Mannitol infus 20% , @250 mL",MELAKUKAN PENGIRIMAN DAN PENERIMAAN,599900,599900
KAB. MANDAILING NATAL,DINAS PENDIDIKAN DAN KEBUDAYAAN - 1.01.2.22.0.00.01.0000,3043373,50634589,2024,Tender,APBD,Cv. Ujung Gurap Bersama,Tender,Pekerjaan Konstruksi,PEMBANGUNAN RUANG TATA USAHA BESERTA PERABOTNYA (DAK)  SMP NEGERI 1 BUKITMALINTANG,SELESAI,260241914,260241914
KAB. MANDAILING NATAL,DINAS KESEHATAN - 1.02.0.00.0.00.02.0000,10029342,51356109,2024,E-Katalog 5.0,APBD,PT Axion Jaya Alkesindo,E-Purchasing,Pengadaan Barang,Blood Cholesterol Strip Package,MELAKUKAN PENGIRIMAN DAN PENERIMAAN,65120000,65120000
KAB. MANDAILING NATAL,DINAS KESEHATAN - 1.02.0.00.0.00.02.0000,11228092,51356108,2024,E-Katalog 5.0,APBD,PT.Bernofarm,E-Purchasing,Pengadaan Barang,Paracetamol/ Parasetamol tablet/kapsul/kaplet 500 mg,MELAKUKAN PENGIRIMAN DAN PENERIMAAN,28595600,28595600
KAB. MANDAILING NATAL,RUMAH SAKIT UMUM DAERAH PANYABUNGAN - 1.02.0.00.0.00.02.0001,9205717,51459106,2024,E-Katalog 5.0,BLUD,PT.GLOBAL DISPOMEDIKA,E-Purchasing,Pengadaan Barang,METRA Gloves Latex Surgical Sterile Powdered Size 6.5,MELAKUKAN PENGIRIMAN DAN PENERIMAAN,1665000,1665000
KAB. MANDAILING NATAL,RUMAH SAKIT UMUM DAERAH PANYABUNGAN - 1.02.0.00.0.00.02.0001,9138759,51459102,2024,E-Katalog 5.0,BLUD,PT SANBE FARMA,E-Purchasing,Pengadaan Barang,"Larutan mengandung Karbohidrat + Elektrolit (Larutan nutrisi kombinasi infus per L: Na. 100mEQ, K 18mEQ, Ca. 4mEQ, Mg 6mEQ, Cl 90mEQ, Asetat 38mEQ, Sorbitol 50g)",MELAKUKAN PENGIRIMAN DAN PENERIMAAN,4855200,4855200
KAB. MANDAILING NATAL,RUMAH SAKIT UMUM DAERAH DR. HUSNI THAMRIN - 1.02.0.00.0.00.02.0002,9794327,51354252,2024,E-Katalog 5.0,APBD,PT. Djuniar & Djuniar,E-Purchasing,Pengadaan Barang,"Nesco, Electrosurgical Unit NES-001",MELAKUKAN PENGIRIMAN DAN PENERIMAAN,136000000,0
KAB. MANDAILING NATAL,DINAS KESEHATAN - 1.02.0.00.0.00.02.0000,10032711,51356108,2024,E-Katalog 5.0,APBD,PT Yarindo Farmatama,E-Purchasing,Pengadaan Barang,Furosemid/ Furosemide tablet/kapsul/kaplet 40 mg,PROSES KONTRAK PPK,5260000,5260000
KAB. MANDAILING NATAL,RUMAH SAKIT UMUM DAERAH PANYABUNGAN - 1.02.0.00.0.00.02.0001,10656133,51459102,2024,E-Katalog 5.0,BLUD,P.T. Dexa Medica,E-Purchasing,Pengadaan Barang,"Desoksimetason/ Desoximetasone krim 0,25% (2,5 mg/g)",MELAKUKAN PENGIRIMAN DAN PENERIMAAN,1320000,1320000
KAB. MANDAILING NATAL,RUMAH SAKIT UMUM DAERAH PANYABUNGAN - 1.02.0.00.0.00.02.0001,11218016,53529595,2024,E-Katalog 5.0,BLUD,PT.Elsyahfi Calibratech Mandiri,E-Purchasing,Pengadaan Barang,INFUSION PUMP,MELAKUKAN PENGIRIMAN DAN PENERIMAAN,9988500,9988500
KAB. MANDAILING NATAL,DINAS KESEHATAN - 1.02.0.00.0.00.02.0000,9303669,51356109,2024,E-Katalog 5.0,APBD,Samudra Medika Laboratories,E-Purchasing,Pengadaan Barang,Antiseptik & Desinfektan 1 Liter,MELAKUKAN PENGIRIMAN DAN PENERIMAAN,36700000,36700000
KAB. MANDAILING NATAL,DINAS KESEHATAN - 1.02.0.00.0.00.02.0000,10401037,51322684,2024,E-Katalog 5.0,APBD,PT.Elsyahfi Calibratech Mandiri,E-Purchasing,Pengadaan Barang,Electrocardiograph / ECG / EKG,MELAKUKAN PENGIRIMAN DAN PENERIMAAN,1950000,1950000
KAB. MANDAILING NATAL,DINAS PENDIDIKAN DAN KEBUDAYAAN - 1.01.2.22.0.00.01.0000,9271284,50635754,2024,E-Katalog 5.0,APBD,PT. Trisolah Suvarna Indonesia,E-Purchasing,Pengadaan Barang,Proyektor VS16909,MELAKUKAN PENGIRIMAN DAN PENERIMAAN,176000000,176000000
KAB. MANDAILING NATAL,RUMAH SAKIT UMUM DAERAH PANYABUNGAN - 1.02.0.00.0.00.02.0001,9660181,51459102,2024,E-Katalog 5.0,BLUD,PT Otsuka Indonesia,E-Purchasing,Pengadaan Barang,"Mannitol infus 20% , @250 mL",MELAKUKAN PENGIRIMAN DAN PENERIMAAN,2999500,2999500
KAB. MANDAILING NATAL,DINAS KESEHATAN - 1.02.0.00.0.00.02.0000,10033197,51356108,2024,E-Katalog 5.0,APBD,PT Ferron Par Pharmaceuticals,E-Purchasing,Pengadaan Barang,Chloramphenicol/Kloramfenikol tetes mata 1%,PROSES KONTRAK PPK,6680000,6680000
KAB. MANDAILING NATAL,DINAS PEKERJAAN UMUM DAN PENATAAN RUANG - 1.03.0.00.0.00.03.0000,8894384,49523781,2024,E-Katalog 5.0,APBD,DEMBAN SIMPAR JAYA,E-Purchasing,Pengadaan Barang,Timbunan Pilihan dari sumber galian,PAKET SELESAI,495783278,495783278
KAB. MANDAILING NATAL,DINAS KESEHATAN - 1.02.0.00.0.00.02.0000,10024213,51356108,2024,E-Katalog 5.0,APBD,PT. Hexpharm Jaya Laboratories,E-Purchasing,Pengadaan Barang,Loratadin tab 10 mg,PROSES KONTRAK PPK,12200000,12200000
KAB. MANDAILING NATAL,DINAS PENDIDIKAN DAN KEBUDAYAAN - 1.01.2.22.0.00.01.0000,9643711,51943842,2024,E-Katalog 5.0,APBD,PT CITTA BISNIS SELARAS,E-Purchasing,Pengadaan Barang,WHITEBOARD 03,MELAKUKAN PENGIRIMAN DAN PENERIMAAN,16096000,16096000
KAB. MANDAILING NATAL,DINAS PENDIDIKAN DAN KEBUDAYAAN - 1.01.2.22.0.00.01.0000,9974996,52150713,2024,E-Katalog 5.0,APBD,CV. KREATIFITAS CEMERLANG,E-Purchasing,Pengadaan Barang,Seluncuran Taman TK PAUD,MELAKUKAN PENGIRIMAN DAN PENERIMAAN,4400000,4400000
KAB. MANDAILING NATAL,DINAS PEKERJAAN UMUM DAN PENATAAN RUANG - 1.03.0.00.0.00.03.0000,8978133,49523782,2024,E-Katalog 5.0,APBD,PT. GASHABAT SUKSES MANDIRI,E-Purchasing,Pengadaan Barang,GALIAN BIASA,PAKET SELESAI,5240600,5240600
KAB. MANDAILING NATAL,DINAS PEKERJAAN UMUM DAN PENATAAN RUANG - 1.03.0.00.0.00.03.0000,8975338,51021126,2024,E-Katalog 5.0,APBD,PT. RONA NAMORA,E-Purchasing,Pengadaan Barang,Bahan anti pengelupasan,PAKET SELESAI,18000000,18000000
KAB. MANDAILING NATAL,RUMAH SAKIT UMUM DAERAH PANYABUNGAN - 1.02.0.00.0.00.02.0001,9495229,51459102,2024,E-Katalog 5.0,BLUD,P.T. Dexa Medica,E-Purchasing,Pengadaan Barang,Cetirizine hydrochloride(HCl)/ Cetirizine/ Setirizin sirup 5 mg/5 ml,MELAKUKAN PENGIRIMAN DAN PENERIMAAN,698200,698200
KAB. MANDAILING NATAL,RUMAH SAKIT UMUM DAERAH PANYABUNGAN - 1.02.0.00.0.00.02.0001,9699061,51459102,2024,E-Katalog 5.0,BLUD,PT. SATORIA ANEKA INDUSTRI,E-Purchasing,Pengadaan Barang,"NaCl 0.9% / Sodium Chloride 0.9%, 500 mL",MELAKUKAN PENGIRIMAN DAN PENERIMAAN,38365000,38365000
KAB. MANDAILING NATAL,DINAS PERTANIAN - 3.27.0.00.0.00.22.0000,8936311,51193832,2024,E-Katalog 5.0,APBD,CV. AULIA RIZKI PRATAMA,E-Purchasing,Pengadaan Barang,Bibit Kopi Arabika,PROSES KONTRAK PPK,23850000,23850000
KAB. MANDAILING NATAL,RUMAH SAKIT UMUM DAERAH PANYABUNGAN - 1.02.0.00.0.00.02.0001,11098807,51459102,2024,E-Katalog 5.0,BLUD,PT. Mersifarma Tirmaku Mercusana,E-Purchasing,Pengadaan Barang,Klobazam tab 10 mg,MELAKUKAN PENGIRIMAN DAN PENERIMAAN,2065000,2065000
KAB. MANDAILING NATAL,RUMAH SAKIT UMUM DAERAH PANYABUNGAN - 1.02.0.00.0.00.02.0001,10761387,51459102,2024,E-Katalog 5.0,BLUD,PT. Mersifarma Tirmaku Mercusana,E-Purchasing,Pengadaan Barang,Kalsium laktat (kalk) tab 500 mg,MELAKUKAN PENGIRIMAN DAN PENERIMAAN,258000,258000
KAB. MANDAILING NATAL,DINAS KEPENDUDUKAN DAN PENCATATAN SIPIL - 2.12.0.00.0.00.11.0000,10486343,52273475,2024,E-Katalog 5.0,APBD,Mitra Tech Sejahtera,E-Purchasing,Pengadaan Barang,PRINTER HDP5600 SINGLE SIDE E-KTP,MELAKUKAN PENGIRIMAN DAN PENERIMAAN,52965000,0
KAB. MANDAILING NATAL,RUMAH SAKIT UMUM DAERAH PANYABUNGAN - 1.02.0.00.0.00.02.0001,11302631,53708375,2024,E-Katalog 5.0,APBD,CV. JARAS,E-Purchasing,Pengadaan Barang,PENGADAAN INCLUDE PEMASANGAN KABEL NNY 1x 400,MELAKUKAN PENGIRIMAN DAN PENERIMAAN,160000000,160000000
KAB. MANDAILING NATAL,RUMAH SAKIT UMUM DAERAH PANYABUNGAN - 1.02.0.00.0.00.02.0001,11049722,51459104,2024,E-Katalog 5.0,BLUD,Andreas Karya Terbesar,E-Purchasing,Pengadaan Barang,"BLOODLINE TUBING SET HEMODIALISIS, VITALCARE",MELAKUKAN PENGIRIMAN DAN PENERIMAAN,33966000,33966000
KAB. MANDAILING NATAL,RUMAH SAKIT UMUM DAERAH PANYABUNGAN - 1.02.0.00.0.00.02.0001,11218016,53529595,2024,E-Katalog 5.0,BLUD,PT.Elsyahfi Calibratech Mandiri,E-Purchasing,Pengadaan Barang,JASA PENGUJIAN DAN/ATAU KALIBRASI OXYGEN CONCENTRATOR / OXYGEN THERAPY MACHINE,MELAKUKAN PENGIRIMAN DAN PENERIMAAN,617000,617000
KAB. MANDAILING NATAL,RUMAH SAKIT UMUM DAERAH DR. HUSNI THAMRIN - 1.02.0.00.0.00.02.0002,9633517,51354251,2024,E-Katalog 5.0,APBD,PT. Djuniar & Djuniar,E-Purchasing,Pengadaan Barang,DENTAL INSTRUMENT SET,MELAKUKAN PENGIRIMAN DAN PENERIMAAN,140170000,140170000
KAB. MANDAILING NATAL,RUMAH SAKIT UMUM DAERAH PANYABUNGAN - 1.02.0.00.0.00.02.0001,9958999,51459102,2024,E-Katalog 5.0,BLUD,P.T. Dexa Medica,E-Purchasing,Pengadaan Barang,Cetirizine hydrochloride(HCl)/ Cetirizine/ Setirizin sirup 5 mg/5 ml,MELAKUKAN PENGIRIMAN DAN PENERIMAAN,1396400,1396400
KAB. MANDAILING NATAL,RUMAH SAKIT UMUM DAERAH PANYABUNGAN - 1.02.0.00.0.00.02.0001,9556307,51411949,2024,E-Katalog 5.0,APBD,PT IDS MEDICAL SYSTEMS INDONESIA,E-Purchasing,Pengadaan Barang,Adaptive Nasal CPAP Therapy System - SLE 1000 with Compressor,MELAKUKAN PENGIRIMAN DAN PENERIMAAN,340000000,0
KAB. MANDAILING NATAL,RUMAH SAKIT UMUM DAERAH PANYABUNGAN - 1.02.0.00.0.00.02.0001,9206388,51459105,2024,E-Katalog 5.0,BLUD,PT. STANDARD BIOSENSOR HEALTHCARE,E-Purchasing,Pengadaan Barang,Dengue Duo Test,MELAKUKAN PENGIRIMAN DAN PENERIMAAN,9350000,9350000
KAB. MANDAILING NATAL,DINAS KESEHATAN - 1.02.0.00.0.00.02.0000,10401037,51322684,2024,E-Katalog 5.0,APBD,PT.Elsyahfi Calibratech Mandiri,E-Purchasing,Pengadaan Barang,Jasa Pengujian dan/atau Kalibrasi Nebulizer / Compressor Nebulizer / Ultrasound Nebulizer,MELAKUKAN PENGIRIMAN DAN PENERIMAAN,415000,415000
KAB. MANDAILING NATAL,DINAS PERTANIAN - 3.27.0.00.0.00.22.0000,3985373,49587933,2024,Non Tender,APBD,CV. KENZO MAHAGANI,Pengadaan Langsung,Pekerjaan Konstruksi,Pembangunan/Rehabilitasi Jalan Usaha Tani/Jalan Produksi Kelurahan Simangambat Kec. Siabu,SELESAI,101410000,101410000
KAB. MANDAILING NATAL,DINAS PENDIDIKAN DAN KEBUDAYAAN - 1.01.2.22.0.00.01.0000,3850373,50635810,2024,Non Tender,APBD,HQ PRATAMA CONSULTANT,Pengadaan Langsung,Jasa Konsultansi Badan Usaha Konstruksi,JASA KONSULTAN ANALISIS TINGKAT KERUSAKAN REHABILITASI RUANG KELAS,SELESAI,49700000,49700000
KAB. MANDAILING NATAL,DINAS PEKERJAAN UMUM DAN PENATAAN RUANG - 1.03.0.00.0.00.03.0000,8894384,49523781,2024,E-Katalog 5.0,APBD,DEMBAN SIMPAR JAYA,E-Purchasing,Pengadaan Barang,Pasangan Batu,PAKET SELESAI,14776300,14776300
KAB. MANDAILING NATAL,RUMAH SAKIT UMUM DAERAH PANYABUNGAN - 1.02.0.00.0.00.02.0001,10141134,51459102,2024,E-Katalog 5.0,BLUD,Andreas Karya Terbesar,E-Purchasing,Pengadaan Barang,"BLOODLINE TUBING SET HEMODIALISIS, VITALCARE",MELAKUKAN PENGIRIMAN DAN PENERIMAAN,22644000,22644000
KAB. MANDAILING NATAL,RUMAH SAKIT UMUM DAERAH PANYABUNGAN - 1.02.0.00.0.00.02.0001,11218016,53529595,2024,E-Katalog 5.0,BLUD,PT.Elsyahfi Calibratech Mandiri,E-Purchasing,Pengadaan Barang,Electrocardiograph / ECG / EKG,MELAKUKAN PENGIRIMAN DAN PENERIMAAN,3250000,3250000
KAB. MANDAILING NATAL,DINAS PENDIDIKAN DAN KEBUDAYAAN - 1.01.2.22.0.00.01.0000,3016373,50635531,2024,Tender,APBD,cv sinar jaya,Tender,Pekerjaan Konstruksi,PEMBANGUNAN RUANG LABORATORIUM KOMPUTER BESERTA PERABOTNYA (DAK) SD NEGERI 382 SINGKUANG,SELESAI,238742709,238742709
KAB. MANDAILING NATAL,RUMAH SAKIT UMUM DAERAH DR. HUSNI THAMRIN - 1.02.0.00.0.00.02.0002,2972373,51606307,2024,Tender,APBD,CV. MANGUN CITRA BERSAMA,Tender,Pekerjaan Konstruksi,Pembangunan Rawat Inap Kelas (KRIS),SELESAI,2667926517,2667926517
KAB. MANDAILING NATAL,DINAS PENDIDIKAN DAN KEBUDAYAAN - 1.01.2.22.0.00.01.0000,3027373,50635529,2024,Tender,APBD,"ADHYATAMA, CV",Tender,Pekerjaan Konstruksi,PEMBANGUNAN RUANG LABORATORIUM KOMPUTER BESERTA PERABOTNYA (DAK) SD NEGERI 391 SUKARAMAI,SELESAI,238261553,238261553
KAB. MANDAILING NATAL,DINAS PERUMAHAN RAKYAT DAN KAWASAN PERMUKIMAN SERTA PERTANAHAN - 1.04.2.10.0.00.04.0000,3906373,49936943,2024,Non Tender,APBD,CV. ALDRICH PERDANA KARYA,Pengadaan Langsung,Pekerjaan Konstruksi,Pembangunan Jalan Lingkungan Kelurahan Panyabungan II,SELESAI,99530081,99530081
KAB. MANDAILING NATAL,RUMAH SAKIT UMUM DAERAH PANYABUNGAN - 1.02.0.00.0.00.02.0001,11049722,51459104,2024,E-Katalog 5.0,BLUD,Andreas Karya Terbesar,E-Purchasing,Pengadaan Barang,VITAL CARE Hollow Fiber Dialyzer 18 HF,MELAKUKAN PENGIRIMAN DAN PENERIMAAN,56610000,56610000
KAB. MANDAILING NATAL,DINAS KESEHATAN - 1.02.0.00.0.00.02.0000,10081614,51356108,2024,E-Katalog 5.0,APBD,PT. Holi Pharma,E-Purchasing,Pengadaan Barang,Ibuprofen suspensi 100 mg/5 ml,MELAKUKAN PENGIRIMAN DAN PENERIMAAN,4802000,4802000
KAB. MANDAILING NATAL,RUMAH SAKIT UMUM DAERAH PANYABUNGAN - 1.02.0.00.0.00.02.0001,10068886,51459102,2024,E-Katalog 5.0,BLUD,P.T. Dexa Medica,E-Purchasing,Pengadaan Barang,N-asetil sistein kaps 200 mg,MELAKUKAN PENGIRIMAN DAN PENERIMAAN,3230000,3230000
KAB. MANDAILING NATAL,DINAS KESEHATAN - 1.02.0.00.0.00.02.0000,10401037,51322684,2024,E-Katalog 5.0,APBD,PT.Elsyahfi Calibratech Mandiri,E-Purchasing,Pengadaan Barang,JASA PENGUJIAN DAN/ATAU KALIBRASI SUCTION PUMP GENERAL / ALAT HISAP MEDIS,MELAKUKAN PENGIRIMAN DAN PENERIMAAN,2817000,2817000
KAB. MANDAILING NATAL,RUMAH SAKIT UMUM DAERAH PANYABUNGAN - 1.02.0.00.0.00.02.0001,10709550,51459102,2024,E-Katalog 5.0,BLUD,PT. Hexpharm Jaya Laboratories,E-Purchasing,Pengadaan Barang,Loratadin tab 10 mg,MELAKUKAN PENGIRIMAN DAN PENERIMAAN,244000,244000
KAB. MANDAILING NATAL,RUMAH SAKIT UMUM DAERAH PANYABUNGAN - 1.02.0.00.0.00.02.0001,9095668,51459102,2024,E-Katalog 5.0,BLUD,PT. Kimia Farma Tbk,E-Purchasing,Pengadaan Barang,"Methylergometrine Maleate/ Methylergometrine/ Metilergometrin tablet/kapsul/kaplet 0,125 mg",MELAKUKAN PENGIRIMAN DAN PENERIMAAN,390000,390000
KAB. MANDAILING NATAL,RUMAH SAKIT UMUM DAERAH PANYABUNGAN - 1.02.0.00.0.00.02.0001,9133754,51459102,2024,E-Katalog 5.0,BLUD,PT Jayamas Medica Industri,E-Purchasing,Pengadaan Barang,Oxyflow Bayi (Nasal oxygen cannula),MELAKUKAN PENGIRIMAN DAN PENERIMAAN,638250,638250
KAB. MANDAILING NATAL,RUMAH SAKIT UMUM DAERAH PANYABUNGAN - 1.02.0.00.0.00.02.0001,9335687,51459102,2024,E-Katalog 5.0,BLUD,P.T. Dexa Medica,E-Purchasing,Pengadaan Barang,Asam traneksamat/Tranexamic acid injeksi 100 mg/ml,MELAKUKAN PENGIRIMAN DAN PENERIMAAN,4726000,4726000
KAB. MANDAILING NATAL,DINAS PERTANIAN - 3.27.0.00.0.00.22.0000,3876373,49587931,2024,Non Tender,APBD,CV. PUTRA PRATAMA,Pengadaan Langsung,Pekerjaan Konstruksi,Pembangunan/Rehabilitasi Jalan Usaha Tani/Jalan Produksi Desa Huta Padang Kec. Ulu Pungkut,SELESAI,101500000,101500000
KAB. MANDAILING NATAL,RUMAH SAKIT UMUM DAERAH PANYABUNGAN - 1.02.0.00.0.00.02.0001,9295924,51459106,2024,E-Katalog 5.0,BLUD,PT Sinaraya Nugraha Ahmadaris Medika,E-Purchasing,Pengadaan Barang,Kasa Hidrofil T 40 yard x 80 cm Plain,MELAKUKAN PENGIRIMAN DAN PENERIMAAN,17420000,17420000
KAB. MANDAILING NATAL,RUMAH SAKIT UMUM DAERAH PANYABUNGAN - 1.02.0.00.0.00.02.0001,3050373,52133521,2024,Tender,BLUD,PT. MARGA BHUANA JAYA,Seleksi,Jasa Konsultansi Badan Usaha Konstruksi,Biaya Konsultasi perencanaan Gedung pada RSUD panyabungan di panatapan,SELESAI,898001000,898001000
KAB. MANDAILING NATAL,DINAS KESEHATAN - 1.02.0.00.0.00.02.0000,10092042,51356108,2024,E-Katalog 5.0,APBD,P.T. Dexa Medica,E-Purchasing,Pengadaan Barang,Obat Herbal Tradisional Obat Batuk Herbakof Syrup,MELAKUKAN PENGIRIMAN DAN PENERIMAAN,12753300,12753300
KAB. MANDAILING NATAL,RUMAH SAKIT UMUM DAERAH PANYABUNGAN - 1.02.0.00.0.00.02.0001,9345162,51459102,2024,E-Katalog 5.0,BLUD,PT. IFARS PHARMACEUTICAL LABORATORIES,E-Purchasing,Pengadaan Barang,Doksisiklin/ Doxycycline/ Doxycycline hyclate tablet/kapsul/kaplet 100 mg,MELAKUKAN PENGIRIMAN DAN PENERIMAAN,2100000,2100000
KAB. MANDAILING NATAL,RUMAH SAKIT UMUM DAERAH PANYABUNGAN - 1.02.0.00.0.00.02.0001,10954498,51459102,2024,E-Katalog 5.0,BLUD,PT. NOVELL PHARMACEUTICAL LABORATORIES,E-Purchasing,Pengadaan Barang,"Tamsulosin Tab Lepas Lambat 0,4 mg",MELAKUKAN PENGIRIMAN DAN PENERIMAAN,8991000,8991000
KAB. MANDAILING NATAL,DINAS KESEHATAN - 1.02.0.00.0.00.02.0000,10101809,51356108,2024,E-Katalog 5.0,APBD,PT LAPI LABORATORIES,E-Purchasing,Pengadaan Barang,"TAMSIN SR 0,4 MG - TAMSULOSIN HCl 0,4 MG TABLET SALUT SELAPUT LEPAS LAMBAT",PROSES KONTRAK PPK,14430000,14430000
KAB. MANDAILING NATAL,RUMAH SAKIT UMUM DAERAH DR. HUSNI THAMRIN - 1.02.0.00.0.00.02.0002,9406092,51354252,2024,E-Katalog 5.0,APBD,PT. MITRA MULTI TEKNOMEDIKA,E-Purchasing,Pengadaan Barang,MMT Emergency Trolley Elegance,MELAKUKAN PENGIRIMAN DAN PENERIMAAN,30400000,30400000
KAB. MANDAILING NATAL,RUMAH SAKIT UMUM DAERAH PANYABUNGAN - 1.02.0.00.0.00.02.0001,10302678,51459102,2024,E-Katalog 5.0,BLUD,PT. Mersifarma Tirmaku Mercusana,E-Purchasing,Pengadaan Barang,"Alprazolam tab 0,5 mg",MELAKUKAN PENGIRIMAN DAN PENERIMAAN,456000,456000
KAB. MANDAILING NATAL,RUMAH SAKIT UMUM DAERAH PANYABUNGAN - 1.02.0.00.0.00.02.0001,9098725,51459102,2024,E-Katalog 5.0,BLUD,P.T. Dexa Medica,E-Purchasing,Pengadaan Barang,Sucralfate/ Sukralfat susp 500 mg/5 mL,MELAKUKAN PENGIRIMAN DAN PENERIMAAN,30000000,30000000
KAB. MANDAILING NATAL,DINAS PEKERJAAN UMUM DAN PENATAAN RUANG - 1.03.0.00.0.00.03.0000,8941316,49523772,2024,E-Katalog 5.0,APBD,DEMBAN SIMPAR JAYA,E-Purchasing,Pengadaan Barang,Pasangan Batu dengan Mortar,PAKET SELESAI,23860000,23860000
KAB. MANDAILING NATAL,DINAS PENDIDIKAN DAN KEBUDAYAAN - 1.01.2.22.0.00.01.0000,9640247,51943816,2024,E-Katalog 5.0,APBD,PT CITTA BISNIS SELARAS,E-Purchasing,Pengadaan Barang,Meja Double SD,MELAKUKAN PENGIRIMAN DAN PENERIMAAN,384200000,384200000
KAB. MANDAILING NATAL,DINAS KESEHATAN - 1.02.0.00.0.00.02.0000,10812525,51356469,2024,E-Katalog 5.0,APBD,CV. TERMINAL PRINT,E-Purchasing,Pengadaan Barang,PIN UKURAN 44,MELAKUKAN PENGIRIMAN DAN PENERIMAAN,51750000,51750000
KAB. MANDAILING NATAL,RUMAH SAKIT UMUM DAERAH PANYABUNGAN - 1.02.0.00.0.00.02.0001,11289838,51459102,2024,E-Katalog 5.0,BLUD,PT. Mersifarma Tirmaku Mercusana,E-Purchasing,Pengadaan Barang,Vaksin Meningitis Meningokokus,MELAKUKAN PENGIRIMAN DAN PENERIMAAN,2800000,0
KAB. MANDAILING NATAL,DINAS PERHUBUNGAN - 2.15.0.00.0.00.14.0000,5163373,53220899,2024,Non Tender,APBD,cv. bugis nauli,Pengadaan Langsung,Pengadaan Barang,Pemeliharaan Warning Light (Pengadaan Controler WL dengan Konfigurasi (Double Flasher) dan Tiang Listrik Untuk APILL),SELESAI,70063200,0
KAB. MANDAILING NATAL,DINAS KESEHATAN - 1.02.0.00.0.00.02.0000,10102903,51356108,2024,E-Katalog 5.0,APBD,PT. IFARS PHARMACEUTICAL LABORATORIES,E-Purchasing,Pengadaan Barang,Nistatin/Nystatin  suspensi 100.000 IU/mL,MELAKUKAN PENGIRIMAN DAN PENERIMAAN,4062600,4062600
KAB. MANDAILING NATAL,DINAS KESEHATAN - 1.02.0.00.0.00.02.0000,10032711,51356108,2024,E-Katalog 5.0,APBD,PT Yarindo Farmatama,E-Purchasing,Pengadaan Barang,Asiklovir/Acyclovir/Aciclovir tablet/kapsul/kaplet 400 mg,PROSES KONTRAK PPK,9060000,9060000
KAB. MANDAILING NATAL,DINAS KESEHATAN - 1.02.0.00.0.00.02.0000,10031751,51356108,2024,E-Katalog 5.0,APBD,PT. MARIN LIZA FARMASI,E-Purchasing,Pengadaan Barang,"Salep 2-4, salep",PROSES KONTRAK PPK,1246752,1246752
KAB. MANDAILING NATAL,DINAS PEKERJAAN UMUM DAN PENATAAN RUANG - 1.03.0.00.0.00.03.0000,8946540,49523780,2024,E-Katalog 5.0,APBD,PT. RONA NAMORA,E-Purchasing,Pengadaan Barang,Lapis Fondasi Agregat Kelas A,PAKET SELESAI,2719708000,2719708000
KAB. MANDAILING NATAL,DINAS PEKERJAAN UMUM DAN PENATAAN RUANG - 1.03.0.00.0.00.03.0000,8946540,49523780,2024,E-Katalog 5.0,APBD,PT. RONA NAMORA,E-Purchasing,Pengadaan Barang,"Gorong-gorong Pipa Beton Bertulang, diameter dalam 60 cm",PAKET SELESAI,64489400,64489400
KAB. MANDAILING NATAL,DINAS KESEHATAN - 1.02.0.00.0.00.02.0000,10231639,51356108,2024,E-Katalog 5.0,APBD,PT. PUTRA KARYA SENTOSA,E-Purchasing,Pengadaan Barang,Diclofenac sodium tablet salut enterik 25 mg,MELAKUKAN PENGIRIMAN DAN PENERIMAAN,78000000,78000000
KAB. MANDAILING NATAL,DINAS KESEHATAN - 1.02.0.00.0.00.02.0000,10069662,51356108,2024,E-Katalog 5.0,APBD,PT Darya Varia,E-Purchasing,Pengadaan Barang,Sulfadiazine silver/ Perak sulfadiazin krim 1%,MELAKUKAN PENGIRIMAN DAN PENERIMAAN,11500000,11500000
KAB. MANDAILING NATAL,DINAS PENDIDIKAN DAN KEBUDAYAAN - 1.01.2.22.0.00.01.0000,9752765,52011912,2024,E-Katalog 5.0,APBD,CV. FAMILY ARTA GRAHA MANDIRI,E-Purchasing,Pengadaan Barang,Kursi Staf,MELAKUKAN PENGIRIMAN DAN PENERIMAAN,19600000,19600000
KAB. MANDAILING NATAL,RUMAH SAKIT UMUM DAERAH DR. HUSNI THAMRIN - 1.02.0.00.0.00.02.0002,9118806,51354252,2024,E-Katalog 5.0,APBD,PT. Djuniar & Djuniar,E-Purchasing,Pengadaan Barang,Pulse Vacuum Autoclave Nesco,MELAKUKAN PENGIRIMAN DAN PENERIMAAN,650000000,0
KAB. MANDAILING NATAL,RUMAH SAKIT UMUM DAERAH PANYABUNGAN - 1.02.0.00.0.00.02.0001,11218016,53529595,2024,E-Katalog 5.0,BLUD,PT.Elsyahfi Calibratech Mandiri,E-Purchasing,Pengadaan Barang,Automatic External Defibrilator,MELAKUKAN PENGIRIMAN DAN PENERIMAAN,820000,820000
KAB. MANDAILING NATAL,DINAS PEKERJAAN UMUM DAN PENATAAN RUANG - 1.03.0.00.0.00.03.0000,4098373,49550272,2024,Non Tender,APBD,PT.REPUBLIC ENGINEERING CONSULTANT,Pengadaan Langsung,Jasa Konsultansi Badan Usaha Konstruksi,Perencanaan Sistem Penyediaan Air Minum (SPAM ) Jaringan Perpipaan Pantai Barat Tahun 2025,SELESAI,99650250,99650250
KAB. MANDAILING NATAL,DINAS PEKERJAAN UMUM DAN PENATAAN RUANG - 1.03.0.00.0.00.03.0000,8941316,49523772,2024,E-Katalog 5.0,APBD,DEMBAN SIMPAR JAYA,E-Purchasing,Pengadaan Barang,Bahan anti pengelupasan,PAKET SELESAI,1392300,1392300
KAB. MANDAILING NATAL,RUMAH SAKIT UMUM DAERAH PANYABUNGAN - 1.02.0.00.0.00.02.0001,10444466,51459102,2024,E-Katalog 5.0,BLUD,PT. Hexpharm Jaya Laboratories,E-Purchasing,Pengadaan Barang,Ranitidin tab 150 mg,MELAKUKAN PENGIRIMAN DAN PENERIMAAN,3060000,3060000
KAB. MANDAILING NATAL,DINAS PEKERJAAN UMUM DAN PENATAAN RUANG - 1.03.0.00.0.00.03.0000,10574685,52658572,2024,E-Katalog 5.0,APBD,PT. DALIHAN NATOLU GROUP,E-Purchasing,Pengadaan Barang,Marka Jalan Thermoplastik,PAKET SELESAI,126403600,126403600
KAB. MANDAILING NATAL,DINAS PENDIDIKAN DAN KEBUDAYAAN - 1.01.2.22.0.00.01.0000,3839373,50634591,2024,Non Tender,APBD,CV. TIARANI UTAMA,Pengadaan Langsung,Jasa Konsultansi Badan Usaha Konstruksi,JASA KONSULTAN PERENCANAAN PEMBANGUNAN RUANG TATA USAHA BESERTA PERABOTNYA (DAK),SELESAI,49173000,49173000
KAB. MANDAILING NATAL,RUMAH SAKIT UMUM DAERAH PANYABUNGAN - 1.02.0.00.0.00.02.0001,9326744,51411949,2024,E-Katalog 5.0,APBD,PT. MEGA ANDALAN KALASAN,E-Purchasing,Pengadaan Barang,La Nina Bed 3 Crank CLC 73064 (FBO),MELAKUKAN PENGIRIMAN DAN PENERIMAAN,994823040,994823040
KAB. MANDAILING NATAL,DINAS PENDIDIKAN DAN KEBUDAYAAN - 1.01.2.22.0.00.01.0000,4028373,50635353,2024,Non Tender,APBD,cv. riski nauli,Pengadaan Langsung,Pekerjaan Konstruksi,PEMBANGUNAN RUANG UKS BESERTA PERABOTNYA (DAK) SD NEGERI 071 TANJUNG MOMPANG,SELESAI,151787000,151787000
KAB. MANDAILING NATAL,KECAMATAN RANTO BAEK - 7.01.0.00.0.00.53.0000,4102373,52187328,2024,Non Tender,APBD,CV. BINTANG KARYA BHAKTI,Pengadaan Langsung,Pekerjaan Konstruksi,Belanja Modal Bangunan Gedung Kantor,SELESAI,53620000,53620000
KAB. MANDAILING NATAL,DINAS PEKERJAAN UMUM DAN PENATAAN RUANG - 1.03.0.00.0.00.03.0000,4125373,52657325,2024,Non Tender,APBD,CV. YATRAINDO CONSULTANT,Pengadaan Langsung,Jasa Konsultansi Badan Usaha Konstruksi,Penyusunan Dokumen Perencanaan Jalan Sumber Dana DBH,SELESAI,49700000,49700000
KAB. MANDAILING NATAL,DINAS PENDIDIKAN DAN KEBUDAYAAN - 1.01.2.22.0.00.01.0000,3008373,50635524,2024,Tender,APBD,CV. MUARA INDAH,Tender,Pekerjaan Konstruksi,PEMBANGUNAN RUANG LABORATORIUM KOMPUTER BESERTA PERABOTNYA (DAK) SD NEGERI 215 TAMIANG,SELESAI,239923993,239923993
KAB. MANDAILING NATAL,DINAS PEKERJAAN UMUM DAN PENATAAN RUANG - 1.03.0.00.0.00.03.0000,4086373,49523065,2024,Non Tender,APBD,HQ PRATAMA CONSULTANT,Pengadaan Langsung,Jasa Konsultansi Badan Usaha Non Konstruksi,Survei Kondisi Jalan dan Jembatan Kab. Mandailing Natal,SELESAI,99716750,99716750
KAB. MANDAILING NATAL,DINAS PENDIDIKAN DAN KEBUDAYAAN - 1.01.2.22.0.00.01.0000,9363952,50634942,2024,E-Katalog 5.0,APBD,PT. Trisolah Suvarna Indonesia,E-Purchasing,Pengadaan Barang,DWR-M960,MELAKUKAN PENGIRIMAN DAN PENERIMAAN,2000000,0
KAB. MANDAILING NATAL,DINAS PENDIDIKAN DAN KEBUDAYAAN - 1.01.2.22.0.00.01.0000,9865349,51843370,2024,E-Katalog 5.0,APBD,Lima Berkat Sejahtera,E-Purchasing,Pengadaan Barang,PAKET BUKU ENSIKLOPEDIA JENJANG SMP,MELAKUKAN PENGIRIMAN DAN PENERIMAAN,985926400,985926400
KAB. MANDAILING NATAL,DINAS PENDIDIKAN DAN KEBUDAYAAN - 1.01.2.22.0.00.01.0000,9974996,52150713,2024,E-Katalog 5.0,APBD,CV. KREATIFITAS CEMERLANG,E-Purchasing,Pengadaan Barang,PUZZLE HURUF,MELAKUKAN PENGIRIMAN DAN PENERIMAAN,4100000,4100000
KAB. MANDAILING NATAL,DINAS KESEHATAN - 1.02.0.00.0.00.02.0000,10898887,51356109,2024,E-Katalog 5.0,APBD,PT Axion Jaya Alkesindo,E-Purchasing,Pengadaan Barang,LANCET 28G,MELAKUKAN PENGIRIMAN DAN PENERIMAAN,1990000,1990000
KAB. MANDAILING NATAL,RUMAH SAKIT UMUM DAERAH PANYABUNGAN - 1.02.0.00.0.00.02.0001,10377838,51459102,2024,E-Katalog 5.0,BLUD,P.T. Dexa Medica,E-Purchasing,Pengadaan Barang,Cefixime trihydrate/ Cefixime/ Sefiksim sirup/ sirup kering 100 mg/ 5 ml,MELAKUKAN PENGIRIMAN DAN PENERIMAAN,1768200,1768200
KAB. MANDAILING NATAL,DINAS KOPERASI USAHA KECIL DAN MENENGAH - 2.17.0.00.0.00.16.0000,9740794,52005333,2024,E-Katalog 5.0,APBD,CV. TERMINAL PRINT,E-Purchasing,Pengadaan Barang,MESIN KETAM KAYU,PROSES KONTRAK PPK,13350000,13350000
KAB. MANDAILING NATAL,RUMAH SAKIT UMUM DAERAH PANYABUNGAN - 1.02.0.00.0.00.02.0001,10444501,51459102,2024,E-Katalog 5.0,BLUD,PT Novartis Indonesia,E-Purchasing,Pengadaan Barang,"Sacubitril Valsartan tab sal selaput 48,6/51,4 mg",MELAKUKAN PENGIRIMAN DAN PENERIMAAN,4781280,0
KAB. MANDAILING NATAL,DINAS PENDIDIKAN DAN KEBUDAYAAN - 1.01.2.22.0.00.01.0000,3981373,50634670,2024,Non Tender,APBD,CV. BANGKIT BERSAMA GROUP,Pengadaan Langsung,Pekerjaan Konstruksi,REHABILITASI RUANG KELAS SMP NEGERI 1 PUNCAK SORIK MARAPI,SELESAI,98800000,98800000
KAB. MANDAILING NATAL,DINAS PERTANIAN - 3.27.0.00.0.00.22.0000,8982605,51084374,2024,E-Katalog 5.0,APBD,CV.RIZKI KARYA,E-Purchasing,Pengadaan Barang,Hand Sprayer Elektrik,PROSES KONTRAK PPK,150100000,150100000
KAB. MANDAILING NATAL,DINAS KESEHATAN - 1.02.0.00.0.00.02.0000,10081614,51356108,2024,E-Katalog 5.0,APBD,PT. Holi Pharma,E-Purchasing,Pengadaan Barang,Pirantel pamoat susp 125 mg/5 ml,MELAKUKAN PENGIRIMAN DAN PENERIMAAN,14406000,14406000
KAB. MANDAILING NATAL,DINAS PEKERJAAN UMUM DAN PENATAAN RUANG - 1.03.0.00.0.00.03.0000,8941316,49523772,2024,E-Katalog 5.0,APBD,DEMBAN SIMPAR JAYA,E-Purchasing,Pengadaan Barang,Laston Lapis Antara (AC-BC),PAKET SELESAI,3387443000,3387443000
KAB. MANDAILING NATAL,RUMAH SAKIT UMUM DAERAH PANYABUNGAN - 1.02.0.00.0.00.02.0001,10302678,51459102,2024,E-Katalog 5.0,BLUD,PT. Mersifarma Tirmaku Mercusana,E-Purchasing,Pengadaan Barang,Alprazolam tab 1 mg,MELAKUKAN PENGIRIMAN DAN PENERIMAAN,384000,384000
KAB. MANDAILING NATAL,DINAS PEKERJAAN UMUM DAN PENATAAN RUANG - 1.03.0.00.0.00.03.0000,8894384,49523781,2024,E-Katalog 5.0,APBD,DEMBAN SIMPAR JAYA,E-Purchasing,Pengadaan Barang,Marka Jalan Termoplastik,PAKET SELESAI,66591500,66591500
KAB. MANDAILING NATAL,RUMAH SAKIT UMUM DAERAH PANYABUNGAN - 1.02.0.00.0.00.02.0001,9097292,51459102,2024,E-Katalog 5.0,BLUD,PT.Bernofarm,E-Purchasing,Pengadaan Barang,Domperidon/ Domperidone maleate/ Domperidone sirup/suspensi 5 mg/5 ml,MELAKUKAN PENGIRIMAN DAN PENERIMAAN,785000,785000
KAB. MANDAILING NATAL,DINAS PEKERJAAN UMUM DAN PENATAAN RUANG - 1.03.0.00.0.00.03.0000,8976735,49523770,2024,E-Katalog 5.0,APBD,PT. DALIHAN NATOLU GROUP,E-Purchasing,Pengadaan Barang,Lapis Pondasi Aggregat Kelas A,PAKET SELESAI,3288380000,3288380000
KAB. MANDAILING NATAL,RUMAH SAKIT UMUM DAERAH PANYABUNGAN - 1.02.0.00.0.00.02.0001,10069801,51459102,2024,E-Katalog 5.0,BLUD,PT. Mersifarma Tirmaku Mercusana,E-Purchasing,Pengadaan Barang,Triheksifenidil tab 2 mg,MELAKUKAN PENGIRIMAN DAN PENERIMAAN,1210000,1210000
KAB. MANDAILING NATAL,DINAS KESEHATAN - 1.02.0.00.0.00.02.0000,10024213,51356108,2024,E-Katalog 5.0,APBD,PT. Hexpharm Jaya Laboratories,E-Purchasing,Pengadaan Barang,Omeprazol kaps 20 mg,PROSES KONTRAK PPK,88800000,88800000
KAB. MANDAILING NATAL,DINAS KESEHATAN - 1.02.0.00.0.00.02.0000,4136373,52918517,2024,Non Tender,APBD,CV. PUTRA PRATAMA,Pengadaan Langsung,Pekerjaan Konstruksi,Belanja Modal Bangunan Kesehatan-Rehabilitasi Puskesmas Malintang,SELESAI,198500001,198500001
KAB. MANDAILING NATAL,DINAS PENANAMAN MODAL DAN PELAYANAN TERPADU SATU PINTU - 2.18.0.00.0.00.17.0000,8975458,51278612,2024,E-Katalog 5.0,APBD,CV. VIRGO WIRA PERKASA,E-Purchasing,Pengadaan Barang,PC AIO ThinkCentre Neo 30a 24,PAKET SELESAI,100975000,0
KAB. MANDAILING NATAL,DINAS KESEHATAN - 1.02.0.00.0.00.02.0000,10002535,51356107,2024,E-Katalog 5.0,APBD,PT Sinaraya Nugraha Ahmadaris Medika,E-Purchasing,Pengadaan Barang,"Pembalut  Elastis 10 cm x 4,55 m",MELAKUKAN PENGIRIMAN DAN PENERIMAAN,13056000,13056000
KAB. MANDAILING NATAL,DINAS PENDIDIKAN DAN KEBUDAYAAN - 1.01.2.22.0.00.01.0000,10897926,53328247,2024,E-Katalog 5.0,APBD,CV. PARADISE PARK,E-Purchasing,Pengadaan Barang,Buku Tulis (Standard),MELAKUKAN PENGIRIMAN DAN PENERIMAAN,21600000,21600000
KAB. MANDAILING NATAL,DINAS PERTANIAN - 3.27.0.00.0.00.22.0000,3874373,49545787,2024,Non Tender,APBD,CV. NAMBURAK,Pengadaan Langsung,Pekerjaan Konstruksi,Pembangunan/Rehabilitasi Jaringan Irigasi Desa Roburan Lombang Kec. Panyabungan Selatan,SELESAI,79050001,79050001
KAB. MANDAILING NATAL,RUMAH SAKIT UMUM DAERAH PANYABUNGAN - 1.02.0.00.0.00.02.0001,9649033,51459102,2024,E-Katalog 5.0,BLUD,PT. Kimia Farma Tbk,E-Purchasing,Pengadaan Barang,Pethidine hydrochloride/ Petidin inj 50 mg/mL (i.m./i.v.),MELAKUKAN PENGIRIMAN DAN PENERIMAAN,1179500,1179500
KAB. MANDAILING NATAL,DINAS KESEHATAN - 1.02.0.00.0.00.02.0000,10231556,51356108,2024,E-Katalog 5.0,APBD,PT Darya Varia,E-Purchasing,Pengadaan Barang,ASAM ASETILSALISILAT (ASPILETS)  ASETOSAL TABLET/KAPSUL/KAPLET 80 MG,MELAKUKAN PENGIRIMAN DAN PENERIMAAN,15660000,15660000
KAB. MANDAILING NATAL,RUMAH SAKIT UMUM DAERAH PANYABUNGAN - 1.02.0.00.0.00.02.0001,11218016,53529595,2024,E-Katalog 5.0,BLUD,PT.Elsyahfi Calibratech Mandiri,E-Purchasing,Pengadaan Barang,Dental Unit,MELAKUKAN PENGIRIMAN DAN PENERIMAAN,324000,324000
KAB. MANDAILING NATAL,DINAS PEKERJAAN UMUM DAN PENATAAN RUANG - 1.03.0.00.0.00.03.0000,8977494,49523783,2024,E-Katalog 5.0,APBD,PT. GASHABAT SUKSES MANDIRI,E-Purchasing,Pengadaan Barang,MARKA JALAN TERMOPLASTIK,PAKET SELESAI,18230000,18230000
KAB. MANDAILING NATAL,DINAS PEKERJAAN UMUM DAN PENATAAN RUANG - 1.03.0.00.0.00.03.0000,8976735,49523770,2024,E-Katalog 5.0,APBD,PT. DALIHAN NATOLU GROUP,E-Purchasing,Pengadaan Barang,Laston Lapis Aus (AC-WC),PAKET SELESAI,5163020000,5163020000
KAB. MANDAILING NATAL,RUMAH SAKIT UMUM DAERAH PANYABUNGAN - 1.02.0.00.0.00.02.0001,9405469,51459106,2024,E-Katalog 5.0,BLUD,PT. B.BRAUN MEDICAL INDONESIA,E-Purchasing,Pengadaan Barang,CERTOFIX Duo P S513 - Akses Vena Sentral,MELAKUKAN PENGIRIMAN DAN PENERIMAAN,2241486,0
KAB. MANDAILING NATAL,RUMAH SAKIT UMUM DAERAH PANYABUNGAN - 1.02.0.00.0.00.02.0001,9739868,51459104,2024,E-Katalog 5.0,BLUD,Andreas Karya Terbesar,E-Purchasing,Pengadaan Barang,VITAL CARE Hollow Fiber Dialyzer 17 (H Series),MELAKUKAN PENGIRIMAN DAN PENERIMAAN,54279000,54279000
KAB. MANDAILING NATAL,DINAS PENANAMAN MODAL DAN PELAYANAN TERPADU SATU PINTU - 2.18.0.00.0.00.17.0000,9553024,51662205,2024,E-Katalog 5.0,APBD,CV. NAMBURAK,E-Purchasing,Pengadaan Barang,LEMARI ARSIP BESI,PROSES KONTRAK PPK,48500000,48500000
KAB. MANDAILING NATAL,RUMAH SAKIT UMUM DAERAH PANYABUNGAN - 1.02.0.00.0.00.02.0001,9131999,51459102,2024,E-Katalog 5.0,BLUD,PT. Likuid Pharmalab Indonesia,E-Purchasing,Pengadaan Barang,bayMEDIKA Underpad ukuran 60 x 90 cm,MELAKUKAN PENGIRIMAN DAN PENERIMAAN,7600000,7600000
KAB. MANDAILING NATAL,DINAS KOPERASI USAHA KECIL DAN MENENGAH - 2.17.0.00.0.00.16.0000,9740794,52005333,2024,E-Katalog 5.0,APBD,CV. TERMINAL PRINT,E-Purchasing,Pengadaan Barang,MESIN GEREGAJI,PROSES KONTRAK PPK,14350000,14350000
KAB. MANDAILING NATAL,DINAS PEKERJAAN UMUM DAN PENATAAN RUANG - 1.03.0.00.0.00.03.0000,10575388,52657826,2024,E-Katalog 5.0,APBD,PT. RONA NAMORA,E-Purchasing,Pengadaan Barang,Lapis Resap Pengikat - Aspal Cair/Emulsi,PAKET SELESAI,19258300,19258300
KAB. MANDAILING NATAL,RUMAH SAKIT UMUM DAERAH PANYABUNGAN - 1.02.0.00.0.00.02.0001,9688868,51459102,2024,E-Katalog 5.0,BLUD,PT Ethica Industri Farmasi,E-Purchasing,Pengadaan Barang,Amiodaron inj 50 mg/ml (150 mg/ 3 mL),MELAKUKAN PENGIRIMAN DAN PENERIMAAN,352500,352500
KAB. MANDAILING NATAL,DINAS KESEHATAN - 1.02.0.00.0.00.02.0000,10078857,51356108,2024,E-Katalog 5.0,APBD,PT.INFION,E-Purchasing,Pengadaan Barang,KALSIUM KARBONAT Tab 500 mg*,PROSES KONTRAK PPK,2889000,2889000
KAB. MANDAILING NATAL,RUMAH SAKIT UMUM DAERAH PANYABUNGAN - 1.02.0.00.0.00.02.0001,9376013,51459102,2024,E-Katalog 5.0,BLUD,PT.TOP POINT MEDICAL,E-Purchasing,Pengadaan Barang,Disposable Syringe 50 ml side tip,MELAKUKAN PENGIRIMAN DAN PENERIMAAN,2503500,2503500
KAB. MANDAILING NATAL,DINAS PENDIDIKAN DAN KEBUDAYAAN - 1.01.2.22.0.00.01.0000,10897926,53328247,2024,E-Katalog 5.0,APBD,CV. PARADISE PARK,E-Purchasing,Pengadaan Barang,TipeX,MELAKUKAN PENGIRIMAN DAN PENERIMAAN,2600000,2600000
KAB. MANDAILING NATAL,DINAS KESEHATAN - 1.02.0.00.0.00.02.0000,10812452,51356469,2024,E-Katalog 5.0,APBD,CV. TERMINAL PRINT,E-Purchasing,Pengadaan Barang,BUKU PERCAKAPAN KADER POSYANDU,MELAKUKAN PENGIRIMAN DAN PENERIMAAN,2690000,2690000
KAB. MANDAILING NATAL,DINAS PERTANIAN - 3.27.0.00.0.00.22.0000,9428839,51775582,2024,E-Katalog 5.0,APBD,CV. SETYA SARI SUKSES,E-Purchasing,Pengadaan Barang,KAMBING LOKAL BETINA,PROSES KONTRAK PPK,99450000,99450000
KAB. MANDAILING NATAL,DINAS KESEHATAN - 1.02.0.00.0.00.02.0000,10129629,51356108,2024,E-Katalog 5.0,APBD,PT. Mahakam Beta Farma,E-Purchasing,Pengadaan Barang,Povidon iodin lar obat kumur 1%,MELAKUKAN PENGIRIMAN DAN PENERIMAAN,3132000,3132000
KAB. MANDAILING NATAL,DINAS PEKERJAAN UMUM DAN PENATAAN RUANG - 1.03.0.00.0.00.03.0000,8977494,49523783,2024,E-Katalog 5.0,APBD,PT. GASHABAT SUKSES MANDIRI,E-Purchasing,Pengadaan Barang,GALIAN BIASA,PAKET SELESAI,15212400,15212400
KAB. MANDAILING NATAL,DINAS PENDIDIKAN DAN KEBUDAYAAN - 1.01.2.22.0.00.01.0000,4049373,50635813,2024,Non Tender,APBD,CV.Tunjung Biru,Pengadaan Langsung,Pekerjaan Konstruksi,REHABILITASI RUANG KELAS SD NEGERI 237 MUARASIPONGI,SELESAI,118700000,118700000
KAB. MANDAILING NATAL,RUMAH SAKIT UMUM DAERAH PANYABUNGAN - 1.02.0.00.0.00.02.0001,10392169,51459102,2024,E-Katalog 5.0,BLUD,P.T. Dexa Medica,E-Purchasing,Pengadaan Barang,Gabapentin kaps 300 mg,MELAKUKAN PENGIRIMAN DAN PENERIMAAN,3906000,3906000
KAB. MANDAILING NATAL,DINAS PERHUBUNGAN - 2.15.0.00.0.00.14.0000,9879323,51740018,2024,E-Katalog 5.0,APBD,CV. FAMILY ARTA GRAHA MANDIRI,E-Purchasing,Pengadaan Barang,Pengadaan dan Pemasangan Meterisasi LPJU di Kota Panyabungan,MELAKUKAN PENGIRIMAN DAN PENERIMAAN,206600000,206600000
KAB. MANDAILING NATAL,DINAS PEKERJAAN UMUM DAN PENATAAN RUANG - 1.03.0.00.0.00.03.0000,2958373,49604332,2024,Tender,APBD,CV. TEGUH MANDALA,Tender,Pekerjaan Konstruksi,Pembangunan Baru SPAM Jaringan Perpipaan di Desa Hutabargot Nauli Kec. Hutabargot,SELESAI,1978264857,1978264857
KAB. MANDAILING NATAL,DINAS KESEHATAN - 1.02.0.00.0.00.02.0000,10053838,51356108,2024,E-Katalog 5.0,APBD,P.T. Dexa Medica,E-Purchasing,Pengadaan Barang,"Methylergometrine Maleate/ Methylergometrine/ Metilergometrin inj 0,2 mg/ml",PROSES KONTRAK PPK,1075000,1075000
KAB. MANDAILING NATAL,DINAS PEKERJAAN UMUM DAN PENATAAN RUANG - 1.03.0.00.0.00.03.0000,4114373,52638477,2024,Non Tender,APBD,CV. TEAM CORE CONSULTANT,Pengadaan Langsung,Jasa Konsultansi Badan Usaha Non Konstruksi,Jasa Konsultansi Penyusunan Detail Engineering Design Pembangunan Kantor Inspektorat,SELESAI,98334900,98334900
KAB. MANDAILING NATAL,RUMAH SAKIT UMUM DAERAH PANYABUNGAN - 1.02.0.00.0.00.02.0001,10880143,51459102,2024,E-Katalog 5.0,BLUD,P.T. Dexa Medica,E-Purchasing,Pengadaan Barang,Ramipril tab 5 mg,MELAKUKAN PENGIRIMAN DAN PENERIMAAN,684000,684000
KAB. MANDAILING NATAL,RUMAH SAKIT UMUM DAERAH PANYABUNGAN - 1.02.0.00.0.00.02.0001,11218016,53529595,2024,E-Katalog 5.0,BLUD,PT.Elsyahfi Calibratech Mandiri,E-Purchasing,Pengadaan Barang,Short Wave Diathermy,MELAKUKAN PENGIRIMAN DAN PENERIMAAN,646000,646000
KAB. MANDAILING NATAL,RUMAH SAKIT UMUM DAERAH PANYABUNGAN - 1.02.0.00.0.00.02.0001,10193674,51459102,2024,E-Katalog 5.0,BLUD,PT. Hexpharm Jaya Laboratories,E-Purchasing,Pengadaan Barang,Omeprazol kaps 20 mg,MELAKUKAN PENGIRIMAN DAN PENERIMAAN,1332000,1332000
KAB. MANDAILING NATAL,RUMAH SAKIT UMUM DAERAH PANYABUNGAN - 1.02.0.00.0.00.02.0001,9131381,51459102,2024,E-Katalog 5.0,BLUD,PT.Bernofarm,E-Purchasing,Pengadaan Barang,Ranitidine hydrochloride (HCl)/ Ranitidin injeksi 25 mg/ml,MELAKUKAN PENGIRIMAN DAN PENERIMAAN,6900000,6900000
KAB. MANDAILING NATAL,DINAS KEPENDUDUKAN DAN PENCATATAN SIPIL - 2.12.0.00.0.00.11.0000,4109373,52538870,2024,Non Tender,APBD,cv sinar jaya,Pengadaan Langsung,Pengadaan Barang,Belanja Modal Computer,SELESAI,185924981,0
KAB. MANDAILING NATAL,RUMAH SAKIT UMUM DAERAH PANYABUNGAN - 1.02.0.00.0.00.02.0001,9971374,51459102,2024,E-Katalog 5.0,BLUD,PT. Mersifarma Tirmaku Mercusana,E-Purchasing,Pengadaan Barang,COTRIMOXAZOLE/ KOTRIMOKSAZOL/ COTRIMOKSAZOLE (ANAK) KOMBINASI TIAP 5 ML SUSPENSI: SULFAMETOKSAZOL 200 MG + TRIMETOPRIM 40 MG (SUSP 240 MG),MELAKUKAN PENGIRIMAN DAN PENERIMAAN,615600,615600
KAB. MANDAILING NATAL,RUMAH SAKIT UMUM DAERAH DR. HUSNI THAMRIN - 1.02.0.00.0.00.02.0002,2976373,51606267,2024,Tender,APBD,CV. MANGUN CITRA BERSAMA,Tender,Pekerjaan Konstruksi,Pembangunan Gedung Ruangan Poli dan Kebidanan,SELESAI,4898968714,4898968714
KAB. MANDAILING NATAL,DINAS PENDIDIKAN DAN KEBUDAYAAN - 1.01.2.22.0.00.01.0000,3942373,50635363,2024,Non Tender,APBD,CV. AULIA RIZKI PRATAMA,Pengadaan Langsung,Pekerjaan Konstruksi,PEMBANGUNAN RUANG UKS BESERTA PERABOTNYA (DAK) SD NEGERI 215 TAMIANG,SELESAI,150000000,150000000
KAB. MANDAILING NATAL,DINAS KESEHATAN - 1.02.0.00.0.00.02.0000,10029342,51356109,2024,E-Katalog 5.0,APBD,PT Axion Jaya Alkesindo,E-Purchasing,Pengadaan Barang,Dermaplast T 5 cm x 7 cm,MELAKUKAN PENGIRIMAN DAN PENERIMAAN,10500000,10500000
KAB. MANDAILING NATAL,RUMAH SAKIT UMUM DAERAH PANYABUNGAN - 1.02.0.00.0.00.02.0001,10392169,51459102,2024,E-Katalog 5.0,BLUD,P.T. Dexa Medica,E-Purchasing,Pengadaan Barang,Spironolakton tab 25 mg,MELAKUKAN PENGIRIMAN DAN PENERIMAAN,5500000,5500000
KAB. MANDAILING NATAL,RUMAH SAKIT UMUM DAERAH PANYABUNGAN - 1.02.0.00.0.00.02.0001,10469610,51459102,2024,E-Katalog 5.0,BLUD,PT.Imfarmind Farmasi Industri,E-Purchasing,Pengadaan Barang,"Asam folat tab 0,4 mg*",MELAKUKAN PENGIRIMAN DAN PENERIMAAN,156000,156000
KAB. MANDAILING NATAL,DINAS PERHUBUNGAN - 2.15.0.00.0.00.14.0000,5162373,51740246,2024,Non Tender,APBD,CV. KENZO MAHAGANI,Pengadaan Langsung,Pengadaan Barang,Penyediaan Lampu Hias di Kecamatan Panyabungan,SELESAI,100668120,0
KAB. MANDAILING NATAL,DINAS PEKERJAAN UMUM DAN PENATAAN RUANG - 1.03.0.00.0.00.03.0000,8946540,49523780,2024,E-Katalog 5.0,APBD,PT. RONA NAMORA,E-Purchasing,Pengadaan Barang,Timbunan Pilihan dari sumber galian,PAKET SELESAI,417052500,417052500
KAB. MANDAILING NATAL,DINAS PERHUBUNGAN - 2.15.0.00.0.00.14.0000,4080373,51712482,2024,Non Tender,APBD,CV. FAMILY ARTA GRAHA MANDIRI,Pengadaan Langsung,Pengadaan Barang,Penataan Penerangan Jalan di Jembatan Gunung Tua Panyabungan,SELESAI,47738880,0
KAB. MANDAILING NATAL,DINAS KOPERASI USAHA KECIL DAN MENENGAH - 2.17.0.00.0.00.16.0000,9740794,52005333,2024,E-Katalog 5.0,APBD,CV. TERMINAL PRINT,E-Purchasing,Pengadaan Barang,MESIN BOR LISTRIK,PROSES KONTRAK PPK,10500000,10500000
KAB. MANDAILING NATAL,DINAS PEKERJAAN UMUM DAN PENATAAN RUANG - 1.03.0.00.0.00.03.0000,8976735,49523770,2024,E-Katalog 5.0,APBD,PT. DALIHAN NATOLU GROUP,E-Purchasing,Pengadaan Barang,Timbunan Biasa dari Hasil Galian,PAKET SELESAI,6270452,6270452
KAB. MANDAILING NATAL,DINAS PERHUBUNGAN - 2.15.0.00.0.00.14.0000,9550943,51872546,2024,E-Katalog 5.0,APBD,Inspira Karya Mandiri,E-Purchasing,Pengadaan Barang,KABEL TIC TWISTED SR 2X16MM,PAKET SELESAI,260000000,260000000
KAB. MANDAILING NATAL,DINAS PEKERJAAN UMUM DAN PENATAAN RUANG - 1.03.0.00.0.00.03.0000,8976735,49523770,2024,E-Katalog 5.0,APBD,PT. DALIHAN NATOLU GROUP,E-Purchasing,Pengadaan Barang,Marka Jalan Thermoplastik,PAKET SELESAI,82873240,82873240
KAB. MANDAILING NATAL,DINAS PENDIDIKAN DAN KEBUDAYAAN - 1.01.2.22.0.00.01.0000,4041373,50635346,2024,Non Tender,APBD,CV. ANUGRAH ALAM MANDIRI,Pengadaan Langsung,Pekerjaan Konstruksi,PEMBANGUNAN RUANG UKS BESERTA PERABOTNYA (DAK) SD NEGERI 391 SUKARAMAI,SELESAI,152500001,152500001
KAB. MANDAILING NATAL,RUMAH SAKIT UMUM DAERAH PANYABUNGAN - 1.02.0.00.0.00.02.0001,9159905,51459106,2024,E-Katalog 5.0,BLUD,PT Medihop,E-Purchasing,Pengadaan Barang,"V122 T-Vio Polyglycolide 2, 90 cm Heavy Round Bodied, 1/2 circle, 48 mm",MELAKUKAN PENGIRIMAN DAN PENERIMAAN,6053940,6053940
KAB. MANDAILING NATAL,DINAS PERTANIAN - 3.27.0.00.0.00.22.0000,8916096,51084107,2024,E-Katalog 5.0,APBD,CV.RIZKI KARYA,E-Purchasing,Pengadaan Barang,BIBIT - BENIH PADI,PROSES KONTRAK PPK,511098000,511098000
KAB. MANDAILING NATAL,RUMAH SAKIT UMUM DAERAH PANYABUNGAN - 1.02.0.00.0.00.02.0001,10880271,51459102,2024,E-Katalog 5.0,BLUD,P.T. Dexa Medica,E-Purchasing,Pengadaan Barang,Ketorolak/ Ketorolac / Ketorolac trometamol/ Ketorolac tromethamine inj 30 mg/ml (3%),MELAKUKAN PENGIRIMAN DAN PENERIMAAN,15750000,15750000
KAB. MANDAILING NATAL,RUMAH SAKIT UMUM DAERAH PANYABUNGAN - 1.02.0.00.0.00.02.0001,10103025,51459102,2024,E-Katalog 5.0,BLUD,PT. Kimia Farma Tbk,E-Purchasing,Pengadaan Barang,Morfin tab lepas lambat 15 mg,MELAKUKAN PENGIRIMAN DAN PENERIMAAN,1831500,1831500
KAB. MANDAILING NATAL,DINAS KESEHATAN - 1.02.0.00.0.00.02.0000,10129378,51356108,2024,E-Katalog 5.0,APBD,PT. Mahakam Beta Farma,E-Purchasing,Pengadaan Barang,Acetyl cysteine/ N-asetil sistein tablet/kapsul/kaplet 200 mg,MELAKUKAN PENGIRIMAN DAN PENERIMAAN,55500000,55500000
KAB. MANDAILING NATAL,RUMAH SAKIT UMUM DAERAH PANYABUNGAN - 1.02.0.00.0.00.02.0001,9281328,51405287,2024,E-Katalog 5.0,APBD,PT. DHARMA MITRA PERKASA,E-Purchasing,Pengadaan Barang,MOBIL AMBULANCE EMERGENCY VIP KIJANG INNOVA REBORN G DIESEL,MELAKUKAN PENGIRIMAN DAN PENERIMAAN,810000000,810000000
KAB. MANDAILING NATAL,DINAS PENDIDIKAN DAN KEBUDAYAAN - 1.01.2.22.0.00.01.0000,9974996,52150713,2024,E-Katalog 5.0,APBD,CV. KREATIFITAS CEMERLANG,E-Purchasing,Pengadaan Barang,CONGKLAK PERMAIANAN PAUD,MELAKUKAN PENGIRIMAN DAN PENERIMAAN,840000,840000
KAB. MANDAILING NATAL,DINAS PEKERJAAN UMUM DAN PENATAAN RUANG - 1.03.0.00.0.00.03.0000,8975338,51021126,2024,E-Katalog 5.0,APBD,PT. RONA NAMORA,E-Purchasing,Pengadaan Barang,Galian untuk Selokan Drainase dan Saluran Air,PAKET SELESAI,36156300,36156300
KAB. MANDAILING NATAL,RUMAH SAKIT UMUM DAERAH PANYABUNGAN - 1.02.0.00.0.00.02.0001,9095668,51459102,2024,E-Katalog 5.0,BLUD,PT. Kimia Farma Tbk,E-Purchasing,Pengadaan Barang,"Betametason/Betamethasone Valerate krim 0,1%",MELAKUKAN PENGIRIMAN DAN PENERIMAAN,399600,399600
KAB. MANDAILING NATAL,DINAS PERHUBUNGAN - 2.15.0.00.0.00.14.0000,5145373,52903103,2024,Non Tender,APBD,CV. SINGOLOT MANIKAM PERSADA,Pengadaan Langsung,Pekerjaan Konstruksi,Pembangunan Pagar Terminal Panyabungan,SELESAI,199837561,199837561
KAB. MANDAILING NATAL,DINAS PENDIDIKAN DAN KEBUDAYAAN - 1.01.2.22.0.00.01.0000,9271970,51282912,2024,E-Katalog 5.0,APBD,PT. Trisolah Suvarna Indonesia,E-Purchasing,Pengadaan Barang,Jurnal Chromebook Charging 20 Unit Cart,MELAKUKAN PENGIRIMAN DAN PENERIMAAN,1183000000,1183000000
KAB. MANDAILING NATAL,RUMAH SAKIT UMUM DAERAH PANYABUNGAN - 1.02.0.00.0.00.02.0001,10389632,52534841,2024,E-Katalog 5.0,BLUD,PT. KARYA TEHNIK SUKSES,E-Purchasing,Pengadaan Barang,BATTERY MPOWERPLUS JP65-12G 12V 65AH,MELAKUKAN PENGIRIMAN DAN PENERIMAAN,190720000,190720000
KAB. MANDAILING NATAL,DINAS PERUMAHAN RAKYAT DAN KAWASAN PERMUKIMAN SERTA PERTANAHAN - 1.04.2.10.0.00.04.0000,3899373,49936931,2024,Non Tender,APBD,CV. NABILA,Pengadaan Langsung,Pekerjaan Konstruksi,Pembangunan Jalan Lingkungan VI Kampung Sedikit Kelurahan Kota Siantar Kec. Panyabungan,SELESAI,99472653,99472653
KAB. MANDAILING NATAL,DINAS PERTANIAN - 3.27.0.00.0.00.22.0000,3794373,51233634,2024,Non Tender,APBD,CV. YATRAINDO CONSULTANT,Pengadaan Langsung,Jasa Konsultansi Badan Usaha Non Konstruksi,Belanja Jasa Konsultan Perencanaan Jaringan Irigasi Desa (JIDES),SELESAI,49790160,49790160
KAB. MANDAILING NATAL,RUMAH SAKIT UMUM DAERAH PANYABUNGAN - 1.02.0.00.0.00.02.0001,10656935,51459104,2024,E-Katalog 5.0,BLUD,Andreas Karya Terbesar,E-Purchasing,Pengadaan Barang,DIAFLUID ACID,MELAKUKAN PENGIRIMAN DAN PENERIMAAN,24142500,24142500
KAB. MANDAILING NATAL,DINAS KESEHATAN - 1.02.0.00.0.00.02.0000,9589799,51356109,2024,E-Katalog 5.0,APBD,PT.TOP POINT MEDICAL,E-Purchasing,Pengadaan Barang,TP Disposable Syringe 1ML with Needle,MELAKUKAN PENGIRIMAN DAN PENERIMAAN,25290000,25290000
KAB. MANDAILING NATAL,DINAS KESEHATAN - 1.02.0.00.0.00.02.0000,9589954,51356108,2024,E-Katalog 5.0,APBD,PT. SATORIA ANEKA INDUSTRI,E-Purchasing,Pengadaan Barang,Glukosa larutan infus 5% 500 mL,MELAKUKAN PENGIRIMAN DAN PENERIMAAN,23058000,23058000
KAB. MANDAILING NATAL,DINAS PERDAGANGAN - 3.30.3.31.0.00.23.0000,10010707000,53496243,2024,Non Tender,APBD,CV. BAITANG ENGINEERING,Pengadaan Langsung,Pekerjaan Konstruksi,Perbaikan Prasarana Listrik di Pasar Baru Panyabungan (Sumber Dana Insentif Fiskal) TA. 2024,SELESAI,174000000,174000000
KAB. MANDAILING NATAL,DINAS PEKERJAAN UMUM DAN PENATAAN RUANG - 1.03.0.00.0.00.03.0000,8894384,49523781,2024,E-Katalog 5.0,APBD,DEMBAN SIMPAR JAYA,E-Purchasing,Pengadaan Barang,"Beton struktur, fc 25 Mpa",PAKET SELESAI,205725000,205725000
KAB. MANDAILING NATAL,DINAS PERTANIAN - 3.27.0.00.0.00.22.0000,3881373,49587929,2024,Non Tender,APBD,CV. KREATIFITAS CEMERLANG,Pengadaan Langsung,Pekerjaan Konstruksi,Pembangunan/Rehabilitasi Jalan Usaha Tani/Jalan Produksi Desa Bulusoma Kec. Batang Natal,SELESAI,101400001,101400001
KAB. MANDAILING NATAL,DINAS KESEHATAN - 1.02.0.00.0.00.02.0000,10101056,51356108,2024,E-Katalog 5.0,APBD,NOVAPHARIN,E-Purchasing,Pengadaan Barang,Simvastatin tablet/kapsul/kaplet 20 mg,MELAKUKAN PENGIRIMAN DAN PENERIMAAN,17080000,17080000
KAB. MANDAILING NATAL,DINAS PENDIDIKAN DAN KEBUDAYAAN - 1.01.2.22.0.00.01.0000,4039373,50635352,2024,Non Tender,APBD,CV. CHANTIKA LESTARI,Pengadaan Langsung,Pekerjaan Konstruksi,PEMBANGUNAN RUANG UKS BESERTA PERABOTNYA (DAK) SD NEGERI 308 HUTARAJA,SELESAI,151200020,151200020
KAB. MANDAILING NATAL,DINAS KESEHATAN - 1.02.0.00.0.00.02.0000,9329172,51356109,2024,E-Katalog 5.0,APBD,PT MAKMUR JAYA HEALTHINDO,E-Purchasing,Pengadaan Barang,QILAN Latex Examination Gloves Lightly Powdered,MELAKUKAN PENGIRIMAN DAN PENERIMAAN,60000000,60000000
KAB. MANDAILING NATAL,DINAS KESEHATAN - 1.02.0.00.0.00.02.0000,9127854,51356568,2024,E-Katalog 5.0,APBD,PT Abadi Kesling Indoneisa,E-Purchasing,Pengadaan Barang,Belanja Bahan Reagen BMHP Pengawasan Surveilans Kualitas Air Minum (Rumah Tangga & Fasilitas Umum),MELAKUKAN PENGIRIMAN DAN PENERIMAAN,863564000,863564000
KAB. MANDAILING NATAL,DINAS KESEHATAN - 1.02.0.00.0.00.02.0000,10101642,51356108,2024,E-Katalog 5.0,APBD,PT. NOVELL PHARMACEUTICAL LABORATORIES,E-Purchasing,Pengadaan Barang,Divalproex sodium / Valproat / Valproic tablet salut enterik 250 mg,PROSES KONTRAK PPK,355200,355200
KAB. MANDAILING NATAL,DINAS PENDIDIKAN DAN KEBUDAYAAN - 1.01.2.22.0.00.01.0000,9974996,52150713,2024,E-Katalog 5.0,APBD,CV. KREATIFITAS CEMERLANG,E-Purchasing,Pengadaan Barang,Ayunan Taman TK PAUD,MELAKUKAN PENGIRIMAN DAN PENERIMAAN,6100000,6100000
KAB. MANDAILING NATAL,DINAS PERUMAHAN RAKYAT DAN KAWASAN PERMUKIMAN SERTA PERTANAHAN - 1.04.2.10.0.00.04.0000,3793373,49936996,2024,Non Tender,APBD,PT. MARGA BHUANA JAYA CONSULTANT,Pengadaan Langsung,Jasa Konsultansi Badan Usaha Non Konstruksi,Pendataan Rumah Korban Bencana Alam atau Terkena Relokasi Program,SELESAI,49617000,49617000
KAB. MANDAILING NATAL,RUMAH SAKIT UMUM DAERAH PANYABUNGAN - 1.02.0.00.0.00.02.0001,9133754,51459102,2024,E-Katalog 5.0,BLUD,PT Jayamas Medica Industri,E-Purchasing,Pengadaan Barang,3 Way Stopcock,MELAKUKAN PENGIRIMAN DAN PENERIMAAN,3752910,3752910
KAB. MANDAILING NATAL,BAGIAN KESEJAHTERAAN RAKYAT - 4.01.5.06.0.00.24.0002,3986373,51606705,2024,Non Tender,APBD,CV. BERKAH QYMERA,Pengadaan Langsung,Jasa Lainnya,Belanja Sewa Kenderaan Bermotor Penumpang - Sewa Bus Pemulangan Haji,SELESAI,157050000,157050000
KAB. MANDAILING NATAL,DINAS KESEHATAN - 1.02.0.00.0.00.02.0000,10029342,51356109,2024,E-Katalog 5.0,APBD,PT Axion Jaya Alkesindo,E-Purchasing,Pengadaan Barang,Strip Kehamilan Package,MELAKUKAN PENGIRIMAN DAN PENERIMAAN,34000000,34000000
KAB. MANDAILING NATAL,DINAS PEKERJAAN UMUM DAN PENATAAN RUANG - 1.03.0.00.0.00.03.0000,8975338,51021126,2024,E-Katalog 5.0,APBD,PT. RONA NAMORA,E-Purchasing,Pengadaan Barang,Marka Jalan Termoplastik,PAKET SELESAI,133471000,133471000
KAB. MANDAILING NATAL,DINAS KESEHATAN - 1.02.0.00.0.00.02.0000,10022634,51356108,2024,E-Katalog 5.0,APBD,PT. Interbat,E-Purchasing,Pengadaan Barang,Metoclopramide hydrochloride (HCl)/ Metoclopramide/ Metoklopramid inj 5 mg/mL,PROSES KONTRAK PPK,898200,898200
KAB. MANDAILING NATAL,RUMAH SAKIT UMUM DAERAH PANYABUNGAN - 1.02.0.00.0.00.02.0001,2971373,51405352,2024,Tender,APBD,CV. PATRICIA ADISTY,Tender,Pekerjaan Konstruksi,Pembangunan Instalasi Air Bersih,SELESAI,788869175,788869175
KAB. MANDAILING NATAL,DINAS PEKERJAAN UMUM DAN PENATAAN RUANG - 1.03.0.00.0.00.03.0000,3814373,49604331,2024,Non Tender,APBD,"M. Habib Parinduri, ST",Pengadaan Langsung,Jasa Konsultansi Perorangan Konstruksi,Konsultan Pengawasan Pembangunan Baru SPAM Jaringan Perpipaan di Desa Ranto Nalinjang Kec. Rantobaek,SELESAI,99511500,99511500
KAB. MANDAILING NATAL,RUMAH SAKIT UMUM DAERAH PANYABUNGAN - 1.02.0.00.0.00.02.0001,9922657,51459106,2024,E-Katalog 5.0,BLUD,PT Surgika Alkesindo,E-Purchasing,Pengadaan Barang,25G-90 mm Spinal Needle Quincke,MELAKUKAN PENGIRIMAN DAN PENERIMAAN,3150000,0
KAB. MANDAILING NATAL,DINAS PENDIDIKAN DAN KEBUDAYAAN - 1.01.2.22.0.00.01.0000,3017373,50635552,2024,Tender,APBD,CV. MUARA KASIH,Tender,Pekerjaan Konstruksi,PEMBANGUNAN RUANG LABORATORIUM KOMPUTER BESERTA PERABOTNYA (DAK) SD NEGERI 340 BATUSONDAT,SELESAI,200000000,200000000
KAB. MANDAILING NATAL,RUMAH SAKIT UMUM DAERAH PANYABUNGAN - 1.02.0.00.0.00.02.0001,11218016,53529595,2024,E-Katalog 5.0,BLUD,PT.Elsyahfi Calibratech Mandiri,E-Purchasing,Pengadaan Barang,Bed Side Monitor / Patient Monitor / Vital Sign Monitor,MELAKUKAN PENGIRIMAN DAN PENERIMAAN,8190000,8190000
KAB. MANDAILING NATAL,RUMAH SAKIT UMUM DAERAH PANYABUNGAN - 1.02.0.00.0.00.02.0001,10556056,51459102,2024,E-Katalog 5.0,BLUD,PT.Bernofarm,E-Purchasing,Pengadaan Barang,Dexamethason Sodium Phosphate/ Deksamethason/ Deksametason injeksi 5 mg/mL,MELAKUKAN PENGIRIMAN DAN PENERIMAAN,1700000,1700000
KAB. MANDAILING NATAL,DINAS PEKERJAAN UMUM DAN PENATAAN RUANG - 1.03.0.00.0.00.03.0000,4084373,49522970,2024,Non Tender,APBD,HQ PRATAMA CONSULTANT,Pengadaan Langsung,Jasa Konsultansi Badan Usaha Non Konstruksi,Penyusunan dan Pemasangan Patok Leger Jalan Kabupaten,SELESAI,49390110,49390110
KAB. MANDAILING NATAL,RUMAH SAKIT UMUM DAERAH PANYABUNGAN - 1.02.0.00.0.00.02.0001,9052108,51459104,2024,E-Katalog 5.0,BLUD,Andreas Karya Terbesar,E-Purchasing,Pengadaan Barang,"BICARBONAT BUBUK HEMODIALYSIS, VITALCARE",MELAKUKAN PENGIRIMAN DAN PENERIMAAN,28971000,28971000
KAB. MANDAILING NATAL,DINAS KESEHATAN - 1.02.0.00.0.00.02.0000,10899072,51356107,2024,E-Katalog 5.0,APBD,PT MAKMUR JAYA HEALTHINDO,E-Purchasing,Pengadaan Barang,QILAN 4 Ply Dukcbill Facemask Earloop,MELAKUKAN PENGIRIMAN DAN PENERIMAAN,2010000,2010000
KAB. MANDAILING NATAL,DINAS KESEHATAN - 1.02.0.00.0.00.02.0000,9650947,51355991,2024,E-Katalog 5.0,APBD,PT. Kemika Karya Pratama,E-Purchasing,Pengadaan Barang,ALTOSID 1.3 GR,MELAKUKAN PENGIRIMAN DAN PENERIMAAN,18990000,0
KAB. MANDAILING NATAL,DINAS PERDAGANGAN - 3.30.3.31.0.00.23.0000,10010711000,53496050,2024,Non Tender,APBD,CV. EFOD DESIGN CONSULTANT,Pengadaan Langsung,Jasa Konsultansi Badan Usaha Non Konstruksi,Jasa Konsultansi Pengawasan Fisik Sarana dan Prasarana Bidang Pengembangan Perdagangan (Sumber Dana Insentif Fiskal) TA. 2024,SELESAI,29637000,29637000
KAB. MANDAILING NATAL,RUMAH SAKIT UMUM DAERAH PANYABUNGAN - 1.02.0.00.0.00.02.0001,10392169,51459102,2024,E-Katalog 5.0,BLUD,P.T. Dexa Medica,E-Purchasing,Pengadaan Barang,Tikagrelor tab 90 mg,MELAKUKAN PENGIRIMAN DAN PENERIMAAN,13737000,13737000
KAB. MANDAILING NATAL,RUMAH SAKIT UMUM DAERAH PANYABUNGAN - 1.02.0.00.0.00.02.0001,9335687,51459102,2024,E-Katalog 5.0,BLUD,P.T. Dexa Medica,E-Purchasing,Pengadaan Barang,"Diviti - Fondaparinuks/Fondaparinux inj 2,5 mg/0,5 mL",MELAKUKAN PENGIRIMAN DAN PENERIMAAN,12125000,12125000
KAB. MANDAILING NATAL,RUMAH SAKIT UMUM DAERAH PANYABUNGAN - 1.02.0.00.0.00.02.0001,11256352,51459104,2024,E-Katalog 5.0,BLUD,Andreas Karya Terbesar,E-Purchasing,Pengadaan Barang,DIAFLUID ACID,MELAKUKAN PENGIRIMAN DAN PENERIMAAN,18348300,18348300
KAB. MANDAILING NATAL,DINAS PEKERJAAN UMUM DAN PENATAAN RUANG - 1.03.0.00.0.00.03.0000,8894384,49523781,2024,E-Katalog 5.0,APBD,DEMBAN SIMPAR JAYA,E-Purchasing,Pengadaan Barang,Pasangan Batu dengan Mortar,PAKET SELESAI,37297500,37297500
KAB. MANDAILING NATAL,RUMAH SAKIT UMUM DAERAH PANYABUNGAN - 1.02.0.00.0.00.02.0001,9052108,51459104,2024,E-Katalog 5.0,BLUD,Andreas Karya Terbesar,E-Purchasing,Pengadaan Barang,"AV FISTULA HEMODIALISE, VITALCARE",MELAKUKAN PENGIRIMAN DAN PENERIMAAN,6593400,6593400
KAB. MANDAILING NATAL,DINAS PEKERJAAN UMUM DAN PENATAAN RUANG - 1.03.0.00.0.00.03.0000,3819373,49550280,2024,Non Tender,APBD,CV. TEAM CORE CONSULTANT,Pengadaan Langsung,Jasa Konsultansi Badan Usaha Konstruksi,Perencanaan Pembangunan dan Perluasan Sistem Penyediaan Air Minum (SPAM) Jaringan Perpipaan Tahun 2024,SELESAI,47730000,47730000
KAB. MANDAILING NATAL,RUMAH SAKIT UMUM DAERAH PANYABUNGAN - 1.02.0.00.0.00.02.0001,2979373,51667679,2024,Tender,APBD,PT. MARGA BHUANA JAYA,Seleksi,Jasa Konsultansi Badan Usaha Konstruksi,Pembangunan Gedung,SELESAI,354700500,354700500
KAB. MANDAILING NATAL,RUMAH SAKIT UMUM DAERAH PANYABUNGAN - 1.02.0.00.0.00.02.0001,11218016,53529595,2024,E-Katalog 5.0,BLUD,PT.Elsyahfi Calibratech Mandiri,E-Purchasing,Pengadaan Barang,Hemodialisa,MELAKUKAN PENGIRIMAN DAN PENERIMAAN,3924000,3924000
KAB. MANDAILING NATAL,DINAS PEKERJAAN UMUM DAN PENATAAN RUANG - 1.03.0.00.0.00.03.0000,8941316,49523772,2024,E-Katalog 5.0,APBD,DEMBAN SIMPAR JAYA,E-Purchasing,Pengadaan Barang,Lapis Fondasi Agregat Kelas A,PAKET SELESAI,1499308000,1499308000
KAB. MANDAILING NATAL,DINAS PEKERJAAN UMUM DAN PENATAAN RUANG - 1.03.0.00.0.00.03.0000,8941316,49523772,2024,E-Katalog 5.0,APBD,DEMBAN SIMPAR JAYA,E-Purchasing,Pengadaan Barang,Galian untuk Selokan Drainase dan Saluran Air,PAKET SELESAI,218025300,218025300
KAB. MANDAILING NATAL,RUMAH SAKIT UMUM DAERAH DR. HUSNI THAMRIN - 1.02.0.00.0.00.02.0002,9386519,51354253,2024,E-Katalog 5.0,APBD,CV. SINAR INFINITY FIBERTECH,E-Purchasing,Pengadaan Barang,IPAL RUMAH SAKIT/PUSKESMAS KAPASITAS 20M3/HARI,MELAKUKAN PENGIRIMAN DAN PENERIMAAN,915000000,915000000
KAB. MANDAILING NATAL,DINAS PENDIDIKAN DAN KEBUDAYAAN - 1.01.2.22.0.00.01.0000,3979373,50634671,2024,Non Tender,APBD,CV. BINTANG BUDI MANDIRI,Pengadaan Langsung,Pekerjaan Konstruksi,REHABILITASI RUANG KELAS SMP NEGERI 1 NAGA JUANG,SELESAI,119023862,119023862
KAB. MANDAILING NATAL,DINAS PERUMAHAN RAKYAT DAN KAWASAN PERMUKIMAN SERTA PERTANAHAN - 1.04.2.10.0.00.04.0000,5149373,52759136,2024,Non Tender,APBD,MHD AL ANSYARI NASUTION,Pengadaan Langsung,Jasa Konsultansi Perorangan Konstruksi,Pengawasan Pembangunan/ Peningkatan/ Rehabilitasi PSU(Sumber Dana: Insentif Fiskal TA. 2024),SELESAI,14985000,14985000
KAB. MANDAILING NATAL,DINAS KESEHATAN - 1.02.0.00.0.00.02.0000,10401037,51322684,2024,E-Katalog 5.0,APBD,PT.Elsyahfi Calibratech Mandiri,E-Purchasing,Pengadaan Barang,JASA PENGUJIAN DAN/ATAU KALIBRASI TIMBANGAN BAYI - JASA PENGUJIAN DAN/ATAU KALIBRASI TIMBANGAN BAYI - Posyandu Dacin,MELAKUKAN PENGIRIMAN DAN PENERIMAAN,5200000,5200000
KAB. MANDAILING NATAL,DINAS PERUMAHAN RAKYAT DAN KAWASAN PERMUKIMAN SERTA PERTANAHAN - 1.04.2.10.0.00.04.0000,3891373,49936925,2024,Non Tender,APBD,CV. BINTANG KARYA BHAKTI,Pengadaan Langsung,Pekerjaan Konstruksi,Lanjutan Pembangunan Jalan Lingkungan Desa Lumban Pasir Kecamatan Panyabungan,SELESAI,98592051,98592051
KAB. MANDAILING NATAL,RUMAH SAKIT UMUM DAERAH PANYABUNGAN - 1.02.0.00.0.00.02.0001,10709550,51459102,2024,E-Katalog 5.0,BLUD,PT. Hexpharm Jaya Laboratories,E-Purchasing,Pengadaan Barang,Metformin tab 500 mg,MELAKUKAN PENGIRIMAN DAN PENERIMAAN,3560000,3560000
KAB. MANDAILING NATAL,DINAS PEKERJAAN UMUM DAN PENATAAN RUANG - 1.03.0.00.0.00.03.0000,5157373,52698967,2024,Non Tender,APBD,PT. KURNIA MADINA PERSADA,Pengadaan Langsung,Pekerjaan Konstruksi,Pembangunan IPAL Komunal di Masjid Babussalam Desa Darussalam Kecamatan Panyabungan,SELESAI,99500442,99500442
KAB. MANDAILING NATAL,RUMAH SAKIT UMUM DAERAH PANYABUNGAN - 1.02.0.00.0.00.02.0001,9495229,51459102,2024,E-Katalog 5.0,BLUD,P.T. Dexa Medica,E-Purchasing,Pengadaan Barang,"Mometasone furoate/ Mometason furoat krim 0,1%",MELAKUKAN PENGIRIMAN DAN PENERIMAAN,139700,139700
KAB. MANDAILING NATAL,DINAS PENANAMAN MODAL DAN PELAYANAN TERPADU SATU PINTU - 2.18.0.00.0.00.17.0000,8975458,51278612,2024,E-Katalog 5.0,APBD,CV. VIRGO WIRA PERKASA,E-Purchasing,Pengadaan Barang,Laptop Yoga Slim 7 Carbon ( Touch Screen ),PAKET SELESAI,20700000,0
KAB. MANDAILING NATAL,RUMAH SAKIT UMUM DAERAH PANYABUNGAN - 1.02.0.00.0.00.02.0001,10406335,51459102,2024,E-Katalog 5.0,BLUD,PT. Holi Pharma,E-Purchasing,Pengadaan Barang,Antasida tab kunyah,MELAKUKAN PENGIRIMAN DAN PENERIMAAN,270000,270000
KAB. MANDAILING NATAL,RUMAH SAKIT UMUM DAERAH DR. HUSNI THAMRIN - 1.02.0.00.0.00.02.0002,9387083,51354258,2024,E-Katalog 5.0,APBD,PT. Djuniar & Djuniar,E-Purchasing,Pengadaan Barang,TANPA MEREK NESCO PHOTOTHERAPY,MELAKUKAN PENGIRIMAN DAN PENERIMAAN,113000000,113000000
KAB. MANDAILING NATAL,DINAS PENDIDIKAN DAN KEBUDAYAAN - 1.01.2.22.0.00.01.0000,10898187,53328228,2024,E-Katalog 5.0,APBD,CV. IKHWAN FIRDAUS,E-Purchasing,Pengadaan Barang,Tas Punggung Ransel,MELAKUKAN PENGIRIMAN DAN PENERIMAAN,30968000,30968000
KAB. MANDAILING NATAL,DINAS KEPENDUDUKAN DAN PENCATATAN SIPIL - 2.12.0.00.0.00.11.0000,3887373,51844616,2024,Non Tender,APBD,MHD AL ANSYARI NASUTION,Pengadaan Langsung,Jasa Konsultansi Perorangan Konstruksi,Belanja Jasa Tenaga Ahli ( Perencanaan ),SELESAI,10000000,10000000
KAB. MANDAILING NATAL,RUMAH SAKIT UMUM DAERAH PANYABUNGAN - 1.02.0.00.0.00.02.0001,9335687,51459102,2024,E-Katalog 5.0,BLUD,P.T. Dexa Medica,E-Purchasing,Pengadaan Barang,Clozapine/ Klozapin tablet/kapsul/kaplet 25 mg,MELAKUKAN PENGIRIMAN DAN PENERIMAAN,744000,744000
KAB. MANDAILING NATAL,RUMAH SAKIT UMUM DAERAH PANYABUNGAN - 1.02.0.00.0.00.02.0001,11256352,51459104,2024,E-Katalog 5.0,BLUD,Andreas Karya Terbesar,E-Purchasing,Pengadaan Barang,VITAL CARE Hollow Fiber Dialyzer 18 HF,MELAKUKAN PENGIRIMAN DAN PENERIMAAN,35853000,35853000
KAB. MANDAILING NATAL,RUMAH SAKIT UMUM DAERAH PANYABUNGAN - 1.02.0.00.0.00.02.0001,9445517,51459102,2024,E-Katalog 5.0,BLUD,PT AstraZeneca Indonesia,E-Purchasing,Pengadaan Barang,"kombinasi, setiap dosis mengandung : Budesonid 160 mcg Formoterol 4,5 mcg (inhalasi), 120 dosis kemasan turbuhaler",MELAKUKAN PENGIRIMAN DAN PENERIMAAN,33368000,0
KAB. MANDAILING NATAL,DINAS PENDIDIKAN DAN KEBUDAYAAN - 1.01.2.22.0.00.01.0000,3046373,52031584,2024,Tender,APBD,CV.CITRA KARYA MANDIRI,Tender,Pekerjaan Konstruksi,Pembangunan Ruang Guru dan Atau Kepala Sekolah Beserta Perabotnya - TK Satu Apat SDN 003 Sihepeng,SELESAI,182320327,182320327
KAB. MANDAILING NATAL,DINAS KESEHATAN - 1.02.0.00.0.00.02.0000,9623649,51356107,2024,E-Katalog 5.0,APBD,PT. Mitra Bahagia Citra Medika,E-Purchasing,Pengadaan Barang,MISSION Hb Hemoglobin Test Strips,MELAKUKAN PENGIRIMAN DAN PENERIMAAN,88570040,0
KAB. MANDAILING NATAL,RUMAH SAKIT UMUM DAERAH PANYABUNGAN - 1.02.0.00.0.00.02.0001,9328176,51459106,2024,E-Katalog 5.0,BLUD,PT. Likuid Pharmalab Indonesia,E-Purchasing,Pengadaan Barang,BAYzime detergen alkali enzimatik 1 L,MELAKUKAN PENGIRIMAN DAN PENERIMAAN,6452570,6452570
KAB. MANDAILING NATAL,DINAS KESEHATAN - 1.02.0.00.0.00.02.0000,10057053,51356108,2024,E-Katalog 5.0,APBD,PT. SOHO Industri Pharmasi,E-Purchasing,Pengadaan Barang,Metoklopramid tablet 5 mg,PROSES KONTRAK PPK,2520000,2520000
KAB. MANDAILING NATAL,RUMAH SAKIT UMUM DAERAH PANYABUNGAN - 1.02.0.00.0.00.02.0001,10692547,51459102,2024,E-Katalog 5.0,BLUD,PT Glaxo Wellcome Indonesia,E-Purchasing,Pengadaan Barang,"Kombinasi KDT/FDC, setiap mL mengandung:  Salmeterol 50 mcg dan Flutikason propionat 250 mcg ih 250 mcg puff",MELAKUKAN PENGIRIMAN DAN PENERIMAAN,6369264,0
KAB. MANDAILING NATAL,DINAS PEKERJAAN UMUM DAN PENATAAN RUANG - 1.03.0.00.0.00.03.0000,8941316,49523772,2024,E-Katalog 5.0,APBD,DEMBAN SIMPAR JAYA,E-Purchasing,Pengadaan Barang,Marka Jalan Termoplastik,PAKET SELESAI,201029400,201029400
KAB. MANDAILING NATAL,DINAS PEKERJAAN UMUM DAN PENATAAN RUANG - 1.03.0.00.0.00.03.0000,8978133,49523782,2024,E-Katalog 5.0,APBD,PT. GASHABAT SUKSES MANDIRI,E-Purchasing,Pengadaan Barang,PATOK PENGARAH,PAKET SELESAI,4100000,4100000
KAB. MANDAILING NATAL,DINAS PERHUBUNGAN - 2.15.0.00.0.00.14.0000,5146373,51617872,2024,Non Tender,APBD,HQ PRATAMA CONSULTANT,Pengadaan Langsung,Jasa Konsultansi Badan Usaha Konstruksi,Belanja Jasa Konsultan Pengawasan Pembangunan Pagar Terminal Panyabungan,SELESAI,14985000,14985000
KAB. MANDAILING NATAL,RUMAH SAKIT UMUM DAERAH PANYABUNGAN - 1.02.0.00.0.00.02.0001,9495229,51459102,2024,E-Katalog 5.0,BLUD,P.T. Dexa Medica,E-Purchasing,Pengadaan Barang,Kandesartan/ Candesartan/ Candesartan Cilexetil  tablet/kapsul/kaplet 16 mg,MELAKUKAN PENGIRIMAN DAN PENERIMAAN,1188000,1188000
KAB. MANDAILING NATAL,RUMAH SAKIT UMUM DAERAH PANYABUNGAN - 1.02.0.00.0.00.02.0001,9131381,51459102,2024,E-Katalog 5.0,BLUD,PT.Bernofarm,E-Purchasing,Pengadaan Barang,Methylprednisolone Sodium Succinate/ Metilprednisolon/ Methylprednisolone inj 125 mg,MELAKUKAN PENGIRIMAN DAN PENERIMAAN,5508000,5508000
KAB. MANDAILING NATAL,DINAS KESEHATAN - 1.02.0.00.0.00.02.0000,9278917,51322684,2024,E-Katalog 5.0,APBD,PT MAKMUR JAYA HEALTHINDO,E-Purchasing,Pengadaan Barang,QILAN PUSTU SET,MELAKUKAN PENGIRIMAN DAN PENERIMAAN,522890000,522890000
KAB. MANDAILING NATAL,DINAS KESEHATAN - 1.02.0.00.0.00.02.0000,9589954,51356108,2024,E-Katalog 5.0,APBD,PT. SATORIA ANEKA INDUSTRI,E-Purchasing,Pengadaan Barang,"NaCl 0.9% / Sodium Chloride 0.9%, 500 mL",MELAKUKAN PENGIRIMAN DAN PENERIMAAN,38365000,38365000
KAB. MANDAILING NATAL,DINAS PEKERJAAN UMUM DAN PENATAAN RUANG - 1.03.0.00.0.00.03.0000,10574685,52658572,2024,E-Katalog 5.0,APBD,PT. DALIHAN NATOLU GROUP,E-Purchasing,Pengadaan Barang,Lapis Perekat - Aspal Cair/Emulsi,PAKET SELESAI,40392000,40392000
KAB. MANDAILING NATAL,DINAS PENDIDIKAN DAN KEBUDAYAAN - 1.01.2.22.0.00.01.0000,9974996,52150713,2024,E-Katalog 5.0,APBD,CV. KREATIFITAS CEMERLANG,E-Purchasing,Pengadaan Barang,Buku Iqro TK PAUD,MELAKUKAN PENGIRIMAN DAN PENERIMAAN,2070000,2070000
KAB. MANDAILING NATAL,DINAS KESEHATAN - 1.02.0.00.0.00.02.0000,9588619,51356108,2024,E-Katalog 5.0,APBD,PT Mega Medica Pharmaceuticals,E-Purchasing,Pengadaan Barang,STRIATAMIN 550 MG ORAL ALBUMIN DAN CURCUMA,PROSES KONTRAK PPK,23316000,23316000
KAB. MANDAILING NATAL,DINAS PEKERJAAN UMUM DAN PENATAAN RUANG - 1.03.0.00.0.00.03.0000,2957373,49604333,2024,Tender,APBD,CV.INTEK JPK,Tender,Pekerjaan Konstruksi,Pembangunan SPAM Jaringan Perpipaan di Simpang Durian Kec. Lingga Bayu,SELESAI,956528599,956528599
