Nama Instansi,Nama Satuan Kerja,Kode Paket,Kode RUP,Tahun Anggaran,Sumber Transaksi,Sumber Dana,Nama Penyedia,Metode Pengadaan,Jenis Pengadaan,Nama Paket,Status Paket,Total Nilai (Rp),Nilai PDN (Rp)
KAB. MANDAILING NATAL,DINAS PERDAGANGAN - 3.30.3.31.0.00.25.0000,3407373,41667214,2023,Non Tender,APBD,CV. AZKA REJEKI BERSAMA,Pengadaan Langsung,Pekerjaan Konstruksi,Pengecetan Pasar Sihepeng Kecamatan Siabu,SELESAI,49550000,49550000
KAB. MANDAILING NATAL,RUMAH SAKIT UMUM DAERAH PANYABUNGAN - 1.02.0.00.0.00.02.0001,3771786,42104658,2023,E-Katalog 5.0,BLUD,PT. Kimia Farma Tbk,E-Purchasing,Pengadaan Barang,Pethidine hydrochloride/ Petidin inj 50 mg/mL (i.m./i.v.),MELAKUKAN PENGIRIMAN DAN PENERIMAAN,4189500,4189500
KAB. MANDAILING NATAL,DINAS PERTANIAN - 3.27.0.00.0.00.24.0000,4167780,43463664,2023,E-Katalog 5.0,APBD,CV. AULIA RIZKI PRATAMA,E-Purchasing,Pengadaan Barang,Bibit Jahe,PROSES KONTRAK PPK,94080000,94080000
KAB. MANDAILING NATAL,DINAS KESEHATAN - 1.02.0.00.0.00.02.0000,5420420,41733351,2023,E-Katalog 5.0,APBD,PT. CENDO,E-Purchasing,Pengadaan Barang,"Gentamisin/ Gentamycin sulfate salep mata 0,3% (3 mg/g)",MELAKUKAN PENGIRIMAN DAN PENERIMAAN,72676000,72676000
KAB. MANDAILING NATAL,DINAS PEKERJAAN UMUM DAN PENATAAN RUANG - 1.03.0.00.0.00.03.0000,3245373,40815476,2023,Non Tender,APBD,CV. BANGKIT BERSAMA GROUP,Pengadaan Langsung,Pekerjaan Konstruksi,Rehabilitasi Tanggul Sungai Aek Sibio - Bio Desa Gunung Tua Lumban Pasir Kec. Payabungan,SELESAI,148000000,148000000
KAB. MANDAILING NATAL,DINAS KESEHATAN - 1.02.0.00.0.00.02.0000,3972882,41733351,2023,E-Katalog 5.0,APBD,NOVAPHARIN,E-Purchasing,Pengadaan Barang,Ibuprofen tablet/kapsul/kaplet 400 mg,MELAKUKAN PENGIRIMAN DAN PENERIMAAN,13065000,13065000
KAB. MANDAILING NATAL,BAGIAN UMUM SETDAKAB MANDAILING NATAL - 4.01.5.06.0.00.26.0009,3767373,45563509,2023,Non Tender,APBD,CV. DAME LANGGENG,Pengadaan Langsung,Pengadaan Barang,Belanja Modal Alat Studio Lainnya,SELESAI,199078500,0
KAB. MANDAILING NATAL,DINAS PENDIDIKAN DAN KEBUDAYAAN - 1.01.2.22.0.00.02.0000,2853373,40966250,2023,Tender,APBD,CV. AVATARA,Tender,Pekerjaan Konstruksi,Pembangunan Ruang Perpustakaan Beserta Perabotnya SD Negeri 337 Kampung Kapas II,SELESAI,202711098,202711098
KAB. MANDAILING NATAL,RUMAH SAKIT UMUM DAERAH PANYABUNGAN - 1.02.0.00.0.00.02.0001,8300773,45589099,2023,E-Katalog 5.0,APBDP,PT.Elsyahfi Calibratech Mandiri,E-Purchasing,Pengadaan Barang,Ultra Sound Therpay,PAKET SELESAI,715000,715000
KAB. MANDAILING NATAL,DINAS PENDIDIKAN DAN KEBUDAYAAN - 1.01.2.22.0.00.02.0000,3186373,41023166,2023,Non Tender,APBD,CV. TIARANI UTAMA,Pengadaan Langsung,Jasa Konsultansi Badan Usaha Konstruksi,Jasa Konsultan Perencanaan Pembangunan Ruang Tata Usaha Beserta Perabotnya (DAK),SELESAI,99900000,99900000
KAB. MANDAILING NATAL,RUMAH SAKIT UMUM DAERAH PANYABUNGAN - 1.02.0.00.0.00.02.0001,3205882,42104658,2023,E-Katalog 5.0,BLUD,PT. Mersifarma Tirmaku Mercusana,E-Purchasing,Pengadaan Barang,Clobazam/ Klobazam tablet/kapsul/kaplet 10 mg,MELAKUKAN PENGIRIMAN DAN PENERIMAAN,2305000,2305000
KAB. MANDAILING NATAL,RUMAH SAKIT UMUM DAERAH PANYABUNGAN - 1.02.0.00.0.00.02.0001,7533355,42104658,2023,E-Katalog 5.0,BLUD,PT Ethica Industri Farmasi,E-Purchasing,Pengadaan Barang,"Atropin inj 0,25 mg/mL (i.v./s.k.)",MELAKUKAN PENGIRIMAN DAN PENERIMAAN,1480000,1480000
KAB. MANDAILING NATAL,RUMAH SAKIT UMUM DAERAH PANYABUNGAN - 1.02.0.00.0.00.02.0001,6106809,42104658,2023,E-Katalog 5.0,BLUD,PT Pratapa Nirmala,E-Purchasing,Pengadaan Barang,Levetiracetam/ Levetirasetam tablet 500 mg,MELAKUKAN PENGIRIMAN DAN PENERIMAAN,4995000,4995000
KAB. MANDAILING NATAL,DINAS PENDIDIKAN DAN KEBUDAYAAN - 1.01.2.22.0.00.02.0000,3635373,44142308,2023,Non Tender,APBD,CV. TIQA CEMERLANG,Pengadaan Langsung,Pekerjaan Konstruksi,Pembangunan Laboratorium SMP Negeri 2 Muara Batanggadis,SELESAI,199600000,199600000
KAB. MANDAILING NATAL,DINAS PERTANIAN - 3.27.0.00.0.00.24.0000,3343373,41383920,2023,Non Tender,APBD,HQ PRATAMA CONSULTANT,Pengadaan Langsung,Jasa Konsultansi Badan Usaha Non Konstruksi,Belanja Jasa Konsultan Pengawasan dan Perencanaan,SELESAI,34854000,34854000
KAB. MANDAILING NATAL,DINAS KESEHATAN - 1.02.0.00.0.00.02.0000,3960201,41733351,2023,E-Katalog 5.0,APBD,PT Yarindo Farmatama,E-Purchasing,Pengadaan Barang,Haloperidol 5mg,MELAKUKAN PENGIRIMAN DAN PENERIMAAN,30020000,30020000
KAB. MANDAILING NATAL,DINAS KESEHATAN - 1.02.0.00.0.00.02.0000,3503372,41733260,2023,E-Katalog 5.0,APBD,PT. BUANA INTIPRIMA USAHA,E-Purchasing,Pengadaan Barang,CHRONA CARE Kapas 250 Gram,MELAKUKAN PENGIRIMAN DAN PENERIMAAN,7450000,7450000
KAB. MANDAILING NATAL,DINAS PERUMAHAN RAKYAT DAN KAWASAN PERMUKIMAN SERTA PERTANAHAN - 1.04.2.10.0.00.04.0000,3392373,41341704,2023,Non Tender,APBD,CV. Zahra Amira Rizkya,Pengadaan Langsung,Pekerjaan Konstruksi,Pembangunan Jalan Lingkungan di Kel. Kota Siantar Kec. Panyabungan,SELESAI,143610000,143610000
KAB. MANDAILING NATAL,DINAS KESEHATAN - 1.02.0.00.0.00.02.0000,4315881,41733351,2023,E-Katalog 5.0,APBD,PT.Phapros Tbk,E-Purchasing,Pengadaan Barang,Diclofenac sodium/ Natrium diklofenak tablet salut enterikl/kaplet salut enterik 25 mg,MELAKUKAN PENGIRIMAN DAN PENERIMAAN,14700000,14700000
KAB. MANDAILING NATAL,DINAS PEKERJAAN UMUM DAN PENATAAN RUANG - 1.03.0.00.0.00.03.0000,2712373,40403795,2023,Tender,APBD,CV MAKMUR MANDIRI,Tender,Pekerjaan Konstruksi,Perluasan SPAM Jaringan Perpipaan di Desa Manisak Kec. Ranto Baek,SELESAI,1025609000,1025609000
KAB. MANDAILING NATAL,RUMAH SAKIT UMUM DAERAH PANYABUNGAN - 1.02.0.00.0.00.02.0001,3205882,42104658,2023,E-Katalog 5.0,BLUD,PT. Mersifarma Tirmaku Mercusana,E-Purchasing,Pengadaan Barang,Cotrimoxazole/ Cotrimoksazole/ Kotrimoksazol (dewasa) kombinasi: sulfametoksazol 400 mg + trimetoprim 80 mg (tab/kaptab 480 mg),MELAKUKAN PENGIRIMAN DAN PENERIMAAN,1200000,1200000
KAB. MANDAILING NATAL,RUMAH SAKIT UMUM DAERAH PANYABUNGAN - 1.02.0.00.0.00.02.0001,8300773,45589099,2023,E-Katalog 5.0,APBDP,PT.Elsyahfi Calibratech Mandiri,E-Purchasing,Pengadaan Barang,JASA PENGUJIAN DAN/ATAU KALIBRASI TIMBANGAN BAYI - JASA PENGUJIAN DAN/ATAU KALIBRASI TIMBANGAN BAYI - Posyandu Dacin,PAKET SELESAI,1450000,1450000
KAB. MANDAILING NATAL,RUMAH SAKIT UMUM DAERAH PANYABUNGAN - 1.02.0.00.0.00.02.0001,6493792,42104658,2023,E-Katalog 5.0,BLUD,P.T. Dexa Medica,E-Purchasing,Pengadaan Barang,Terazosin/ Terazosin HCl tablet/kapsul/kaplet 2 mg,MELAKUKAN PENGIRIMAN DAN PENERIMAAN,2058000,2058000
KAB. MANDAILING NATAL,DINAS PERTANIAN - 3.27.0.00.0.00.24.0000,3328373,41384040,2023,Non Tender,APBD,CV. AULIA RIZKI PRATAMA,Pengadaan Langsung,Pekerjaan Konstruksi,Pembangunan/Rehabilitasi Jaringan Irigasi Desa Gunung Tua MS Kec. Kotanopan,SELESAI,110208000,110208000
KAB. MANDAILING NATAL,DINAS PEKERJAAN UMUM DAN PENATAAN RUANG - 1.03.0.00.0.00.03.0000,3158373,40815601,2023,Non Tender,APBD,CV. MAYSAH PERMATA,Pengadaan Langsung,Jasa Konsultansi Badan Usaha Konstruksi,Konsultansi Perencanaan Kegiatan Pengembangan dan Pengelolaan Sistem Irigasi Primer dan Sekunder Pada Daerah Irigasi Yang Luasnya di Bawah 1000 Ha Dalam 1 (Satu) Daerah Kabupaten,SELESAI,99000000,99000000
KAB. MANDAILING NATAL,RUMAH SAKIT UMUM DAERAH PANYABUNGAN - 1.02.0.00.0.00.02.0001,8300773,45589099,2023,E-Katalog 5.0,APBDP,PT.Elsyahfi Calibratech Mandiri,E-Purchasing,Pengadaan Barang,JASA PENGUJIAN DAN/ATAU KALIBRASI PHOTOTHERAPY / BLUE LIGHT THERAPY,PAKET SELESAI,540000,540000
KAB. MANDAILING NATAL,DINAS PERTANIAN - 3.27.0.00.0.00.24.0000,3350373,41384004,2023,Non Tender,APBD,CV. BINTANG BUDI MANDIRI,Pengadaan Langsung,Pekerjaan Konstruksi,Pembangunan/Rehabilitasi Jalan Usaha Tani/Jalan Produksi Desa Huta Godang Muda Kec. Siabu,SELESAI,124925000,124925000
KAB. MANDAILING NATAL,DINAS KESEHATAN - 1.02.0.00.0.00.02.0000,6409844,44000523,2023,E-Katalog 5.0,APBD,PT MENARA PELITA MEDICA,E-Purchasing,Pengadaan Barang,IVA KIT BUNDLING 3,PROSES KONTRAK PPK,246015000,246015000
KAB. MANDAILING NATAL,DINAS LINGKUNGAN HIDUP - 2.11.0.00.0.00.12.0000,3335373,41720003,2023,Non Tender,APBD,CV. IKHWAN FIRDAUS,Pengadaan Langsung,Pekerjaan Konstruksi,Pemeliharaan Gapura Kotanopan Kab. Mandailing Natal,SELESAI,80300000,80300000
KAB. MANDAILING NATAL,DINAS KESEHATAN - 1.02.0.00.0.00.02.0000,8128803,41733351,2023,E-Katalog 5.0,APBD,P.T. Dexa Medica,E-Purchasing,Pengadaan Barang,Sucralfate/ Sukralfat susp 500 mg/5 mL,MELAKUKAN PENGIRIMAN DAN PENERIMAAN,7500000,7500000
KAB. MANDAILING NATAL,DINAS PERHUBUNGAN - 2.15.0.00.0.00.16.0000,3454373,40883399,2023,Non Tender,APBD,CV. NABILA,Pengadaan Langsung,Pekerjaan Konstruksi,Pemeliharaan Gedung Pengujian Berkala Kenderaan Bermotor,SELESAI,99100000,99100000
KAB. MANDAILING NATAL,DINAS PERUMAHAN RAKYAT DAN KAWASAN PERMUKIMAN SERTA PERTANAHAN - 1.04.2.10.0.00.04.0000,3457373,41341718,2023,Non Tender,APBD,CV. WIKASA,Pengadaan Langsung,Pekerjaan Konstruksi,Pembangunan/ Rehabilitasi Jalan Lingkungan di Banjar Pagur Kel. Panyabungan III Kec. Panyabungan,SELESAI,108596000,108596000
KAB. MANDAILING NATAL,DINAS KESEHATAN - 1.02.0.00.0.00.02.0000,5441100,41733351,2023,E-Katalog 5.0,APBD,PT. Kimia Farma Tbk,E-Purchasing,Pengadaan Barang,Oksitetrasiklin/ Oxytetracycline salep mata 1%-KF,MELAKUKAN PENGIRIMAN DAN PENERIMAAN,14596800,14596800
KAB. MANDAILING NATAL,DINAS PENDIDIKAN DAN KEBUDAYAAN - 1.01.2.22.0.00.02.0000,8100022,45561696,2023,E-Katalog 5.0,APBD,KENANGA MULTI TRADE,E-Purchasing,Pengadaan Barang,Pakaian Dinas Harian (PDH),PROSES KONTRAK PPK,202160000,202160000
KAB. MANDAILING NATAL,DINAS PEKERJAAN UMUM DAN PENATAAN RUANG - 1.03.0.00.0.00.03.0000,3248373,40815473,2023,Non Tender,APBD,CV. PUTRA PRATAMA,Pengadaan Langsung,Pekerjaan Konstruksi,Rehabilitasi Tanggul Sungai Aek Singengu Desa Sayur Maincat Kec. Kotanopan (DBH 2023),SELESAI,198000000,198000000
KAB. MANDAILING NATAL,RUMAH SAKIT UMUM DAERAH PANYABUNGAN - 1.02.0.00.0.00.02.0001,3760537,42104658,2023,E-Katalog 5.0,BLUD,PT.TOP POINT MEDICAL,E-Purchasing,Pengadaan Barang,TP Disposable Syringe 3ML with Needle,MELAKUKAN PENGIRIMAN DAN PENERIMAAN,18832600,18832600
KAB. MANDAILING NATAL,DINAS PENDIDIKAN DAN KEBUDAYAAN - 1.01.2.22.0.00.02.0000,2857373,40966246,2023,Tender,APBD,CV. TORKIS LUBIS GROUP,Tender,Pekerjaan Konstruksi,Pembangunan Ruang Perpustakaan Beserta Perabotnya SD Negeri 348 Banjar Aur,SELESAI,202711098,202711098
KAB. MANDAILING NATAL,DINAS PERTANIAN - 3.27.0.00.0.00.24.0000,3287373,41384006,2023,Non Tender,APBD,CV MAHARI PRATAMA,Pengadaan Langsung,Pekerjaan Konstruksi,Pembangunan/Rehabilitasi Jalan Usaha tani/Jalan Produksi Desa Malintang Julu Kec. Bukit Malintang,SELESAI,124900000,124900000
KAB. MANDAILING NATAL,DINAS KESEHATAN - 1.02.0.00.0.00.02.0000,4071205,41775983,2023,E-Katalog 5.0,APBD,PT.Mikrotek Komputindo,E-Purchasing,Pengadaan Barang,Notebook B5302FEA-LG5850W,MELAKUKAN PENGIRIMAN DAN PENERIMAAN,49296000,0
KAB. MANDAILING NATAL,RUMAH SAKIT UMUM DAERAH PANYABUNGAN - 1.02.0.00.0.00.02.0001,3205882,42104658,2023,E-Katalog 5.0,BLUD,PT. Mersifarma Tirmaku Mercusana,E-Purchasing,Pengadaan Barang,Fluoksetin/Fluoxetine HCl tablet/kapsul/kaplet 20 mg,MELAKUKAN PENGIRIMAN DAN PENERIMAAN,1392000,1392000
KAB. MANDAILING NATAL,DINAS PEKERJAAN UMUM DAN PENATAAN RUANG - 1.03.0.00.0.00.03.0000,3449373,42267913,2023,Non Tender,APBD,cv. bugis nauli,Pengadaan Langsung,Pekerjaan Konstruksi,Lanjutan Pembangunan Kantor Kepala Desa Simangambat Tambangan,SELESAI,123200000,123200000
KAB. MANDAILING NATAL,DINAS PENDIDIKAN DAN KEBUDAYAAN - 1.01.2.22.0.00.02.0000,3222373,40966259,2023,Non Tender,APBD,CV. RAJAWALI ENGINEERING CONSULTANT,Pengadaan Langsung,Jasa Konsultansi Badan Usaha Konstruksi,Jasa Konsultan Perencanaan Pembangunan Perpustakaan (DAU),SELESAI,24900000,24900000
KAB. MANDAILING NATAL,RUMAH SAKIT UMUM DAERAH PANYABUNGAN - 1.02.0.00.0.00.02.0001,6107664,42104658,2023,E-Katalog 5.0,BLUD,PT.TOP POINT MEDICAL,E-Purchasing,Pengadaan Barang,TP Disposable Syringe 1ML with Needle,MELAKUKAN PENGIRIMAN DAN PENERIMAAN,2013000,2013000
KAB. MANDAILING NATAL,DINAS PENDIDIKAN DAN KEBUDAYAAN - 1.01.2.22.0.00.02.0000,2822373,40966404,2023,Tender,APBD,cv. bugis nauli,Tender,Pekerjaan Konstruksi,Pembangunan ruang laboratorium komputer beserta perabotnya SD Negeri 211 Saba Dolok,SELESAI,227629997,227629997
KAB. MANDAILING NATAL,DINAS PEKERJAAN UMUM DAN PENATAAN RUANG - 1.03.0.00.0.00.03.0000,3157373,40815455,2023,Non Tender,APBD,CV. MAYSAH PERMATA,Pengadaan Langsung,Jasa Konsultansi Badan Usaha Konstruksi,Konsultansi Perencanaan Kegiatan (DBH 2023),SELESAI,59300000,59300000
KAB. MANDAILING NATAL,DINAS PERUMAHAN RAKYAT DAN KAWASAN PERMUKIMAN SERTA PERTANAHAN - 1.04.2.10.0.00.04.0000,3430373,41341706,2023,Non Tender,APBD,CV. Sari Guna Lestari,Pengadaan Langsung,Pekerjaan Konstruksi,Pembangunan Jalan Lingkungan/ Rehabilitasi di Desa Lumban Pasir Kec. Panyabungan,SELESAI,143400000,143400000
KAB. MANDAILING NATAL,DINAS PEKERJAAN UMUM DAN PENATAAN RUANG - 1.03.0.00.0.00.03.0000,2768373,42267909,2023,Tender,APBD,CV MAKMUR MANDIRI,Tender,Pekerjaan Konstruksi,Pembangunan Pagar Bagas Godang,SELESAI,288000111,288000111
KAB. MANDAILING NATAL,DINAS PENDIDIKAN DAN KEBUDAYAAN - 1.01.2.22.0.00.02.0000,3627373,44142244,2023,Non Tender,APBD,cv. riski nauli,Pengadaan Langsung,Pekerjaan Konstruksi,Pembangunan Sopo Godang di Desa Sayur Matua Kec. Naga Juang,SELESAI,198799998,198799998
KAB. MANDAILING NATAL,DINAS KESEHATAN - 1.02.0.00.0.00.02.0000,5537364,41733260,2023,E-Katalog 5.0,APBD,PT Jayamas Medica Industri,E-Purchasing,Pengadaan Barang,Larutan Giemsa,MELAKUKAN PENGIRIMAN DAN PENERIMAAN,22537440,22537440
KAB. MANDAILING NATAL,RUMAH SAKIT UMUM DAERAH PANYABUNGAN - 1.02.0.00.0.00.02.0001,8144427,45589059,2023,E-Katalog 5.0,BLUD,PT.Elsyahfi Calibratech Mandiri,E-Purchasing,Pengadaan Barang,"PEMELIHARAAN, PERBAIKAN DAN KALIBRASI CT - SCAN",PAKET SELESAI,550000000,550000000
KAB. MANDAILING NATAL,DINAS KESEHATAN - 1.02.0.00.0.00.02.0000,5621409,41733260,2023,E-Katalog 5.0,APBD,PT. SINKO PRIMA ALLOY,E-Purchasing,Pengadaan Barang,KERTAS ECG / ROLL PAPER - ROLL PAPER FOR ECG-1200G,MELAKUKAN PENGIRIMAN DAN PENERIMAAN,213560000,213560000
KAB. MANDAILING NATAL,DINAS PEKERJAAN UMUM DAN PENATAAN RUANG - 1.03.0.00.0.00.03.0000,3264373,40815602,2023,Non Tender,APBD,CV. RENDER CONSULTANT,Pengadaan Langsung,Jasa Konsultansi Badan Usaha Konstruksi,Konsultansi Pendataan dan Penyusunan Data Teknis Daerah Irigasi Melalui Aplikasi e-Paksi,SELESAI,74500000,74500000
KAB. MANDAILING NATAL,DINAS PEKERJAAN UMUM DAN PENATAAN RUANG - 1.03.0.00.0.00.03.0000,2661373,40375933,2023,Tender,APBD,CV. SYAHARANI BERSAUDARA,Tender,Pekerjaan Konstruksi,Pembangunan Jembatan Pada Ruas Jalan Simp. Siobon - Aek Mata,SELESAI,964106550,964106550
KAB. MANDAILING NATAL,DINAS PERTANIAN - 3.27.0.00.0.00.24.0000,3360373,41384043,2023,Non Tender,APBD,CV. PUTRA BARINGIN GROUP,Pengadaan Langsung,Pekerjaan Konstruksi,Pembangunan/Rehabilitasi Jaringan Irigasi Desa Hutabargot Lombang Kec. Hutabargot,SELESAI,110158000,110158000
KAB. MANDAILING NATAL,DINAS KESEHATAN - 1.02.0.00.0.00.02.0000,8129019,41733351,2023,E-Katalog 5.0,APBD,P.T. Dexa Medica,E-Purchasing,Pengadaan Barang,"Mometasone furoate/ Mometason furoat krim 0,1%",MELAKUKAN PENGIRIMAN DAN PENERIMAAN,698500,698500
KAB. MANDAILING NATAL,RUMAH SAKIT UMUM DAERAH PANYABUNGAN - 1.02.0.00.0.00.02.0001,4854003,42104658,2023,E-Katalog 5.0,BLUD,PT.TOP POINT MEDICAL,E-Purchasing,Pengadaan Barang,TP Disposable Syringe 5ML with Needle,MELAKUKAN PENGIRIMAN DAN PENERIMAAN,20900000,20900000
KAB. MANDAILING NATAL,DINAS PERTANIAN - 3.27.0.00.0.00.24.0000,3291373,41384000,2023,Non Tender,APBD,CV. CENTRAL GRAFIKA PRINT,Pengadaan Langsung,Pekerjaan Konstruksi,Pembangunan/Rehabilitasi Jalan Usaha tani/Jalan Produksi Desa Banjar Aur Utara Kec. Sinunukan,SELESAI,125030000,125030000
KAB. MANDAILING NATAL,RUMAH SAKIT UMUM DAERAH PANYABUNGAN - 1.02.0.00.0.00.02.0001,8300773,45589099,2023,E-Katalog 5.0,APBDP,PT.Elsyahfi Calibratech Mandiri,E-Purchasing,Pengadaan Barang,SLIT LAMP,PAKET SELESAI,735000,735000
KAB. MANDAILING NATAL,DINAS KESEHATAN - 1.02.0.00.0.00.02.0000,2928282,41736832,2023,E-Katalog 5.0,APBD,PT. Setia Anugrah Medika,E-Purchasing,Pengadaan Barang,DIRUI BCC-3900 Automatic Hematology Analyzer and Accessories,MELAKUKAN PENGIRIMAN DAN PENERIMAAN,1419960000,0
KAB. MANDAILING NATAL,DINAS PERTANIAN - 3.27.0.00.0.00.24.0000,3290373,41384001,2023,Non Tender,APBD,cv. abadi karya,Pengadaan Langsung,Pekerjaan Konstruksi,Pembangunan/Rehabilitasi Jalan Usaha tani/Jalan Produksi Desa Buburan Kec.Natal,SELESAI,124930000,124930000
KAB. MANDAILING NATAL,DINAS KESEHATAN - 1.02.0.00.0.00.02.0000,8078344,41733351,2023,E-Katalog 5.0,APBD,PT.Bernofarm,E-Purchasing,Pengadaan Barang,Clopidogrel bisulfate/ Clopidogrel/ Clopidogrel hydrogen sulfate/ Klopidogrel tablet/kapsul/kaplet 75 mg,MELAKUKAN PENGIRIMAN DAN PENERIMAAN,4200000,4200000
KAB. MANDAILING NATAL,DINAS PENGENDALIAN PENDUDUK DAN KELUARGA BERENCANA - 2.14.0.00.0.00.15.0000,4934513,43714038,2023,E-Katalog 5.0,APBD,cv. bugis nauli,E-Purchasing,Pengadaan Barang,RAK ARSIP,MELAKUKAN PENGIRIMAN DAN PENERIMAAN,37356000,37356000
KAB. MANDAILING NATAL,RUMAH SAKIT UMUM DAERAH PANYABUNGAN - 1.02.0.00.0.00.02.0001,3205554,42104658,2023,E-Katalog 5.0,BLUD,P.T. Dexa Medica,E-Purchasing,Pengadaan Barang,Gabapentin tablet/kapsul/kaplet 300 mg,MELAKUKAN PENGIRIMAN DAN PENERIMAAN,2850000,2850000
KAB. MANDAILING NATAL,RUMAH SAKIT UMUM DAERAH PANYABUNGAN - 1.02.0.00.0.00.02.0001,5041924,42104658,2023,E-Katalog 5.0,BLUD,P.T. Dexa Medica,E-Purchasing,Pengadaan Barang,Ranitidine hydrochloride (HCl)/Ranitidin tablet/kapsul/kaplet 150 mg,MELAKUKAN PENGIRIMAN DAN PENERIMAAN,3780000,3780000
KAB. MANDAILING NATAL,DINAS PENDIDIKAN DAN KEBUDAYAAN - 1.01.2.22.0.00.02.0000,2832373,40966417,2023,Tender,APBD,CV. JAKRONAH,Tender,Pekerjaan Konstruksi,Pembangunan ruang laboratorium komputer beserta perabotnya SD Negeri 345 Banjar Aur,SELESAI,228879999,228879999
KAB. MANDAILING NATAL,DINAS PENDIDIKAN DAN KEBUDAYAAN - 1.01.2.22.0.00.02.0000,2894373,44142247,2023,Tender,APBD,CV. TORKIS LUBIS GROUP,Tender,Pekerjaan Konstruksi,Rehabilitasi Kantor Dinas Pendidikan,SELESAI,913195949,913195949
KAB. MANDAILING NATAL,DINAS PEKERJAAN UMUM DAN PENATAAN RUANG - 1.03.0.00.0.00.03.0000,3600373,42267876,2023,Non Tender,APBD,CV. PUTRA PRATAMA,Pengadaan Langsung,Pekerjaan Konstruksi,Rehabilitasi Kantor Dinas Penanaman Modal dan Pelayanan Perizinan Terpadu Satu Pintu Kab. Mandailing Natal,SELESAI,199560000,199560000
KAB. MANDAILING NATAL,DINAS PEKERJAAN UMUM DAN PENATAAN RUANG - 1.03.0.00.0.00.03.0000,3747373,44503287,2023,Non Tender,APBDP,CV. IKHWAN FIRDAUS,Pengadaan Langsung,Pekerjaan Konstruksi,Rehabilitasi Kantor Lurah Simangambat,SELESAI,149220000,149220000
KAB. MANDAILING NATAL,RUMAH SAKIT UMUM DAERAH PANYABUNGAN - 1.02.0.00.0.00.02.0001,4244270,42104658,2023,E-Katalog 5.0,BLUD,P.T. Dexa Medica,E-Purchasing,Pengadaan Barang,Divalproex sodium / Valproat tablet lepas lambat/kaplet lepas lambat 500 mg,MELAKUKAN PENGIRIMAN DAN PENERIMAAN,17700000,17700000
KAB. MANDAILING NATAL,RUMAH SAKIT UMUM DAERAH PANYABUNGAN - 1.02.0.00.0.00.02.0001,8300773,45589099,2023,E-Katalog 5.0,APBDP,PT.Elsyahfi Calibratech Mandiri,E-Purchasing,Pengadaan Barang,JASA PENGUJIAN DAN/ATAU KALIBRASI SUCTION PUMP GENERAL / ALAT HISAP MEDIS,PAKET SELESAI,2750000,2750000
KAB. MANDAILING NATAL,DINAS PERTANIAN - 3.27.0.00.0.00.24.0000,3585373,41383946,2023,Non Tender,APBD,NARAMON FAJRI,Pengadaan Langsung,Pekerjaan Konstruksi,Pembangunan DAM Parit di Desa Pidoli Lombang Kec. Panyabungan,SELESAI,99260000,99260000
KAB. MANDAILING NATAL,RUMAH SAKIT UMUM DAERAH PANYABUNGAN - 1.02.0.00.0.00.02.0001,3773653,42104658,2023,E-Katalog 5.0,BLUD,PT. Beta Pharmacon,E-Purchasing,Pengadaan Barang,"Analog insulin mix insulin inj 100 IU/mL (kemasan vial, cartridge disposible, penfill cartridge)",MELAKUKAN PENGIRIMAN DAN PENERIMAAN,2825450,0
KAB. MANDAILING NATAL,DINAS PERTANIAN - 3.27.0.00.0.00.24.0000,3363373,43601838,2023,Non Tender,APBD,NARAMON FAJRI,Pengadaan Langsung,Pekerjaan Konstruksi,Pembangunan/Rehabilitasi Jaringan Irigasi Desa Lumban Pasir Kec. Panyabungan,SELESAI,110208000,110208000
KAB. MANDAILING NATAL,DINAS PERUMAHAN RAKYAT DAN KAWASAN PERMUKIMAN SERTA PERTANAHAN - 1.04.2.10.0.00.04.0000,3440373,41341695,2023,Non Tender,APBD,CV. WIKASA,Pengadaan Langsung,Pekerjaan Konstruksi,Pembangunan Jalan Lingkungan di Daerah Pondok Roten Desa Tabuyung Kec. Muara Batang Gadis,SELESAI,146400000,146400000
KAB. MANDAILING NATAL,DINAS PENDIDIKAN DAN KEBUDAYAAN - 1.01.2.22.0.00.02.0000,3653373,40966291,2023,Non Tender,APBD,CV.RIZKI KARYA,Pengadaan Langsung,Pekerjaan Konstruksi,Pembangunan Ruang Guru SD Negeri 378 Sikara-Kara IV,SELESAI,199500053,199500053
KAB. MANDAILING NATAL,RUMAH SAKIT UMUM DAERAH PANYABUNGAN - 1.02.0.00.0.00.02.0001,7639914,42104658,2023,E-Katalog 5.0,BLUD,PT. SOHO Industri Pharmasi,E-Purchasing,Pengadaan Barang,CURCUMA FORCE,MELAKUKAN PENGIRIMAN DAN PENERIMAAN,16354800,16354800
KAB. MANDAILING NATAL,BAGIAN UMUM SETDAKAB MANDAILING NATAL - 4.01.5.06.0.00.26.0009,3771373,45569166,2023,Non Tender,APBDP,CV. AULIA RIZKI PRATAMA,Pengadaan Langsung,Pekerjaan Konstruksi,Pembuatan Interior Pada Gedung Kantor Bupati,SELESAI,199800111,199800111
KAB. MANDAILING NATAL,DINAS KESEHATAN - 1.02.0.00.0.00.02.0000,4101530,41733351,2023,E-Katalog 5.0,APBD,PT.Bernofarm,E-Purchasing,Pengadaan Barang,Cotrimoxazole/ Cotrimoksazole/ Kotrimoksazol (dewasa) kombinasi: sulfametoksazol 400 mg + trimetoprim 80 mg (tab/kaptab 480 mg),MELAKUKAN PENGIRIMAN DAN PENERIMAAN,35100000,35100000
KAB. MANDAILING NATAL,DINAS PENDIDIKAN DAN KEBUDAYAAN - 1.01.2.22.0.00.02.0000,2824373,40966394,2023,Tender,APBD,CV. RAO JAYA,Tender,Pekerjaan Konstruksi,Pembangunan ruang laboratorium komputer beserta perabotnya SD Negeri 161 Bangun Purba,SELESAI,227415000,227415000
KAB. MANDAILING NATAL,DINAS PENDIDIKAN DAN KEBUDAYAAN - 1.01.2.22.0.00.02.0000,2858373,40966243,2023,Tender,APBD,cv sinar jaya,Tender,Pekerjaan Konstruksi,Pembangunan Ruang Perpustakaan Beserta Perabotnya SD Negeri 376 Sikara Kara III,SELESAI,201006513,201006513
KAB. MANDAILING NATAL,DINAS KESEHATAN - 1.02.0.00.0.00.02.0000,4101530,41733351,2023,E-Katalog 5.0,APBD,PT.Bernofarm,E-Purchasing,Pengadaan Barang,Amoksisilin/ Amoxicillin/ Amoxicillin Trihydrate tablet/kapsul/kaplet/kaptab 500 mg,MELAKUKAN PENGIRIMAN DAN PENERIMAAN,121000000,121000000
KAB. MANDAILING NATAL,RUMAH SAKIT UMUM DAERAH PANYABUNGAN - 1.02.0.00.0.00.02.0001,3117782,42104658,2023,E-Katalog 5.0,BLUD,P.T. Dexa Medica,E-Purchasing,Pengadaan Barang,Asam ursodeoksikolat/Ursodeoxycholic acid tablet/kapsul/kaplet 250 mg,MELAKUKAN PENGIRIMAN DAN PENERIMAAN,2925000,2925000
KAB. MANDAILING NATAL,DINAS KESEHATAN - 1.02.0.00.0.00.02.0000,5537364,41733260,2023,E-Katalog 5.0,APBD,PT Jayamas Medica Industri,E-Purchasing,Pengadaan Barang,Dermafix T 10x12 cm,MELAKUKAN PENGIRIMAN DAN PENERIMAAN,21962016,21962016
KAB. MANDAILING NATAL,DINAS PENDIDIKAN DAN KEBUDAYAAN - 1.01.2.22.0.00.02.0000,3480373,40966430,2023,Non Tender,APBD,CV.SEPAKAT KARINA,Pengadaan Langsung,Pekerjaan Konstruksi,Pembangunan Toilet (Jamban) Beserta Sanitasinya SD Negeri 376 Sikara Kara III,SELESAI,140170000,140170000
KAB. MANDAILING NATAL,DINAS PENDIDIKAN DAN KEBUDAYAAN - 1.01.2.22.0.00.02.0000,3650373,40966319,2023,Non Tender,APBD,CV. OLIVIA KARYA UTAMA,Pengadaan Langsung,Pekerjaan Konstruksi,Pembangunan Ruang Unit Kesehatan Sekolah SD Negeri 378 Sikara-Kara IV,SELESAI,79750000,79750000
KAB. MANDAILING NATAL,RUMAH SAKIT UMUM DAERAH PANYABUNGAN - 1.02.0.00.0.00.02.0001,6493792,42104658,2023,E-Katalog 5.0,BLUD,P.T. Dexa Medica,E-Purchasing,Pengadaan Barang,Domperidon/ Domperidone/ Domperidone Maleate tablet/kapsul/kaplet 10 mg,MELAKUKAN PENGIRIMAN DAN PENERIMAAN,2410000,2410000
KAB. MANDAILING NATAL,DINAS KESEHATAN - 1.02.0.00.0.00.02.0000,5806393,41736856,2023,E-Katalog 5.0,APBD,PT Sempurna Medilab Indonesia,E-Purchasing,Pengadaan Barang,HIGHTOP Malaria P.f/P.v Rapid Test Kit,PROSES KONTRAK PPK,51999933,0
KAB. MANDAILING NATAL,RUMAH SAKIT UMUM DAERAH PANYABUNGAN - 1.02.0.00.0.00.02.0001,4963345,42104658,2023,E-Katalog 5.0,BLUD,PT.Phapros Tbk,E-Purchasing,Pengadaan Barang,Lidocaine Hydrochloride/ Lidocaine/ Lidocain/ Lidokain injeksi 2%,MELAKUKAN PENGIRIMAN DAN PENERIMAAN,1259000,1259000
KAB. MANDAILING NATAL,DINAS PENDIDIKAN DAN KEBUDAYAAN - 1.01.2.22.0.00.02.0000,3641373,44142304,2023,Non Tender,APBD,CV. PUTRA BARINGIN GROUP,Pengadaan Langsung,Pekerjaan Konstruksi,Pembangunan Ruang Guru SMP Negeri 5 Sinunukan,SELESAI,199350002,199350002
KAB. MANDAILING NATAL,DINAS PERHUBUNGAN - 2.15.0.00.0.00.16.0000,3281373,43503062,2023,Non Tender,APBD,CV. AULIA RIZKI PRATAMA,Pengadaan Langsung,Pengadaan Barang,Pengadaan dan Pemasangan LPJU Konvensional di Kec. Kotanopan,SELESAI,109675000,0
KAB. MANDAILING NATAL,DINAS LINGKUNGAN HIDUP - 2.11.0.00.0.00.12.0000,3333373,41720489,2023,Non Tender,APBD,BUANA ASRI,Pengadaan Langsung,Pekerjaan Konstruksi,Pemeliharaan Median Jalan Siabu Kab. Mandailing Natal,SELESAI,197500000,197500000
KAB. MANDAILING NATAL,DINAS PENDIDIKAN DAN KEBUDAYAAN - 1.01.2.22.0.00.02.0000,2809373,40966401,2023,Tender,APBD,cv sinar jaya,Tender,Pekerjaan Konstruksi,Pembangunan ruang laboratorium komputer beserta perabotnya SD Negeri 347 Batahan,SELESAI,217030807,217030807
KAB. MANDAILING NATAL,DINAS PEKERJAAN UMUM DAN PENATAAN RUANG - 1.03.0.00.0.00.03.0000,3250373,40815472,2023,Non Tender,APBD,CV. GORDANG SAMBILAN MANDAILING,Pengadaan Langsung,Pekerjaan Konstruksi,Rehabilitasi Tanggul Sungai Aek Pata Botung Desa Malintang Julu Kec. Bukit Malintang,SELESAI,148500000,148500000
KAB. MANDAILING NATAL,DINAS PERTANIAN - 3.27.0.00.0.00.24.0000,3316373,41383989,2023,Non Tender,APBD,CV AEK KAPIAS,Pengadaan Langsung,Pekerjaan Konstruksi,Pembangunan dan Rehabilitasi Jalan Usaha Tani Desa Iparbondar Kec. Panyabungan,SELESAI,124955000,124955000
KAB. MANDAILING NATAL,BADAN PENGELOLAAN KEUANGAN DAN ASET DAERAH - 5.02.0.00.0.00.28.0000,3745373,41209653,2023,Non Tender,APBD,CV. LIZA,Pengadaan Langsung,Pengadaan Barang,Cetak Buku/ Laporan,SELESAI,145188000,0
KAB. MANDAILING NATAL,DINAS PERDAGANGAN - 3.30.3.31.0.00.25.0000,3416373,41667567,2023,Non Tender,APBD,CV. AZKA REJEKI BERSAMA,Pengadaan Langsung,Pekerjaan Konstruksi,Pembuatan Gedung Kemasan,SELESAI,62186000,62186000
KAB. MANDAILING NATAL,RUMAH SAKIT UMUM DAERAH PANYABUNGAN - 1.02.0.00.0.00.02.0001,4859072,42104658,2023,E-Katalog 5.0,BLUD,PT Otsuka Indonesia,E-Purchasing,Pengadaan Barang,"Dextrose monohydrat - Dextrose anhydrat 40%, ampul @ 25 mL",MELAKUKAN PENGIRIMAN DAN PENERIMAAN,932400,932400
KAB. MANDAILING NATAL,BADAN PENGELOLAAN KEUANGAN DAN ASET DAERAH - 5.02.0.00.0.00.28.0000,3400373,43676326,2023,Non Tender,APBD,CV. TIARA CIDORAS,Pengadaan Langsung,Pengadaan Barang,Belanja Alat/Bahan untuk Kegiatan Kantor- Alat Tulis Kantor,SELESAI,65623000,65623000
KAB. MANDAILING NATAL,DINAS KESEHATAN - 1.02.0.00.0.00.02.0000,3972882,41733351,2023,E-Katalog 5.0,APBD,NOVAPHARIN,E-Purchasing,Pengadaan Barang,"Asam Folat/folic acid tablet/kapsul/kaplet 0,4 mg",MELAKUKAN PENGIRIMAN DAN PENERIMAAN,1710000,1710000
KAB. MANDAILING NATAL,DINAS KESEHATAN - 1.02.0.00.0.00.02.0000,3972882,41733351,2023,E-Katalog 5.0,APBD,NOVAPHARIN,E-Purchasing,Pengadaan Barang,Zinc sulfate/ Zinc sulfate monohydrate/Zinc/ Zinc tablet dispersible 20 mg,MELAKUKAN PENGIRIMAN DAN PENERIMAAN,95500,95500
KAB. MANDAILING NATAL,DINAS PERUMAHAN RAKYAT DAN KAWASAN PERMUKIMAN SERTA PERTANAHAN - 1.04.2.10.0.00.04.0000,3439373,41341723,2023,Non Tender,APBD,CV. SINGOLOT MANIKAM PERSADA,Pengadaan Langsung,Pekerjaan Konstruksi,Peningkatan Jalan Lingkungan menuju Makan Syech Maulana Ali di Desa Pardamean Baru Kec. Natal,SELESAI,131454000,131454000
KAB. MANDAILING NATAL,DINAS KESEHATAN - 1.02.0.00.0.00.02.0000,3960092,41733351,2023,E-Katalog 5.0,APBD,PT. Hexpharm Jaya Laboratories,E-Purchasing,Pengadaan Barang,Ranitidine hydrochloride (HCl)/Ranitidin tablet/kapsul/kaplet 150 mg,MELAKUKAN PENGIRIMAN DAN PENERIMAAN,43000000,43000000
KAB. MANDAILING NATAL,DINAS PEKERJAAN UMUM DAN PENATAAN RUANG - 1.03.0.00.0.00.03.0000,3231373,40403043,2023,Non Tender,APBD,CV. TUJUH RAJAWALI,Pengadaan Langsung,Pekerjaan Konstruksi,Pembangunan Drainase Lingkungan Kelurahan Dalan Lidang Kec. Panyabungan,SELESAI,196000000,196000000
KAB. MANDAILING NATAL,DINAS PENDIDIKAN DAN KEBUDAYAAN - 1.01.2.22.0.00.02.0000,3488246,41223459,2023,E-Katalog 5.0,APBD,CV. NATANGKANG CERDAS UTAMA,E-Purchasing,Pengadaan Barang,Percobaan Atwood,MELAKUKAN PENGIRIMAN DAN PENERIMAAN,218900000,218900000
KAB. MANDAILING NATAL,RUMAH SAKIT UMUM DAERAH PANYABUNGAN - 1.02.0.00.0.00.02.0001,3117782,42104658,2023,E-Katalog 5.0,BLUD,P.T. Dexa Medica,E-Purchasing,Pengadaan Barang,Clobazam/ Klobazam tablet/kapsul/kaplet 10 mg,MELAKUKAN PENGIRIMAN DAN PENERIMAAN,2991000,2991000
KAB. MANDAILING NATAL,DINAS PERTANIAN - 3.27.0.00.0.00.24.0000,4167780,43463664,2023,E-Katalog 5.0,APBD,CV. AULIA RIZKI PRATAMA,E-Purchasing,Pengadaan Barang,Bibit Kentang,PROSES KONTRAK PPK,167760000,167760000
KAB. MANDAILING NATAL,RUMAH SAKIT UMUM DAERAH PANYABUNGAN - 1.02.0.00.0.00.02.0001,6097863,42104658,2023,E-Katalog 5.0,BLUD,PT.Bernofarm,E-Purchasing,Pengadaan Barang,Domperidon/ Domperidone maleate/ Domperidone sirup/suspensi 5 mg/5 ml,MELAKUKAN PENGIRIMAN DAN PENERIMAAN,305000,305000
KAB. MANDAILING NATAL,DINAS PERUMAHAN RAKYAT DAN KAWASAN PERMUKIMAN SERTA PERTANAHAN - 1.04.2.10.0.00.04.0000,3136373,41341728,2023,Non Tender,APBD,CV. ENCONARS INTI MANDIRI,Pengadaan Langsung,Jasa Konsultansi Badan Usaha Konstruksi,Konsultan Perencanaan Pembangunan/ Rehabilitasi Jalan Lingkungan,SELESAI,98090700,98090700
KAB. MANDAILING NATAL,RUMAH SAKIT UMUM DAERAH PANYABUNGAN - 1.02.0.00.0.00.02.0001,7308857,42104658,2023,E-Katalog 5.0,BLUD,PT AstraZeneca Indonesia,E-Purchasing,Pengadaan Barang,"kombinasi, setiap dosis mengandung : Budesonid 160 mcg Formoterol 4,5 mcg (inhalasi), 120 dosis kemasan turbuhaler",MELAKUKAN PENGIRIMAN DAN PENERIMAAN,16684000,0
KAB. MANDAILING NATAL,DINAS KESEHATAN - 1.02.0.00.0.00.02.0000,8077768,41733351,2023,E-Katalog 5.0,APBD,PT.Bernofarm,E-Purchasing,Pengadaan Barang,AMBROXOL HCl 15 mg/5 ml elixir,MELAKUKAN PENGIRIMAN DAN PENERIMAAN,3830000,3830000
KAB. MANDAILING NATAL,RUMAH SAKIT UMUM DAERAH PANYABUNGAN - 1.02.0.00.0.00.02.0001,4834236,42104658,2023,E-Katalog 5.0,BLUD,P.T. Dexa Medica,E-Purchasing,Pengadaan Barang,Azitromisin/Azithromycin sir kering 200 mg/ 5 mL,MELAKUKAN PENGIRIMAN DAN PENERIMAAN,1837500,1837500
KAB. MANDAILING NATAL,DINAS KESEHATAN - 1.02.0.00.0.00.02.0000,3961908,41733351,2023,E-Katalog 5.0,APBD,PT. IFARS PHARMACEUTICAL LABORATORIES,E-Purchasing,Pengadaan Barang,Nistatin/Nystatin  suspensi 100.000 IU/mL,MELAKUKAN PENGIRIMAN DAN PENERIMAAN,5240000,5240000
KAB. MANDAILING NATAL,DINAS KESEHATAN - 1.02.0.00.0.00.02.0000,3621373,41733351,2023,Non Tender,APBD,MILLENNIUM PHARMACON INTERNATIONAL Tbk,Pengadaan Langsung,Pengadaan Barang,Belanja Obat-Obatan-Obat,SELESAI,182000000,0
KAB. MANDAILING NATAL,RUMAH SAKIT UMUM DAERAH PANYABUNGAN - 1.02.0.00.0.00.02.0001,7511512,42104658,2023,E-Katalog 5.0,BLUD,PT. Indofarma (Persero) Tbk,E-Purchasing,Pengadaan Barang,Amlodipine 5 mg,MELAKUKAN PENGIRIMAN DAN PENERIMAAN,2760000,2760000
KAB. MANDAILING NATAL,DINAS KESEHATAN - 1.02.0.00.0.00.02.0000,3890941,43337869,2023,E-Katalog 5.0,APBD,PT. Likuid Pharmalab Indonesia,E-Purchasing,Pengadaan Barang,BAYMED Alkohol Swab,PROSES KONTRAK PPK,12065812,12065812
KAB. MANDAILING NATAL,DINAS KESEHATAN - 1.02.0.00.0.00.02.0000,5537364,41733260,2023,E-Katalog 5.0,APBD,PT Jayamas Medica Industri,E-Purchasing,Pengadaan Barang,Dental Needle 30 G x 21 mm,MELAKUKAN PENGIRIMAN DAN PENERIMAAN,13666320,13666320
KAB. MANDAILING NATAL,DINAS PENDIDIKAN DAN KEBUDAYAAN - 1.01.2.22.0.00.02.0000,8100029,45561757,2023,E-Katalog 5.0,APBDP,KENANGA MULTI TRADE,E-Purchasing,Pengadaan Barang,BAJU BATIK TRADISIONAL,PROSES KONTRAK PPK,114000000,114000000
KAB. MANDAILING NATAL,DINAS PENDIDIKAN DAN KEBUDAYAAN - 1.01.2.22.0.00.02.0000,2864373,40966249,2023,Tender,APBD,CV. ANUGRAH KARYA ABADI,Tender,Pekerjaan Konstruksi,Pembangunan Ruang Perpustakaan Beserta Perabotnya SD Negeri 345 Banjar Aur,SELESAI,201759791,201759791
KAB. MANDAILING NATAL,DINAS PEKERJAAN UMUM DAN PENATAAN RUANG - 1.03.0.00.0.00.03.0000,2687373,41061987,2023,Tender,APBD,CV. MUBDI RN,Pengadaan Langsung,Pekerjaan Konstruksi,Penanganan Long Segment Ruas Jalan Kayu Laut - Sirambas,SELESAI,5970100000,5970100000
KAB. MANDAILING NATAL,DINAS KESEHATAN - 1.02.0.00.0.00.02.0000,7329186,41733260,2023,E-Katalog 5.0,APBD,PT RAFA TOPAZ UTAMA,E-Purchasing,Pengadaan Barang,NORMA-iSol3,PROSES KONTRAK PPK,10050000,0
KAB. MANDAILING NATAL,DINAS PENDIDIKAN DAN KEBUDAYAAN - 1.01.2.22.0.00.02.0000,3133081,42339034,2023,E-Katalog 5.0,APBD,PT. Trisolah Suvarna Indonesia,E-Purchasing,Pengadaan Barang,Merdeka Chromebook C120 (Hanya Berfungsi Optimal Apabila Terdapat Jaringan Internet),MELAKUKAN PENGIRIMAN DAN PENERIMAAN,5712500000,5712500000
KAB. MANDAILING NATAL,DINAS PEKERJAAN UMUM DAN PENATAAN RUANG - 1.03.0.00.0.00.03.0000,3253373,40815469,2023,Non Tender,APBD,CV. TIQA CEMERLANG,Pengadaan Langsung,Pekerjaan Konstruksi,Rehabilitasi Tanggul Sungai Aek Batang Natal Desa Tarlola Kec. Batang Natal (DBH 2023),SELESAI,196000000,196000000
KAB. MANDAILING NATAL,DINAS PENDIDIKAN DAN KEBUDAYAAN - 1.01.2.22.0.00.02.0000,3648373,40966320,2023,Non Tender,APBD,CV.RIZKI KARYA,Pengadaan Langsung,Pekerjaan Konstruksi,Pembangunan Ruang Unit Kesehatan Sekolah SD Negeri 394 Singkuang,SELESAI,79699994,79699994
KAB. MANDAILING NATAL,RUMAH SAKIT UMUM DAERAH PANYABUNGAN - 1.02.0.00.0.00.02.0001,3091153,42104658,2023,E-Katalog 5.0,BLUD,PT. Indofarma (Persero) Tbk,E-Purchasing,Pengadaan Barang,Acetylcystein 200 mg,MELAKUKAN PENGIRIMAN DAN PENERIMAAN,6480000,6480000
KAB. MANDAILING NATAL,DINAS KEPENDUDUKAN DAN PENCATATAN SIPIL - 2.12.0.00.0.00.13.0000,3425717,41552902,2023,E-Katalog 5.0,APBD,Mitra Tech Sejahtera,E-Purchasing,Pengadaan Barang,HID Printer Cleaning Kits HDP 5000/5600,MELAKUKAN PENGIRIMAN DAN PENERIMAAN,13985000,0
KAB. MANDAILING NATAL,DINAS KESEHATAN - 1.02.0.00.0.00.02.0000,3972972,41733351,2023,E-Katalog 5.0,APBD,PT. Mersifarma Tirmaku Mercusana,E-Purchasing,Pengadaan Barang,Trihexyphenidyl hydrochloride (HCl)/ Triheksifenidil tablet/kapsul/kaplet 2 mg,MELAKUKAN PENGIRIMAN DAN PENERIMAAN,31500000,31500000
KAB. MANDAILING NATAL,DINAS PEKERJAAN UMUM DAN PENATAAN RUANG - 1.03.0.00.0.00.03.0000,3234373,40403037,2023,Non Tender,APBD,CV. BANGKIT BERSAMA GROUP,Pengadaan Langsung,Pekerjaan Konstruksi,Pembangunan Drainase Lingkungan Jl. Baru Kel. Mompang Jae Kec. Panyabungan Utara,SELESAI,146500000,146500000
KAB. MANDAILING NATAL,RUMAH SAKIT UMUM DAERAH PANYABUNGAN - 1.02.0.00.0.00.02.0001,6107664,42104658,2023,E-Katalog 5.0,BLUD,PT.TOP POINT MEDICAL,E-Purchasing,Pengadaan Barang,TP Disposable Syringe 3 ML with Needle,MELAKUKAN PENGIRIMAN DAN PENERIMAAN,18832000,18832000
KAB. MANDAILING NATAL,DINAS PENGENDALIAN PENDUDUK DAN KELUARGA BERENCANA - 2.14.0.00.0.00.15.0000,4934513,43714038,2023,E-Katalog 5.0,APBD,cv. bugis nauli,E-Purchasing,Pengadaan Barang,MEJA 1/2 BIRO,MELAKUKAN PENGIRIMAN DAN PENERIMAAN,98406000,98406000
KAB. MANDAILING NATAL,RUMAH SAKIT UMUM DAERAH PANYABUNGAN - 1.02.0.00.0.00.02.0001,8300773,45589099,2023,E-Katalog 5.0,APBDP,PT.Elsyahfi Calibratech Mandiri,E-Purchasing,Pengadaan Barang,Fetal Doppler / Doppler Fetus Detektor / Doppler Fetal Monitor,PAKET SELESAI,770170,770170
KAB. MANDAILING NATAL,DINAS PEKERJAAN UMUM DAN PENATAAN RUANG - 1.03.0.00.0.00.03.0000,2769373,42267924,2023,Tender,APBD,CV. ANUGRAH PERMAI,Tender,Pekerjaan Konstruksi,Rehabilitasi dan Ubahsuai Aula dan Kantor Bupati,SELESAI,2472721020,2472721020
KAB. MANDAILING NATAL,DINAS PENDIDIKAN DAN KEBUDAYAAN - 1.01.2.22.0.00.02.0000,3567373,41023167,2023,Non Tender,APBD,CV. HADITAMA,Pengadaan Langsung,Jasa Konsultansi Badan Usaha Non Konstruksi,Jasa Konsultan Pengawasan Pembangunan Ruang Tata Usaha Beserta Perabotnya (DAK),SELESAI,99900000,99900000
KAB. MANDAILING NATAL,DINAS PEKERJAAN UMUM DAN PENATAAN RUANG - 1.03.0.00.0.00.03.0000,3474373,42267900,2023,Non Tender,APBD,CV. EFOD DESIGN CONSULTANT,Pengadaan Langsung,Jasa Konsultansi Badan Usaha Konstruksi,Jasa Konsultansi Pengawasan Program Penataan Bangunan Gedung,SELESAI,99697000,99697000
KAB. MANDAILING NATAL,DINAS PEKERJAAN UMUM DAN PENATAAN RUANG - 1.03.0.00.0.00.03.0000,2895373,42267875,2023,Tender,APBD,CV. ARGA RANCANG,Tender,Pekerjaan Konstruksi,Rehabilitasi Aula Kantor Camat Batang Natal,SELESAI,490000000,490000000
KAB. MANDAILING NATAL,DINAS PENDIDIKAN DAN KEBUDAYAAN - 1.01.2.22.0.00.02.0000,3668373,44142240,2023,Non Tender,APBD,CV. SILVA PRIBADI UTAMA,Pengadaan Langsung,Pekerjaan Konstruksi,Pembangunan Gedung Kantor Korwil IX Dinas Pendidikan,SELESAI,199266217,199266217
KAB. MANDAILING NATAL,DINAS PERTANIAN - 3.27.0.00.0.00.24.0000,3217373,41411025,2023,Non Tender,APBD,CV. SINAR JAYA ABADI,Pengadaan Langsung,Pengadaan Barang,Belanja Obat - Obatan Ternak,SELESAI,199776500,199776500
KAB. MANDAILING NATAL,RUMAH SAKIT UMUM DAERAH PANYABUNGAN - 1.02.0.00.0.00.02.0001,6493792,42104658,2023,E-Katalog 5.0,BLUD,P.T. Dexa Medica,E-Purchasing,Pengadaan Barang,Kandesartan/ Candesartan/ Candesartan Cilexetil  tablet/kapsul/kaplet 16 mg,MELAKUKAN PENGIRIMAN DAN PENERIMAAN,2700000,2700000
KAB. MANDAILING NATAL,RUMAH SAKIT UMUM DAERAH PANYABUNGAN - 1.02.0.00.0.00.02.0001,8228230,42104658,2023,E-Katalog 5.0,BLUD,PT.TOP POINT MEDICAL,E-Purchasing,Pengadaan Barang,TP Surgical Mask Hijab,MELAKUKAN PENGIRIMAN DAN PENERIMAAN,5985000,5985000
KAB. MANDAILING NATAL,SEKRETARIAT DPRD KABUPATEN - 4.02.0.00.0.00.27.0000,3782373,45785076,2023,Non Tender,APBDP,CV. DAME LANGGENG,Pengadaan Langsung,Pengadaan Barang,Belanja Pakaian Olahraga Beserta Kelengkapannya,SELESAI,104645250,0
KAB. MANDAILING NATAL,DINAS PEKERJAAN UMUM DAN PENATAAN RUANG - 1.03.0.00.0.00.03.0000,3336373,42267901,2023,Non Tender,APBD,PT. MARGA BHUANA JAYA CONSULTANT,Pengadaan Langsung,Jasa Konsultansi Badan Usaha Konstruksi,Jasa Konsultansi Penyusunan Detai Engineering Design Pembangunan Kantor Camat Panyabungan,SELESAI,99833000,99833000
KAB. MANDAILING NATAL,RUMAH SAKIT UMUM DAERAH PANYABUNGAN - 1.02.0.00.0.00.02.0001,4787288,42104658,2023,E-Katalog 5.0,BLUD,PT. Mersifarma Tirmaku Mercusana,E-Purchasing,Pengadaan Barang,Asam Asetilsalisilat (asetosal) tablet/kapsul/kaplet 80 mg,MELAKUKAN PENGIRIMAN DAN PENERIMAAN,216000,216000
KAB. MANDAILING NATAL,DINAS PEKERJAAN UMUM DAN PENATAAN RUANG - 1.03.0.00.0.00.03.0000,2715373,41132886,2023,Tender,APBD,CV. NUGRAHA PERKASA,Tender,Pekerjaan Konstruksi,Peningkatan Jalan H. Adam Malik (Jl. Lingkar Barat),SELESAI,898797900,898797900
KAB. MANDAILING NATAL,SEKRETARIAT DPRD KABUPATEN - 4.02.0.00.0.00.27.0000,3341373,41659542,2023,Non Tender,APBD,KENANGA MULTI TRADE,Pengadaan Langsung,Pengadaan Barang,Pengadaan Pakaian Dinas Beserta Atribut Kelengkapannya,SELESAI,59940000,59940000
KAB. MANDAILING NATAL,DINAS KESEHATAN - 1.02.0.00.0.00.02.0000,3960092,41733351,2023,E-Katalog 5.0,APBD,PT. Hexpharm Jaya Laboratories,E-Purchasing,Pengadaan Barang,Loratadine/ Loratadin tablet/kapsul/kaplet 10 mg,MELAKUKAN PENGIRIMAN DAN PENERIMAAN,2495500,2495500
KAB. MANDAILING NATAL,DINAS PENDIDIKAN DAN KEBUDAYAAN - 1.01.2.22.0.00.02.0000,2813373,40966407,2023,Tender,APBD,CV. FAOMASI,Tender,Pekerjaan Konstruksi,Pembangunan ruang laboratorium komputer beserta perabotnya SD Negeri 276 Ampung Padang,SELESAI,223481000,223481000
KAB. MANDAILING NATAL,DINAS PENDIDIKAN DAN KEBUDAYAAN - 1.01.2.22.0.00.02.0000,2855373,40966242,2023,Tender,APBD,CV. BANGKIT BERSAMA GROUP,Tender,Pekerjaan Konstruksi,Pembangunan Ruang Perpustakaan Beserta Perabotnya SD Negeri 329 Sukadamai,SELESAI,201075694,201075694
KAB. MANDAILING NATAL,RUMAH SAKIT UMUM DAERAH PANYABUNGAN - 1.02.0.00.0.00.02.0001,4859072,42104658,2023,E-Katalog 5.0,BLUD,PT Otsuka Indonesia,E-Purchasing,Pengadaan Barang,Magnesium sulfate/ Magnesium sulfate heptahydrate/ Magnesium sulfat injeksi 20%v (i.v.) Ampul plastik@ 25 mL.,MELAKUKAN PENGIRIMAN DAN PENERIMAAN,298380,298380
KAB. MANDAILING NATAL,DINAS PENDIDIKAN DAN KEBUDAYAAN - 1.01.2.22.0.00.02.0000,3478373,41023212,2023,Non Tender,APBD,CV. INOVASI GEMILANG,Pengadaan Langsung,Pekerjaan Konstruksi,Pembangunan Toilet (Jamban) Beserta Sanitasinya SMP Negeri 1 Batang Natal,SELESAI,179750000,179750000
KAB. MANDAILING NATAL,DINAS KESEHATAN - 1.02.0.00.0.00.02.0000,4163517,41733351,2023,E-Katalog 5.0,APBD,3M INDONESIA IMPORTAMA,E-Purchasing,Pengadaan Barang,1470A2 ESPE FILTEK Z250 XT NANO HYBRID UNIVERSAL RESTO,MELAKUKAN PENGIRIMAN DAN PENERIMAAN,11237500,0
KAB. MANDAILING NATAL,DINAS PERTANIAN - 3.27.0.00.0.00.24.0000,3289373,41384003,2023,Non Tender,APBD,CV AEK KAPIAS,Pengadaan Langsung,Pekerjaan Konstruksi,Pembangunan/Rehabilitasi Jalan Usaha tani/Jalan Produksi Desa Gunung Tua Lumban Pasir Kec. Panyabungan,SELESAI,124825000,124825000
KAB. MANDAILING NATAL,RUMAH SAKIT UMUM DAERAH PANYABUNGAN - 1.02.0.00.0.00.02.0001,7366552,42104658,2023,E-Katalog 5.0,BLUD,PT.TOP POINT MEDICAL,E-Purchasing,Pengadaan Barang,TP Disposable Syringe 5 ML with Needle,MELAKUKAN PENGIRIMAN DAN PENERIMAAN,20900000,20900000
KAB. MANDAILING NATAL,SEKRETARIAT DPRD KABUPATEN - 4.02.0.00.0.00.27.0000,3339373,41660286,2023,Non Tender,APBD,CV. DAME LANGGENG,Pengadaan Langsung,Pengadaan Barang,Belanja Pakaian Dinas dan Atribur Pimpinan dan Anggota DPRD - Pakaian Sipil Resmi,SELESAI,79476000,79476000
KAB. MANDAILING NATAL,DINAS PERHUBUNGAN - 2.15.0.00.0.00.16.0000,3692373,43742383,2023,Non Tender,APBD,cv. bugis nauli,Pengadaan Langsung,Pengadaan Barang,Pengadaan dan Pemasangan Plank Nama - Nama Jalan,SELESAI,49844446,0
KAB. MANDAILING NATAL,DINAS KESEHATAN - 1.02.0.00.0.00.02.0000,3501088,41733260,2023,E-Katalog 5.0,APBD,PT.GLOBAL DISPOMEDIKA,E-Purchasing,Pengadaan Barang,Gloves Latex Examination Powdered Size Large,MELAKUKAN PENGIRIMAN DAN PENERIMAAN,60568800,60568800
KAB. MANDAILING NATAL,DINAS PENDIDIKAN DAN KEBUDAYAAN - 1.01.2.22.0.00.02.0000,2812373,40966414,2023,Tender,APBD,CV. CITRA PERDANA NUSANTARA,Tender,Pekerjaan Konstruksi,Pembangunan ruang laboratorium komputer beserta perabotnya SD Negeri 328 Sinunukan IV,SELESAI,223514360,223514360
KAB. MANDAILING NATAL,DINAS PERHUBUNGAN - 2.15.0.00.0.00.16.0000,3612373,40881928,2023,Non Tender,APBD,cv. bugis nauli,Pengadaan Langsung,Pekerjaan Konstruksi,Rehabilitasi dan Pemeliharaan Halte di Kecamatan Panyabungan,SELESAI,139606000,139606000
KAB. MANDAILING NATAL,BAGIAN HUKUM SETDAKAB MANDAILING NATAL - 4.01.5.06.0.00.26.0003,8092016,45547878,2023,E-Katalog 5.0,APBDP,MY ICON TECHNOLOGY,E-Purchasing,Pengadaan Barang,Scanner Dokumen ADS-3100,MELAKUKAN PENGIRIMAN DAN PENERIMAAN,7500000,0
KAB. MANDAILING NATAL,DINAS PENDIDIKAN DAN KEBUDAYAAN - 1.01.2.22.0.00.02.0000,3779373,45561777,2023,Non Tender,APBDP,CV. DAME LANGGENG,Pengadaan Langsung,Pengadaan Barang,Belanja Alat / Bahan Untuk Kegiatan Kantor - Souvenir / Cendera Mata,SELESAI,198135000,0
KAB. MANDAILING NATAL,DINAS KEPENDUDUKAN DAN PENCATATAN SIPIL - 2.12.0.00.0.00.13.0000,3226373,41552962,2023,Non Tender,APBD,KENANGA MULTI TRADE,Pengadaan Langsung,Pengadaan Barang,Belanja Modal Alat Rumah Tangga Lainnya (Home Use),SELESAI,39904000,39904000
KAB. MANDAILING NATAL,DINAS PEKERJAAN UMUM DAN PENATAAN RUANG - 1.03.0.00.0.00.03.0000,3243373,40815596,2023,Non Tender,APBD,CV. CENTRAL GRAFIKA PRINT,Pengadaan Langsung,Pekerjaan Konstruksi,Pembangunan Jaringan Irigasi Desa Simpang Pining Kec. Ulu Pungkut,SELESAI,148500000,148500000
KAB. MANDAILING NATAL,DINAS PERHUBUNGAN - 2.15.0.00.0.00.16.0000,3402373,40883166,2023,Non Tender,APBD,CV. DWI PUTERA ADIYASA,Pengadaan Langsung,Jasa Konsultansi Badan Usaha Non Konstruksi,Penyusunan Dokumen Penyediaan Layanan Parkir di Kab. Madina,SELESAI,99700200,99700200
KAB. MANDAILING NATAL,RUMAH SAKIT UMUM DAERAH PANYABUNGAN - 1.02.0.00.0.00.02.0001,4963345,42104658,2023,E-Katalog 5.0,BLUD,PT.Phapros Tbk,E-Purchasing,Pengadaan Barang,"Anestetik lokal gigi, kombinasi KDT/FDC mengandung: lidokain 2% + epinefrin 1:80.000",MELAKUKAN PENGIRIMAN DAN PENERIMAAN,431700,431700
KAB. MANDAILING NATAL,RUMAH SAKIT UMUM DAERAH PANYABUNGAN - 1.02.0.00.0.00.02.0001,3094577,42104658,2023,E-Katalog 5.0,BLUD,PT.Bernofarm,E-Purchasing,Pengadaan Barang,Mecobalamin 500 Mcg/ml Injeksi,MELAKUKAN PENGIRIMAN DAN PENERIMAAN,70000,70000
KAB. MANDAILING NATAL,DINAS PENDIDIKAN DAN KEBUDAYAAN - 1.01.2.22.0.00.02.0000,8100476,45561697,2023,E-Katalog 5.0,APBD,KENANGA MULTI TRADE,E-Purchasing,Pengadaan Barang,PAKAIAN SERAGAM DINAS LAPANGAN,PROSES KONTRAK PPK,67000000,67000000
KAB. MANDAILING NATAL,DINAS PERTANIAN - 3.27.0.00.0.00.24.0000,3284373,41384012,2023,Non Tender,APBD,CV MAHARI PRATAMA,Pengadaan Langsung,Pekerjaan Konstruksi,Pembangunan/Rehabilitasi Jalan Usaha tani/Jalan Produksi Desa Roburan Dolok Kec. Panyabungan Selatan,SELESAI,124972000,124972000
KAB. MANDAILING NATAL,DINAS PENGENDALIAN PENDUDUK DAN KELUARGA BERENCANA - 2.14.0.00.0.00.15.0000,3470373,40047486,2023,Non Tender,APBD,CV.RIZKI KARYA,Pengadaan Langsung,Pengadaan Barang,Penyediaan Sarana Penunjang Pelayanan KB,SELESAI,120146000,0
KAB. MANDAILING NATAL,RUMAH SAKIT UMUM DAERAH PANYABUNGAN - 1.02.0.00.0.00.02.0001,3205554,42104658,2023,E-Katalog 5.0,BLUD,P.T. Dexa Medica,E-Purchasing,Pengadaan Barang,Betahistin/Betahistine Mesilate/Betahistine Mesylate tablet/kapsul/kaplet 6 mg,MELAKUKAN PENGIRIMAN DAN PENERIMAAN,1000000,1000000
KAB. MANDAILING NATAL,RUMAH SAKIT UMUM DAERAH PANYABUNGAN - 1.02.0.00.0.00.02.0001,3907233,42104658,2023,E-Katalog 5.0,BLUD,P.T. Dexa Medica,E-Purchasing,Pengadaan Barang,Ketorolak/ Ketorolac / Ketorolac trometamol/ Ketorolac tromethamine inj 30 mg/ml (3%),MELAKUKAN PENGIRIMAN DAN PENERIMAAN,14100000,14100000
KAB. MANDAILING NATAL,DINAS PERTANIAN - 3.27.0.00.0.00.24.0000,3218373,41413001,2023,Non Tender,APBD,CV. BANGKIT JAYA,Pengadaan Langsung,Pengadaan Barang,Belanja Obat - Obatan Pertanian,SELESAI,199030000,199030000
KAB. MANDAILING NATAL,DINAS PENDIDIKAN DAN KEBUDAYAAN - 1.01.2.22.0.00.02.0000,2834373,40966385,2023,Tender,APBD,CV. KHARISMA ABADI,Tender,Pekerjaan Konstruksi,Pembangunan ruang laboratorium komputer beserta perabotnya SD Negeri 368 Kampung Sawah,SELESAI,213894290,213894290
KAB. MANDAILING NATAL,DINAS PENDIDIKAN DAN KEBUDAYAAN - 1.01.2.22.0.00.02.0000,3488542,41023244,2023,E-Katalog 5.0,APBD,CV. NATANGKANG CERDAS UTAMA,E-Purchasing,Pengadaan Barang,Jangka Sorong,MELAKUKAN PENGIRIMAN DAN PENERIMAAN,26300000,26300000
KAB. MANDAILING NATAL,RUMAH SAKIT UMUM DAERAH PANYABUNGAN - 1.02.0.00.0.00.02.0001,8300773,45589099,2023,E-Katalog 5.0,APBDP,PT.Elsyahfi Calibratech Mandiri,E-Purchasing,Pengadaan Barang,JASA PENGUJIAN DAN/ATAU KALIBRASI OVEN / DRY STERILISATOR / STERILISATOR KERING,PAKET SELESAI,3275000,3275000
KAB. MANDAILING NATAL,DINAS PENDIDIKAN DAN KEBUDAYAAN - 1.01.2.22.0.00.02.0000,2836373,40966391,2023,Tender,APBD,CV. AVATARA,Tender,Pekerjaan Konstruksi,Pembangunan ruang laboratorium komputer beserta perabotnya SD Negeri 142 Hutabaringin,SELESAI,215312037,215312037
KAB. MANDAILING NATAL,DINAS PARIWISATA - 3.26.0.00.0.00.23.0000,3472373,41237702,2023,Non Tender,APBD,CV. WIKASA,Pengadaan Langsung,Pekerjaan Konstruksi,Pembangunan Panggung Kesenian di Desa Kayu Laut,SELESAI,148000767,148000767
KAB. MANDAILING NATAL,DINAS PEMUDA DAN OLAHRAGA - 2.19.0.00.0.00.20.0000,3741373,45395168,2023,Non Tender,APBDP,CV. PUTRA DOLOK SIHITE,Pengadaan Langsung,Pengadaan Barang,Pengadaan Peralatan dan Perlengkapan Olahraga,SELESAI,112198800,0
KAB. MANDAILING NATAL,DINAS PENDIDIKAN DAN KEBUDAYAAN - 1.01.2.22.0.00.02.0000,2796373,41023180,2023,Tender,APBD,bimasena,Tender,Pekerjaan Konstruksi,Pembangunan Ruang UKS Beserta Perabotnya SMP Muhammadiyah 30 Sihepeng,SELESAI,231087034,231087034
KAB. MANDAILING NATAL,DINAS PENDIDIKAN DAN KEBUDAYAAN - 1.01.2.22.0.00.02.0000,3488246,41223459,2023,E-Katalog 5.0,APBD,CV. NATANGKANG CERDAS UTAMA,E-Purchasing,Pengadaan Barang,Jangka Sorong,MELAKUKAN PENGIRIMAN DAN PENERIMAAN,17650000,17650000
KAB. MANDAILING NATAL,DINAS PERTANIAN - 3.27.0.00.0.00.24.0000,3327373,41384046,2023,Non Tender,APBD,CV. KREATIFITAS CEMERLANG,Pengadaan Langsung,Pekerjaan Konstruksi,Pembangunan/Rehabilitasi Jaringan Irigasi Desa Hutabaringin Kec. Ranto Baek,SELESAI,110208000,110208000
KAB. MANDAILING NATAL,DINAS PEKERJAAN UMUM DAN PENATAAN RUANG - 1.03.0.00.0.00.03.0000,3257373,40815465,2023,Non Tender,APBD,CV. AL-MAIRI,Pengadaan Langsung,Pekerjaan Konstruksi,Rehabilitasi Tanggul Sungai Aek Badan Desa Pintu Padang Jae Kec. Siabu (DBH 2023),SELESAI,198000000,198000000
KAB. MANDAILING NATAL,DINAS PERTANIAN - 3.27.0.00.0.00.24.0000,3216373,41412754,2023,Non Tender,APBD,CV. PUTRI LESTARI,Pengadaan Langsung,Pengadaan Barang,Belanja Bahan-Bahan Kimia,SELESAI,109775000,109775000
KAB. MANDAILING NATAL,DINAS PERTANIAN - 3.27.0.00.0.00.24.0000,6068658,43962224,2023,E-Katalog 5.0,APBD,CV.RIZKI KARYA,E-Purchasing,Pengadaan Barang,Bibit Kambing Lokal,MELAKUKAN PENGIRIMAN DAN PENERIMAAN,114750000,114750000
KAB. MANDAILING NATAL,DINAS KESEHATAN - 1.02.0.00.0.00.02.0000,3960201,41733351,2023,E-Katalog 5.0,APBD,PT Yarindo Farmatama,E-Purchasing,Pengadaan Barang,SALBUTAMOL SULFATE Tablet 2 mg,MELAKUKAN PENGIRIMAN DAN PENERIMAAN,650000,650000
KAB. MANDAILING NATAL,RUMAH SAKIT UMUM DAERAH PANYABUNGAN - 1.02.0.00.0.00.02.0001,7784520,42104658,2023,E-Katalog 5.0,BLUD,PT. Hexpharm Jaya Laboratories,E-Purchasing,Pengadaan Barang,Alopurinol/Allopurinol tablet/kapsul/kaplet 100 mg,MELAKUKAN PENGIRIMAN DAN PENERIMAAN,255000,255000
KAB. MANDAILING NATAL,DINAS PENDIDIKAN DAN KEBUDAYAAN - 1.01.2.22.0.00.02.0000,3488542,41023244,2023,E-Katalog 5.0,APBD,CV. NATANGKANG CERDAS UTAMA,E-Purchasing,Pengadaan Barang,Percobaan Ayunan Sederhana,MELAKUKAN PENGIRIMAN DAN PENERIMAAN,154480000,154480000
KAB. MANDAILING NATAL,DINAS PEKERJAAN UMUM DAN PENATAAN RUANG - 1.03.0.00.0.00.03.0000,2710373,40403796,2023,Tender,APBD,CV SINAR,Tender,Pekerjaan Konstruksi,Perluasan SPAM Jaringan Perpipaan di Desa Simpang Nunur / Dua Sepakat Kec. Ranto Baek,SELESAI,667235847,667235847
KAB. MANDAILING NATAL,RUMAH SAKIT UMUM DAERAH PANYABUNGAN - 1.02.0.00.0.00.02.0001,7506024,42104658,2023,E-Katalog 5.0,BLUD,PT. Hexpharm Jaya Laboratories,E-Purchasing,Pengadaan Barang,Simvastatin tablet/kapsul/kaplet 10 mg,MELAKUKAN PENGIRIMAN DAN PENERIMAAN,290000,290000
KAB. MANDAILING NATAL,DINAS KESEHATAN - 1.02.0.00.0.00.02.0000,3527672,41733260,2023,E-Katalog 5.0,APBD,PT. Safelock Medical,E-Purchasing,Pengadaan Barang,Infusion Set Pediatric Set Type Y with Airvent,MELAKUKAN PENGIRIMAN DAN PENERIMAAN,118580000,118580000
KAB. MANDAILING NATAL,RUMAH SAKIT UMUM DAERAH PANYABUNGAN - 1.02.0.00.0.00.02.0001,6968064,42104658,2023,E-Katalog 5.0,BLUD,PT. Kimia Farma Tbk,E-Purchasing,Pengadaan Barang,Codeine Phosphate Hemihydrate/ Codeine/ Kodein tablet/kapsul/kaplet 10 mg,MELAKUKAN PENGIRIMAN DAN PENERIMAAN,6300000,6300000
KAB. MANDAILING NATAL,RUMAH SAKIT UMUM DAERAH PANYABUNGAN - 1.02.0.00.0.00.02.0001,4964674,42104658,2023,E-Katalog 5.0,BLUD,PT Yarindo Farmatama,E-Purchasing,Pengadaan Barang,SALBUTAMOL SULFATE Tablet 2 mg,MELAKUKAN PENGIRIMAN DAN PENERIMAAN,1300000,1300000
KAB. MANDAILING NATAL,DINAS PERDAGANGAN - 3.30.3.31.0.00.25.0000,3415373,41667208,2023,Non Tender,APBD,CV. AL-MAIRI,Pengadaan Langsung,Pekerjaan Konstruksi,Pengecetan dan Rehabilitasi Pasar Muara Sipongi Kecamatan Muara Sipongi,SELESAI,74532000,74532000
KAB. MANDAILING NATAL,DINAS PERUMAHAN RAKYAT DAN KAWASAN PERMUKIMAN SERTA PERTANAHAN - 1.04.2.10.0.00.04.0000,3379373,41341703,2023,Non Tender,APBD,CV. BUANA PERKASA,Pengadaan Langsung,Pekerjaan Konstruksi,Pembangunan/ Rehabilitasi Jalan Lingkungan di Lorong III Desa Lumban Dolok Kec. Siabu,SELESAI,117209000,117209000
KAB. MANDAILING NATAL,RUMAH SAKIT UMUM DAERAH PANYABUNGAN - 1.02.0.00.0.00.02.0001,4857438,42104658,2023,E-Katalog 5.0,BLUD,PT. Merck Tbk,E-Purchasing,Pengadaan Barang,Kalium Klorida tablet lepas lambat/kaplet lepas lambat 600 mg,MELAKUKAN PENGIRIMAN DAN PENERIMAAN,5886000,5886000
KAB. MANDAILING NATAL,RUMAH SAKIT UMUM DAERAH PANYABUNGAN - 1.02.0.00.0.00.02.0001,6968064,42104658,2023,E-Katalog 5.0,BLUD,PT. Kimia Farma Tbk,E-Purchasing,Pengadaan Barang,Hidroklorotiazid/ Hydrochlorothiazide tablet/kapsul/kaplet 25 mg,MELAKUKAN PENGIRIMAN DAN PENERIMAAN,310000,310000
KAB. MANDAILING NATAL,DINAS PENDIDIKAN DAN KEBUDAYAAN - 1.01.2.22.0.00.02.0000,3657373,40966707,2023,Non Tender,APBD,CV. OLIVIA KARYA UTAMA,Pengadaan Langsung,Pekerjaan Konstruksi,Pembangunan Ruang Kelas Baru SD Negeri 378 Sikara-Kara IV,SELESAI,199600042,199600042
KAB. MANDAILING NATAL,DINAS KESEHATAN - 1.02.0.00.0.00.02.0000,3887402,41733351,2023,E-Katalog 5.0,APBD,PT. Kimia Farma Tbk,E-Purchasing,Pengadaan Barang,Codeine Phosphate Hemihydrate/ Codeine/ Kodein tablet/kapsul/kaplet 10 mg,MELAKUKAN PENGIRIMAN DAN PENERIMAAN,22680000,22680000
KAB. MANDAILING NATAL,DINAS KESEHATAN - 1.02.0.00.0.00.02.0000,5620668,41733260,2023,E-Katalog 5.0,APBD,PT Jayamas Medica Industri,E-Purchasing,Pengadaan Barang,Object Glass 7101,MELAKUKAN PENGIRIMAN DAN PENERIMAAN,6989440,0
KAB. MANDAILING NATAL,DINAS PENGENDALIAN PENDUDUK DAN KELUARGA BERENCANA - 2.14.0.00.0.00.15.0000,6194452,40047481,2023,E-Katalog 5.0,APBD,PT. Intermedin Medical Instruments,E-Purchasing,Pengadaan Barang,Implant Removal Kit,MELAKUKAN PENGIRIMAN DAN PENERIMAAN,40390000,40390000
KAB. MANDAILING NATAL,RUMAH SAKIT UMUM DAERAH PANYABUNGAN - 1.02.0.00.0.00.02.0001,8300773,45589099,2023,E-Katalog 5.0,APBDP,PT.Elsyahfi Calibratech Mandiri,E-Purchasing,Pengadaan Barang,CPAP / Bubble CPAP / Baby CPAP,PAKET SELESAI,2085000,2085000
KAB. MANDAILING NATAL,DINAS PERTANIAN - 3.27.0.00.0.00.24.0000,3754373,45501497,2023,Non Tender,APBDP,CV. CEMERLANG GEMILANG GROUP,Pengadaan Langsung,Pekerjaan Konstruksi,Pembangunan dan Rehabilitasi Jalan Usaha Tani Desa Bulusoma Kec. Batang Natal,SELESAI,76850771,76850771
KAB. MANDAILING NATAL,DINAS PEKERJAAN UMUM DAN PENATAAN RUANG - 1.03.0.00.0.00.03.0000,3267373,40815456,2023,Non Tender,APBD,PT. MARGA BHUANA JAYA CONSULTANT,Pengadaan Langsung,Jasa Konsultansi Badan Usaha Konstruksi,"Konsultansi Pengawasan Kegiatan untuk Konstruksi Pengendali Banjir, Lahar, Drainase Utama Perkotaan dan Pengaman Pantai",SELESAI,74000000,74000000
KAB. MANDAILING NATAL,RUMAH SAKIT UMUM DAERAH PANYABUNGAN - 1.02.0.00.0.00.02.0001,6493792,42104658,2023,E-Katalog 5.0,BLUD,P.T. Dexa Medica,E-Purchasing,Pengadaan Barang,"Alprazolam tablet/kapsul/kaplet 0,5 mg",MELAKUKAN PENGIRIMAN DAN PENERIMAAN,3200000,3200000
KAB. MANDAILING NATAL,DINAS KESEHATAN - 1.02.0.00.0.00.02.0000,3972882,41733351,2023,E-Katalog 5.0,APBD,NOVAPHARIN,E-Purchasing,Pengadaan Barang,Simvastatin tablet/kapsul/kaplet 10 mg,MELAKUKAN PENGIRIMAN DAN PENERIMAAN,3450000,3450000
KAB. MANDAILING NATAL,DINAS PEKERJAAN UMUM DAN PENATAAN RUANG - 1.03.0.00.0.00.03.0000,2686373,40395885,2023,Tender,APBD,CV.CITRA KARYA MANDIRI,Tender,Pekerjaan Konstruksi,Rehabilitasi Jalan Dalam Kota Kecamatan Kotanopan,SELESAI,976100000,976100000
KAB. MANDAILING NATAL,RUMAH SAKIT UMUM DAERAH PANYABUNGAN - 1.02.0.00.0.00.02.0001,7209390,42104658,2023,E-Katalog 5.0,BLUD,PT.Bernofarm,E-Purchasing,Pengadaan Barang,Piracetam 3 G/ 15 ml Inj @ 10,MELAKUKAN PENGIRIMAN DAN PENERIMAAN,700000,700000
KAB. MANDAILING NATAL,DINAS PENDIDIKAN DAN KEBUDAYAAN - 1.01.2.22.0.00.02.0000,3543373,40966334,2023,Non Tender,APBD,CV. BINTANG JAYA,Pengadaan Langsung,Pekerjaan Konstruksi,Pembangunan Ruang UKS Beserta Perabotnya SD Negeri 042 Aek Garut,SELESAI,84190000,84190000
KAB. MANDAILING NATAL,DINAS PEKERJAAN UMUM DAN PENATAAN RUANG - 1.03.0.00.0.00.03.0000,3555373,42267898,2023,Non Tender,APBD,CV. ALDRICH PERDANA KARYA,Pengadaan Langsung,Pekerjaan Konstruksi,Lanjutan Pembangunan Markas PMI Panyabungan,SELESAI,192689000,192689000
KAB. MANDAILING NATAL,DINAS KESEHATAN - 1.02.0.00.0.00.02.0000,3887402,41733351,2023,E-Katalog 5.0,APBD,PT. Kimia Farma Tbk,E-Purchasing,Pengadaan Barang,Permethrin/ Permetrin Krim 5%,MELAKUKAN PENGIRIMAN DAN PENERIMAAN,35008200,35008200
KAB. MANDAILING NATAL,DINAS TENAGA KERJA - ,3665373,41328996,2023,Non Tender,APBD,CV. KENZO MAHAGANI,Pengadaan Langsung,Pengadaan Barang,Belanja Barang untuk Dijual/Diserahkan kepada Masyarakat,SELESAI,150105000,0
KAB. MANDAILING NATAL,DINAS PEKERJAAN UMUM DAN PENATAAN RUANG - 1.03.0.00.0.00.03.0000,3147373,40403634,2023,Non Tender,APBD,CV. RAJAWALI ENGINEERING CONSULTANT,Pengadaan Langsung,Jasa Konsultansi Badan Usaha Konstruksi,Penyusunan Study Kelayakan Aek Tongor,SELESAI,99000000,99000000
KAB. MANDAILING NATAL,DINAS KESEHATAN - 1.02.0.00.0.00.02.0000,5536341,41733260,2023,E-Katalog 5.0,APBD,PT. ERA MEDIKA ALKESINDO,E-Purchasing,Pengadaan Barang,KASA HIDROFIL 16 cm x 16 cm,MELAKUKAN PENGIRIMAN DAN PENERIMAAN,56160000,56160000
KAB. MANDAILING NATAL,DINAS PERTANIAN - 3.27.0.00.0.00.24.0000,3329373,41384037,2023,Non Tender,APBD,CV.Tunjung Biru,Pengadaan Langsung,Pekerjaan Konstruksi,Pembangunan/Rehabilitasi Jaringan Irigasi Desa Aek Tarutung Sigaja Desa Simpang Tolang Julu Kec. Kotanopan,SELESAI,110258000,110258000
KAB. MANDAILING NATAL,DINAS KESEHATAN - 1.02.0.00.0.00.02.0000,3207373,43057818,2023,Non Tender,APBD,CV. TERMINAL PRINT,Pengadaan Langsung,Jasa Lainnya,Belanja Media Promosi Kesehatan,SELESAI,62204400,62204400
KAB. MANDAILING NATAL,DINAS KESEHATAN - 1.02.0.00.0.00.02.0000,3981637,41733351,2023,E-Katalog 5.0,APBD,PT Otsuka Indonesia,E-Purchasing,Pengadaan Barang,Magnesium sulfate/ Magnesium sulfate heptahydrate/ Magnesium sulfat injeksi 40%v (i.v.) ampul plastik @ 25 mL.,MELAKUKAN PENGIRIMAN DAN PENERIMAAN,2241756,2241756
KAB. MANDAILING NATAL,DINAS PERTANIAN - 3.27.0.00.0.00.24.0000,4167780,43463664,2023,E-Katalog 5.0,APBD,CV. AULIA RIZKI PRATAMA,E-Purchasing,Pengadaan Barang,Bibit Cabe Merah,PROSES KONTRAK PPK,123200000,123200000
KAB. MANDAILING NATAL,RUMAH SAKIT UMUM DAERAH PANYABUNGAN - 1.02.0.00.0.00.02.0001,3625647,42104658,2023,E-Katalog 5.0,BLUD,PT. Hexpharm Jaya Laboratories,E-Purchasing,Pengadaan Barang,Omeprazol/Omeprazole tablet/kapsul/kaplet 20 mg,MELAKUKAN PENGIRIMAN DAN PENERIMAAN,1160000,1160000
KAB. MANDAILING NATAL,RUMAH SAKIT UMUM DAERAH PANYABUNGAN - 1.02.0.00.0.00.02.0001,4964674,42104658,2023,E-Katalog 5.0,BLUD,PT Yarindo Farmatama,E-Purchasing,Pengadaan Barang,Furosemid/ Furosemide tablet/kapsul/kaplet 40 mg,MELAKUKAN PENGIRIMAN DAN PENERIMAAN,2210000,2210000
KAB. MANDAILING NATAL,RUMAH SAKIT UMUM DAERAH PANYABUNGAN - 1.02.0.00.0.00.02.0001,7324649,42104658,2023,E-Katalog 5.0,BLUD,PT ETANA BIOTECHNOLOGIES INDONESIA,E-Purchasing,Pengadaan Barang,Eritropoetin-alfa inj 3.000 IU,MELAKUKAN PENGIRIMAN DAN PENERIMAAN,23280000,23280000
KAB. MANDAILING NATAL,DINAS KESEHATAN - 1.02.0.00.0.00.02.0000,8153600,41733351,2023,E-Katalog 5.0,APBD,PT.Bernofarm,E-Purchasing,Pengadaan Barang,Alopurinol/Allopurinol tablet/kapsul/kaplet 100 mg,MELAKUKAN PENGIRIMAN DAN PENERIMAAN,1315000,1315000
KAB. MANDAILING NATAL,DINAS KESEHATAN - 1.02.0.00.0.00.02.0000,8129019,41733351,2023,E-Katalog 5.0,APBD,P.T. Dexa Medica,E-Purchasing,Pengadaan Barang,Metilprednisolon/Methylprednisolone tablet/kapsul/kaplet 4 mg,MELAKUKAN PENGIRIMAN DAN PENERIMAAN,970000,970000
KAB. MANDAILING NATAL,DINAS KESEHATAN - 1.02.0.00.0.00.02.0000,8078344,41733351,2023,E-Katalog 5.0,APBD,PT.Bernofarm,E-Purchasing,Pengadaan Barang,GENTAMICIN SULFATE 0.1 % KRIM 5 g,MELAKUKAN PENGIRIMAN DAN PENERIMAAN,261300,261300
KAB. MANDAILING NATAL,DINAS PENDIDIKAN DAN KEBUDAYAAN - 1.01.2.22.0.00.02.0000,3510373,40966324,2023,Non Tender,APBD,CV. R.A.S,Pengadaan Langsung,Pekerjaan Konstruksi,Pembangunan Ruang UKS Beserta Perabotnya SD Negeri 379 Sikara Kara III,SELESAI,84519000,84519000
KAB. MANDAILING NATAL,BADAN PENDAPATAN DAERAH - 5.02.0.00.0.00.30.0000,3153373,41210791,2023,Non Tender,APBD,CV. KREATIFITAS CEMERLANG,Pengadaan Langsung,Pengadaan Barang,Belanja Alat/Bahan untuk Kegiatan Kantor-Alat Tulis Kantor,SELESAI,181982800,0
KAB. MANDAILING NATAL,RUMAH SAKIT UMUM DAERAH PANYABUNGAN - 1.02.0.00.0.00.02.0001,3780373,45589292,2023,Non Tender,APBDP,PT. MARGA BHUANA JAYA,Pengadaan Langsung,Jasa Konsultansi Badan Usaha Konstruksi,Perencanaan Pelapisan Timbal Gedung Radiologi Air Bersih Pada RSUD Panyabungan di Panatapan,SELESAI,49572600,49572600
KAB. MANDAILING NATAL,DINAS PENDIDIKAN DAN KEBUDAYAAN - 1.01.2.22.0.00.02.0000,3540373,40966337,2023,Non Tender,APBD,CV. ARGA ALAM PERKASA,Pengadaan Langsung,Pekerjaan Konstruksi,Pembangunan Ruang UKS Beserta Perabotnya SD Negeri 068 Rumbio,SELESAI,84000000,84000000
KAB. MANDAILING NATAL,DINAS KESEHATAN - 1.02.0.00.0.00.02.0000,3887402,41733351,2023,E-Katalog 5.0,APBD,PT. Kimia Farma Tbk,E-Purchasing,Pengadaan Barang,"Hidrokortison/ Hydrocortisone krim 2,5%",MELAKUKAN PENGIRIMAN DAN PENERIMAAN,12880560,12880560
KAB. MANDAILING NATAL,RUMAH SAKIT UMUM DAERAH PANYABUNGAN - 1.02.0.00.0.00.02.0001,4782308,42104658,2023,E-Katalog 5.0,BLUD,PT. Indofarma (Persero) Tbk,E-Purchasing,Pengadaan Barang,Acetylcystein 200 mg,MELAKUKAN PENGIRIMAN DAN PENERIMAAN,6750000,6750000
KAB. MANDAILING NATAL,BADAN PENGELOLAAN KEUANGAN DAN ASET DAERAH - 5.02.0.00.0.00.28.0000,3514216,41210111,2023,E-Katalog 5.0,APBD,PT. ASTRA INTERNATIONAL TBK,E-Purchasing,Pengadaan Barang,INNOVA ZENIX 2.0 V CVT (PREMIUM COLOR),PROSES KONTRAK PPK,461400000,461400000
KAB. MANDAILING NATAL,RUMAH SAKIT UMUM DAERAH PANYABUNGAN - 1.02.0.00.0.00.02.0001,3091153,42104658,2023,E-Katalog 5.0,BLUD,PT. Indofarma (Persero) Tbk,E-Purchasing,Pengadaan Barang,Chloramphenicol 250 mg,MELAKUKAN PENGIRIMAN DAN PENERIMAAN,367800,367800
KAB. MANDAILING NATAL,DINAS PERUMAHAN RAKYAT DAN KAWASAN PERMUKIMAN SERTA PERTANAHAN - 1.04.2.10.0.00.04.0000,3393373,41341682,2023,Non Tender,APBD,CV. AL-MAIRI,Pengadaan Langsung,Pekerjaan Konstruksi,Pembangunan Jalan Lingkungan di Jln. Anugrah 1 RT. 03 Kel. Dalan Lidang Kec. Panyabungan,SELESAI,133741000,133741000
KAB. MANDAILING NATAL,RUMAH SAKIT UMUM DAERAH PANYABUNGAN - 1.02.0.00.0.00.02.0001,6967839,42104658,2023,E-Katalog 5.0,BLUD,PT Bayer Indonesia,E-Purchasing,Pengadaan Barang,/ NIFEDIPIN GITS/TABLET LEPAS LAMBAT,MELAKUKAN PENGIRIMAN DAN PENERIMAAN,7005000,7005000
KAB. MANDAILING NATAL,RUMAH SAKIT UMUM DAERAH PANYABUNGAN - 1.02.0.00.0.00.02.0001,3907233,42104658,2023,E-Katalog 5.0,BLUD,P.T. Dexa Medica,E-Purchasing,Pengadaan Barang,Asam traneksamat/Tranexamic acid injeksi 50 mg/ml,MELAKUKAN PENGIRIMAN DAN PENERIMAAN,5700000,5700000
KAB. MANDAILING NATAL,DINAS KESEHATAN - 1.02.0.00.0.00.02.0000,8078344,41733351,2023,E-Katalog 5.0,APBD,PT.Bernofarm,E-Purchasing,Pengadaan Barang,MELOXICAM 15 mg TABLET @ 100,MELAKUKAN PENGIRIMAN DAN PENERIMAAN,1028000,1028000
KAB. MANDAILING NATAL,DINAS KESEHATAN - 1.02.0.00.0.00.02.0000,4101530,41733351,2023,E-Katalog 5.0,APBD,PT.Bernofarm,E-Purchasing,Pengadaan Barang,Diclofenac sodium/ Natrium diklofenak tablet salut enterik/kaplet salut enterik 50 mg,MELAKUKAN PENGIRIMAN DAN PENERIMAAN,19560200,19560200
KAB. MANDAILING NATAL,DINAS KESEHATAN - 1.02.0.00.0.00.02.0000,8078757,41733351,2023,E-Katalog 5.0,APBD,PT.Bernofarm,E-Purchasing,Pengadaan Barang,"Bisoprolol/Bisoprolol Fumarate tablet/kapsul/kaplet 2,5 mg",MELAKUKAN PENGIRIMAN DAN PENERIMAAN,2004000,2004000
KAB. MANDAILING NATAL,DINAS PERUMAHAN RAKYAT DAN KAWASAN PERMUKIMAN SERTA PERTANAHAN - 1.04.2.10.0.00.04.0000,3422373,41341707,2023,Non Tender,APBD,CV. ZASA UTAMA,Pengadaan Langsung,Pekerjaan Konstruksi,Pembangunan Jalan Lingkungan di Jalan Sutan Diaru Gg. Berdikari Panyabungan Tonga Kec. Panyabungan,SELESAI,143390000,143390000
KAB. MANDAILING NATAL,RUMAH SAKIT UMUM DAERAH PANYABUNGAN - 1.02.0.00.0.00.02.0001,3625647,42104658,2023,E-Katalog 5.0,BLUD,PT. Hexpharm Jaya Laboratories,E-Purchasing,Pengadaan Barang,Metilprednisolon/Methylprednisolone tablet/kapsul/kaplet 4 mg,MELAKUKAN PENGIRIMAN DAN PENERIMAAN,1850000,1850000
KAB. MANDAILING NATAL,DINAS PENDIDIKAN DAN KEBUDAYAAN - 1.01.2.22.0.00.02.0000,2777373,41023209,2023,Tender,APBD,CV.SEPAKAT KARINA,Tender,Pekerjaan Konstruksi,Pembangunan Ruang Pusat Sumber Inklusif Beserta Perabotnya SMP Negeri 1 Pakantan,SELESAI,218076283,218076283
KAB. MANDAILING NATAL,RUMAH SAKIT UMUM DAERAH PANYABUNGAN - 1.02.0.00.0.00.02.0001,3445282,42104658,2023,E-Katalog 5.0,BLUD,NOVAPHARIN,E-Purchasing,Pengadaan Barang,Omeprazol/Omeprazole tablet/kapsul/kaplet 20 mg,MELAKUKAN PENGIRIMAN DAN PENERIMAAN,1185000,1185000
KAB. MANDAILING NATAL,BADAN PENGELOLAAN KEUANGAN DAN ASET DAERAH - 5.02.0.00.0.00.28.0000,3156373,41194615,2023,Non Tender,APBD,CV. KREATIFITAS CEMERLANG,Pengadaan Langsung,Pengadaan Barang,Belanja Modal Kursi Kerja Pejabat,SELESAI,166477000,0
KAB. MANDAILING NATAL,DINAS PENDIDIKAN DAN KEBUDAYAAN - 1.01.2.22.0.00.02.0000,3620373,41024042,2023,Non Tender,APBD,CV. PUTRA BARINGIN GROUP,Pengadaan Langsung,Pengadaan Barang,Pengadaan Mebel PAUD,SELESAI,145314274,145314274
KAB. MANDAILING NATAL,DINAS PERTANIAN - 3.27.0.00.0.00.24.0000,4167780,43463664,2023,E-Katalog 5.0,APBD,CV. AULIA RIZKI PRATAMA,E-Purchasing,Pengadaan Barang,Bibit Bawang Merah,PROSES KONTRAK PPK,199409000,199409000
KAB. MANDAILING NATAL,RUMAH SAKIT UMUM DAERAH PANYABUNGAN - 1.02.0.00.0.00.02.0001,8096685,42104658,2023,E-Katalog 5.0,BLUD,PT Glaxo Wellcome Indonesia,E-Purchasing,Pengadaan Barang,"Kombinasi: salmeterol 50 mcg + flutikason propionat 250 mcg, ih 250 mcg/puff",MELAKUKAN PENGIRIMAN DAN PENERIMAAN,6369264,0
KAB. MANDAILING NATAL,DINAS KESEHATAN - 1.02.0.00.0.00.02.0000,3970781,41733351,2023,E-Katalog 5.0,APBD,PT. RAMA EMERALD MULTI SUKSES,E-Purchasing,Pengadaan Barang,Bedak Salisil/Salicylic Acid 2%,MELAKUKAN PENGIRIMAN DAN PENERIMAAN,14120000,14120000
KAB. MANDAILING NATAL,DINAS PEKERJAAN UMUM DAN PENATAAN RUANG - 1.03.0.00.0.00.03.0000,3238373,40815611,2023,Non Tender,APBD,CV. KENZO MAHAGANI,Pengadaan Langsung,Pekerjaan Konstruksi,Rehabilitasi Jaringan Irigasi Desa Huta Bargot Lombang Kec. Huta Bargot,SELESAI,118500000,118500000
KAB. MANDAILING NATAL,DINAS KESEHATAN - 1.02.0.00.0.00.02.0000,5536602,41733260,2023,E-Katalog 5.0,APBD,PT. MEGA KREASI ALKESINDO,E-Purchasing,Pengadaan Barang,Kasa Hidrofil Verband 2.5 YARD X 15 CM,MELAKUKAN PENGIRIMAN DAN PENERIMAAN,48900000,48900000
KAB. MANDAILING NATAL,RUMAH SAKIT UMUM DAERAH PANYABUNGAN - 1.02.0.00.0.00.02.0001,4821851,42104658,2023,E-Katalog 5.0,BLUD,PT. Mahakam Beta Farma,E-Purchasing,Pengadaan Barang,"Fentanil/ Fentanyl injeksi 0,05 mg/ml (i.m/i.v) ampul/vial @ 2 mL",MELAKUKAN PENGIRIMAN DAN PENERIMAAN,14137000,14137000
KAB. MANDAILING NATAL,BADAN PENGELOLAAN KEUANGAN DAN ASET DAERAH - 5.02.0.00.0.00.28.0000,3162373,42359165,2023,Non Tender,APBD,CV. KREATIFITAS CEMERLANG,Pengadaan Langsung,Pengadaan Barang,Belanja Pakaian Olahraga,SELESAI,125874000,0
KAB. MANDAILING NATAL,DINAS PENDIDIKAN DAN KEBUDAYAAN - 1.01.2.22.0.00.02.0000,2786373,41023193,2023,Tender,APBD,CV. GHAISAN AFIF SUMATERA,Tender,Pekerjaan Konstruksi,Pembangunan Ruang Laboratorium Komputer Beserta Perabotnya SMP Muhammadiyah 30 Sihepeng,SELESAI,456456000,456456000
KAB. MANDAILING NATAL,DINAS PENDIDIKAN DAN KEBUDAYAAN - 1.01.2.22.0.00.02.0000,2806373,40966415,2023,Tender,APBD,CV.HAKIM ANUGRAH,Tender,Pekerjaan Konstruksi,Pembangunan ruang laboratorium komputer beserta perabotnya SD Negeri 331 Pasir Putih,SELESAI,226979997,226979997
KAB. MANDAILING NATAL,DINAS PEKERJAAN UMUM DAN PENATAAN RUANG - 1.03.0.00.0.00.03.0000,2908373,44384469,2023,Tender,APBDP,PT. GARUDA INDONESIA BAROKAH,Tender,Pekerjaan Konstruksi,Peningkatan Jalan Simp. Bintungan Bajangkar - Simp. Kampung Kapas (DBH 2023),SELESAI,5313002863,5313002863
KAB. MANDAILING NATAL,DINAS PENDIDIKAN DAN KEBUDAYAAN - 1.01.2.22.0.00.02.0000,3643373,40966661,2023,Non Tender,APBD,Bejana Utama,Pengadaan Langsung,Pekerjaan Konstruksi,Rehabilitasi Sedang / Berat Ruang Kelas SD Negeri 313 Rantonalinjang,SELESAI,99700001,99700001
KAB. MANDAILING NATAL,DINAS KESEHATAN - 1.02.0.00.0.00.02.0000,3890393,43337869,2023,E-Katalog 5.0,APBD,PT.MEGA PRATAMA MEDICALINDO,E-Purchasing,Pengadaan Barang,Blood Glucose Test Strip,PROSES KONTRAK PPK,357000800,0
KAB. MANDAILING NATAL,DINAS PERHUBUNGAN - 2.15.0.00.0.00.16.0000,3280373,43503228,2023,Non Tender,APBD,CV. MUTIARA MUTIARA ABADI,Pengadaan Langsung,Pengadaan Barang,Pengadaan dan Pemasangan LPJU Konvensional di Simpang STAIM - Peranginan II Lintas Timir Panyabungan,SELESAI,160600000,0
KAB. MANDAILING NATAL,RUMAH SAKIT UMUM DAERAH PANYABUNGAN - 1.02.0.00.0.00.02.0001,7783648,42104658,2023,E-Katalog 5.0,BLUD,PT.TOP POINT MEDICAL,E-Purchasing,Pengadaan Barang,TP Disposable Syringe 3ML with Needle,MELAKUKAN PENGIRIMAN DAN PENERIMAAN,18832000,18832000
KAB. MANDAILING NATAL,DINAS PENDIDIKAN DAN KEBUDAYAAN - 1.01.2.22.0.00.02.0000,3515373,40966359,2023,Non Tender,APBD,ATHAILA SINERGI,Pengadaan Langsung,Pekerjaan Konstruksi,Pembangunan Ruang UKS Beserta Perabotnya SD Negeri 347 Batahan,SELESAI,84300000,84300000
KAB. MANDAILING NATAL,DINAS PENDIDIKAN DAN KEBUDAYAAN - 1.01.2.22.0.00.02.0000,3565373,40966302,2023,Non Tender,APBD,CV. RAJAWALI ENGINEERING CONSULTANT,Pengadaan Langsung,Jasa Konsultansi Badan Usaha Non Konstruksi,Jasa Konsultan Pengawasan Pembangunan Ruang Guru Beserta Perabotnya (DAK),SELESAI,49972200,49972200
KAB. MANDAILING NATAL,DINAS PEKERJAAN UMUM DAN PENATAAN RUANG - 1.03.0.00.0.00.03.0000,2690373,41061725,2023,Tender,APBD,CV.GUNUNG KULABU,Tender,Pekerjaan Konstruksi,Peningkatan Jalan Muara Siambak - Manambin,SELESAI,687800000,687800000
KAB. MANDAILING NATAL,DINAS PEKERJAAN UMUM DAN PENATAAN RUANG - 1.03.0.00.0.00.03.0000,3233373,40403044,2023,Non Tender,APBD,CV.Tunjung Biru,Pengadaan Langsung,Pekerjaan Konstruksi,Pembangunan Sistem Drainase di Kel. Sipolu-Polu Kec. Panyabungan,SELESAI,146490000,146490000
KAB. MANDAILING NATAL,RUMAH SAKIT UMUM DAERAH PANYABUNGAN - 1.02.0.00.0.00.02.0001,8300773,45589099,2023,E-Katalog 5.0,APBDP,PT.Elsyahfi Calibratech Mandiri,E-Purchasing,Pengadaan Barang,Dental Unit,PAKET SELESAI,370000,370000
KAB. MANDAILING NATAL,DINAS PEKERJAAN UMUM DAN PENATAAN RUANG - 1.03.0.00.0.00.03.0000,3737373,44503135,2023,Non Tender,APBDP,CV. RENDER CONSULTANT,Pengadaan Langsung,Jasa Konsultansi Badan Usaha Konstruksi,Jasa Konsultansi Pengawasan Program Penataan Bangunan Gedung (PAPBD),SELESAI,99683550,99683550
KAB. MANDAILING NATAL,RUMAH SAKIT UMUM DAERAH PANYABUNGAN - 1.02.0.00.0.00.02.0001,8110499,42104658,2023,E-Katalog 5.0,BLUD,PT. STANDARD BIOSENSOR HEALTHCARE,E-Purchasing,Pengadaan Barang,Dengue Duo Test,MELAKUKAN PENGIRIMAN DAN PENERIMAAN,8800000,8800000
KAB. MANDAILING NATAL,RUMAH SAKIT UMUM DAERAH PANYABUNGAN - 1.02.0.00.0.00.02.0001,7307358,42104658,2023,E-Katalog 5.0,BLUD,PT Pratapa Nirmala,E-Purchasing,Pengadaan Barang,"TAMSULOSIN HYDROCHLORIDE TABLET LEPAS LAMBAT 0,4 MG",MELAKUKAN PENGIRIMAN DAN PENERIMAAN,10989000,0
KAB. MANDAILING NATAL,DINAS PERHUBUNGAN - 2.15.0.00.0.00.16.0000,3662646,40879707,2023,E-Katalog 5.0,APBD,Cahaya Kurnia Mandiri,E-Purchasing,Pengadaan Barang,TOYOTA HILUX DC 2.4 G (4X4) M/T MOBIL PATROLI,PAKET SELESAI,663000000,0
KAB. MANDAILING NATAL,DINAS KESEHATAN - 1.02.0.00.0.00.02.0000,7502666,41736822,2023,E-Katalog 5.0,APBD,PT. Safelock Medical,E-Purchasing,Pengadaan Barang,Blood Lancet,MELAKUKAN PENGIRIMAN DAN PENERIMAAN,30525000,30525000
KAB. MANDAILING NATAL,DINAS PENDIDIKAN DAN KEBUDAYAAN - 1.01.2.22.0.00.02.0000,3575373,40966437,2023,Non Tender,APBD,CV. JALOBI SORIK,Pengadaan Langsung,Pekerjaan Konstruksi,Pembangunan Toilet (Jamban) Beserta Sanitasinya SD Negeri 060 Tarutung Panjang,SELESAI,140180000,140180000
KAB. MANDAILING NATAL,DINAS KEPENDUDUKAN DAN PENCATATAN SIPIL - 2.12.0.00.0.00.13.0000,3173373,41552975;41552976;41552977;41552979;41552980;41552981,2023,Non Tender,APBD,KENANGA MULTI TRADE,Pengadaan Langsung,Pengadaan Barang,Penyediaan Peralatan dan Perlengkapan Kantor,SELESAI,157153000,157153000
KAB. MANDAILING NATAL,RUMAH SAKIT UMUM DAERAH PANYABUNGAN - 1.02.0.00.0.00.02.0001,6442728,42104658,2023,E-Katalog 5.0,BLUD,PT. Mersifarma Tirmaku Mercusana,E-Purchasing,Pengadaan Barang,Clozapine/ Klozapin tablet/kapsul/kaplet 100 mg,MELAKUKAN PENGIRIMAN DAN PENERIMAAN,1994000,1994000
KAB. MANDAILING NATAL,DINAS PENDIDIKAN DAN KEBUDAYAAN - 1.01.2.22.0.00.02.0000,2792373,41023181,2023,Tender,APBD,CV. TRUST,Tender,Pekerjaan Konstruksi,Pembangunan Ruang UKS Beserta Perabotnya SMP Negeri 1 Ranto Baek,SELESAI,242984123,242984123
KAB. MANDAILING NATAL,DINAS KESEHATAN - 1.02.0.00.0.00.02.0000,6254550,41733260,2023,E-Katalog 5.0,APBD,Segara Husada Mandiri,E-Purchasing,Pengadaan Barang,Pewarna MDT 3x100mL,MELAKUKAN PENGIRIMAN DAN PENERIMAAN,74176000,74176000
KAB. MANDAILING NATAL,RUMAH SAKIT UMUM DAERAH PANYABUNGAN - 1.02.0.00.0.00.02.0001,6967224,42555566,2023,E-Katalog 5.0,BLUD,PT. GEBANG SURYA HARAPAN,E-Purchasing,Pengadaan Barang,Stetoskop Anak Dual Head,MELAKUKAN PENGIRIMAN DAN PENERIMAAN,1417000,1417000
KAB. MANDAILING NATAL,RUMAH SAKIT UMUM DAERAH PANYABUNGAN - 1.02.0.00.0.00.02.0001,8075392,42104658,2023,E-Katalog 5.0,BLUD,Andreas Karya Terbesar,E-Purchasing,Pengadaan Barang,"AV FISTULA HEMODIALISE, AMICAL",PAKET SELESAI,3846150,0
KAB. MANDAILING NATAL,DINAS PENDIDIKAN DAN KEBUDAYAAN - 1.01.2.22.0.00.02.0000,3572373,40966338,2023,Non Tender,APBD,CV. RIMBA NUSANTARA,Pengadaan Langsung,Pekerjaan Konstruksi,Pembangunan Ruang UKS Beserta Perabotnya SD Negeri 105 Adian Jior,SELESAI,84220000,84220000
KAB. MANDAILING NATAL,RUMAH SAKIT UMUM DAERAH PANYABUNGAN - 1.02.0.00.0.00.02.0001,7511512,42104658,2023,E-Katalog 5.0,BLUD,PT. Indofarma (Persero) Tbk,E-Purchasing,Pengadaan Barang,Acetylcystein 200 mg,MELAKUKAN PENGIRIMAN DAN PENERIMAAN,13940000,13940000
KAB. MANDAILING NATAL,DINAS PEKERJAAN UMUM DAN PENATAAN RUANG - 1.03.0.00.0.00.03.0000,3610373,44187383,2023,Non Tender,APBD,CV. PUTRA PRATAMA,Pengadaan Langsung,Pekerjaan Konstruksi,Rehabilitasi Jaringan Irigasi Desa Huta Pungkut Kecamatan Kotanopan Kab. Mandailing Natal,SELESAI,198000000,198000000
KAB. MANDAILING NATAL,DINAS PERTANIAN - 3.27.0.00.0.00.24.0000,4167781,43463664,2023,E-Katalog 5.0,APBD,CV. AULIA RIZKI PRATAMA,E-Purchasing,Pengadaan Barang,BIBIT Bibit Durian,PROSES KONTRAK PPK,161407200,161407200
KAB. MANDAILING NATAL,DINAS PENDIDIKAN DAN KEBUDAYAAN - 1.01.2.22.0.00.02.0000,2852373,40966293,2023,Tender,APBD,KALI JERUK,Tender,Pekerjaan Konstruksi,Pembangunan Ruang Guru Beserta Perabotnya SD Negeri 011 Hutapuli,SELESAI,214450000,214450000
KAB. MANDAILING NATAL,DINAS KEPENDUDUKAN DAN PENCATATAN SIPIL - 2.12.0.00.0.00.13.0000,3418373,41552951,2023,Non Tender,APBD,CV. KREASI KENANGA,Pengadaan Langsung,Pengadaan Barang,Belanja Alat/Bahan untuk Kegiatan Kantor-Alat Tulis Kantor,SELESAI,43356000,43356000
KAB. MANDAILING NATAL,RUMAH SAKIT UMUM DAERAH PANYABUNGAN - 1.02.0.00.0.00.02.0001,5704193,42104658,2023,E-Katalog 5.0,BLUD,PT. Hexpharm Jaya Laboratories,E-Purchasing,Pengadaan Barang,Cefixime trihydrate/ Cefixime/ Sefiksim tablet/kapsul/kaplet 100 mg,MELAKUKAN PENGIRIMAN DAN PENERIMAAN,14000000,14000000
KAB. MANDAILING NATAL,DINAS KESEHATAN - 1.02.0.00.0.00.02.0000,3527978,41733260,2023,E-Katalog 5.0,APBD,PT Medihop,E-Purchasing,Pengadaan Barang,"S21 T-Silk Silk/Sutera 3-0, 76 cm Reverse Cutting, 3/8 circle, 26 mm",MELAKUKAN PENGIRIMAN DAN PENERIMAAN,232101000,232101000
KAB. MANDAILING NATAL,RUMAH SAKIT UMUM DAERAH PANYABUNGAN - 1.02.0.00.0.00.02.0001,5704193,42104658,2023,E-Katalog 5.0,BLUD,PT. Hexpharm Jaya Laboratories,E-Purchasing,Pengadaan Barang,Simvastatin tablet/kapsul/kaplet 10 mg,MELAKUKAN PENGIRIMAN DAN PENERIMAAN,435000,435000
KAB. MANDAILING NATAL,RUMAH SAKIT UMUM DAERAH PANYABUNGAN - 1.02.0.00.0.00.02.0001,3444977,42104658,2023,E-Katalog 5.0,BLUD,P.T. Dexa Medica,E-Purchasing,Pengadaan Barang,Ramipril tablet/kapsul/kaplet 5 mg,MELAKUKAN PENGIRIMAN DAN PENERIMAAN,840000,840000
KAB. MANDAILING NATAL,DINAS PERUMAHAN RAKYAT DAN KAWASAN PERMUKIMAN SERTA PERTANAHAN - 1.04.2.10.0.00.04.0000,3436373,41341686,2023,Non Tender,APBD,CV AEK KAPIAS,Pengadaan Langsung,Pekerjaan Konstruksi,Pembangunan/ Rehabilitasi Jalan Lingkungan di Jalan Bilah Desa Panggorengan Kec. Panyabungan,SELESAI,130900000,130900000
KAB. MANDAILING NATAL,RUMAH SAKIT UMUM DAERAH PANYABUNGAN - 1.02.0.00.0.00.02.0001,4787288,42104658,2023,E-Katalog 5.0,BLUD,PT. Mersifarma Tirmaku Mercusana,E-Purchasing,Pengadaan Barang,Gabapentin tablet/kapsul/kaplet 100 mg,MELAKUKAN PENGIRIMAN DAN PENERIMAAN,4995000,4995000
KAB. MANDAILING NATAL,DINAS PEKERJAAN UMUM DAN PENATAAN RUANG - 1.03.0.00.0.00.03.0000,3261373,40378845,2023,Non Tender,APBD,CV. AULIA RIZKI PRATAMA,Pengadaan Langsung,Pekerjaan Konstruksi,Peningkatan Jalan Muara Sipongi - Sibinail,SELESAI,197500000,197500000
KAB. MANDAILING NATAL,RUMAH SAKIT UMUM DAERAH PANYABUNGAN - 1.02.0.00.0.00.02.0001,7212729,42104658,2023,E-Katalog 5.0,BLUD,PT. IFARS PHARMACEUTICAL LABORATORIES,E-Purchasing,Pengadaan Barang,Amlodipin/ Amlodipine/ Amlodipine besilate tablet/kapsul/kaplet 10 mg,MELAKUKAN PENGIRIMAN DAN PENERIMAAN,2280000,2280000
KAB. MANDAILING NATAL,DINAS PERHUBUNGAN - 2.15.0.00.0.00.16.0000,3279373,43503179,2023,Non Tender,APBD,CV. MUTIARA MUTIARA ABADI,Pengadaan Langsung,Pengadaan Barang,Pengadaan dan Pemasangan LPJU Konvensional di Ruas Jalan Dalan Lidang - Pintu Masuk Komplek Perkantoran Payaloting,SELESAI,147465000,0
KAB. MANDAILING NATAL,RUMAH SAKIT UMUM DAERAH PANYABUNGAN - 1.02.0.00.0.00.02.0001,8300773,45589099,2023,E-Katalog 5.0,APBDP,PT.Elsyahfi Calibratech Mandiri,E-Purchasing,Pengadaan Barang,Centrifuge / Hematokrit Centrifuge / Mini Microcentrifuge / Minispin,PAKET SELESAI,710000,710000
KAB. MANDAILING NATAL,DINAS PENDIDIKAN DAN KEBUDAYAAN - 1.01.2.22.0.00.02.0000,3646373,40966366,2023,Non Tender,APBD,CV. PUTRA BARINGIN GROUP,Pengadaan Langsung,Pekerjaan Konstruksi,Pembangunan Pagar SD Negeri 377 Trans Bangdep,SELESAI,99500006,99500006
KAB. MANDAILING NATAL,DINAS KESEHATAN - 1.02.0.00.0.00.02.0000,3624991,41733260,2023,E-Katalog 5.0,APBD,PT. Likuid Pharmalab Indonesia,E-Purchasing,Pengadaan Barang,Chlorhexidine 0.5% 500 ml,PROSES KONTRAK PPK,27937600,27937600
KAB. MANDAILING NATAL,RUMAH SAKIT UMUM DAERAH PANYABUNGAN - 1.02.0.00.0.00.02.0001,6493792,42104658,2023,E-Katalog 5.0,BLUD,P.T. Dexa Medica,E-Purchasing,Pengadaan Barang,Furosemid/ Furosemide inj 10 mg/mL (i.v./i.m),MELAKUKAN PENGIRIMAN DAN PENERIMAAN,4800000,4800000
KAB. MANDAILING NATAL,DINAS LINGKUNGAN HIDUP - 2.11.0.00.0.00.12.0000,2876373,41701784,2023,Tender,APBD,CV. RAJAWALI ENGINEERING CONSULTANT,Seleksi,Jasa Konsultansi Badan Usaha Konstruksi,Penyusunan DED TPA Panyabungan,SELESAI,298800000,298800000
KAB. MANDAILING NATAL,DINAS PENDIDIKAN DAN KEBUDAYAAN - 1.01.2.22.0.00.02.0000,3526373,40966351,2023,Non Tender,APBD,CV Madina Aman Sejahtera,Pengadaan Langsung,Pekerjaan Konstruksi,Pembangunan Ruang UKS Beserta Perabotnya SD Negeri 279 Simanguntong,SELESAI,84300000,84300000
KAB. MANDAILING NATAL,RUMAH SAKIT UMUM DAERAH PANYABUNGAN - 1.02.0.00.0.00.02.0001,4299653,42104658,2023,E-Katalog 5.0,BLUD,PT AstraZeneca Indonesia,E-Purchasing,Pengadaan Barang,"kombinasi, setiap dosis mengandung : Budesonid 160 mcg Formoterol 4,5 mcg (inhalasi), 120 dosis kemasan turbuhaler",MELAKUKAN PENGIRIMAN DAN PENERIMAAN,16684000,0
KAB. MANDAILING NATAL,DINAS PERTANIAN - 3.27.0.00.0.00.24.0000,3283373,41384014,2023,Non Tender,APBD,CV. CENTRAL GRAFIKA PRINT,Pengadaan Langsung,Pekerjaan Konstruksi,Pembangunan/Rehabilitasi Jalan Usaha Tani/Jalan Produksi Desa Tarutung Panjang Kec. Nagajuang,SELESAI,124985000,124985000
KAB. MANDAILING NATAL,DINAS KESEHATAN - 1.02.0.00.0.00.02.0000,3624602,41733260,2023,E-Katalog 5.0,APBD,PT MAKMUR JAYA HEALTHINDO,E-Purchasing,Pengadaan Barang,QILAN Disposable Syringe With Needle 50 ML,MELAKUKAN PENGIRIMAN DAN PENERIMAAN,2774000,2774000
KAB. MANDAILING NATAL,DINAS KEPENDUDUKAN DAN PENCATATAN SIPIL - 2.12.0.00.0.00.13.0000,3425717,41552902,2023,E-Katalog 5.0,APBD,Mitra Tech Sejahtera,E-Purchasing,Pengadaan Barang,Ribbon Color YMCK RT4F010P00308,MELAKUKAN PENGIRIMAN DAN PENERIMAAN,154840000,0
KAB. MANDAILING NATAL,DINAS KESEHATAN - 1.02.0.00.0.00.02.0000,3624602,41733260,2023,E-Katalog 5.0,APBD,PT MAKMUR JAYA HEALTHINDO,E-Purchasing,Pengadaan Barang,QILAN Disposable Syringe With Needle 5 ML,MELAKUKAN PENGIRIMAN DAN PENERIMAAN,42151000,42151000
KAB. MANDAILING NATAL,DINAS PENDIDIKAN DAN KEBUDAYAAN - 1.01.2.22.0.00.02.0000,3487373,40966441,2023,Non Tender,APBD,CV. INOVASI GEMILANG,Pengadaan Langsung,Pekerjaan Konstruksi,Pembangunan Toilet (Jamban) Beserta Sanitasinya SD Negeri 321 Sidomakmur,SELESAI,139600000,139600000
KAB. MANDAILING NATAL,DINAS PEKERJAAN UMUM DAN PENATAAN RUANG - 1.03.0.00.0.00.03.0000,2695373,40403598,2023,Tender,APBD,CV HARTAP,Tender,Pekerjaan Konstruksi,Peningkatan SPAM Jaringan Perpipaan di Desa Banua Rakyat Kec. Naga Juang,SELESAI,532284000,532284000
KAB. MANDAILING NATAL,DINAS PEKERJAAN UMUM DAN PENATAAN RUANG - 1.03.0.00.0.00.03.0000,2704373,40403797,2023,Tender,APBD,CV MAKMUR MANDIRI,Tender,Pekerjaan Konstruksi,Perluasan SPAM Jaringan Perpipaan di Desa Muara Parlampungan Kec. Batang Natal,SELESAI,761275439,761275439
KAB. MANDAILING NATAL,DINAS PEKERJAAN UMUM DAN PENATAAN RUANG - 1.03.0.00.0.00.03.0000,2675373,40378855,2023,Tender,APBD,CV. PATRICIA ADISTY,Tender,Pekerjaan Konstruksi,Peningkatan Jalan Dalam Kota Panyabungan,SELESAI,1088815000,1088815000
KAB. MANDAILING NATAL,DINAS PERUMAHAN RAKYAT DAN KAWASAN PERMUKIMAN SERTA PERTANAHAN - 1.04.2.10.0.00.04.0000,3387373,41341674,2023,Non Tender,APBD,CV. AL-MAIRI,Pengadaan Langsung,Pekerjaan Konstruksi,Pembangunan/ Rehabilitasi Jalan Lingkungan di Desa Pidoli Lombang Kec. Panyabungan,SELESAI,131450000,131450000
KAB. MANDAILING NATAL,RUMAH SAKIT UMUM DAERAH PANYABUNGAN - 1.02.0.00.0.00.02.0001,3272154,42104658,2023,E-Katalog 5.0,BLUD,PT Glaxo Wellcome Indonesia,E-Purchasing,Pengadaan Barang,"Kombinasi: salmeterol 50 mcg + flutikason propionat 250 mcg, ih 250 mcg/puff",MELAKUKAN PENGIRIMAN DAN PENERIMAAN,12178464,0
KAB. MANDAILING NATAL,DINAS PERTANIAN - 3.27.0.00.0.00.24.0000,3355373,41383990,2023,Non Tender,APBD,CV. BIAN JAYA KONSTRUKSI,Pengadaan Langsung,Pekerjaan Konstruksi,Pembangunan/Rehabilitasi Jalan Usaha Tani Aek Sopo Apar Kelurahan Muarasoma Kec. Batang Natal,SELESAI,124800000,124800000
KAB. MANDAILING NATAL,DINAS PERTANIAN - 3.27.0.00.0.00.24.0000,3362373,41384041,2023,Non Tender,APBD,CV. NABILA,Pengadaan Langsung,Pekerjaan Konstruksi,Pembangunan/Rehabilitasi Jaringan Irigasi Desa Barbaran Jae Kec. Panyabungan Barat,SELESAI,110208000,110208000
KAB. MANDAILING NATAL,DINAS PENGENDALIAN PENDUDUK DAN KELUARGA BERENCANA - 2.14.0.00.0.00.15.0000,3397373,40082325,2023,Non Tender,APBD,CV. KREASI KENANGA,Pengadaan Langsung,Pengadaan Barang,Belanja Cetak Dukungan Media KIE,SELESAI,99759000,0
KAB. MANDAILING NATAL,DINAS PERTANIAN - 3.27.0.00.0.00.24.0000,5066793,43750821,2023,E-Katalog 5.0,APBD,cv. bugis nauli,E-Purchasing,Pengadaan Barang,BENIH PADI LOKAL,MELAKUKAN PENGIRIMAN DAN PENERIMAAN,83609500,83609500
KAB. MANDAILING NATAL,DINAS PENDIDIKAN DAN KEBUDAYAAN - 1.01.2.22.0.00.02.0000,3534373,40966343,2023,Non Tender,APBD,CV. ALDRICH PERDANA KARYA,Pengadaan Langsung,Pekerjaan Konstruksi,Pembangunan Ruang UKS Beserta Perabotnya SD Negeri 152 Hutaraja,SELESAI,84090000,84090000
KAB. MANDAILING NATAL,DINAS PERDAGANGAN - 3.30.3.31.0.00.25.0000,3462373,41667211,2023,Non Tender,APBD,cv. andalas raya,Pengadaan Langsung,Pekerjaan Konstruksi,Pengecetan dan Rehabilitasi Pasar Malintang Kecamatan Bukit Malintangg,SELESAI,39779000,39779000
KAB. MANDAILING NATAL,RUMAH SAKIT UMUM DAERAH PANYABUNGAN - 1.02.0.00.0.00.02.0001,4834236,42104658,2023,E-Katalog 5.0,BLUD,P.T. Dexa Medica,E-Purchasing,Pengadaan Barang,Kandesartan/ Candesartan/ Candesartan Cilexetil  tablet/kapsul/kaplet 16 mg,MELAKUKAN PENGIRIMAN DAN PENERIMAAN,2700000,2700000
KAB. MANDAILING NATAL,DINAS PEMUDA DAN OLAHRAGA - 2.19.0.00.0.00.20.0000,3144373,41740132,2023,Non Tender,APBD,CV. PUTRA DOLOK SIHITE,Pengadaan Langsung,Pengadaan Barang,Pengadaan Peralatan Olahraga Bola Kaki dan Bola Volly,SELESAI,89077000,89077000
KAB. MANDAILING NATAL,DINAS KESEHATAN - 1.02.0.00.0.00.02.0000,3887402,41733351,2023,E-Katalog 5.0,APBD,PT. Kimia Farma Tbk,E-Purchasing,Pengadaan Barang,Fenobarbital/ Phenobarbital tablet/kapsul/kaplet 30 mg,MELAKUKAN PENGIRIMAN DAN PENERIMAAN,1910000,1910000
KAB. MANDAILING NATAL,DINAS PENDIDIKAN DAN KEBUDAYAAN - 1.01.2.22.0.00.02.0000,2810373,40966397,2023,Tender,APBD,CV. RIZKI MANDIRI PERKASA,Tender,Pekerjaan Konstruksi,Pembangunan ruang laboratorium komputer beserta perabotnya SD Negeri 166 Purba Lamo,SELESAI,227500000,227500000
KAB. MANDAILING NATAL,DINAS PEKERJAAN UMUM DAN PENATAAN RUANG - 1.03.0.00.0.00.03.0000,3255373,40815467,2023,Non Tender,APBD,CV. AULIA RIZKI PRATAMA,Pengadaan Langsung,Pekerjaan Konstruksi,Rehabilitasi Tanggul Sungai Kel. Muara Sipongi Kec. Muara Sipongi,SELESAI,148000000,148000000
KAB. MANDAILING NATAL,DINAS KESEHATAN - 1.02.0.00.0.00.02.0000,5620794,41733260,2023,E-Katalog 5.0,APBD,PT.MEGA PRATAMA MEDICALINDO,E-Purchasing,Pengadaan Barang,Total Cholesterol Test Strip,MELAKUKAN PENGIRIMAN DAN PENERIMAAN,18717000,0
KAB. MANDAILING NATAL,DINAS PERTANIAN - 3.27.0.00.0.00.24.0000,6068658,43962224,2023,E-Katalog 5.0,APBD,CV.RIZKI KARYA,E-Purchasing,Pengadaan Barang,Bibit Ayam Kampung,MELAKUKAN PENGIRIMAN DAN PENERIMAAN,117782000,117782000
KAB. MANDAILING NATAL,DINAS PERTANIAN - 3.27.0.00.0.00.24.0000,3314373,41383992,2023,Non Tender,APBD,CV. CENTRAL GRAFIKA PRINT,Pengadaan Langsung,Pekerjaan Konstruksi,Pembangunan/Rehabilitasi Jalan Usaha tani Desa Bangun Purba Kec. Lembah Sorik Marapi,SELESAI,124860000,124860000
KAB. MANDAILING NATAL,DINAS PERTANIAN - 3.27.0.00.0.00.24.0000,3323373,41384052,2023,Non Tender,APBD,CV. BERSAMA,Pengadaan Langsung,Pekerjaan Konstruksi,Pembangunan/Rehabilitasi Jaringan Irigasi Desa Mondan Kec. Hutabargot,SELESAI,110208000,110208000
KAB. MANDAILING NATAL,DINAS PENDIDIKAN DAN KEBUDAYAAN - 1.01.2.22.0.00.02.0000,3193373,40966301,2023,Non Tender,APBD,CV. Balakosa Consultant,Pengadaan Langsung,Jasa Konsultansi Badan Usaha Konstruksi,Jasa Konsultan Perencanaan Pembangunan Ruang Guru Beserta Perabotnya (DAK),SELESAI,49672000,49672000
KAB. MANDAILING NATAL,BADAN PENDAPATAN DAERAH - 5.02.0.00.0.00.30.0000,3728373,45265727,2023,Non Tender,APBDP,CV. ANUGRAH KARYA ABADI,Pengadaan Langsung,Pengadaan Barang,Belanja Modal Komputer Jaringan,SELESAI,65673150,65673150
KAB. MANDAILING NATAL,DINAS PENDIDIKAN DAN KEBUDAYAAN - 1.01.2.22.0.00.02.0000,3705838,42382205,2023,E-Katalog 5.0,APBD,PT. ASTRA INTERNATIONAL TBK,E-Purchasing,Pengadaan Barang,HILUX DOUBLE CABIN 2.4 V (4X4) DSL A/T,MELAKUKAN PENGIRIMAN DAN PENERIMAAN,494300000,0
KAB. MANDAILING NATAL,RUMAH SAKIT UMUM DAERAH DR. HUSNI THAMRIN - 1.02.0.00.0.00.02.0002,2891373,44134284,2023,Tender,APBD,CV. JOVAN MANDIRI,Tender,Pekerjaan Konstruksi,Rehab Ruang Radiology RSUD Natal,SELESAI,508031060,508031060
KAB. MANDAILING NATAL,DINAS PENDIDIKAN DAN KEBUDAYAAN - 1.01.2.22.0.00.02.0000,3564373,40966261,2023,Non Tender,APBD,CV. HADITAMA,Pengadaan Langsung,Jasa Konsultansi Badan Usaha Non Konstruksi,Jasa Konsultan Pengawasan Pembangunan Ruang Perpustakaan Beserta Perabotnya (DAK),SELESAI,49950000,49950000
KAB. MANDAILING NATAL,DINAS PEKERJAAN UMUM DAN PENATAAN RUANG - 1.03.0.00.0.00.03.0000,2696373,40403802,2023,Tender,APBD,MUTIARA INDAH,Tender,Pekerjaan Konstruksi,Perluasan SPAM Jaringan Perpipaan di Desa Aek Mata Kec. Panyabungan,SELESAI,857671127,857671127
KAB. MANDAILING NATAL,DINAS PENDIDIKAN DAN KEBUDAYAAN - 1.01.2.22.0.00.02.0000,3498373,40966426,2023,Non Tender,APBD,CV. KENZO MAHAGANI,Pengadaan Langsung,Pekerjaan Konstruksi,Pembangunan Toilet (Jamban) Beserta Sanitasinya SD Negeri 114 Pagaran Sigatal,SELESAI,139950000,139950000
KAB. MANDAILING NATAL,DINAS PEKERJAAN UMUM DAN PENATAAN RUANG - 1.03.0.00.0.00.03.0000,3699373,45090408,2023,Non Tender,APBDP,CV. BINTANG BUDI MANDIRI,Pengadaan Langsung,Pekerjaan Konstruksi,Rehabilitasi/Pemeliharaan Jalan Jambur Padang Matinggi - Tambiski,SELESAI,199000000,199000000
KAB. MANDAILING NATAL,DINAS PENDIDIKAN DAN KEBUDAYAAN - 1.01.2.22.0.00.02.0000,3508373,40966362,2023,Non Tender,APBD,CV. INOVASI GEMILANG,Pengadaan Langsung,Pekerjaan Konstruksi,Pembangunan Toilet (Jamban) Beserta Sanitasinya SD Negeri 329 Sukadamai,SELESAI,139950000,139950000
KAB. MANDAILING NATAL,DINAS KESEHATAN - 1.02.0.00.0.00.02.0000,3960092,41733351,2023,E-Katalog 5.0,APBD,PT. Hexpharm Jaya Laboratories,E-Purchasing,Pengadaan Barang,Ketokonazol/ Ketoconazole tablet/kapsul/kaplet 200 mg,MELAKUKAN PENGIRIMAN DAN PENERIMAAN,28000000,28000000
KAB. MANDAILING NATAL,DINAS PENDIDIKAN DAN KEBUDAYAAN - 1.01.2.22.0.00.02.0000,3712373,41023992,2023,Non Tender,APBD,CV. CENTRAL GRAFIKA PRINT,Pengadaan Langsung,Pekerjaan Konstruksi,Pembangunan Ruang Kelas Baru TK Satu Atap Naga juang,SELESAI,122000001,122000001
KAB. MANDAILING NATAL,DINAS PENDIDIKAN DAN KEBUDAYAAN - 1.01.2.22.0.00.02.0000,2823373,40966381,2023,Tender,APBD,CV. Tamaro Rejeki,Tender,Pekerjaan Konstruksi,Pembangunan ruang laboratorium komputer beserta perabotnya SD Negeri 068 Rumbio,SELESAI,214230625,214230625
KAB. MANDAILING NATAL,RUMAH SAKIT UMUM DAERAH PANYABUNGAN - 1.02.0.00.0.00.02.0001,5711240,42104658,2023,E-Katalog 5.0,BLUD,PT Ethica Industri Farmasi,E-Purchasing,Pengadaan Barang,Oxytocin/ Oksitosin inj 10 IU/ml,MELAKUKAN PENGIRIMAN DAN PENERIMAAN,6264000,6264000
KAB. MANDAILING NATAL,DINAS PERUMAHAN RAKYAT DAN KAWASAN PERMUKIMAN SERTA PERTANAHAN - 1.04.2.10.0.00.04.0000,3369373,41341691,2023,Non Tender,APBD,CV.SYARAT TUJUH TUJUH,Pengadaan Langsung,Pekerjaan Konstruksi,Pembangunan/ Rehabilitasi Jalan Lingkungan di Desa Pintu Padang Julu Kec. Siabu,SELESAI,130440000,130440000
KAB. MANDAILING NATAL,BADAN PENGELOLAAN KEUANGAN DAN ASET DAERAH - 5.02.0.00.0.00.28.0000,3709373,44982456,2023,Non Tender,APBDP,CV. KREATIFITAS CEMERLANG,Pengadaan Langsung,Pengadaan Barang,Belanja Modal Personal  Computer,SELESAI,109113000,109113000
KAB. MANDAILING NATAL,RUMAH SAKIT UMUM DAERAH PANYABUNGAN - 1.02.0.00.0.00.02.0001,3773085,42104658,2023,E-Katalog 5.0,BLUD,"PT. PYRIDAM FARMA, Tbk.",E-Purchasing,Pengadaan Barang,Analog insulin mix insulin inj 100 IU/mL,MELAKUKAN PENGIRIMAN DAN PENERIMAAN,2800000,0
KAB. MANDAILING NATAL,DINAS PEKERJAAN UMUM DAN PENATAAN RUANG - 1.03.0.00.0.00.03.0000,3611373,44187388,2023,Non Tender,APBD,CV. AULIA RIZKI PRATAMA,Pengadaan Langsung,Pekerjaan Konstruksi,Rehabilitasi Jaringan Irigasi Desa Manambin Kecamatan Kotanopan Kab. Mandailing Natal,SELESAI,198000000,198000000
KAB. MANDAILING NATAL,DINAS PERDAGANGAN - 3.30.3.31.0.00.25.0000,3464373,41667210,2023,Non Tender,APBD,CV. CENTRAL GRAFIKA PRINT,Pengadaan Langsung,Pekerjaan Konstruksi,Pengecetan Pasar Simangambat Kecamatan Siabu,SELESAI,39720000,39720000
KAB. MANDAILING NATAL,DINAS PENDIDIKAN DAN KEBUDAYAAN - 1.01.2.22.0.00.02.0000,2799373,40966418,2023,Tender,APBD,CV. KARYA ANAK BANGSA,Tender,Pekerjaan Konstruksi,Pembangunan ruang laboratorium komputer beserta perabotnya SD Negeri 346 Kampung Kapas,SELESAI,227288750,227288750
KAB. MANDAILING NATAL,DINAS PENDIDIKAN DAN KEBUDAYAAN - 1.01.2.22.0.00.02.0000,2860373,40966253,2023,Tender,APBD,CV. KARYA TIGA PRATAMA,Tender,Pekerjaan Konstruksi,Pembangunan Ruang Perpustakaan Beserta Perabotnya SD Negeri 166 Purba Lamo,SELESAI,199665804,199665804
KAB. MANDAILING NATAL,DINAS PERUMAHAN RAKYAT DAN KAWASAN PERMUKIMAN SERTA PERTANAHAN - 1.04.2.10.0.00.04.0000,3371373,41341722,2023,Non Tender,APBD,cv. andalas raya,Pengadaan Langsung,Pekerjaan Konstruksi,Peningkatan Jalan Lingkungan menuju Mesjid Ar-Rasyid di Desa Tabuyung Kec. Muara Batang Gadis,SELESAI,130700000,130700000
KAB. MANDAILING NATAL,DINAS PEKERJAAN UMUM DAN PENATAAN RUANG - 1.03.0.00.0.00.03.0000,3601373,42267873,2023,Non Tender,APBD,CV. MUBDI RN,Pengadaan Langsung,Pekerjaan Konstruksi,Rehabilitasi Kantor Cabang Kejaksaan Negeri Mandailing Natal di Kotanopan,SELESAI,149843000,149843000
KAB. MANDAILING NATAL,RUMAH SAKIT UMUM DAERAH PANYABUNGAN - 1.02.0.00.0.00.02.0001,4244270,42104658,2023,E-Katalog 5.0,BLUD,P.T. Dexa Medica,E-Purchasing,Pengadaan Barang,Ciprofloxacin hydrochloride(HCl)/ Ciprofloxacin Lactate/ Ciprofloxacin/ Siprofloksasin inf 2 mg/ml,MELAKUKAN PENGIRIMAN DAN PENERIMAAN,5512500,5512500
KAB. MANDAILING NATAL,DINAS PERUMAHAN RAKYAT DAN KAWASAN PERMUKIMAN SERTA PERTANAHAN - 1.04.2.10.0.00.04.0000,3438373,41341677,2023,Non Tender,APBD,CV. PUTRA BARINGIN GROUP,Pengadaan Langsung,Pekerjaan Konstruksi,Pembangunan/ Rehabilitasi Rehabilitasi Jalan Lingkungan di Desa Salambue Kec. Panyabungan,SELESAI,139129000,139129000
KAB. MANDAILING NATAL,DINAS PERTANIAN - 3.27.0.00.0.00.24.0000,3214373,43275817,2023,Non Tender,APBD,CV. KREASI KENANGA,Pengadaan Langsung,Pengadaan Barang,Belanja Modal Personal Computer,SELESAI,180341000,180341000
KAB. MANDAILING NATAL,RUMAH SAKIT UMUM DAERAH PANYABUNGAN - 1.02.0.00.0.00.02.0001,3625647,42104658,2023,E-Katalog 5.0,BLUD,PT. Hexpharm Jaya Laboratories,E-Purchasing,Pengadaan Barang,Levofloxacin hemihydrate/ Levofloxacin/Levofloksasin tablet salut selaput/kaplet salut selaput/ kaptab salut selaput 500 mg,MELAKUKAN PENGIRIMAN DAN PENERIMAAN,1760000,1760000
KAB. MANDAILING NATAL,DINAS PENDIDIKAN DAN KEBUDAYAAN - 1.01.2.22.0.00.02.0000,3528373,40966349,2023,Non Tender,APBD,CV. AMMAR MULIA,Pengadaan Langsung,Pekerjaan Konstruksi,Pembangunan Ruang UKS Beserta Perabotnya SD Negeri 220 Hutadangka,SELESAI,84240000,84240000
KAB. MANDAILING NATAL,RUMAH SAKIT UMUM DAERAH PANYABUNGAN - 1.02.0.00.0.00.02.0001,5735360,42104658,2023,E-Katalog 5.0,BLUD,PT. NOVELL PHARMACEUTICAL LABORATORIES,E-Purchasing,Pengadaan Barang,Efedrin/Ephedrine HCl Inj 50 mg/ml,MELAKUKAN PENGIRIMAN DAN PENERIMAAN,1332000,1332000
KAB. MANDAILING NATAL,DINAS KESEHATAN - 1.02.0.00.0.00.02.0000,8078757,41733351,2023,E-Katalog 5.0,APBD,PT.Bernofarm,E-Purchasing,Pengadaan Barang,Salbutamol sulfate/ Salbutamol tablet/kapsul/kaplet 2 mg,MELAKUKAN PENGIRIMAN DAN PENERIMAAN,561000,561000
KAB. MANDAILING NATAL,DINAS PENDIDIKAN DAN KEBUDAYAAN - 1.01.2.22.0.00.02.0000,3636373,41023221,2023,Non Tender,APBD,CV. TIQA CEMERLANG,Pengadaan Langsung,Pekerjaan Konstruksi,Rehabilitasi Sedang / Berat Ruang Kelas SMP Negeri 2 Muara Batang Gadis,SELESAI,74800000,74800000
KAB. MANDAILING NATAL,RUMAH SAKIT UMUM DAERAH PANYABUNGAN - 1.02.0.00.0.00.02.0001,8300773,45589099,2023,E-Katalog 5.0,APBDP,PT.Elsyahfi Calibratech Mandiri,E-Purchasing,Pengadaan Barang,Jasa Pengujian dan/atau Kalibrasi Nebulizer / Compressor Nebulizer / Ultrasound Nebulizer,PAKET SELESAI,3472493,3472493
KAB. MANDAILING NATAL,RUMAH SAKIT UMUM DAERAH PANYABUNGAN - 1.02.0.00.0.00.02.0001,8300773,45589099,2023,E-Katalog 5.0,APBDP,PT.Elsyahfi Calibratech Mandiri,E-Purchasing,Pengadaan Barang,vJASA PENGUJIAN DAN/ATAU KALIBRASI SYRINGE PUMP,PAKET SELESAI,6455000,6455000
KAB. MANDAILING NATAL,DINAS PERUMAHAN RAKYAT DAN KAWASAN PERMUKIMAN SERTA PERTANAHAN - 1.04.2.10.0.00.04.0000,3385373,41341683,2023,Non Tender,APBD,CV. WIKASA,Pengadaan Langsung,Pekerjaan Konstruksi,Pembangunan/ Rehabilitasi Jalan Lingkungan di Desa Manisak Kec. Ranto Baek,SELESAI,112500000,112500000
KAB. MANDAILING NATAL,RUMAH SAKIT UMUM DAERAH PANYABUNGAN - 1.02.0.00.0.00.02.0001,3444977,42104658,2023,E-Katalog 5.0,BLUD,P.T. Dexa Medica,E-Purchasing,Pengadaan Barang,Divalproex sodium / Valproat tablet lepas lambat/kaplet lepas lambat 500 mg,MELAKUKAN PENGIRIMAN DAN PENERIMAAN,8850000,8850000
KAB. MANDAILING NATAL,DINAS PERUMAHAN RAKYAT DAN KAWASAN PERMUKIMAN SERTA PERTANAHAN - 1.04.2.10.0.00.04.0000,3388373,41341711,2023,Non Tender,APBD,CV. BERSAMA,Pengadaan Langsung,Pekerjaan Konstruksi,Pembangunan/ Rehabilitasi Jalan Lingkungan di Desa Aek Botung Kec. Muarasipongi,SELESAI,115100000,115100000
KAB. MANDAILING NATAL,RUMAH SAKIT UMUM DAERAH PANYABUNGAN - 1.02.0.00.0.00.02.0001,8300773,45589099,2023,E-Katalog 5.0,APBDP,PT.Elsyahfi Calibratech Mandiri,E-Purchasing,Pengadaan Barang,Jasa Pengujian dan Kalibrasi Mobile X ray,PAKET SELESAI,2175000,2175000
KAB. MANDAILING NATAL,DINAS KESEHATAN - 1.02.0.00.0.00.02.0000,5441848,41733351,2023,E-Katalog 5.0,APBD,PT. Holi Pharma,E-Purchasing,Pengadaan Barang,Atapulgit tablet/kapsul/kaplet 600 mg,MELAKUKAN PENGIRIMAN DAN PENERIMAAN,23157000,23157000
KAB. MANDAILING NATAL,DINAS PENDIDIKAN DAN KEBUDAYAAN - 1.01.2.22.0.00.02.0000,3197373,40966258,2023,Non Tender,APBD,CV. MAYSAH PERMATA,Pengadaan Langsung,Jasa Konsultansi Badan Usaha Konstruksi,Jasa Konsultan Perencanaan Pembangunan Ruang Perpustakaan Beserta Perabotnya (DAK),SELESAI,49950000,49950000
KAB. MANDAILING NATAL,RUMAH SAKIT UMUM DAERAH PANYABUNGAN - 1.02.0.00.0.00.02.0001,4854003,42104658,2023,E-Katalog 5.0,BLUD,PT.TOP POINT MEDICAL,E-Purchasing,Pengadaan Barang,TP Disposable Syringe 3ML with Needle,MELAKUKAN PENGIRIMAN DAN PENERIMAAN,18832000,18832000
KAB. MANDAILING NATAL,DINAS PEKERJAAN UMUM DAN PENATAAN RUANG - 1.03.0.00.0.00.03.0000,2678373,40378848,2023,Tender,APBD,CV.Tunjung Biru,Tender,Pekerjaan Konstruksi,Peningkatan Jalan Lumban Dolok - Siancing,SELESAI,489475000,489475000
KAB. MANDAILING NATAL,RUMAH SAKIT UMUM DAERAH PANYABUNGAN - 1.02.0.00.0.00.02.0001,8300773,45589099,2023,E-Katalog 5.0,APBDP,PT.Elsyahfi Calibratech Mandiri,E-Purchasing,Pengadaan Barang,Jasa Pengujian dan/atau Kalibrasi Microscope,PAKET SELESAI,2075000,2075000
KAB. MANDAILING NATAL,DINAS KESEHATAN - 1.02.0.00.0.00.02.0000,3528267,41733260,2023,E-Katalog 5.0,APBD,PT.MEGA PRATAMA MEDICALINDO,E-Purchasing,Pengadaan Barang,Uric Acid Test Strip,MELAKUKAN PENGIRIMAN DAN PENERIMAAN,188570000,0
KAB. MANDAILING NATAL,DINAS PEKERJAAN UMUM DAN PENATAAN RUANG - 1.03.0.00.0.00.03.0000,2671373,40375937,2023,Tender,APBD,CV. SYAHARANI BERSAUDARA,Tender,Pekerjaan Konstruksi,Lanjutan Pembangunan Jembatan Aek Pulogos Ruas Jalan Kayu Laut - Sirambas,SELESAI,973263060,973263060
KAB. MANDAILING NATAL,DINAS PENDIDIKAN DAN KEBUDAYAAN - 1.01.2.22.0.00.02.0000,2828373,40966392,2023,Tender,APBD,CV. INSAN MANDIRI,Tender,Pekerjaan Konstruksi,Pembangunan ruang laboratorium komputer beserta perabotnya SD Negeri 144 Longat,SELESAI,215312037,215312037
KAB. MANDAILING NATAL,DINAS KESEHATAN - 1.02.0.00.0.00.02.0000,3527672,41733260,2023,E-Katalog 5.0,APBD,PT. Safelock Medical,E-Purchasing,Pengadaan Barang,IV Catheter Non Injection Port 24 G,MELAKUKAN PENGIRIMAN DAN PENERIMAAN,230807500,230807500
KAB. MANDAILING NATAL,DINAS PERTANIAN - 3.27.0.00.0.00.24.0000,3320373,41384056,2023,Non Tender,APBD,NARAMON FAJRI,Pengadaan Langsung,Pekerjaan Konstruksi,Pembangunan/Rehabilitasi Jaringan Irigasi Desa Parmompang Kec. Panyabungan Timur,SELESAI,110308000,110308000
KAB. MANDAILING NATAL,DINAS PEKERJAAN UMUM DAN PENATAAN RUANG - 1.03.0.00.0.00.03.0000,3682373,44801999,2023,Non Tender,APBDP,CV. RENDER CONSULTANT,Pengadaan Langsung,Jasa Konsultansi Badan Usaha Konstruksi,Pengawasan Kegiatan PAPBD Bidang Cipta Karya,SELESAI,12000001,12000001
KAB. MANDAILING NATAL,RUMAH SAKIT UMUM DAERAH PANYABUNGAN - 1.02.0.00.0.00.02.0001,3629272,42104658,2023,E-Katalog 5.0,BLUD,P.T. Dexa Medica,E-Purchasing,Pengadaan Barang,Dopamin / Dopamine hidrochloride injeksi 40 mg/ml,MELAKUKAN PENGIRIMAN DAN PENERIMAAN,407000,407000
KAB. MANDAILING NATAL,RUMAH SAKIT UMUM DAERAH PANYABUNGAN - 1.02.0.00.0.00.02.0001,3264178,42104658,2023,E-Katalog 5.0,BLUD,PT. Mahakam Beta Farma,E-Purchasing,Pengadaan Barang,"Fentanil/ Fentanyl injeksi 0,05 mg/ml (i.m/i.v) ampul/vial @ 2 mL",MELAKUKAN PENGIRIMAN DAN PENERIMAAN,11309600,11309600
KAB. MANDAILING NATAL,SEKRETARIAT DPRD KABUPATEN - 4.02.0.00.0.00.27.0000,3340373,41660287,2023,Non Tender,APBD,KENANGA MULTI TRADE,Pengadaan Langsung,Pengadaan Barang,Belanja Pakaian Dinas dan Atribur Pimpinan dan Anggota DPRD - Pakaian Sipil Harian,SELESAI,79476000,79476000
KAB. MANDAILING NATAL,BADAN PENGELOLAAN KEUANGAN DAN ASET DAERAH - 5.02.0.00.0.00.28.0000,3404373,43697622,2023,Non Tender,APBD,CV. INOVASI GEMILANG,Pengadaan Langsung,Pengadaan Barang,Belanja Alat/Bahan untuk Kegiatan Kantor- Alat Tulis Kantor,SELESAI,74814000,74814000
KAB. MANDAILING NATAL,DINAS LINGKUNGAN HIDUP - 2.11.0.00.0.00.12.0000,3332373,41720308,2023,Non Tender,APBD,cv. bugis nauli,Pengadaan Langsung,Pekerjaan Konstruksi,Pemeliharaan Median Jalan Panyabungan Kab. Mandailing Natal,SELESAI,196800000,196800000
KAB. MANDAILING NATAL,RUMAH SAKIT UMUM DAERAH PANYABUNGAN - 1.02.0.00.0.00.02.0001,7697859,42104658,2023,E-Katalog 5.0,BLUD,PT. Kimia Farma Tbk,E-Purchasing,Pengadaan Barang,"Gliseril trinitrat/ Glyceryl trinitrate kapsul lepas lambat 2,5 mg",MELAKUKAN PENGIRIMAN DAN PENERIMAAN,54630000,54630000
KAB. MANDAILING NATAL,DINAS PENDIDIKAN DAN KEBUDAYAAN - 1.01.2.22.0.00.02.0000,8299479,46104696,2023,E-Katalog 5.0,APBDP,cv. bugis nauli,E-Purchasing,Pengadaan Barang,GORDYN BLACK AUT,PROSES KONTRAK PPK,115500000,115500000
KAB. MANDAILING NATAL,DINAS PENDIDIKAN DAN KEBUDAYAAN - 1.01.2.22.0.00.02.0000,2779373,41023199,2023,Tender,APBD,CV. BANGKIT BERSAMA GROUP,Tender,Pekerjaan Konstruksi,Pembangunan Ruang Laboratorium Komputer Beserta Perabotnya SMP Swasta Bina Artha Mahkota,SELESAI,463768619,463768619
KAB. MANDAILING NATAL,DINAS PEKERJAAN UMUM DAN PENATAAN RUANG - 1.03.0.00.0.00.03.0000,2771373,42267896,2023,Tender,APBD,CV. DWI LESTARI,Tender,Pekerjaan Konstruksi,Lanjutan Pembangunan Pasar Eks Bioskop Tapanuli Kec. Panyabungan,SELESAI,2136885376,2136885376
KAB. MANDAILING NATAL,DINAS PENGENDALIAN PENDUDUK DAN KELUARGA BERENCANA - 2.14.0.00.0.00.15.0000,2766373,40047480,2023,Tender,APBD,CV. TORKIS LUBIS GROUP,Tender,Pekerjaan Konstruksi,Rehab Ringan Balai Penyuluh KB,SELESAI,511600348,511600348
KAB. MANDAILING NATAL,DINAS KESEHATAN - 1.02.0.00.0.00.02.0000,3527978,41733260,2023,E-Katalog 5.0,APBD,PT Medihop,E-Purchasing,Pengadaan Barang,"C43 T-Chromic Catgut Chromic 3-0, 90 cm Round Bodied, 1/2 circle, 26 mm",MELAKUKAN PENGIRIMAN DAN PENERIMAAN,237762000,237762000
KAB. MANDAILING NATAL,RUMAH SAKIT UMUM DAERAH PANYABUNGAN - 1.02.0.00.0.00.02.0001,7512144,42104658,2023,E-Katalog 5.0,BLUD,PT IDS MEDICAL SYSTEMS INDONESIA,E-Purchasing,Pengadaan Barang,PORTEX Blue Line Ultra Tracheostomy Kit 7.0 mm ID,MELAKUKAN PENGIRIMAN DAN PENERIMAAN,1185000,0
KAB. MANDAILING NATAL,DINAS KESEHATAN - 1.02.0.00.0.00.02.0000,3887402,41733351,2023,E-Katalog 5.0,APBD,PT. Kimia Farma Tbk,E-Purchasing,Pengadaan Barang,"Garam Oralit, serb",MELAKUKAN PENGIRIMAN DAN PENERIMAAN,21600000,21600000
KAB. MANDAILING NATAL,RUMAH SAKIT UMUM DAERAH PANYABUNGAN - 1.02.0.00.0.00.02.0001,8300773,45589099,2023,E-Katalog 5.0,APBDP,PT.Elsyahfi Calibratech Mandiri,E-Purchasing,Pengadaan Barang,Examination Lamp / Lampu Pemeriksaan / Lampu Sorot / Light Source,PAKET SELESAI,4340770,4340770
KAB. MANDAILING NATAL,DINAS PEKERJAAN UMUM DAN PENATAAN RUANG - 1.03.0.00.0.00.03.0000,3148373,40403633,2023,Non Tender,APBD,CV. RAJAWALI ENGINEERING CONSULTANT,Pengadaan Langsung,Jasa Konsultansi Badan Usaha Konstruksi,Penyusunan Study Kelayakan Aek Bukit Marando,SELESAI,99000000,99000000
KAB. MANDAILING NATAL,RUMAH SAKIT UMUM DAERAH PANYABUNGAN - 1.02.0.00.0.00.02.0001,5041924,42104658,2023,E-Katalog 5.0,BLUD,P.T. Dexa Medica,E-Purchasing,Pengadaan Barang,Kandesartan/ Candesartan/ Candesartan Cilexetil  tablet/kapsul/kaplet 8 mg,MELAKUKAN PENGIRIMAN DAN PENERIMAAN,897000,897000
KAB. MANDAILING NATAL,DINAS KESEHATAN - 1.02.0.00.0.00.02.0000,3624396,41733260,2023,E-Katalog 5.0,APBD,PT MAKMUR JAYA HEALTHINDO,E-Purchasing,Pengadaan Barang,QILAN Disposable Syringe With Needle 3 ML,MELAKUKAN PENGIRIMAN DAN PENERIMAAN,68747000,68747000
KAB. MANDAILING NATAL,DINAS PERDAGANGAN - 3.30.3.31.0.00.25.0000,3463373,41667215,2023,Non Tender,APBD,cv. andalas raya,Pengadaan Langsung,Pekerjaan Konstruksi,Pengecetan Pasar Maga Kecamatan Lembah Sorik Marapi,SELESAI,39745000,39745000
KAB. MANDAILING NATAL,BADAN PENGELOLAAN KEUANGAN DAN ASET DAERAH - 5.02.0.00.0.00.28.0000,3163373,41231988,2023,Non Tender,APBD,CV. KREASI KENANGA,Pengadaan Langsung,Pengadaan Barang,Belanja Alat/Bahan untuk Kegiatan Kantor- Bahan Cetak,SELESAI,89954000,0
KAB. MANDAILING NATAL,DINAS PERTANIAN - 3.27.0.00.0.00.24.0000,4167766,43463657,2023,E-Katalog 5.0,APBD,CV. AULIA RIZKI PRATAMA,E-Purchasing,Pengadaan Barang,Bibit Kakao,PROSES KONTRAK PPK,166779900,166779900
KAB. MANDAILING NATAL,DINAS KESEHATAN - 1.02.0.00.0.00.02.0000,3977538,41733351,2023,E-Katalog 5.0,APBD,P.T. Dexa Medica,E-Purchasing,Pengadaan Barang,Divalproex sodium / Valproat tabet lepas lambat/kaplet lepas lambat 250 mg,MELAKUKAN PENGIRIMAN DAN PENERIMAAN,2200000,2200000
KAB. MANDAILING NATAL,DINAS PENDIDIKAN DAN KEBUDAYAAN - 1.01.2.22.0.00.02.0000,3580373,41023210,2023,Non Tender,APBD,CV. LASMANA KARYA,Pengadaan Langsung,Pekerjaan Konstruksi,Pembangunan Toilet (Jamban) Beserta Sanitasinya SMP Negeri 1 Lembah Sorik Marapi,SELESAI,179860000,179860000
KAB. MANDAILING NATAL,DINAS PERUMAHAN RAKYAT DAN KAWASAN PERMUKIMAN SERTA PERTANAHAN - 1.04.2.10.0.00.04.0000,3429373,41341702,2023,Non Tender,APBD,CV AEK KAPIAS,Pengadaan Langsung,Pekerjaan Konstruksi,Pembangunan Jalan Lingkungan Kelurahan Mompang Jae Kec. Panyabungan Utara,SELESAI,133749000,133749000
KAB. MANDAILING NATAL,BADAN PERENCANAAN PEMBANGUNAN RISET DAN INOVASI DAERAH - 5.01.5.05.0.00.28.0000,3617373,41673888,2023,Non Tender,APBD,CV. KREATIFITAS CEMERLANG,Pengadaan Langsung,Pengadaan Barang,Pemeliharaan/Rehabilitasi Sarana dan Prasarana Pendukung Gedung Kantor Atau Bangunan Lainnya,SELESAI,47540000,47540000
KAB. MANDAILING NATAL,DINAS PEMUDA DAN OLAHRAGA - 2.19.0.00.0.00.20.0000,3740373,45395200,2023,Non Tender,APBDP,KENANGA MULTI TRADE,Pengadaan Langsung,Pengadaan Barang,Pengadaan Peralatan dan Perlengkapan Olahraga,SELESAI,136557750,0
KAB. MANDAILING NATAL,DINAS PENDIDIKAN DAN KEBUDAYAAN - 1.01.2.22.0.00.02.0000,3574373,40966364,2023,Non Tender,APBD,CV.MULTI KENCANA,Pengadaan Langsung,Pekerjaan Konstruksi,Pembangunan Toilet (Jamban) Beserta Sanitasinya SD Negeri 011 Hutapuli,SELESAI,141796000,141796000
KAB. MANDAILING NATAL,DINAS KESEHATAN - 1.02.0.00.0.00.02.0000,3887402,41733351,2023,E-Katalog 5.0,APBD,PT. Kimia Farma Tbk,E-Purchasing,Pengadaan Barang,Acetyl cysteine/ N-asetil sistein tablet/kapsul/kaplet 200 mg,MELAKUKAN PENGIRIMAN DAN PENERIMAAN,87199200,87199200
KAB. MANDAILING NATAL,DINAS PERTANIAN - 3.27.0.00.0.00.24.0000,3752373,45501848,2023,Non Tender,APBDP,CV. HABIBI PRATAMA,Pengadaan Langsung,Pekerjaan Konstruksi,Pembangunan dan Rehabilitasi Jalan Usaha Tani Kel. Muarasoma Kec. Batang Natal,SELESAI,69900572,69900572
KAB. MANDAILING NATAL,DINAS PERTANIAN - 3.27.0.00.0.00.24.0000,3587373,41383923,2023,Non Tender,APBD,CV. BERSAMA,Pengadaan Langsung,Pekerjaan Konstruksi,Renovasi/Perbaikan BPP di Ranto Baek,SELESAI,47300000,47300000
KAB. MANDAILING NATAL,DINAS KESEHATAN - 1.02.0.00.0.00.02.0000,7329192,41733260,2023,E-Katalog 5.0,APBD,PT. Setia Anugrah Medika,E-Purchasing,Pengadaan Barang,PAKET REAGEN HEMATOLOGI FOR BCC-3900 HEMATOLOGY ANALYZERS ( PACKAGE 2),PROSES KONTRAK PPK,55617000,0
KAB. MANDAILING NATAL,DINAS PERDAGANGAN - 3.30.3.31.0.00.25.0000,3412373,41667209,2023,Non Tender,APBD,CV. PUTRA PRATAMA,Pengadaan Langsung,Pekerjaan Konstruksi,Pengecetan Pasar Mompang Kecamatan Panyabungan Utara,SELESAI,39749000,39749000
KAB. MANDAILING NATAL,DINAS PENGENDALIAN PENDUDUK DAN KELUARGA BERENCANA - 2.14.0.00.0.00.15.0000,5133285,40046745,2023,E-Katalog 5.0,APBD,PT DIGIMAX DAKSA NIRANKARA,E-Purchasing,Pengadaan Barang,PAKET BKB KIT STUNTING TAHUN 2023,MELAKUKAN PENGIRIMAN DAN PENERIMAAN,235200000,235200000
KAB. MANDAILING NATAL,BADAN PENGELOLAAN KEUANGAN DAN ASET DAERAH - 5.02.0.00.0.00.28.0000,3708373,44982528,2023,Non Tender,APBDP,CV. KREATIFITAS CEMERLANG,Pengadaan Langsung,Pengadaan Barang,Belanja Modal Komputer Unit Lainnya,SELESAI,96320000,96320000
KAB. MANDAILING NATAL,DINAS PENDIDIKAN DAN KEBUDAYAAN - 1.01.2.22.0.00.02.0000,3640373,41023186,2023,Non Tender,APBD,CV. OLIVIA KARYA UTAMA,Pengadaan Langsung,Pekerjaan Konstruksi,Pembangunan Ruang Unit Kesehatan Sekolah SMP 4 Batahan Satu Atap,SELESAI,149427657,149427657
KAB. MANDAILING NATAL,DINAS PERHUBUNGAN - 2.15.0.00.0.00.16.0000,5922423,40881948,2023,E-Katalog 5.0,APBD,PT.SUMATERA ROYAL CITRA ABADI,E-Purchasing,Pengadaan Barang,Lampu PJU LED 90 W,MELAKUKAN PENGIRIMAN DAN PENERIMAAN,172900000,172900000
KAB. MANDAILING NATAL,RUMAH SAKIT UMUM DAERAH PANYABUNGAN - 1.02.0.00.0.00.02.0001,7058611,42104658,2023,E-Katalog 5.0,BLUD,PT. Mahakam Beta Farma,E-Purchasing,Pengadaan Barang,"Fentanil/ Fentanyl injeksi 0,05 mg/ml (i.m/i.v) ampul/vial @ 2 mL",MELAKUKAN PENGIRIMAN DAN PENERIMAAN,11309600,11309600
KAB. MANDAILING NATAL,RUMAH SAKIT UMUM DAERAH PANYABUNGAN - 1.02.0.00.0.00.02.0001,4244270,42104658,2023,E-Katalog 5.0,BLUD,P.T. Dexa Medica,E-Purchasing,Pengadaan Barang,Valsartan tablet/kapsul/kaplet 80 mg,MELAKUKAN PENGIRIMAN DAN PENERIMAAN,1296000,1296000
KAB. MANDAILING NATAL,DINAS PERUMAHAN RAKYAT DAN KAWASAN PERMUKIMAN SERTA PERTANAHAN - 1.04.2.10.0.00.04.0000,2746373,41343631,2023,Tender,APBD,PT. TRIJAYA UTAMA KONSULTAN,Seleksi,Jasa Konsultansi Badan Usaha Konstruksi,Survei dan Penetapan Lokasi Perumahan dan Permukiman Kumuh,SELESAI,196790000,196790000
KAB. MANDAILING NATAL,DINAS KESEHATAN - 1.02.0.00.0.00.02.0000,5536602,41733260,2023,E-Katalog 5.0,APBD,PT. MEGA KREASI ALKESINDO,E-Purchasing,Pengadaan Barang,Kasa Hidrofil Verband 4 YARD X 10 CM,MELAKUKAN PENGIRIMAN DAN PENERIMAAN,54500000,54500000
KAB. MANDAILING NATAL,RUMAH SAKIT UMUM DAERAH PANYABUNGAN - 1.02.0.00.0.00.02.0001,3117782,42104658,2023,E-Katalog 5.0,BLUD,P.T. Dexa Medica,E-Purchasing,Pengadaan Barang,Ondansetron hydrochloride (HCl)/ Ondansetron HCl dihydrate /Ondansetron tablet/kapsul/kaplet 4 mg,MELAKUKAN PENGIRIMAN DAN PENERIMAAN,255600,255600
KAB. MANDAILING NATAL,DINAS PERTANIAN - 3.27.0.00.0.00.24.0000,3312373,41383997,2023,Non Tender,APBD,cv. abadi karya,Pengadaan Langsung,Pekerjaan Konstruksi,Pembangunan/Rehabilitasi Jalan Usaha tani Desa Huta Padang Kec. Ulu Pungkut,SELESAI,129860000,129860000
KAB. MANDAILING NATAL,DINAS KESEHATAN - 1.02.0.00.0.00.02.0000,3527672,41733260,2023,E-Katalog 5.0,APBD,PT. Safelock Medical,E-Purchasing,Pengadaan Barang,IV CATHETER NON INJECTION PORT 20 G,MELAKUKAN PENGIRIMAN DAN PENERIMAAN,39567000,39567000
KAB. MANDAILING NATAL,DINAS KESEHATAN - 1.02.0.00.0.00.02.0000,3624396,41733260,2023,E-Katalog 5.0,APBD,PT MAKMUR JAYA HEALTHINDO,E-Purchasing,Pengadaan Barang,QILAN Surgical Gloves Latex Sterile Powder Free,MELAKUKAN PENGIRIMAN DAN PENERIMAAN,4047500,4047500
KAB. MANDAILING NATAL,DINAS KESEHATAN - 1.02.0.00.0.00.02.0000,3977538,41733351,2023,E-Katalog 5.0,APBD,P.T. Dexa Medica,E-Purchasing,Pengadaan Barang,Betahistin/Betahistine Mesilate/Betahistine Mesylate tablet/kapsul/kaplet 6 mg,MELAKUKAN PENGIRIMAN DAN PENERIMAAN,36000000,36000000
KAB. MANDAILING NATAL,DINAS PENDIDIKAN DAN KEBUDAYAAN - 1.01.2.22.0.00.02.0000,3505373,40966423,2023,Non Tender,APBD,CV. BANGKIT BERSAMA GROUP,Pengadaan Langsung,Pekerjaan Konstruksi,Pembangunan Toilet (Jamban) Beserta Sanitasinya SD Negeri 040 Hutagodang Muda,SELESAI,139750000,139750000
KAB. MANDAILING NATAL,DINAS KESEHATAN - 1.02.0.00.0.00.02.0000,8078757,41733351,2023,E-Katalog 5.0,APBD,PT.Bernofarm,E-Purchasing,Pengadaan Barang,"Betametason/Betamethasone Valerate krim 0,1% 5g",MELAKUKAN PENGIRIMAN DAN PENERIMAAN,250000,250000
KAB. MANDAILING NATAL,RUMAH SAKIT UMUM DAERAH PANYABUNGAN - 1.02.0.00.0.00.02.0001,3094577,42104658,2023,E-Katalog 5.0,BLUD,PT.Bernofarm,E-Purchasing,Pengadaan Barang,Zinc sulfate/ Zinc sulfate monohydrate/ Zinc/ Zink sir 20 mg/5 ml,MELAKUKAN PENGIRIMAN DAN PENERIMAAN,400000,400000
KAB. MANDAILING NATAL,DINAS PENDIDIKAN DAN KEBUDAYAAN - 1.01.2.22.0.00.02.0000,3673373,41023170,2023,Non Tender,APBD,PT.ANGKASA RAYA CONSULTANT,Pengadaan Langsung,Jasa Konsultansi Badan Usaha Non Konstruksi,Jasa Konsultan Pengawasan Pembangunan Ruang Guru SD (DAU),SELESAI,49850100,49850100
KAB. MANDAILING NATAL,DINAS KESEHATAN - 1.02.0.00.0.00.02.0000,4101714,41733351,2023,E-Katalog 5.0,APBD,PT.Bernofarm,E-Purchasing,Pengadaan Barang,Difenhidramin/ Diphenhydramine injeksi 10 mg/ml ( i.v./i.m.),MELAKUKAN PENGIRIMAN DAN PENERIMAAN,16500000,16500000
KAB. MANDAILING NATAL,DINAS PENDIDIKAN DAN KEBUDAYAAN - 1.01.2.22.0.00.02.0000,3628373,44142242,2023,Non Tender,APBD,CV. PUTRA BARINGIN GROUP,Pengadaan Langsung,Pekerjaan Konstruksi,Pembangunan Gedung Kantor Korwil XV Dinas Pendidikan,SELESAI,199200004,199200004
KAB. MANDAILING NATAL,RUMAH SAKIT UMUM DAERAH PANYABUNGAN - 1.02.0.00.0.00.02.0001,4829693,42104658,2023,E-Katalog 5.0,BLUD,PT Boehringer Ingelheim Indonesia,E-Purchasing,Pengadaan Barang,"Tiotropium bromide 3,124 mcg - Tiotropium 2,5 mcg",MELAKUKAN PENGIRIMAN DAN PENERIMAAN,7078830,0
KAB. MANDAILING NATAL,DINAS PENDIDIKAN DAN KEBUDAYAAN - 1.01.2.22.0.00.02.0000,3181373,40966303,2023,Non Tender,APBD,CV. TIARANI UTAMA,Pengadaan Langsung,Jasa Konsultansi Badan Usaha Konstruksi,Jasa Konsultan Perencanaan Pembangunan Ruang Guru SMP (DAU),SELESAI,49950000,49950000
KAB. MANDAILING NATAL,DINAS PENDIDIKAN DAN KEBUDAYAAN - 1.01.2.22.0.00.02.0000,2815373,40966378,2023,Tender,APBD,CV. RIZKI MANDIRI PERKASA,Tender,Pekerjaan Konstruksi,Pembangunan ruang laboratorium komputer beserta perabotnya SD Negeri 042 Aek Garut,SELESAI,227480000,227480000
KAB. MANDAILING NATAL,RUMAH SAKIT UMUM DAERAH PANYABUNGAN - 1.02.0.00.0.00.02.0001,3203914,42104658,2023,E-Katalog 5.0,BLUD,PT Ethica Industri Farmasi,E-Purchasing,Pengadaan Barang,Oxytocin/ Oksitosin inj 10 IU/ml,MELAKUKAN PENGIRIMAN DAN PENERIMAAN,3132000,3132000
KAB. MANDAILING NATAL,DINAS PENDIDIKAN DAN KEBUDAYAAN - 1.01.2.22.0.00.02.0000,3656373,40966704,2023,Non Tender,APBD,CV.SYARAT TUJUH TUJUH,Pengadaan Langsung,Pekerjaan Konstruksi,Pembangunan Ruang Kelas Baru SD Negeri 388 Hutaimbaru,SELESAI,199578042,199578042
KAB. MANDAILING NATAL,DINAS PERUMAHAN RAKYAT DAN KAWASAN PERMUKIMAN SERTA PERTANAHAN - 1.04.2.10.0.00.04.0000,3424373,41341696,2023,Non Tender,APBD,CV.LANGGA SARI,Pengadaan Langsung,Pekerjaan Konstruksi,Pembangunan Jalan Lingkungan di Kel. Sipolu Polu Kec. Panyabungan,SELESAI,132600000,132600000
KAB. MANDAILING NATAL,DINAS PENDIDIKAN DAN KEBUDAYAAN - 1.01.2.22.0.00.02.0000,2797373,40966371,2023,Tender,APBD,CV. KHARISMA ABADI,Tender,Pekerjaan Konstruksi,Pembangunan ruang laboratorium komputer beserta perabotnya SD Negeri 379 Sikara Kara III,SELESAI,215312037,215312037
KAB. MANDAILING NATAL,RUMAH SAKIT UMUM DAERAH PANYABUNGAN - 1.02.0.00.0.00.02.0001,7511512,42104658,2023,E-Katalog 5.0,BLUD,PT. Indofarma (Persero) Tbk,E-Purchasing,Pengadaan Barang,Chloramphenicol 250 mg,MELAKUKAN PENGIRIMAN DAN PENERIMAAN,1222000,1222000
KAB. MANDAILING NATAL,DINAS PENDIDIKAN DAN KEBUDAYAAN - 1.01.2.22.0.00.02.0000,3499373,40966424,2023,Non Tender,APBD,CV. KENZO MAHAGANI,Pengadaan Langsung,Pekerjaan Konstruksi,Pembangunan Toilet (Jamban) Beserta Sanitasinya SD Negeri 113 Manyabar,SELESAI,139990000,139990000
KAB. MANDAILING NATAL,RUMAH SAKIT UMUM DAERAH PANYABUNGAN - 1.02.0.00.0.00.02.0001,5646231,42104658,2023,E-Katalog 5.0,BLUD,PT. Amarox Pharma Global,E-Purchasing,Pengadaan Barang,Pregabalin kapsul 75,MELAKUKAN PENGIRIMAN DAN PENERIMAAN,3374000,3374000
KAB. MANDAILING NATAL,DINAS PERTANIAN - 3.27.0.00.0.00.24.0000,6068658,43962224,2023,E-Katalog 5.0,APBD,CV.RIZKI KARYA,E-Purchasing,Pengadaan Barang,Bibit Sapi Lokal,MELAKUKAN PENGIRIMAN DAN PENERIMAAN,155500000,155500000
KAB. MANDAILING NATAL,DINAS KESEHATAN - 1.02.0.00.0.00.02.0000,3605373,41776542,2023,Non Tender,APBD,CV. TORKIS LUBIS GROUP,Pengadaan Langsung,Pekerjaan Konstruksi,Rehabilitasi Aula Kantor Dinas Kesehatan Kabupaten Mandailing Natal,SELESAI,129126000,129126000
KAB. MANDAILING NATAL,DINAS PERTANIAN - 3.27.0.00.0.00.24.0000,3364373,41384051,2023,Non Tender,APBD,CV. BERSAMA,Pengadaan Langsung,Pekerjaan Konstruksi,Pembangunan/Rehabilitasi Jaringan Irigasi Desa Singengu Julu Kec. Kotanopan,SELESAI,110308000,110308000
KAB. MANDAILING NATAL,DINAS KESEHATAN - 1.02.0.00.0.00.02.0000,4138550,41733351,2023,E-Katalog 5.0,APBD,PT. SATORIA ANEKA INDUSTRI,E-Purchasing,Pengadaan Barang,"Air untuk injeksi, cairan inj 25 mL",MELAKUKAN PENGIRIMAN DAN PENERIMAAN,4728000,4728000
KAB. MANDAILING NATAL,DINAS KESEHATAN - 1.02.0.00.0.00.02.0000,3961577,41733351,2023,E-Katalog 5.0,APBD,PT. LUCAS DJAJA,E-Purchasing,Pengadaan Barang,Eritromisin/ Erythromycin/ Erythromycin stearate tablet/kapsul/kaplet 250 mg,MELAKUKAN PENGIRIMAN DAN PENERIMAAN,28260000,28260000
KAB. MANDAILING NATAL,DINAS PENDIDIKAN DAN KEBUDAYAAN - 1.01.2.22.0.00.02.0000,3571373,40966336,2023,Non Tender,APBD,CV. JALOBI SORIK,Pengadaan Langsung,Pekerjaan Konstruksi,Pembangunan Ruang UKS Beserta Perabotnya SD Negeri 060 Tarutung Panjang,SELESAI,84230000,84230000
KAB. MANDAILING NATAL,BAGIAN UMUM SETDAKAB MANDAILING NATAL - 4.01.5.06.0.00.26.0009,3367373,41238233,2023,Non Tender,APBD,KENANGA MULTI TRADE,Pengadaan Langsung,Pengadaan Barang,Pengadaan Gordyn Rumah Dinas Sekda,SELESAI,74259000,74259000
KAB. MANDAILING NATAL,RUMAH SAKIT UMUM DAERAH PANYABUNGAN - 1.02.0.00.0.00.02.0001,5041924,42104658,2023,E-Katalog 5.0,BLUD,P.T. Dexa Medica,E-Purchasing,Pengadaan Barang,Norepinephrine bitartate/ Norepinephrine bitartate monohydrate / Norepinephrine/ Norepinephrine base/ Norepinefrin inj 1 mg/ml,MELAKUKAN PENGIRIMAN DAN PENERIMAAN,1450000,1450000
KAB. MANDAILING NATAL,DINAS PERHUBUNGAN - 2.15.0.00.0.00.16.0000,3278373,43503152,2023,Non Tender,APBD,CV. KENZO MAHAGANI,Pengadaan Langsung,Pengadaan Barang,Pengadaan dan Pemasangan LPJU Konvensional di Paranginan II - Simp. Ladang Sari Sigalapang Lintas Timur Panyabungan,SELESAI,188102200,0
KAB. MANDAILING NATAL,RUMAH SAKIT UMUM DAERAH PANYABUNGAN - 1.02.0.00.0.00.02.0001,7784520,42104658,2023,E-Katalog 5.0,BLUD,PT. Hexpharm Jaya Laboratories,E-Purchasing,Pengadaan Barang,Ciprofloxacin hydrochloride (HCl)/ Ciprofloxacin Lactate/ Ciprofloxacin/ Siprofloksasin tablet/kapsul/kaplet 500 mg,MELAKUKAN PENGIRIMAN DAN PENERIMAAN,1800000,1800000
KAB. MANDAILING NATAL,DINAS PENDIDIKAN DAN KEBUDAYAAN - 1.01.2.22.0.00.02.0000,2846373,40966300,2023,Tender,APBD,CV. KARYA ANAK BANGSA,Tender,Pekerjaan Konstruksi,Pembangunan Ruang Guru Beserta Perabotnya SD Negeri 346 Kampung Kapas,SELESAI,229598228,229598228
KAB. MANDAILING NATAL,RUMAH SAKIT UMUM DAERAH PANYABUNGAN - 1.02.0.00.0.00.02.0001,3445282,42104658,2023,E-Katalog 5.0,BLUD,NOVAPHARIN,E-Purchasing,Pengadaan Barang,Loratadine/ Loratadin tablet/kapsul/kaplet 10 mg,MELAKUKAN PENGIRIMAN DAN PENERIMAAN,252000,252000
KAB. MANDAILING NATAL,RUMAH SAKIT UMUM DAERAH PANYABUNGAN - 1.02.0.00.0.00.02.0001,3203914,42104658,2023,E-Katalog 5.0,BLUD,PT Ethica Industri Farmasi,E-Purchasing,Pengadaan Barang,Amiodaron inj 50 mg/ml (150 mg/ 3 mL),MELAKUKAN PENGIRIMAN DAN PENERIMAAN,236000,236000
KAB. MANDAILING NATAL,RUMAH SAKIT UMUM DAERAH PANYABUNGAN - 1.02.0.00.0.00.02.0001,8300773,45589099,2023,E-Katalog 5.0,APBDP,PT.Elsyahfi Calibratech Mandiri,E-Purchasing,Pengadaan Barang,JASA PENGUJIAN DAN/ATAU KALIBRASI PULSE OXYMETER / SATUR METER / PULSE OXIMETRI / SATURASI OKSIGEN (BAYI DAN DEWASA),PAKET SELESAI,3393000,3393000
KAB. MANDAILING NATAL,DINAS PENDIDIKAN DAN KEBUDAYAAN - 1.01.2.22.0.00.02.0000,2849373,40966299,2023,Tender,APBD,CV Rizky Bersama,Tender,Pekerjaan Konstruksi,Pembangunan Ruang Guru Beserta Perabotnya SD Negeri 348 Banjar Aur,SELESAI,229603500,229603500
KAB. MANDAILING NATAL,RUMAH SAKIT UMUM DAERAH PANYABUNGAN - 1.02.0.00.0.00.02.0001,7641519,42104658,2023,E-Katalog 5.0,BLUD,PT.Bernofarm,E-Purchasing,Pengadaan Barang,Ranitidine hydrochloride (HCl)/ Ranitidin injeksi 25 mg/ml,MELAKUKAN PENGIRIMAN DAN PENERIMAAN,14000000,14000000
KAB. MANDAILING NATAL,DINAS PENDIDIKAN DAN KEBUDAYAAN - 1.01.2.22.0.00.02.0000,3705156,42949326,2023,E-Katalog 5.0,APBD,KENANGA MULTI TRADE,E-Purchasing,Pengadaan Barang,Aspire 5 A514,MELAKUKAN PENGIRIMAN DAN PENERIMAAN,291000000,291000000
KAB. MANDAILING NATAL,DINAS PENDIDIKAN DAN KEBUDAYAAN - 1.01.2.22.0.00.02.0000,3520373,40966357,2023,Non Tender,APBD,CV. RIMBA NUSANTARA,Pengadaan Langsung,Pekerjaan Konstruksi,Pembangunan Ruang UKS Beserta Perabotnya SD Negeri 331 Pasir Putih,SELESAI,84250000,84250000
KAB. MANDAILING NATAL,DINAS KESEHATAN - 1.02.0.00.0.00.02.0000,4101530,41733351,2023,E-Katalog 5.0,APBD,PT.Bernofarm,E-Purchasing,Pengadaan Barang,Paracetamol/ Parasetamol tablet/kapsul/kaplet 500 mg,MELAKUKAN PENGIRIMAN DAN PENERIMAAN,17500000,17500000
KAB. MANDAILING NATAL,DINAS PENDIDIKAN DAN KEBUDAYAAN - 1.01.2.22.0.00.02.0000,2785373,41023200,2023,Tender,APBD,CV. LASMANA KARYA,Tender,Pekerjaan Konstruksi,Pembangunan Ruang Laboratorium Komputer Beserta Perabotnya SMP Negeri 1 Pakantan,SELESAI,475580489,475580489
KAB. MANDAILING NATAL,DINAS PEKERJAAN UMUM DAN PENATAAN RUANG - 1.03.0.00.0.00.03.0000,2668373,40378823,2023,Tender,APBD,CV.CITRA KARYA MANDIRI,Tender,Pekerjaan Konstruksi,Peningkatan Jalan Lingkar Simpang Gambir,SELESAI,905276000,905276000
KAB. MANDAILING NATAL,DINAS PENDIDIKAN DAN KEBUDAYAAN - 1.01.2.22.0.00.02.0000,3658373,40966708,2023,Non Tender,APBD,CV. PUTRA PRATAMA,Pengadaan Langsung,Pekerjaan Konstruksi,Pembangunan Ruang Kelas Baru SD Negeri 235 Patahajang,SELESAI,199350044,199350044
KAB. MANDAILING NATAL,DINAS PENDIDIKAN DAN KEBUDAYAAN - 1.01.2.22.0.00.02.0000,3579373,40966443,2023,Non Tender,APBD,CV. FERDIAN PUTRA,Pengadaan Langsung,Pekerjaan Konstruksi,Pembangunan Toilet (Jamban) Beserta Sanitasinya SD Negeri 328 Sinunukan IV,SELESAI,140800000,140800000
KAB. MANDAILING NATAL,DINAS KESEHATAN - 1.02.0.00.0.00.02.0000,5537364,41733260,2023,E-Katalog 5.0,APBD,PT Jayamas Medica Industri,E-Purchasing,Pengadaan Barang,"Uro One Foley Catheter 2 Way, FR 16, FR 18",MELAKUKAN PENGIRIMAN DAN PENERIMAAN,10789200,10789200
KAB. MANDAILING NATAL,BAGIAN UMUM SETDAKAB MANDAILING NATAL - 4.01.5.06.0.00.26.0009,3758373,45532411,2023,Non Tender,APBDP,CV. CENTRAL GRAFIKA PRINT,Pengadaan Langsung,Pekerjaan Konstruksi,Rehab dan Pengecatan Rumah Dinas Sekda,SELESAI,79880000,79880000
KAB. MANDAILING NATAL,DINAS KESEHATAN - 1.02.0.00.0.00.02.0000,5537364,41733260,2023,E-Katalog 5.0,APBD,PT Jayamas Medica Industri,E-Purchasing,Pengadaan Barang,Glucose  Protein Test Strip,MELAKUKAN PENGIRIMAN DAN PENERIMAAN,4615380,4615380
KAB. MANDAILING NATAL,DINAS KESEHATAN - 1.02.0.00.0.00.02.0000,3963193,41733351,2023,E-Katalog 5.0,APBD,PT. MARIN LIZA FARMASI,E-Purchasing,Pengadaan Barang,"Salep 2-4, salep",MELAKUKAN PENGIRIMAN DAN PENERIMAAN,119439360,119439360
KAB. MANDAILING NATAL,DINAS KESEHATAN - 1.02.0.00.0.00.02.0000,5620668,41733260,2023,E-Katalog 5.0,APBD,PT Jayamas Medica Industri,E-Purchasing,Pengadaan Barang,Micropipette Tips Yellow tip,MELAKUKAN PENGIRIMAN DAN PENERIMAAN,4014984,4014984
KAB. MANDAILING NATAL,DINAS PENDIDIKAN DAN KEBUDAYAAN - 1.01.2.22.0.00.02.0000,2788373,41023163,2023,Tender,APBD,CV Rizky Bersama,Tender,Pekerjaan Konstruksi,Pembangunan Ruang Tata Usaha Beserta Perabotnya SMP Swasta Bina Artha Mahkota,SELESAI,493829951,493829951
KAB. MANDAILING NATAL,DINAS PEKERJAAN UMUM DAN PENATAAN RUANG - 1.03.0.00.0.00.03.0000,2679373,40378834,2023,Tender,APBD,cv.taufikprima putra,Tender,Pekerjaan Konstruksi,Peningkatan Jalan Sp. Jalan Negara - Sentra Produksi Gunung Tua,SELESAI,481035000,481035000
KAB. MANDAILING NATAL,RUMAH SAKIT UMUM DAERAH PANYABUNGAN - 1.02.0.00.0.00.02.0001,7784520,42104658,2023,E-Katalog 5.0,BLUD,PT. Hexpharm Jaya Laboratories,E-Purchasing,Pengadaan Barang,Cefadroxil monohydrate/ Cefadroxil/ Sefadroksil tablet/kapsul/kaplet 500 mg,MELAKUKAN PENGIRIMAN DAN PENERIMAAN,8200000,8200000
KAB. MANDAILING NATAL,RUMAH SAKIT UMUM DAERAH PANYABUNGAN - 1.02.0.00.0.00.02.0001,3203914,42104658,2023,E-Katalog 5.0,BLUD,PT Ethica Industri Farmasi,E-Purchasing,Pengadaan Barang,"Naloxone hydrochloride/ Naloxone/ Nalokson injeksi 0,4 mg/ml",MELAKUKAN PENGIRIMAN DAN PENERIMAAN,765290,765290
KAB. MANDAILING NATAL,DINAS KESEHATAN - 1.02.0.00.0.00.02.0000,7552649,41733260,2023,E-Katalog 5.0,APBD,PT Axion Jaya Alkesindo,E-Purchasing,Pengadaan Barang,ONEHEALTH ALCOHOL SWABS 2 PLY,PROSES KONTRAK PPK,618450,618450
KAB. MANDAILING NATAL,DINAS PEKERJAAN UMUM DAN PENATAAN RUANG - 1.03.0.00.0.00.03.0000,3689373,44801953,2023,Non Tender,APBDP,PT.ANGKASA RAYA CONSULTANT,Pengadaan Langsung,Jasa Konsultansi Badan Usaha Konstruksi,DED SPAM IKK Aek Bukit Marando,SELESAI,98000013,98000013
KAB. MANDAILING NATAL,DINAS PENDIDIKAN DAN KEBUDAYAAN - 1.01.2.22.0.00.02.0000,3488373,40966440,2023,Non Tender,APBD,cv sinar jaya,Pengadaan Langsung,Pekerjaan Konstruksi,Pembangunan Toilet (Jamban) Beserta Sanitasinya SD Negeri 294 Tapus,SELESAI,141770000,141770000
KAB. MANDAILING NATAL,RUMAH SAKIT UMUM DAERAH PANYABUNGAN - 1.02.0.00.0.00.02.0001,5080724,42104658,2023,E-Katalog 5.0,BLUD,PT. EMJEBE PHARMA,E-Purchasing,Pengadaan Barang,"Ringer Laktat/ Ringer Lactate, @500 mL",MELAKUKAN PENGIRIMAN DAN PENERIMAAN,20000000,20000000
KAB. MANDAILING NATAL,DINAS PENDIDIKAN DAN KEBUDAYAAN - 1.01.2.22.0.00.02.0000,3744373,44210269,2023,Non Tender,APBD,PT. MARGA BHUANA JAYA CONSULTANT,Pengadaan Langsung,Jasa Konsultansi Badan Usaha Non Konstruksi,Belanja Jasa Konsultan Pengawasan PAUD,SELESAI,24750275,24750275
KAB. MANDAILING NATAL,DINAS KESEHATAN - 1.02.0.00.0.00.02.0000,3972972,41733351,2023,E-Katalog 5.0,APBD,PT. Mersifarma Tirmaku Mercusana,E-Purchasing,Pengadaan Barang,Diazepam tablet/kapsul/kaplet 5 mg,MELAKUKAN PENGIRIMAN DAN PENERIMAAN,2548800,2548800
KAB. MANDAILING NATAL,RUMAH SAKIT UMUM DAERAH PANYABUNGAN - 1.02.0.00.0.00.02.0001,8300773,45589099,2023,E-Katalog 5.0,APBDP,PT.Elsyahfi Calibratech Mandiri,E-Purchasing,Pengadaan Barang,Electrostimulator / TENS,PAKET SELESAI,620000,620000
KAB. MANDAILING NATAL,DINAS PERTANIAN - 3.27.0.00.0.00.24.0000,3286373,41384007,2023,Non Tender,APBD,CV. PUTRA PRATAMA,Pengadaan Langsung,Pekerjaan Konstruksi,Pembangunan/Rehabilitasi Jalan Usaha tani/Jalan Produksi Desa Padang Bulan Kec. Kotanopan,SELESAI,129965000,129965000
KAB. MANDAILING NATAL,DINAS PEKERJAAN UMUM DAN PENATAAN RUANG - 1.03.0.00.0.00.03.0000,3591373,42267907,2023,Non Tender,APBD,CV. MEDTAN CIPTA UTAMA,Pengadaan Langsung,Jasa Konsultansi Badan Usaha Konstruksi,Jasa Konsultansi Pengawasan Kegiatan Lanjutan Pembangunan Pasar Baru Panyabungan,SELESAI,49761000,49761000
KAB. MANDAILING NATAL,DINAS PERUMAHAN RAKYAT DAN KAWASAN PERMUKIMAN SERTA PERTANAHAN - 1.04.2.10.0.00.04.0000,2741373,41341726,2023,Tender,APBD,PT. CITA KREASI LATENA,Seleksi,Jasa Konsultansi Badan Usaha Konstruksi,Penyusunan Rencana Pembangunan dan Pengembangan Perumahan dan Kawasan Permukiman ( RP3KP ),SELESAI,493905000,493905000
KAB. MANDAILING NATAL,DINAS PENDIDIKAN DAN KEBUDAYAAN - 1.01.2.22.0.00.02.0000,3133842,42341145,2023,E-Katalog 5.0,APBD,PT. Trisolah Suvarna Indonesia,E-Purchasing,Pengadaan Barang,LBR300 Wifi Router,MELAKUKAN PENGIRIMAN DAN PENERIMAAN,2500000,2500000
KAB. MANDAILING NATAL,DINAS PERTANIAN - 3.27.0.00.0.00.24.0000,3353373,41383995,2023,Non Tender,APBD,cv. andalas raya,Pengadaan Langsung,Pekerjaan Konstruksi,Pembangunan/Rehabilitasi Jalan Usaha Tani Desa Huta Puli Kec. Kotanopan,SELESAI,125188000,125188000
KAB. MANDAILING NATAL,DINAS PEKERJAAN UMUM DAN PENATAAN RUANG - 1.03.0.00.0.00.03.0000,2708373,40403799,2023,Tender,APBD,CV.ADARAKAYARA,Tender,Pekerjaan Konstruksi,Perluasan SPAM Jaringan Perpipaan di Desa Sikumbu Kec. Lingga Bayu,SELESAI,709500000,709500000
KAB. MANDAILING NATAL,DINAS KESEHATAN - 1.02.0.00.0.00.02.0000,8078344,41733351,2023,E-Katalog 5.0,APBD,PT.Bernofarm,E-Purchasing,Pengadaan Barang,Paracetamol/ Parasetamol tablet/kapsul/kaplet 500 mg,MELAKUKAN PENGIRIMAN DAN PENERIMAAN,1930000,1930000
KAB. MANDAILING NATAL,DINAS PENDIDIKAN DAN KEBUDAYAAN - 1.01.2.22.0.00.02.0000,2862373,40966252,2023,Tender,APBD,CV. RIZKI MANDIRI PERKASA,Tender,Pekerjaan Konstruksi,Pembangunan Ruang Perpustakaan Beserta Perabotnya SD Negeri 105 Adian Jior,SELESAI,207800000,207800000
KAB. MANDAILING NATAL,DINAS PERUMAHAN RAKYAT DAN KAWASAN PERMUKIMAN SERTA PERTANAHAN - 1.04.2.10.0.00.04.0000,3437373,41341712,2023,Non Tender,APBD,NARAMON FAJRI,Pengadaan Langsung,Pekerjaan Konstruksi,Pembangunan/ Rehabilitasi Jalan Lingkungan I di Kel. Panyabungan II Kec. Panyabungan,SELESAI,130460000,130460000
KAB. MANDAILING NATAL,DINAS PENDIDIKAN DAN KEBUDAYAAN - 1.01.2.22.0.00.02.0000,3536373,40966341,2023,Non Tender,APBD,CV. FERDIAN PUTRA,Pengadaan Langsung,Pekerjaan Konstruksi,Pembangunan Ruang UKS Beserta Perabotnya SD Negeri 122 Sayur Maincat,SELESAI,84450000,84450000
KAB. MANDAILING NATAL,DINAS PEKERJAAN UMUM DAN PENATAAN RUANG - 1.03.0.00.0.00.03.0000,3679373,44802028,2023,Non Tender,APBDP,cv. riski nauli,Pengadaan Langsung,Pekerjaan Konstruksi,Perbaikan SPAM Jaringan Perpipaan di Sampuran Harimau Desa Gunung Tua Julu,SELESAI,149001065,149001065
KAB. MANDAILING NATAL,RUMAH SAKIT UMUM DAERAH PANYABUNGAN - 1.02.0.00.0.00.02.0001,8300773,45589099,2023,E-Katalog 5.0,APBDP,PT.Elsyahfi Calibratech Mandiri,E-Purchasing,Pengadaan Barang,Bed Side Monitor / Patient Monitor / Vital Sign Monitor,PAKET SELESAI,8187000,8187000
KAB. MANDAILING NATAL,DINAS KESEHATAN - 1.02.0.00.0.00.02.0000,8129019,41733351,2023,E-Katalog 5.0,APBD,P.T. Dexa Medica,E-Purchasing,Pengadaan Barang,Cetirizine hydrochloride(HCl)/ Cetirizine/ Setirizin tablet/kapsul/kaplet 10 mg,MELAKUKAN PENGIRIMAN DAN PENERIMAAN,591000,591000
KAB. MANDAILING NATAL,BAGIAN UMUM SETDAKAB MANDAILING NATAL - 4.01.5.06.0.00.26.0009,3597373,44058408,2023,Non Tender,APBD,CV MAHARI PRATAMA,Pengadaan Langsung,Pekerjaan Konstruksi,Rehab dan Pengecetan di Lingkungan Rumah Dinas Wakil Bupati,SELESAI,124840000,124840000
KAB. MANDAILING NATAL,RUMAH SAKIT UMUM DAERAH PANYABUNGAN - 1.02.0.00.0.00.02.0001,7503899,42104658,2023,E-Katalog 5.0,BLUD,PT Yarindo Farmatama,E-Purchasing,Pengadaan Barang,Aripiprazol / Aripiprazole tablet dispersible ODT 10 mg,MELAKUKAN PENGIRIMAN DAN PENERIMAAN,13831000,13831000
KAB. MANDAILING NATAL,RUMAH SAKIT UMUM DAERAH PANYABUNGAN - 1.02.0.00.0.00.02.0001,4787288,42104658,2023,E-Katalog 5.0,BLUD,PT. Mersifarma Tirmaku Mercusana,E-Purchasing,Pengadaan Barang,Alprazolam tablet/kapsul/kaplet 1 mg,MELAKUKAN PENGIRIMAN DAN PENERIMAAN,990000,990000
KAB. MANDAILING NATAL,RUMAH SAKIT UMUM DAERAH PANYABUNGAN - 1.02.0.00.0.00.02.0001,3907233,42104658,2023,E-Katalog 5.0,BLUD,P.T. Dexa Medica,E-Purchasing,Pengadaan Barang,Gabapentin tablet/kapsul/kaplet 300 mg,MELAKUKAN PENGIRIMAN DAN PENERIMAAN,2850000,2850000
KAB. MANDAILING NATAL,DINAS KESEHATAN - 1.02.0.00.0.00.02.0000,8128803,41733351,2023,E-Katalog 5.0,APBD,P.T. Dexa Medica,E-Purchasing,Pengadaan Barang,Amlodipin/ Amlodipine/ Amlodipine besilate tablet/kapsul/kaplet 10 mg,MELAKUKAN PENGIRIMAN DAN PENERIMAAN,30000000,30000000
KAB. MANDAILING NATAL,DINAS PERTANIAN - 3.27.0.00.0.00.24.0000,3348373,41384009,2023,Non Tender,APBD,cv. andalas raya,Pengadaan Langsung,Pekerjaan Konstruksi,Pembangunan/Rehabilitasi Jalan Usaha Tani/Jalan Produksi Desa Pasar Muara Sipongi Kec. Muara Sipongi,SELESAI,125143000,125143000
KAB. MANDAILING NATAL,DINAS KESEHATAN - 1.02.0.00.0.00.02.0000,3555436,41733260,2023,E-Katalog 5.0,APBD,PT. Setia Anugrah Medika,E-Purchasing,Pengadaan Barang,GD VACUUM TUBE STERILE EDTA K-3  (3ML),MELAKUKAN PENGIRIMAN DAN PENERIMAAN,72821000,0
KAB. MANDAILING NATAL,RUMAH SAKIT UMUM DAERAH PANYABUNGAN - 1.02.0.00.0.00.02.0001,3776373,45589144,2023,Non Tender,APBDP,CV. Balakosa Consultant,Pengadaan Langsung,Jasa Konsultansi Badan Usaha Konstruksi,Review Gedung  Rawat Inap Pada RSUD Panyabungan di Panatapan,SELESAI,98873250,98873250
KAB. MANDAILING NATAL,RUMAH SAKIT UMUM DAERAH PANYABUNGAN - 1.02.0.00.0.00.02.0001,7272291,42104658,2023,E-Katalog 5.0,BLUD,PT. Amarox Pharma Global,E-Purchasing,Pengadaan Barang,ATORVASTATIN Tablet salut selaput 20 mg,MELAKUKAN PENGIRIMAN DAN PENERIMAAN,2664000,2664000
KAB. MANDAILING NATAL,DINAS PEKERJAAN UMUM DAN PENATAAN RUANG - 1.03.0.00.0.00.03.0000,2720373,40403773,2023,Tender,APBD,CV. Balakosa Consultant,Seleksi,Jasa Konsultansi Badan Usaha Konstruksi,Konsultansi Pengawasan Pembangunan Peningkatan dan Perluasan SPAM Jaringan Perpipaan Perdesaan Wilayah II,SELESAI,158140000,158140000
KAB. MANDAILING NATAL,DINAS KESEHATAN - 1.02.0.00.0.00.02.0000,3555282,41733260,2023,E-Katalog 5.0,APBD,PT. Setia Anugrah Medika,E-Purchasing,Pengadaan Barang,dBEST One Step Rapid Test Occult Blood  Strip Test,MELAKUKAN PENGIRIMAN DAN PENERIMAAN,135390000,0
KAB. MANDAILING NATAL,RUMAH SAKIT UMUM DAERAH PANYABUNGAN - 1.02.0.00.0.00.02.0001,4828128,42104658,2023,E-Katalog 5.0,BLUD,PT.Bernofarm,E-Purchasing,Pengadaan Barang,Levofloxacin hemihydrate/ Levofloxacin/Levofloksasin tablet salut selaput/kaplet salut selaput/ kaptab salut selaput 500 mg,MELAKUKAN PENGIRIMAN DAN PENERIMAAN,3500000,3500000
KAB. MANDAILING NATAL,BADAN PENANGGULANGAN BENCANA DAERAH - 1.05.0.00.0.00.06.0000,2885373,44105232,2023,Tender,APBD,PT. ARTEK UTAMA,Seleksi,Jasa Konsultansi Badan Usaha Non Konstruksi,Penyusunan Dokumen Rencana Penanggulangan Bencana (RPB),SELESAI,193400000,193400000
KAB. MANDAILING NATAL,DINAS PENDIDIKAN DAN KEBUDAYAAN - 1.01.2.22.0.00.02.0000,3133081,42339034,2023,E-Katalog 5.0,APBD,PT. Trisolah Suvarna Indonesia,E-Purchasing,Pengadaan Barang,Connector type C ke HDMI & VGA,MELAKUKAN PENGIRIMAN DAN PENERIMAAN,9875000,9875000
KAB. MANDAILING NATAL,RUMAH SAKIT UMUM DAERAH PANYABUNGAN - 1.02.0.00.0.00.02.0001,7783987,42104658,2023,E-Katalog 5.0,BLUD,PT ETANA BIOTECHNOLOGIES INDONESIA,E-Purchasing,Pengadaan Barang,Eritropoetin-alfa inj 3.000 IU,MELAKUKAN PENGIRIMAN DAN PENERIMAAN,23280000,23280000
KAB. MANDAILING NATAL,RUMAH SAKIT UMUM DAERAH PANYABUNGAN - 1.02.0.00.0.00.02.0001,6667855,42104658,2023,E-Katalog 5.0,BLUD,PT. Interbat,E-Purchasing,Pengadaan Barang,CITICOLINE 250 MG/2 ML INJEKSI,MELAKUKAN PENGIRIMAN DAN PENERIMAAN,1650000,1650000
KAB. MANDAILING NATAL,DINAS PERTANIAN - 3.27.0.00.0.00.24.0000,3586373,41383922,2023,Non Tender,APBD,CV. BERSAMA,Pengadaan Langsung,Pekerjaan Konstruksi,Renovasi/Perbaikan BPP di Kec. Simpang Gambir,SELESAI,47300000,47300000
KAB. MANDAILING NATAL,RUMAH SAKIT UMUM DAERAH PANYABUNGAN - 1.02.0.00.0.00.02.0001,3330383,42104658,2023,E-Katalog 5.0,BLUD,PT Frismed Hoslab Indonesia,E-Purchasing,Pengadaan Barang,DG Gel Sol,MELAKUKAN PENGIRIMAN DAN PENERIMAAN,1198800,0
KAB. MANDAILING NATAL,DINAS KESEHATAN - 1.02.0.00.0.00.02.0000,3961782,41733351,2023,E-Katalog 5.0,APBD,PT. Holi Pharma,E-Purchasing,Pengadaan Barang,Isoniazid tablet/kapsul/kaplet 300 mg,MELAKUKAN PENGIRIMAN DAN PENERIMAAN,9175000,9175000
KAB. MANDAILING NATAL,RUMAH SAKIT UMUM DAERAH PANYABUNGAN - 1.02.0.00.0.00.02.0001,6493792,42104658,2023,E-Katalog 5.0,BLUD,P.T. Dexa Medica,E-Purchasing,Pengadaan Barang,Valsartan tablet/kapsul/kaplet 160 mg,MELAKUKAN PENGIRIMAN DAN PENERIMAAN,4860000,4860000
KAB. MANDAILING NATAL,DINAS PERUMAHAN RAKYAT DAN KAWASAN PERMUKIMAN SERTA PERTANAHAN - 1.04.2.10.0.00.04.0000,3374373,41341689,2023,Non Tender,APBD,CV. AULIA RIZKI PRATAMA,Pengadaan Langsung,Pekerjaan Konstruksi,Pembangunan/ Rehabilitasi Jalan Lingkungan di Desa Simpang Tolang Julu Kec. Kotanopan,SELESAI,117650000,117650000
KAB. MANDAILING NATAL,DINAS PEKERJAAN UMUM DAN PENATAAN RUANG - 1.03.0.00.0.00.03.0000,3252373,40815470,2023,Non Tender,APBD,CV. AULIA RIZKI PRATAMA,Pengadaan Langsung,Pekerjaan Konstruksi,Rehabilitasi Tanggul Sungai Aek Pungkut Desa Hutapungkut Julu Kec. Kotanopan (DBH 2023),SELESAI,198000000,198000000
KAB. MANDAILING NATAL,DINAS PERHUBUNGAN - 2.15.0.00.0.00.16.0000,7886393,43503330,2023,E-Katalog 5.0,APBD,cv. bugis nauli,E-Purchasing,Pengadaan Barang,SYSTEM PARKIR OTOMATIS,PROSES KONTRAK PPK,239000000,239000000
KAB. MANDAILING NATAL,RUMAH SAKIT UMUM DAERAH PANYABUNGAN - 1.02.0.00.0.00.02.0001,8300773,45589099,2023,E-Katalog 5.0,APBDP,PT.Elsyahfi Calibratech Mandiri,E-Purchasing,Pengadaan Barang,Jasa Pengujian dan Kalibrasi Anestesi Machine,PAKET SELESAI,5275000,5275000
KAB. MANDAILING NATAL,RUMAH SAKIT UMUM DAERAH PANYABUNGAN - 1.02.0.00.0.00.02.0001,7212729,42104658,2023,E-Katalog 5.0,BLUD,PT. IFARS PHARMACEUTICAL LABORATORIES,E-Purchasing,Pengadaan Barang,Metronidazole/Metronidazol suspensi 125 mg/5 mL,MELAKUKAN PENGIRIMAN DAN PENERIMAAN,588800,588800
KAB. MANDAILING NATAL,DINAS KESEHATAN - 1.02.0.00.0.00.02.0000,3625416,41733260,2023,E-Katalog 5.0,APBD,PT. ERA MEDIKA ALKESINDO,E-Purchasing,Pengadaan Barang,KASA HIDROFIL 16 cm x 16 cm,MELAKUKAN PENGIRIMAN DAN PENERIMAAN,95472000,95472000
KAB. MANDAILING NATAL,RUMAH SAKIT UMUM DAERAH PANYABUNGAN - 1.02.0.00.0.00.02.0001,8300773,45589099,2023,E-Katalog 5.0,APBDP,PT.Elsyahfi Calibratech Mandiri,E-Purchasing,Pengadaan Barang,Jasa Pengujian dan/atau Kalibrasi Lampu Operasi / Operating Lamp,PAKET SELESAI,850000,850000
KAB. MANDAILING NATAL,RUMAH SAKIT UMUM DAERAH PANYABUNGAN - 1.02.0.00.0.00.02.0001,7209390,42104658,2023,E-Katalog 5.0,BLUD,PT.Bernofarm,E-Purchasing,Pengadaan Barang,Methylprednisolone Sodium Succinate/ Metilprednisolon/ Methylprednisolone inj 125 mg,MELAKUKAN PENGIRIMAN DAN PENERIMAAN,12240000,12240000
KAB. MANDAILING NATAL,RUMAH SAKIT UMUM DAERAH PANYABUNGAN - 1.02.0.00.0.00.02.0001,7336251,42555566,2023,E-Katalog 5.0,BLUD,PT.MEGA PRATAMA MEDICALINDO,E-Purchasing,Pengadaan Barang,Wheel Chair Alumunium FS 869 LX,MELAKUKAN PENGIRIMAN DAN PENERIMAAN,33550000,0
KAB. MANDAILING NATAL,DINAS PENGENDALIAN PENDUDUK DAN KELUARGA BERENCANA - 2.14.0.00.0.00.15.0000,6194452,40047481,2023,E-Katalog 5.0,APBD,PT. Intermedin Medical Instruments,E-Purchasing,Pengadaan Barang,MEIDEN IUD Kit,MELAKUKAN PENGIRIMAN DAN PENERIMAAN,136240000,136240000
KAB. MANDAILING NATAL,DINAS PENDIDIKAN DAN KEBUDAYAAN - 1.01.2.22.0.00.02.0000,2865373,40966245,2023,Tender,APBD,cv.bintang buana,Tender,Pekerjaan Konstruksi,Pembangunan Ruang Perpustakaan Beserta Perabotnya SD Negeri 368 Kampung Sawah,SELESAI,196084970,196084970
KAB. MANDAILING NATAL,DINAS PENDIDIKAN DAN KEBUDAYAAN - 1.01.2.22.0.00.02.0000,3133081,42339034,2023,E-Katalog 5.0,APBD,PT. Trisolah Suvarna Indonesia,E-Purchasing,Pengadaan Barang,LBR300 Wifi Router,MELAKUKAN PENGIRIMAN DAN PENERIMAAN,125000000,125000000
KAB. MANDAILING NATAL,DINAS KESEHATAN - 1.02.0.00.0.00.02.0000,3972882,41733351,2023,E-Katalog 5.0,APBD,NOVAPHARIN,E-Purchasing,Pengadaan Barang,Vitamin B Kompleks/ Vitamin B complex tablet,MELAKUKAN PENGIRIMAN DAN PENERIMAAN,8680000,8680000
KAB. MANDAILING NATAL,DINAS PENDIDIKAN DAN KEBUDAYAAN - 1.01.2.22.0.00.02.0000,2872373,40966241,2023,Tender,APBD,CV. BINTANG JAYA,Tender,Pekerjaan Konstruksi,Pembangunan Ruang Perpustakaan Beserta Perabotnya SD Negeri 023 Siabu,SELESAI,203049648,203049648
KAB. MANDAILING NATAL,RUMAH SAKIT UMUM DAERAH PANYABUNGAN - 1.02.0.00.0.00.02.0001,8300773,45589099,2023,E-Katalog 5.0,APBDP,PT.Elsyahfi Calibratech Mandiri,E-Purchasing,Pengadaan Barang,ENT Treatment,PAKET SELESAI,440000,440000
KAB. MANDAILING NATAL,RUMAH SAKIT UMUM DAERAH PANYABUNGAN - 1.02.0.00.0.00.02.0001,3330383,42104658,2023,E-Katalog 5.0,BLUD,PT Frismed Hoslab Indonesia,E-Purchasing,Pengadaan Barang,DG Gel Coombs,MELAKUKAN PENGIRIMAN DAN PENERIMAAN,3729600,0
KAB. MANDAILING NATAL,RUMAH SAKIT UMUM DAERAH PANYABUNGAN - 1.02.0.00.0.00.02.0001,7511512,42104658,2023,E-Katalog 5.0,BLUD,PT. Indofarma (Persero) Tbk,E-Purchasing,Pengadaan Barang,Isosorbide Dinitrate,MELAKUKAN PENGIRIMAN DAN PENERIMAAN,2170000,2170000
KAB. MANDAILING NATAL,RUMAH SAKIT UMUM DAERAH PANYABUNGAN - 1.02.0.00.0.00.02.0001,3445282,42104658,2023,E-Katalog 5.0,BLUD,NOVAPHARIN,E-Purchasing,Pengadaan Barang,Cetirizine hydrochloride(HCl)/ Cetirizine/ Setirizin tablet/kapsul/kaplet 10 mg,MELAKUKAN PENGIRIMAN DAN PENERIMAAN,760000,760000
KAB. MANDAILING NATAL,DINAS PENDIDIKAN DAN KEBUDAYAAN - 1.01.2.22.0.00.02.0000,2839373,40966390,2023,Tender,APBD,cv. riski nauli,Tender,Pekerjaan Konstruksi,Pembangunan ruang laboratorium komputer beserta perabotnya SD Negeri 123 Hutabargot Dolok,SELESAI,228244995,228244995
KAB. MANDAILING NATAL,DINAS PEKERJAAN UMUM DAN PENATAAN RUANG - 1.03.0.00.0.00.03.0000,3681373,44802012,2023,Non Tender,APBDP,CV. SINGOLOT MANIKAM PERSADA,Pengadaan Langsung,Pekerjaan Konstruksi,Peningkatan SPAM Jaringan Perpipaan di Panyabungan,SELESAI,199010560,199010560
KAB. MANDAILING NATAL,DINAS PENDIDIKAN DAN KEBUDAYAAN - 1.01.2.22.0.00.02.0000,3133842,42341145,2023,E-Katalog 5.0,APBD,PT. Trisolah Suvarna Indonesia,E-Purchasing,Pengadaan Barang,Proyektor VS16909,MELAKUKAN PENGIRIMAN DAN PENERIMAAN,8000000,8000000
KAB. MANDAILING NATAL,DINAS KEPENDUDUKAN DAN PENCATATAN SIPIL - 2.12.0.00.0.00.13.0000,3170373,41552928;41552929,2023,Non Tender,APBD,KENANGA MULTI TRADE,Pengadaan Langsung,Pengadaan Barang,Belanja Modal Alat Kantor dan Rumah Tangga,SELESAI,74370000,74370000
KAB. MANDAILING NATAL,DINAS PENDIDIKAN DAN KEBUDAYAAN - 1.01.2.22.0.00.02.0000,2794373,41023179,2023,Tender,APBD,CV. BERKAH QYMERA,Tender,Pekerjaan Konstruksi,Pembangunan Ruang UKS Beserta Perabotnya SMP Berkat Panyabungan,SELESAI,238349040,238349040
KAB. MANDAILING NATAL,RUMAH SAKIT UMUM DAERAH PANYABUNGAN - 1.02.0.00.0.00.02.0001,3760537,42104658,2023,E-Katalog 5.0,BLUD,PT.TOP POINT MEDICAL,E-Purchasing,Pengadaan Barang,TP Disposable Syringe 5 ML with Needle,MELAKUKAN PENGIRIMAN DAN PENERIMAAN,20900000,20900000
KAB. MANDAILING NATAL,DINAS KESEHATAN - 1.02.0.00.0.00.02.0000,3502068,41733260,2023,E-Katalog 5.0,APBD,PT. Mitra Bahagia Citra Medika,E-Purchasing,Pengadaan Barang,Hb Hemoglobin Test Strips,MELAKUKAN PENGIRIMAN DAN PENERIMAAN,62340000,0
KAB. MANDAILING NATAL,DINAS PEKERJAAN UMUM DAN PENATAAN RUANG - 1.03.0.00.0.00.03.0000,2702373,40403805,2023,Tender,APBD,CV MAKMUR MANDIRI,Tender,Pekerjaan Konstruksi,Perluasan SPAM Jaringan Perpipaan di Desa Lancat Kec. Lingga Bayu,SELESAI,840266845,840266845
KAB. MANDAILING NATAL,RUMAH SAKIT UMUM DAERAH PANYABUNGAN - 1.02.0.00.0.00.02.0001,6967654,42104658,2023,E-Katalog 5.0,BLUD,PT Boehringer Ingelheim Indonesia,E-Purchasing,Pengadaan Barang,Ipratropium bromide 0.52 mg ; Ipratropium bromide anhydrate 0.5 mg ;  Salbutamol sulfate 3.013 mg ; Salbutamol 2.5 mg,MELAKUKAN PENGIRIMAN DAN PENERIMAAN,7064000,0
KAB. MANDAILING NATAL,RUMAH SAKIT UMUM DAERAH PANYABUNGAN - 1.02.0.00.0.00.02.0001,5704193,42104658,2023,E-Katalog 5.0,BLUD,PT. Hexpharm Jaya Laboratories,E-Purchasing,Pengadaan Barang,Cefotaxime sodium/ Cefotaxime/ Sefotaksim serb inj 1.000 mg,MELAKUKAN PENGIRIMAN DAN PENERIMAAN,10200000,10200000
KAB. MANDAILING NATAL,DINAS PENDIDIKAN DAN KEBUDAYAAN - 1.01.2.22.0.00.02.0000,3495373,40966416,2023,Non Tender,APBD,CV. KENZO MAHAGANI,Pengadaan Langsung,Pekerjaan Konstruksi,Pembangunan Toilet (Jamban) Beserta Sanitasinya SD Negeri 142 Hutabaringin,SELESAI,139900000,139900000
KAB. MANDAILING NATAL,SEKRETARIAT DPRD KABUPATEN - 4.02.0.00.0.00.27.0000,3721373,45282807,2023,Non Tender,APBDP,CV. TORKIS LUBIS GROUP,Pengadaan Langsung,Pekerjaan Konstruksi,Rehabilitasi Tempat Parkir Kantor,SELESAI,199620000,199620000
KAB. MANDAILING NATAL,DINAS PEKERJAAN UMUM DAN PENATAAN RUANG - 1.03.0.00.0.00.03.0000,3330373,43447360,2023,Non Tender,APBD,CV. TUJUH RAJAWALI,Pengadaan Langsung,Pekerjaan Konstruksi,Rehabilitasi Jembatan Gantung Desa Huta Raja Kec. Ranto Baek,SELESAI,198500000,198500000
KAB. MANDAILING NATAL,DINAS PEKERJAAN UMUM DAN PENATAAN RUANG - 1.03.0.00.0.00.03.0000,2685373,40378839,2023,Tender,APBD,CV.Tunjung Biru,Tender,Pekerjaan Konstruksi,Peningkatan Jalan Simpang Jalan Negara -Sitaul-taul,SELESAI,449600000,449600000
KAB. MANDAILING NATAL,RUMAH SAKIT UMUM DAERAH PANYABUNGAN - 1.02.0.00.0.00.02.0001,7366552,42104658,2023,E-Katalog 5.0,BLUD,PT.TOP POINT MEDICAL,E-Purchasing,Pengadaan Barang,TP Disposable Syringe with Needle 10 ml,MELAKUKAN PENGIRIMAN DAN PENERIMAAN,2774200,2774200
KAB. MANDAILING NATAL,RUMAH SAKIT UMUM DAERAH PANYABUNGAN - 1.02.0.00.0.00.02.0001,4859072,42104658,2023,E-Katalog 5.0,BLUD,PT Otsuka Indonesia,E-Purchasing,Pengadaan Barang,Magnesium sulfate/ Magnesium sulfate heptahydrate/ Magnesium sulfat injeksi 40%v (i.v.) ampul plastik @ 25 mL.,MELAKUKAN PENGIRIMAN DAN PENERIMAAN,339660,339660
KAB. MANDAILING NATAL,DINAS PERTANIAN - 3.27.0.00.0.00.24.0000,3361373,41384042,2023,Non Tender,APBD,CV. BANGKIT BERSAMA GROUP,Pengadaan Langsung,Pekerjaan Konstruksi,Pembangunan/Rehabilitasi Jaringan Irigasi Desa Bondar Maino Desa Hutalombang Lubis Kec. Panyabungan,SELESAI,110308000,110308000
KAB. MANDAILING NATAL,DINAS PERTANIAN - 3.27.0.00.0.00.24.0000,5055990,41412638,2023,E-Katalog 5.0,APBD,cv. bugis nauli,E-Purchasing,Pengadaan Barang,BENIH JAGUNG HIBRIDA,MELAKUKAN PENGIRIMAN DAN PENERIMAAN,185625000,185625000
KAB. MANDAILING NATAL,DINAS KESEHATAN - 1.02.0.00.0.00.02.0000,3961577,41733351,2023,E-Katalog 5.0,APBD,PT. LUCAS DJAJA,E-Purchasing,Pengadaan Barang,Karbogliserin tetes telinga 10%,MELAKUKAN PENGIRIMAN DAN PENERIMAAN,13500000,13500000
KAB. MANDAILING NATAL,DINAS PERTANIAN - 3.27.0.00.0.00.24.0000,3321373,41384054,2023,Non Tender,APBD,CV. GORDANG SAMBILAN MANDAILING,Pengadaan Langsung,Pekerjaan Konstruksi,Pembangunan/Rehabilitasi Jaringan Irigasi Desa Muara Mais Jambur Kec. Tambangan,SELESAI,110308000,110308000
KAB. MANDAILING NATAL,RUMAH SAKIT UMUM DAERAH PANYABUNGAN - 1.02.0.00.0.00.02.0001,8300773,45589099,2023,E-Katalog 5.0,APBDP,PT.Elsyahfi Calibratech Mandiri,E-Purchasing,Pengadaan Barang,JASA PENGUJIAN DAN/ATAU KALIBRASI OPERATING TABLE / MEJA OPERASI,PAKET SELESAI,1170000,1170000
KAB. MANDAILING NATAL,DINAS PENDIDIKAN DAN KEBUDAYAAN - 1.01.2.22.0.00.02.0000,2819373,40966389,2023,Tender,APBD,CV. INSAN MANDIRI,Tender,Pekerjaan Konstruksi,Pembangunan ruang laboratorium komputer beserta perabotnya SD Negeri 122 Sayur Maincat,SELESAI,213894290,213894290
KAB. MANDAILING NATAL,DINAS PENDIDIKAN DAN KEBUDAYAAN - 1.01.2.22.0.00.02.0000,3532373,40966345,2023,Non Tender,APBD,CV.BAITANG KONTRAKTOR,Pengadaan Langsung,Pekerjaan Konstruksi,Pembangunan Ruang UKS Beserta Perabotnya SD Negeri 174 Sibanggor Tonga,SELESAI,84070000,84070000
KAB. MANDAILING NATAL,DINAS PEKERJAAN UMUM DAN PENATAAN RUANG - 1.03.0.00.0.00.03.0000,3146373,40403775,2023,Non Tender,APBD,CV. RENDER CONSULTANT,Pengadaan Langsung,Jasa Konsultansi Badan Usaha Konstruksi,Konsultansi Pengawasan Pembangunan Peningkatan dan Perluasan SPAM Jaringan Perpipaan Perdesaan Wilayah I,SELESAI,81000000,81000000
KAB. MANDAILING NATAL,DINAS KESEHATAN - 1.02.0.00.0.00.02.0000,3960201,41733351,2023,E-Katalog 5.0,APBD,PT Yarindo Farmatama,E-Purchasing,Pengadaan Barang,Asiklovir/Acyclovir/Aciclovir tablet/kapsul/kaplet 200 mg,MELAKUKAN PENGIRIMAN DAN PENERIMAAN,207600000,207600000
KAB. MANDAILING NATAL,DINAS PENDIDIKAN DAN KEBUDAYAAN - 1.01.2.22.0.00.02.0000,2867373,40966254,2023,Tender,APBD,CV. INSAN MANDIRI,Tender,Pekerjaan Konstruksi,Pembangunan Ruang Perpustakaan Beserta Perabotnya SD Negeri 174 Sibanggor Tonga,SELESAI,198042710,198042710
KAB. MANDAILING NATAL,DINAS PERUMAHAN RAKYAT DAN KAWASAN PERMUKIMAN SERTA PERTANAHAN - 1.04.2.10.0.00.04.0000,3442373,41341675,2023,Non Tender,APBD,CV. CENTRAL GRAFIKA PRINT,Pengadaan Langsung,Pekerjaan Konstruksi,Pembangunan/ Rehabilitasi Jalan Lingkungan di Gg. Keluarga Desa Panyabungan Jae Kec. Panyabungan,SELESAI,130350000,130350000
KAB. MANDAILING NATAL,RUMAH SAKIT UMUM DAERAH PANYABUNGAN - 1.02.0.00.0.00.02.0001,6097863,42104658,2023,E-Katalog 5.0,BLUD,PT.Bernofarm,E-Purchasing,Pengadaan Barang,ETHAMBUTOL HCl 500 mg TSS,MELAKUKAN PENGIRIMAN DAN PENERIMAAN,3500000,3500000
KAB. MANDAILING NATAL,DINAS KESEHATAN - 1.02.0.00.0.00.02.0000,7329186,41733260,2023,E-Katalog 5.0,APBD,PT RAFA TOPAZ UTAMA,E-Purchasing,Pengadaan Barang,NORMA-iDil3,PROSES KONTRAK PPK,8350000,0
KAB. MANDAILING NATAL,RUMAH SAKIT UMUM DAERAH PANYABUNGAN - 1.02.0.00.0.00.02.0001,4244270,42104658,2023,E-Katalog 5.0,BLUD,P.T. Dexa Medica,E-Purchasing,Pengadaan Barang,Kalsium glukonat/ Calcium gluconate inj 10%,MELAKUKAN PENGIRIMAN DAN PENERIMAAN,554400,554400
KAB. MANDAILING NATAL,RUMAH SAKIT UMUM DAERAH PANYABUNGAN - 1.02.0.00.0.00.02.0001,3907233,42104658,2023,E-Katalog 5.0,BLUD,P.T. Dexa Medica,E-Purchasing,Pengadaan Barang,Cefixime trihydrate/ Cefixime/ Sefiksim tablet/kapsul/kaplet 200 mg,MELAKUKAN PENGIRIMAN DAN PENERIMAAN,8250000,8250000
KAB. MANDAILING NATAL,RUMAH SAKIT UMUM DAERAH PANYABUNGAN - 1.02.0.00.0.00.02.0001,8300773,45589099,2023,E-Katalog 5.0,APBDP,PT.Elsyahfi Calibratech Mandiri,E-Purchasing,Pengadaan Barang,VENTILATOR,PAKET SELESAI,9675000,9675000
KAB. MANDAILING NATAL,DINAS PENDIDIKAN DAN KEBUDAYAAN - 1.01.2.22.0.00.02.0000,3503373,40966435,2023,Non Tender,APBD,CV. AGUNG SRIWIJAYA,Pengadaan Langsung,Pekerjaan Konstruksi,Pembangunan Toilet (Jamban) Beserta Sanitasinya SD Negeri 051 Bange,SELESAI,140000000,140000000
KAB. MANDAILING NATAL,RUMAH SAKIT UMUM DAERAH PANYABUNGAN - 1.02.0.00.0.00.02.0001,3629272,42104658,2023,E-Katalog 5.0,BLUD,P.T. Dexa Medica,E-Purchasing,Pengadaan Barang,Diclofenac sodium/ Natrium diklofenak tablet salut enterik/kaplet salut enterik 50 mg,MELAKUKAN PENGIRIMAN DAN PENERIMAAN,1250000,1250000
KAB. MANDAILING NATAL,DINAS KESEHATAN - 1.02.0.00.0.00.02.0000,6254630,41733260,2023,E-Katalog 5.0,APBD,PT. RAJAWALI NUSINDO,E-Purchasing,Pengadaan Barang,CYBOW 10 Reagent Strip for Urinalysis (Urobilinoge ),MELAKUKAN PENGIRIMAN DAN PENERIMAAN,9800000,0
KAB. MANDAILING NATAL,DINAS PENDIDIKAN DAN KEBUDAYAAN - 1.01.2.22.0.00.02.0000,3483373,40966439,2023,Non Tender,APBD,CV. MATAHARI ABADI,Pengadaan Langsung,Pekerjaan Konstruksi,Pembangunan Toilet (Jamban) Beserta Sanitasinya SD Negeri 367 Pardamean Baru,SELESAI,140200000,140200000
KAB. MANDAILING NATAL,DINAS KESEHATAN - 1.02.0.00.0.00.02.0000,8153646,41733351,2023,E-Katalog 5.0,APBD,PT.Bernofarm,E-Purchasing,Pengadaan Barang,Amoksisilin/ Amoxicillin/ Amoxicillin Trihydrate tablet/kapsul/kaplet/kaptab 500 mg,MELAKUKAN PENGIRIMAN DAN PENERIMAAN,1791000,1791000
KAB. MANDAILING NATAL,RUMAH SAKIT UMUM DAERAH PANYABUNGAN - 1.02.0.00.0.00.02.0001,8300773,45589099,2023,E-Katalog 5.0,APBDP,PT.Elsyahfi Calibratech Mandiri,E-Purchasing,Pengadaan Barang,Low-level laser therapy,PAKET SELESAI,765000,765000
KAB. MANDAILING NATAL,DINAS KEPENDUDUKAN DAN PENCATATAN SIPIL - 2.12.0.00.0.00.13.0000,3968903,41552974,2023,E-Katalog 5.0,APBD,PT. TRIKREASINDO MANDIRI SENTOSA,E-Purchasing,Pengadaan Barang,BMT20,PROSES KONTRAK PPK,57527700,57527700
KAB. MANDAILING NATAL,DINAS PARIWISATA - 3.26.0.00.0.00.23.0000,3471373,41237748,2023,Non Tender,APBD,CV. EFOD DESIGN CONSULTANT,Pengadaan Langsung,Jasa Konsultansi Badan Usaha Non Konstruksi,Jasa Konsultansi Perencanaan dan Pengawasan Konstruksi Destinasi Pariwisata,SELESAI,49739100,49739100
KAB. MANDAILING NATAL,DINAS PEKERJAAN UMUM DAN PENATAAN RUANG - 1.03.0.00.0.00.03.0000,3244373,40815477,2023,Non Tender,APBD,CV. PUTRA BARINGIN GROUP,Pengadaan Langsung,Pekerjaan Konstruksi,Rehabilitasi Tanggul Sungai Dusun Air Putih Desa Hadangkahan Kec. Batang Natal,SELESAI,146500000,146500000
KAB. MANDAILING NATAL,DINAS KESEHATAN - 1.02.0.00.0.00.02.0000,5621922,41733351,2023,E-Katalog 5.0,APBD,PT. Mersifarma Tirmaku Mercusana,E-Purchasing,Pengadaan Barang,Klorpromazin/Chlorpromazine Hydrochloride/ Chlorpromazine tablet/kapsul/kaplet 100 mg,MELAKUKAN PENGIRIMAN DAN PENERIMAAN,2415000,2415000
KAB. MANDAILING NATAL,DINAS PEKERJAAN UMUM DAN PENATAAN RUANG - 1.03.0.00.0.00.03.0000,3251373,40815471,2023,Non Tender,APBD,CV. BANGKIT BERSAMA GROUP,Pengadaan Langsung,Pekerjaan Konstruksi,Rehabilitasi Tanggul Sungai Pasar Batahan Kec. Batahan,SELESAI,146000000,146000000
KAB. MANDAILING NATAL,RUMAH SAKIT UMUM DAERAH PANYABUNGAN - 1.02.0.00.0.00.02.0001,8300773,45589099,2023,E-Katalog 5.0,APBDP,PT.Elsyahfi Calibratech Mandiri,E-Purchasing,Pengadaan Barang,Electrocardiograph / ECG / EKG,PAKET SELESAI,3250300,3250300
KAB. MANDAILING NATAL,DINAS KESEHATAN - 1.02.0.00.0.00.02.0000,3624991,41733260,2023,E-Katalog 5.0,APBD,PT. Likuid Pharmalab Indonesia,E-Purchasing,Pengadaan Barang,Masker,PROSES KONTRAK PPK,107665500,107665500
KAB. MANDAILING NATAL,DINAS PEKERJAAN UMUM DAN PENATAAN RUANG - 1.03.0.00.0.00.03.0000,3235373,40403077,2023,Non Tender,APBD,PT.REPUBLIC ENGINEERING CONSULTANT,Pengadaan Langsung,Jasa Konsultansi Badan Usaha Konstruksi,Konsultan Pengawasan Pembangunan Sistem Drainase Perkotaan dan Lingkungan,SELESAI,14735000,14735000
KAB. MANDAILING NATAL,DINAS KESEHATAN - 1.02.0.00.0.00.02.0000,3977538,41733351,2023,E-Katalog 5.0,APBD,P.T. Dexa Medica,E-Purchasing,Pengadaan Barang,"Methylergometrine Maleate/ Methylergometrine/ Metilergometrin inj 0,2 mg/ml",MELAKUKAN PENGIRIMAN DAN PENERIMAAN,1881250,1881250
KAB. MANDAILING NATAL,DINAS PEKERJAAN UMUM DAN PENATAAN RUANG - 1.03.0.00.0.00.03.0000,2729373,40395624,2023,Tender,APBD,CV. EMESI NATAMA CONSULTANT,Seleksi,Jasa Konsultansi Badan Usaha Konstruksi,Survei Kondisi Jalan dan Jembatan,SELESAI,199467000,199467000
KAB. MANDAILING NATAL,DINAS PENGENDALIAN PENDUDUK DAN KELUARGA BERENCANA - 2.14.0.00.0.00.15.0000,3448373,40047485,2023,Non Tender,APBD,PT. Alfa Scorpii,Pengadaan Langsung,Pengadaan Barang,Belanja Modal Kendaraan Bermotor Beroda Dua,SELESAI,195148912,195148912
KAB. MANDAILING NATAL,DINAS PERUMAHAN RAKYAT DAN KAWASAN PERMUKIMAN SERTA PERTANAHAN - 1.04.2.10.0.00.04.0000,3380373,41341694,2023,Non Tender,APBD,cv. riski nauli,Pengadaan Langsung,Pekerjaan Konstruksi,Pembangunan Jalan Lingkungan di Desa Banjar Aur Kec. Batahan,SELESAI,114070000,114070000
KAB. MANDAILING NATAL,RUMAH SAKIT UMUM DAERAH PANYABUNGAN - 1.02.0.00.0.00.02.0001,7673876,42555566,2023,E-Katalog 5.0,BLUD,PT. MITRA ASA PRATAMA,E-Purchasing,Pengadaan Barang,Jumper Dual Mode Infrared Thermometer (JPD-FR100+),MELAKUKAN PENGIRIMAN DAN PENERIMAAN,5935125,0
KAB. MANDAILING NATAL,RUMAH SAKIT UMUM DAERAH PANYABUNGAN - 1.02.0.00.0.00.02.0001,3772373,45589335,2023,Non Tender,APBDP,"SYARSAMAS ENGINEERING CONSULTANT,CV",Pengadaan Langsung,Jasa Konsultansi Badan Usaha Konstruksi,Perencanaan Pengelolaan Air Bersih Pada RSUD Panyabungan di Panatapan,SELESAI,49861193,49861193
KAB. MANDAILING NATAL,RUMAH SAKIT UMUM DAERAH PANYABUNGAN - 1.02.0.00.0.00.02.0001,4787288,42104658,2023,E-Katalog 5.0,BLUD,PT. Mersifarma Tirmaku Mercusana,E-Purchasing,Pengadaan Barang,"Alprazolam tablet/kapsul/kaplet 0,5 mg",MELAKUKAN PENGIRIMAN DAN PENERIMAAN,780000,780000
KAB. MANDAILING NATAL,RUMAH SAKIT UMUM DAERAH PANYABUNGAN - 1.02.0.00.0.00.02.0001,4782308,42104658,2023,E-Katalog 5.0,BLUD,PT. Indofarma (Persero) Tbk,E-Purchasing,Pengadaan Barang,Furosemide 40 mg,MELAKUKAN PENGIRIMAN DAN PENERIMAAN,6150000,6150000
KAB. MANDAILING NATAL,RUMAH SAKIT UMUM DAERAH PANYABUNGAN - 1.02.0.00.0.00.02.0001,7743139,42104658,2023,E-Katalog 5.0,BLUD,PT INTERSKALA MEDIKA INDONESIA,E-Purchasing,Pengadaan Barang,HBsAg Rapid Test,MELAKUKAN PENGIRIMAN DAN PENERIMAAN,4490000,4490000
KAB. MANDAILING NATAL,DINAS PEKERJAAN UMUM DAN PENATAAN RUANG - 1.03.0.00.0.00.03.0000,3240373,40815610,2023,Non Tender,APBD,CV. PUTRA BARINGIN GROUP,Pengadaan Langsung,Pekerjaan Konstruksi,Rehabilitasi Jaringan Irigasi Desa Ampung Julu Kec. Batang Natal,SELESAI,118000000,118000000
KAB. MANDAILING NATAL,DINAS PEKERJAAN UMUM DAN PENATAAN RUANG - 1.03.0.00.0.00.03.0000,2727373,40380572,2023,Tender,APBD,CV. Penus Graphindo Consultant,Seleksi,Jasa Konsultansi Badan Usaha Konstruksi,Jasa Konsultansi Pengawasan Kegiatan Bidang Bina Marga TA. 2023,SELESAI,297924000,297924000
KAB. MANDAILING NATAL,DINAS PEKERJAAN UMUM DAN PENATAAN RUANG - 1.03.0.00.0.00.03.0000,3701373,45090318,2023,Non Tender,APBDP,HQ PRATAMA CONSULTANT,Pengadaan Langsung,Jasa Konsultansi Badan Usaha Konstruksi,Penyusunan Dokumen Perencanaan Preservasi Jalan Simp. Bintungan Bejangkar - Simp. Kampung Kapas,SELESAI,49600000,49600000
KAB. MANDAILING NATAL,RUMAH SAKIT UMUM DAERAH PANYABUNGAN - 1.02.0.00.0.00.02.0001,5704193,42104658,2023,E-Katalog 5.0,BLUD,PT. Hexpharm Jaya Laboratories,E-Purchasing,Pengadaan Barang,Asam Mefenamat/Mefenamic acid tablet/kapsul/kaplet/kaptab 500 mg,MELAKUKAN PENGIRIMAN DAN PENERIMAAN,4200000,4200000
KAB. MANDAILING NATAL,DINAS KESEHATAN - 1.02.0.00.0.00.02.0000,3887402,41733351,2023,E-Katalog 5.0,APBD,PT. Kimia Farma Tbk,E-Purchasing,Pengadaan Barang,Eugenol Cairan,MELAKUKAN PENGIRIMAN DAN PENERIMAAN,3808440,3808440
KAB. MANDAILING NATAL,DINAS KESEHATAN - 1.02.0.00.0.00.02.0000,8078757,41733351,2023,E-Katalog 5.0,APBD,PT.Bernofarm,E-Purchasing,Pengadaan Barang,Paracetamol/ Parasetamol tablet/kapsul/kaplet 500 mg,MELAKUKAN PENGIRIMAN DAN PENERIMAAN,965000,965000
KAB. MANDAILING NATAL,DINAS KOPERASI USAHA KECIL DAN MENENGAH - 2.17.0.00.0.00.18.0000,3406373,41477320,2023,Non Tender,APBD,KENANGA MULTI TRADE,Pengadaan Langsung,Pengadaan Barang,Belanja Barang untuk Dijual/Diserahkan kepada Masyarakat,SELESAI,155677500,0
KAB. MANDAILING NATAL,RUMAH SAKIT UMUM DAERAH PANYABUNGAN - 1.02.0.00.0.00.02.0001,7213691,42104658,2023,E-Katalog 5.0,BLUD,PT. ETERCON PHARMA,E-Purchasing,Pengadaan Barang,Donepezil/ Donepezil Hydrochloride tablet salut selaput 5 mg,MELAKUKAN PENGIRIMAN DAN PENERIMAAN,1398600,1398600
KAB. MANDAILING NATAL,RUMAH SAKIT UMUM DAERAH PANYABUNGAN - 1.02.0.00.0.00.02.0001,5704193,42104658,2023,E-Katalog 5.0,BLUD,PT. Hexpharm Jaya Laboratories,E-Purchasing,Pengadaan Barang,Fitomenadion/ Phytomenadione/ Phytomenadion (Vitamin K1) injeksi 2 mg/ml (i.m.),MELAKUKAN PENGIRIMAN DAN PENERIMAAN,694400,694400
KAB. MANDAILING NATAL,DINAS PEKERJAAN UMUM DAN PENATAAN RUANG - 1.03.0.00.0.00.03.0000,2706373,40403618,2023,Tender,APBD,CV. PARADISE PARK,Tender,Pekerjaan Konstruksi,Peningkatan SPAM Jaringan Perpipaan di Desa Rao - rao Lombang Kec. Tambangan,SELESAI,921395839,921395839
KAB. MANDAILING NATAL,DINAS KESEHATAN - 1.02.0.00.0.00.02.0000,7329186,41733260,2023,E-Katalog 5.0,APBD,PT RAFA TOPAZ UTAMA,E-Purchasing,Pengadaan Barang,NORMA-iLyse3,PROSES KONTRAK PPK,13025000,0
KAB. MANDAILING NATAL,DINAS KEPENDUDUKAN DAN PENCATATAN SIPIL - 2.12.0.00.0.00.13.0000,3968903,41552974,2023,E-Katalog 5.0,APBD,PT. TRIKREASINDO MANDIRI SENTOSA,E-Purchasing,Pengadaan Barang,ENCODER DE - 620L,PROSES KONTRAK PPK,12192000,0
KAB. MANDAILING NATAL,DINAS PEKERJAAN UMUM DAN PENATAAN RUANG - 1.03.0.00.0.00.03.0000,3550373,42267874,2023,Non Tender,APBD,CV. ALDRICH PERDANA KARYA,Pengadaan Langsung,Pekerjaan Konstruksi,Rehabilitasi Kantor Polres Mandailing Natal,SELESAI,149800000,149800000
KAB. MANDAILING NATAL,DINAS KEPENDUDUKAN DAN PENCATATAN SIPIL - 2.12.0.00.0.00.13.0000,3765373,45557580,2023,Non Tender,APBDP,CV.RIZKI KARYA,Pengadaan Langsung,Pengadaan Barang,Belanja Modal Electric Generating Set,SELESAI,54945000,0
KAB. MANDAILING NATAL,RUMAH SAKIT UMUM DAERAH PANYABUNGAN - 1.02.0.00.0.00.02.0001,4790278,42104658,2023,E-Katalog 5.0,BLUD,PT.Bernofarm,E-Purchasing,Pengadaan Barang,Paracetamol/ Parasetamol infus 10 mg/Ml (TD),MELAKUKAN PENGIRIMAN DAN PENERIMAAN,6500000,6500000
KAB. MANDAILING NATAL,RUMAH SAKIT UMUM DAERAH PANYABUNGAN - 1.02.0.00.0.00.02.0001,6097863,42104658,2023,E-Katalog 5.0,BLUD,PT.Bernofarm,E-Purchasing,Pengadaan Barang,Paracetamol/ Parasetamol tablet/kapsul/kaplet 500 mg,MELAKUKAN PENGIRIMAN DAN PENERIMAAN,9250000,9250000
KAB. MANDAILING NATAL,DINAS KESEHATAN - 1.02.0.00.0.00.02.0000,3960092,41733351,2023,E-Katalog 5.0,APBD,PT. Hexpharm Jaya Laboratories,E-Purchasing,Pengadaan Barang,Glimepiride/ Glimepirid tablet/kapsul/kaplet 2 mg,MELAKUKAN PENGIRIMAN DAN PENERIMAAN,54000000,54000000
KAB. MANDAILING NATAL,DINAS PENDIDIKAN DAN KEBUDAYAAN - 1.01.2.22.0.00.02.0000,2837373,40966393,2023,Tender,APBD,CV. Tamaro Rejeki,Tender,Pekerjaan Konstruksi,Pembangunan ruang laboratorium komputer beserta perabotnya SD Negeri 152 Hutaraja,SELESAI,215981892,215981892
KAB. MANDAILING NATAL,DINAS PENDIDIKAN DAN KEBUDAYAAN - 1.01.2.22.0.00.02.0000,3519373,40966358,2023,Non Tender,APBD,CV. MATAHARI ABADI,Pengadaan Langsung,Pekerjaan Konstruksi,Pembangunan Ruang UKS Beserta Perabotnya SD Negeri 337 Kampung Kapas II,SELESAI,84340000,84340000
KAB. MANDAILING NATAL,DINAS KESEHATAN - 1.02.0.00.0.00.02.0000,3971358,41733351,2023,E-Katalog 5.0,APBD,PT HARSEN LABORATORIES,E-Purchasing,Pengadaan Barang,Bisakodil/Bisacodyl tablet salut/kaplet salut 5 mg,MELAKUKAN PENGIRIMAN DAN PENERIMAAN,907200,907200
KAB. MANDAILING NATAL,RUMAH SAKIT UMUM DAERAH PANYABUNGAN - 1.02.0.00.0.00.02.0001,6991179,42104658,2023,E-Katalog 5.0,BLUD,PT. Hexpharm Jaya Laboratories,E-Purchasing,Pengadaan Barang,Gabapentin tablet/kapsul/kaplet 300 mg,MELAKUKAN PENGIRIMAN DAN PENERIMAAN,5520000,5520000
KAB. MANDAILING NATAL,DINAS PEKERJAAN UMUM DAN PENATAAN RUANG - 1.03.0.00.0.00.03.0000,3246373,40815475,2023,Non Tender,APBD,CV. KREATIFITAS CEMERLANG,Pengadaan Langsung,Pekerjaan Konstruksi,Rehabilitasi Tanggul Sungai Desa Aek Garingging Kec. Lingga Bayu (DBH 2023),SELESAI,195300000,195300000
KAB. MANDAILING NATAL,DINAS KESEHATAN - 1.02.0.00.0.00.02.0000,3208373,43057683,2023,Non Tender,APBD,CV. TERMINAL PRINT,Pengadaan Langsung,Jasa Lainnya,Belanja Media Promosi Kesehatan,SELESAI,107277282,107277282
KAB. MANDAILING NATAL,DINAS PERTANIAN - 3.27.0.00.0.00.24.0000,4167766,43463657,2023,E-Katalog 5.0,APBD,CV. AULIA RIZKI PRATAMA,E-Purchasing,Pengadaan Barang,Bibit Kelapa Unggul,PROSES KONTRAK PPK,169695000,169695000
KAB. MANDAILING NATAL,RUMAH SAKIT UMUM DAERAH PANYABUNGAN - 1.02.0.00.0.00.02.0001,7511577,42104658,2023,E-Katalog 5.0,BLUD,PT ETANA BIOTECHNOLOGIES INDONESIA,E-Purchasing,Pengadaan Barang,Eritropoetin-alfa inj 3.000 IU,MELAKUKAN PENGIRIMAN DAN PENERIMAAN,15520000,15520000
KAB. MANDAILING NATAL,RUMAH SAKIT UMUM DAERAH PANYABUNGAN - 1.02.0.00.0.00.02.0001,8300773,45589099,2023,E-Katalog 5.0,APBDP,PT.Elsyahfi Calibratech Mandiri,E-Purchasing,Pengadaan Barang,HEMATOLOGY ANALYZER,PAKET SELESAI,510000,510000
KAB. MANDAILING NATAL,DINAS KESEHATAN - 1.02.0.00.0.00.02.0000,3460373,41733357,2023,Non Tender,APBD,cv. andalas raya,Pengadaan Langsung,Pekerjaan Konstruksi,Rahabilitasi Puskesmas Pembantu Lumban Dolok (Sumber Dana DBH-CHT),SELESAI,109577000,109577000
KAB. MANDAILING NATAL,DINAS PERTANIAN - 3.27.0.00.0.00.24.0000,4167781,43463664,2023,E-Katalog 5.0,APBD,CV. AULIA RIZKI PRATAMA,E-Purchasing,Pengadaan Barang,BIBIT Bibit Alpukat,PROSES KONTRAK PPK,161244600,161244600
KAB. MANDAILING NATAL,DINAS KESEHATAN - 1.02.0.00.0.00.02.0000,3887402,41733351,2023,E-Katalog 5.0,APBD,PT. Kimia Farma Tbk,E-Purchasing,Pengadaan Barang,Glibenklamid/ Glibenclamide tablet/kapsul/kaplet 5 mg,MELAKUKAN PENGIRIMAN DAN PENERIMAAN,33930000,33930000
KAB. MANDAILING NATAL,RUMAH SAKIT UMUM DAERAH PANYABUNGAN - 1.02.0.00.0.00.02.0001,5704193,42104658,2023,E-Katalog 5.0,BLUD,PT. Hexpharm Jaya Laboratories,E-Purchasing,Pengadaan Barang,Ciprofloxacin hydrochloride (HCl)/ Ciprofloxacin Lactate/ Ciprofloxacin/ Siprofloksasin tablet/kapsul/kaplet 500 mg,MELAKUKAN PENGIRIMAN DAN PENERIMAAN,1800000,1800000
KAB. MANDAILING NATAL,RUMAH SAKIT UMUM DAERAH PANYABUNGAN - 1.02.0.00.0.00.02.0001,7784520,42104658,2023,E-Katalog 5.0,BLUD,PT. Hexpharm Jaya Laboratories,E-Purchasing,Pengadaan Barang,Bisoprolol/Bisoprolol Fumarate tablet/kapsul/kaplet 5 mg,MELAKUKAN PENGIRIMAN DAN PENERIMAAN,100000,100000
KAB. MANDAILING NATAL,RUMAH SAKIT UMUM DAERAH PANYABUNGAN - 1.02.0.00.0.00.02.0001,8300773,45589099,2023,E-Katalog 5.0,APBDP,PT.Elsyahfi Calibratech Mandiri,E-Purchasing,Pengadaan Barang,Baby Incubator / Infant Incubator / Incubator Bayi,PAKET SELESAI,3927375,3927375
KAB. MANDAILING NATAL,DINAS KESEHATAN - 1.02.0.00.0.00.02.0000,3624602,41733260,2023,E-Katalog 5.0,APBD,PT MAKMUR JAYA HEALTHINDO,E-Purchasing,Pengadaan Barang,QILAN Disposable Syringe With Needle 20 ML,MELAKUKAN PENGIRIMAN DAN PENERIMAAN,2568000,2568000
KAB. MANDAILING NATAL,DINAS PERUMAHAN RAKYAT DAN KAWASAN PERMUKIMAN SERTA PERTANAHAN - 1.04.2.10.0.00.04.0000,2742373,41341724,2023,Tender,APBD,PT. TRIJAYA UTAMA KONSULTAN,Seleksi,Jasa Konsultansi Badan Usaha Konstruksi,Penyusunan Rencana Pembangunan Kawasan Permukiman Prioritas (RPKPP),SELESAI,275800000,275800000
KAB. MANDAILING NATAL,DINAS PENDIDIKAN DAN KEBUDAYAAN - 1.01.2.22.0.00.02.0000,2833373,40966402,2023,Tender,APBD,CV. NAURA KARYA CONTRACTOR,Tender,Pekerjaan Konstruksi,Pembangunan ruang laboratorium komputer beserta perabotnya SD Negeri 175 Huta Tinggi,SELESAI,222194787,222194787
KAB. MANDAILING NATAL,RUMAH SAKIT UMUM DAERAH PANYABUNGAN - 1.02.0.00.0.00.02.0001,6493792,42104658,2023,E-Katalog 5.0,BLUD,P.T. Dexa Medica,E-Purchasing,Pengadaan Barang,Valsartan tablet/kapsul/kaplet 80 mg,MELAKUKAN PENGIRIMAN DAN PENERIMAAN,1296000,1296000
KAB. MANDAILING NATAL,BAGIAN UMUM SETDAKAB MANDAILING NATAL - 4.01.5.06.0.00.26.0009,3344373,41238369,2023,Non Tender,APBD,KENANGA MULTI TRADE,Pengadaan Langsung,Pengadaan Barang,Belanja Modal Alat Pendingin,SELESAI,175102000,175102000
KAB. MANDAILING NATAL,DINAS PENDIDIKAN DAN KEBUDAYAAN - 1.01.2.22.0.00.02.0000,3651373,40966318,2023,Non Tender,APBD,CV. PUTRA PRATAMA,Pengadaan Langsung,Pekerjaan Konstruksi,Pembangunan Ruang Unit Kesehatan Sekolah SD Negeri 235 Patahajang,SELESAI,79749995,79749995
KAB. MANDAILING NATAL,RUMAH SAKIT UMUM DAERAH PANYABUNGAN - 1.02.0.00.0.00.02.0001,7784854,42104658,2023,E-Katalog 5.0,BLUD,PT. Interbat,E-Purchasing,Pengadaan Barang,Metoclopramide hydrochloride (HCl)/ Metoclopramide/ Metoklopramid inj 5 mg/mL,MELAKUKAN PENGIRIMAN DAN PENERIMAAN,3742500,3742500
KAB. MANDAILING NATAL,BADAN PENGELOLAAN KEUANGAN DAN ASET DAERAH - 5.02.0.00.0.00.28.0000,3399373,43676278,2023,Non Tender,APBD,CV. TIARA CIDORAS,Pengadaan Langsung,Pengadaan Barang,Belanja Alat/Bahan untuk Kegiatan Kantor- Alat Tulis Kantor,SELESAI,75480000,75480000
KAB. MANDAILING NATAL,DINAS PERTANIAN - 3.27.0.00.0.00.24.0000,3356373,41384057,2023,Non Tender,APBD,CV.Tunjung Biru,Pengadaan Langsung,Pekerjaan Konstruksi,Pembangunan/Rehabilitasi Jaringan Irigasi Saba Sialang Desa Lumban Dolok Kec. Siabu,SELESAI,110158000,110158000
KAB. MANDAILING NATAL,RUMAH SAKIT UMUM DAERAH PANYABUNGAN - 1.02.0.00.0.00.02.0001,4823253,42104658,2023,E-Katalog 5.0,BLUD,PT. Mahakam Beta Farma,E-Purchasing,Pengadaan Barang,Tramadol inj 50 mg/ml,MELAKUKAN PENGIRIMAN DAN PENERIMAAN,4440000,4440000
KAB. MANDAILING NATAL,RUMAH SAKIT UMUM DAERAH PANYABUNGAN - 1.02.0.00.0.00.02.0001,5708486,42104658,2023,E-Katalog 5.0,BLUD,PT Otsuka Indonesia,E-Purchasing,Pengadaan Barang,"Larutan mengandung Asam Amino  7% ,total protein 17,5 g, @ 200 mL",MELAKUKAN PENGIRIMAN DAN PENERIMAAN,1092000,1092000
KAB. MANDAILING NATAL,RUMAH SAKIT UMUM DAERAH PANYABUNGAN - 1.02.0.00.0.00.02.0001,4244270,42104658,2023,E-Katalog 5.0,BLUD,P.T. Dexa Medica,E-Purchasing,Pengadaan Barang,"Levofloxacin hemihydrate/ Levofloxacin/ Levofloksasin inf 5 mg/mL, 100 mL",MELAKUKAN PENGIRIMAN DAN PENERIMAAN,6615000,6615000
KAB. MANDAILING NATAL,DINAS PERTANIAN - 3.27.0.00.0.00.24.0000,3319373,41384047,2023,Non Tender,APBD,CV. BERSAMA,Pengadaan Langsung,Pekerjaan Konstruksi,Pembangunan/Rehabilitasi Jaringan Irigasi Desa Pasar Hutabargot Kec. Hutabargot,SELESAI,110208000,110208000
KAB. MANDAILING NATAL,RUMAH SAKIT UMUM DAERAH PANYABUNGAN - 1.02.0.00.0.00.02.0001,5041924,42104658,2023,E-Katalog 5.0,BLUD,P.T. Dexa Medica,E-Purchasing,Pengadaan Barang,Ramipril tablet/kapsul/kaplet 5 mg,MELAKUKAN PENGIRIMAN DAN PENERIMAAN,1600000,1600000
KAB. MANDAILING NATAL,DINAS KESEHATAN - 1.02.0.00.0.00.02.0000,4101714,41733351,2023,E-Katalog 5.0,APBD,PT.Bernofarm,E-Purchasing,Pengadaan Barang,Furosemid/ Furosemide inj 10 mg/mL (i.v./i.m),MELAKUKAN PENGIRIMAN DAN PENERIMAAN,34000000,34000000
KAB. MANDAILING NATAL,RUMAH SAKIT UMUM DAERAH PANYABUNGAN - 1.02.0.00.0.00.02.0001,7375104,42104658,2023,E-Katalog 5.0,BLUD,PT Glaxo Wellcome Indonesia,E-Purchasing,Pengadaan Barang,"Kombinasi: salmeterol 50 mcg + flutikason propionat 250 mcg, ih 250 mcg/puff",MELAKUKAN PENGIRIMAN DAN PENERIMAAN,12738528,0
KAB. MANDAILING NATAL,RUMAH SAKIT UMUM DAERAH PANYABUNGAN - 1.02.0.00.0.00.02.0001,7609109,42104658,2023,E-Katalog 5.0,BLUD,PT. Amarox Pharma Global,E-Purchasing,Pengadaan Barang,ATORVASTATIN Tablet salut selaput 20 mg,MELAKUKAN PENGIRIMAN DAN PENERIMAAN,7992000,7992000
KAB. MANDAILING NATAL,BAGIAN UMUM SETDAKAB MANDAILING NATAL - 4.01.5.06.0.00.26.0009,3596373,44058450,2023,Non Tender,APBD,cv. riski nauli,Pengadaan Langsung,Pekerjaan Konstruksi,Rehab dan Pengecetan Gedung Utama dan Gedung Kantor Sekretariat Daerah,SELESAI,174770000,174770000
KAB. MANDAILING NATAL,DINAS KESEHATAN - 1.02.0.00.0.00.02.0000,5620668,41733260,2023,E-Katalog 5.0,APBD,PT Jayamas Medica Industri,E-Purchasing,Pengadaan Barang,Stool Container,MELAKUKAN PENGIRIMAN DAN PENERIMAAN,6061000,6061000
KAB. MANDAILING NATAL,DINAS KESEHATAN - 1.02.0.00.0.00.02.0000,3981637,41733351,2023,E-Katalog 5.0,APBD,PT Otsuka Indonesia,E-Purchasing,Pengadaan Barang,Magnesium sulfate/ Magnesium sulfate heptahydrate/ Magnesium sulfat injeksi 20%v (i.v.) Ampul plastik@ 25 mL.,MELAKUKAN PENGIRIMAN DAN PENERIMAAN,1969308,1969308
KAB. MANDAILING NATAL,RUMAH SAKIT UMUM DAERAH PANYABUNGAN - 1.02.0.00.0.00.02.0001,3203914,42104658,2023,E-Katalog 5.0,BLUD,PT Ethica Industri Farmasi,E-Purchasing,Pengadaan Barang,"Atracurium Besilate/ Atracurium Besylate/ Atrakurium injeksi 10mg/mL ampul @ 2,5 mL",MELAKUKAN PENGIRIMAN DAN PENERIMAAN,348000,348000
KAB. MANDAILING NATAL,DINAS PEKERJAAN UMUM DAN PENATAAN RUANG - 1.03.0.00.0.00.03.0000,3265373,40815600,2023,Non Tender,APBD,CV. RENDER CONSULTANT,Pengadaan Langsung,Jasa Konsultansi Badan Usaha Konstruksi,Konsultansi Pengawasan Kegiatan Pengembangan dan Pengelolaan Sistem Irigasi Primer dan Sekunder Pada Daerah Irigasi Yang Luasnya di Bawah 1000 Ha Dalam 1 (Satu) Daerah Kabupaten,SELESAI,99000000,99000000
KAB. MANDAILING NATAL,DINAS KESEHATAN - 1.02.0.00.0.00.02.0000,3522756,41733260,2023,E-Katalog 5.0,APBD,PT. Likuid Pharmalab Indonesia,E-Purchasing,Pengadaan Barang,BAYMED Alkohol Swab,MELAKUKAN PENGIRIMAN DAN PENERIMAAN,20230000,20230000
KAB. MANDAILING NATAL,BADAN PENDAPATAN DAERAH - 5.02.0.00.0.00.30.0000,3727373,45243940,2023,Non Tender,APBDP,KENANGA MULTI TRADE,Pengadaan Langsung,Pengadaan Barang,Belanja Modal Komputer,SELESAI,199911000,0
KAB. MANDAILING NATAL,DINAS KESEHATAN - 1.02.0.00.0.00.02.0000,3972882,41733351,2023,E-Katalog 5.0,APBD,NOVAPHARIN,E-Purchasing,Pengadaan Barang,Chlorphenamine Maleate/ Klorfeniramin tablet/kapsul/kaplet 4 mg,MELAKUKAN PENGIRIMAN DAN PENERIMAAN,16500000,16500000
KAB. MANDAILING NATAL,DINAS KESEHATAN - 1.02.0.00.0.00.02.0000,3624602,41733260,2023,E-Katalog 5.0,APBD,PT MAKMUR JAYA HEALTHINDO,E-Purchasing,Pengadaan Barang,QILAN Disposable Syringe With Needle 1 ML,MELAKUKAN PENGIRIMAN DAN PENERIMAAN,38257000,38257000
KAB. MANDAILING NATAL,DINAS PENDIDIKAN DAN KEBUDAYAAN - 1.01.2.22.0.00.02.0000,3659373,40966706,2023,Non Tender,APBD,CV. NABILA,Pengadaan Langsung,Pekerjaan Konstruksi,Pembangunan Ruang Kelas Baru SD Negeri 019 Bonan Dolok,SELESAI,199400044,199400044
KAB. MANDAILING NATAL,RUMAH SAKIT UMUM DAERAH PANYABUNGAN - 1.02.0.00.0.00.02.0001,3444977,42104658,2023,E-Katalog 5.0,BLUD,P.T. Dexa Medica,E-Purchasing,Pengadaan Barang,Clopidogrel bisulfate/ Clopidogrel/ Clopidogrel hydrogen sulfate/ Klopidogrel tablet/kapsul/kaplet 75 mg,MELAKUKAN PENGIRIMAN DAN PENERIMAAN,2100000,2100000
KAB. MANDAILING NATAL,DINAS PERUMAHAN RAKYAT DAN KAWASAN PERMUKIMAN SERTA PERTANAHAN - 1.04.2.10.0.00.04.0000,3763373,45529601,2023,Non Tender,APBDP,Bejana Utama,Pengadaan Langsung,Pekerjaan Konstruksi,Pembangunan Jalan Lingkungan di Titi Kuning Menuju Gg Perintis Kec. Panyabungan,SELESAI,98990000,98990000
KAB. MANDAILING NATAL,DINAS PEKERJAAN UMUM DAN PENATAAN RUANG - 1.03.0.00.0.00.03.0000,3160373,42267902,2023,Non Tender,APBD,CV. RENDER CONSULTANT,Pengadaan Langsung,Jasa Konsultansi Badan Usaha Konstruksi,Jasa Konsultansi Perencanaan Program Penataan Bangunan Gedung,SELESAI,99761000,99761000
KAB. MANDAILING NATAL,RUMAH SAKIT UMUM DAERAH PANYABUNGAN - 1.02.0.00.0.00.02.0001,8270551,42104658,2023,E-Katalog 5.0,BLUD,PT Glaxo Wellcome Indonesia,E-Purchasing,Pengadaan Barang,"Kombinasi: salmeterol 50 mcg + flutikason propionat 250 mcg, ih 250 mcg/puff",MELAKUKAN PENGIRIMAN DAN PENERIMAAN,6369264,0
KAB. MANDAILING NATAL,DINAS KEPENDUDUKAN DAN PENCATATAN SIPIL - 2.12.0.00.0.00.13.0000,3425717,41552902,2023,E-Katalog 5.0,APBD,Mitra Tech Sejahtera,E-Purchasing,Pengadaan Barang,Ribbon Color YMCKO R5FP00308,MELAKUKAN PENGIRIMAN DAN PENERIMAAN,211734000,0
KAB. MANDAILING NATAL,DINAS PERHUBUNGAN - 2.15.0.00.0.00.16.0000,3277373,43503124,2023,Non Tender,APBD,CV. KENZO MAHAGANI,Pengadaan Langsung,Pengadaan Barang,Pengadaan dan Pemasangan LPJU Konvensional di Median Jalan Rs. Jalan Lidang - Pidoli,SELESAI,153071000,0
KAB. MANDAILING NATAL,DINAS KESEHATAN - 1.02.0.00.0.00.02.0000,3960092,41733351,2023,E-Katalog 5.0,APBD,PT. Hexpharm Jaya Laboratories,E-Purchasing,Pengadaan Barang,Omeprazol/Omeprazole tablet/kapsul/kaplet 20 mg,MELAKUKAN PENGIRIMAN DAN PENERIMAAN,29232000,29232000
KAB. MANDAILING NATAL,DINAS KESEHATAN - 1.02.0.00.0.00.02.0000,3606373,41733365,2023,Non Tender,APBD,CV. RAO JAYA,Pengadaan Langsung,Pekerjaan Konstruksi,Rehabilitasi Puskesmas Kotanopan,SELESAI,99883000,99883000
KAB. MANDAILING NATAL,DINAS PERUMAHAN RAKYAT DAN KAWASAN PERMUKIMAN SERTA PERTANAHAN - 1.04.2.10.0.00.04.0000,3594373,41341717,2023,Non Tender,APBD,CV. BUANA PERKASA,Pengadaan Langsung,Pekerjaan Konstruksi,Pembangunan/ Rehabilitasi Jalan Lingkungan di Desa Huraba II Kec. Siabu,SELESAI,112190000,112190000
KAB. MANDAILING NATAL,DINAS PERPUSTAKAAN DAN KEARSIPAN - 2.23.2.24.0.00.21.0000,3176373,41553566,2023,Non Tender,APBD,CV. KREASI KENANGA,Pengadaan Langsung,Pengadaan Barang,Belanja Modal Bahan Perpustakaan Tercetak,SELESAI,79325000,0
KAB. MANDAILING NATAL,DINAS KESEHATAN - 1.02.0.00.0.00.02.0000,5537364,41733260,2023,E-Katalog 5.0,APBD,PT Jayamas Medica Industri,E-Purchasing,Pengadaan Barang,Umbilical Cord Clamp,MELAKUKAN PENGIRIMAN DAN PENERIMAAN,7768224,7768224
KAB. MANDAILING NATAL,DINAS PENDIDIKAN DAN KEBUDAYAAN - 1.01.2.22.0.00.02.0000,3492373,40966444,2023,Non Tender,APBD,CV. FAATHIR RIZKA,Pengadaan Langsung,Pekerjaan Konstruksi,Pembangunan Toilet (Jamban) Beserta Sanitasinya SD Negeri 174 Sibanggor Tonga,SELESAI,140428000,140428000
KAB. MANDAILING NATAL,RUMAH SAKIT UMUM DAERAH PANYABUNGAN - 1.02.0.00.0.00.02.0001,7783648,42104658,2023,E-Katalog 5.0,BLUD,PT.TOP POINT MEDICAL,E-Purchasing,Pengadaan Barang,TP Disposable Syringe with Needle 1ml,MELAKUKAN PENGIRIMAN DAN PENERIMAAN,915000,915000
KAB. MANDAILING NATAL,RUMAH SAKIT UMUM DAERAH PANYABUNGAN - 1.02.0.00.0.00.02.0001,3113466,42104658,2023,E-Katalog 5.0,BLUD,PT.Bernofarm,E-Purchasing,Pengadaan Barang,Meropenem/ Meropenem Trihydrate serb inj 1.000 mg,MELAKUKAN PENGIRIMAN DAN PENERIMAAN,20250000,20250000
KAB. MANDAILING NATAL,DINAS PENDIDIKAN DAN KEBUDAYAAN - 1.01.2.22.0.00.02.0000,3529373,40966348,2023,Non Tender,APBD,CV. RAO JAYA,Pengadaan Langsung,Pekerjaan Konstruksi,Pembangunan Ruang UKS Beserta Perabotnya SD Negeri 213 Hutaimbaru,SELESAI,84382700,84382700
KAB. MANDAILING NATAL,RUMAH SAKIT UMUM DAERAH PANYABUNGAN - 1.02.0.00.0.00.02.0001,6388752,42104658,2023,E-Katalog 5.0,BLUD,PT BINABAKTI NIAGAPERKASA,E-Purchasing,Pengadaan Barang,Laryseal Clear (038-94-320),MELAKUKAN PENGIRIMAN DAN PENERIMAAN,324000,0
KAB. MANDAILING NATAL,RUMAH SAKIT UMUM DAERAH PANYABUNGAN - 1.02.0.00.0.00.02.0001,6607574,42104658,2023,E-Katalog 5.0,BLUD,PT. ETERCON PHARMA,E-Purchasing,Pengadaan Barang,Donepezil/ Donepezil Hydrochloride tablet salut selaput 5 mg,MELAKUKAN PENGIRIMAN DAN PENERIMAAN,1398600,1398600
KAB. MANDAILING NATAL,DINAS KESEHATAN - 1.02.0.00.0.00.02.0000,3971537,41733351,2023,E-Katalog 5.0,APBD,PT. MEPROFARM,E-Purchasing,Pengadaan Barang,DIAZEPAM Injeksi,MELAKUKAN PENGIRIMAN DAN PENERIMAAN,2317500,2317500
KAB. MANDAILING NATAL,DINAS KESEHATAN - 1.02.0.00.0.00.02.0000,8153600,41733351,2023,E-Katalog 5.0,APBD,PT.Bernofarm,E-Purchasing,Pengadaan Barang,Amoksisilin/ Amoxicillin/ Amoxicillin Trihydrate tablet/kapsul/kaplet/kaptab 500 mg,MELAKUKAN PENGIRIMAN DAN PENERIMAAN,4776000,4776000
KAB. MANDAILING NATAL,DINAS PENDIDIKAN DAN KEBUDAYAAN - 1.01.2.22.0.00.02.0000,3577373,40966419,2023,Non Tender,APBD,CV. LASMANA KARYA,Pengadaan Langsung,Pekerjaan Konstruksi,Pembangunan Toilet (Jamban) Beserta Sanitasinya SD Negeri 161 Bangun Purba,SELESAI,140130000,140130000
KAB. MANDAILING NATAL,DINAS KESEHATAN - 1.02.0.00.0.00.02.0000,3607058,41733260,2023,E-Katalog 5.0,APBD,PT. Likuid Pharmalab Indonesia,E-Purchasing,Pengadaan Barang,bayMEDIKA Nasal Oxygen Cannula,MELAKUKAN PENGIRIMAN DAN PENERIMAAN,18187500,18187500
KAB. MANDAILING NATAL,DINAS PERDAGANGAN - 3.30.3.31.0.00.25.0000,3413373,41667213,2023,Non Tender,APBD,CV. AL-MAIRI,Pengadaan Langsung,Pekerjaan Konstruksi,Pengecetan Pasar Tamiang Kecamatan Kotanopan,SELESAI,29700000,29700000
KAB. MANDAILING NATAL,RUMAH SAKIT UMUM DAERAH PANYABUNGAN - 1.02.0.00.0.00.02.0001,7641519,42104658,2023,E-Katalog 5.0,BLUD,PT.Bernofarm,E-Purchasing,Pengadaan Barang,Ceftriaxone/ Ceftriaxone Sodium/ Seftriakson inj 1.000 mg @100,MELAKUKAN PENGIRIMAN DAN PENERIMAAN,29000000,29000000
KAB. MANDAILING NATAL,DINAS PENDIDIKAN DAN KEBUDAYAAN - 1.01.2.22.0.00.02.0000,3133842,42341145,2023,E-Katalog 5.0,APBD,PT. Trisolah Suvarna Indonesia,E-Purchasing,Pengadaan Barang,Connector type C ke HDMI & VGA,MELAKUKAN PENGIRIMAN DAN PENERIMAAN,197500,197500
KAB. MANDAILING NATAL,DINAS KESEHATAN - 1.02.0.00.0.00.02.0000,4071205,41775983,2023,E-Katalog 5.0,APBD,PT.Mikrotek Komputindo,E-Purchasing,Pengadaan Barang,EPSON ECOTANK L3210,MELAKUKAN PENGIRIMAN DAN PENERIMAAN,12160000,0
KAB. MANDAILING NATAL,DINAS PENDIDIKAN DAN KEBUDAYAAN - 1.01.2.22.0.00.02.0000,3513373,40966327,2023,Non Tender,APBD,CV. PANGALAIS,Pengadaan Langsung,Pekerjaan Konstruksi,Pembangunan Ruang UKS Beserta Perabotnya SD Negeri 368 Kampung Sawah,SELESAI,84600000,84600000
KAB. MANDAILING NATAL,DINAS KESEHATAN - 1.02.0.00.0.00.02.0000,8078344,41733351,2023,E-Katalog 5.0,APBD,PT.Bernofarm,E-Purchasing,Pengadaan Barang,Amlodipin/ Amlodipine/ Amlodipine besilate tablet/kapsul/kaplet 10 mg,MELAKUKAN PENGIRIMAN DAN PENERIMAAN,1449000,1449000
KAB. MANDAILING NATAL,DINAS KESEHATAN - 1.02.0.00.0.00.02.0000,5536602,41733260,2023,E-Katalog 5.0,APBD,PT. MEGA KREASI ALKESINDO,E-Purchasing,Pengadaan Barang,Kasa Hidrofil Verband 4 YARD X 15 CM,MELAKUKAN PENGIRIMAN DAN PENERIMAAN,74450000,74450000
KAB. MANDAILING NATAL,RUMAH SAKIT UMUM DAERAH PANYABUNGAN - 1.02.0.00.0.00.02.0001,3629272,42104658,2023,E-Katalog 5.0,BLUD,P.T. Dexa Medica,E-Purchasing,Pengadaan Barang,"Bisoprolol/Bisoprolol Fumarate tablet/kapsul/kaplet 2,5 mg",MELAKUKAN PENGIRIMAN DAN PENERIMAAN,1420000,1420000
KAB. MANDAILING NATAL,RUMAH SAKIT UMUM DAERAH PANYABUNGAN - 1.02.0.00.0.00.02.0001,3264178,42104658,2023,E-Katalog 5.0,BLUD,PT. Mahakam Beta Farma,E-Purchasing,Pengadaan Barang,Meloxicam 15 mg tablet,MELAKUKAN PENGIRIMAN DAN PENERIMAAN,1473000,1473000
KAB. MANDAILING NATAL,RUMAH SAKIT UMUM DAERAH PANYABUNGAN - 1.02.0.00.0.00.02.0001,5080724,42104658,2023,E-Katalog 5.0,BLUD,PT. EMJEBE PHARMA,E-Purchasing,Pengadaan Barang,"Nacl 0,9% / Sodium Chloride 0,9%",MELAKUKAN PENGIRIMAN DAN PENERIMAAN,17500000,17500000
KAB. MANDAILING NATAL,DINAS PENDIDIKAN DAN KEBUDAYAAN - 1.01.2.22.0.00.02.0000,3501373,40966438,2023,Non Tender,APBD,CV. ARGA ALAM PERKASA,Pengadaan Langsung,Pekerjaan Konstruksi,Pembangunan Toilet (Jamban) Beserta Sanitasinya SD Negeri 068 Rumbio,SELESAI,140280000,140280000
KAB. MANDAILING NATAL,RUMAH SAKIT UMUM DAERAH PANYABUNGAN - 1.02.0.00.0.00.02.0001,3445282,42104658,2023,E-Katalog 5.0,BLUD,NOVAPHARIN,E-Purchasing,Pengadaan Barang,Amlodipin/ Amlodipine/ Amlodipine besilate tablet/kapsul/kaplet 5 mg,MELAKUKAN PENGIRIMAN DAN PENERIMAAN,890000,890000
KAB. MANDAILING NATAL,DINAS KESEHATAN - 1.02.0.00.0.00.02.0000,4138550,41733351,2023,E-Katalog 5.0,APBD,PT. SATORIA ANEKA INDUSTRI,E-Purchasing,Pengadaan Barang,"NaCl / Sodium Chloride 0.9%, @100 mL",MELAKUKAN PENGIRIMAN DAN PENERIMAAN,37620000,37620000
KAB. MANDAILING NATAL,DINAS KESEHATAN - 1.02.0.00.0.00.02.0000,3962101,41733351,2023,E-Katalog 5.0,APBD,PT Darya Varia,E-Purchasing,Pengadaan Barang,Sulfadiazine silver/ Perak sulfadiazin krim 1%,MELAKUKAN PENGIRIMAN DAN PENERIMAAN,5450000,5450000
KAB. MANDAILING NATAL,BAGIAN UMUM SETDAKAB MANDAILING NATAL - 4.01.5.06.0.00.26.0009,3598373,44058373,2023,Non Tender,APBD,CV. NABILA,Pengadaan Langsung,Pekerjaan Konstruksi,Rehab dan Pengecetan di Lingkungan Rumah Dinas Bupati,SELESAI,149800000,149800000
KAB. MANDAILING NATAL,RUMAH SAKIT UMUM DAERAH PANYABUNGAN - 1.02.0.00.0.00.02.0001,3760537,42104658,2023,E-Katalog 5.0,BLUD,PT.TOP POINT MEDICAL,E-Purchasing,Pengadaan Barang,TP Disposable Syringe with Needle 10 ml,MELAKUKAN PENGIRIMAN DAN PENERIMAAN,2774200,2774200
KAB. MANDAILING NATAL,DINAS PENDIDIKAN DAN KEBUDAYAAN - 1.01.2.22.0.00.02.0000,3488542,41023244,2023,E-Katalog 5.0,APBD,CV. NATANGKANG CERDAS UTAMA,E-Purchasing,Pengadaan Barang,Magnet U,MELAKUKAN PENGIRIMAN DAN PENERIMAAN,15448000,15448000
KAB. MANDAILING NATAL,DINAS KESEHATAN - 1.02.0.00.0.00.02.0000,4316086,41733351,2023,E-Katalog 5.0,APBD,PT Yarindo Farmatama,E-Purchasing,Pengadaan Barang,Furosemid/ Furosemide tablet/kapsul/kaplet 40 mg,MELAKUKAN PENGIRIMAN DAN PENERIMAAN,3315000,3315000
KAB. MANDAILING NATAL,DINAS PERTANIAN - 3.27.0.00.0.00.24.0000,3292373,41383999,2023,Non Tender,APBD,CV. CENTRAL GRAFIKA PRINT,Pengadaan Langsung,Pekerjaan Konstruksi,Pembangunan/Rehabilitasi Jalan Usaha tani/Jalan Produksi Desa Banjar Aur Kec. Batahan,SELESAI,124945000,124945000
KAB. MANDAILING NATAL,RUMAH SAKIT UMUM DAERAH PANYABUNGAN - 1.02.0.00.0.00.02.0001,7307358,42104658,2023,E-Katalog 5.0,BLUD,PT Pratapa Nirmala,E-Purchasing,Pengadaan Barang,Ticagrelor/ Tikagrelor tablet/kapsul/kaplet 90 mg,MELAKUKAN PENGIRIMAN DAN PENERIMAAN,12487500,12487500
KAB. MANDAILING NATAL,RUMAH SAKIT UMUM DAERAH PANYABUNGAN - 1.02.0.00.0.00.02.0001,6107664,42104658,2023,E-Katalog 5.0,BLUD,PT.TOP POINT MEDICAL,E-Purchasing,Pengadaan Barang,TP Disposable Syringe 5ML with Needle,MELAKUKAN PENGIRIMAN DAN PENERIMAAN,5225000,5225000
KAB. MANDAILING NATAL,DINAS KESEHATAN - 1.02.0.00.0.00.02.0000,8078344,41733351,2023,E-Katalog 5.0,APBD,PT.Bernofarm,E-Purchasing,Pengadaan Barang,Gabapentin tablet/kapsul/kaplet 300 mg,MELAKUKAN PENGIRIMAN DAN PENERIMAAN,914000,914000
KAB. MANDAILING NATAL,DINAS PENDIDIKAN DAN KEBUDAYAAN - 1.01.2.22.0.00.02.0000,2784373,41023198,2023,Tender,APBD,CV. KARYA ANAK BANGSA,Tender,Pekerjaan Konstruksi,Pembangunan Ruang Laboratorium Komputer Beserta Perabotnya SMP Negeri 1 Panyabungan Barat,SELESAI,508862964,508862964
KAB. MANDAILING NATAL,DINAS KESEHATAN - 1.02.0.00.0.00.02.0000,3975736,41733351,2023,E-Katalog 5.0,APBD,PT.ERELA,E-Purchasing,Pengadaan Barang,"Gentamisin/ Gentamycin / Gentamycin sulfate tetes mata 0,3%",MELAKUKAN PENGIRIMAN DAN PENERIMAAN,41025600,41025600
KAB. MANDAILING NATAL,RUMAH SAKIT UMUM DAERAH PANYABUNGAN - 1.02.0.00.0.00.02.0001,4828128,42104658,2023,E-Katalog 5.0,BLUD,PT.Bernofarm,E-Purchasing,Pengadaan Barang,Dexamethason Sodium Phosphate/ Deksamethason/ Deksametason injeksi 5 mg/mL,MELAKUKAN PENGIRIMAN DAN PENERIMAAN,2500000,2500000
KAB. MANDAILING NATAL,DINAS PERUMAHAN RAKYAT DAN KAWASAN PERMUKIMAN SERTA PERTANAHAN - 1.04.2.10.0.00.04.0000,3373373,41341693,2023,Non Tender,APBD,CV. BIAN JAYA KONSTRUKSI,Pengadaan Langsung,Pekerjaan Konstruksi,Pembangunan/ Rehabilitasi Jalan Lingkungan di RT. Kampung Harapan Kel. Muara Soma menuju Desa Lubuk Bondar Kec. Batang Natal,SELESAI,118390000,118390000
KAB. MANDAILING NATAL,DINAS KESEHATAN - 1.02.0.00.0.00.02.0000,3624396,41733260,2023,E-Katalog 5.0,APBD,PT MAKMUR JAYA HEALTHINDO,E-Purchasing,Pengadaan Barang,QILAN Disposable Syringe With Needle 5 ML,MELAKUKAN PENGIRIMAN DAN PENERIMAAN,74467000,74467000
KAB. MANDAILING NATAL,DINAS PERTANIAN - 3.27.0.00.0.00.24.0000,3751373,45502387,2023,Non Tender,APBDP,cv. riski nauli,Pengadaan Langsung,Pekerjaan Konstruksi,Pembangunan dan Rehabilitasi Jalan Usaha Tani Saba Simpang Losung Kel. Gunung Baringin Kec. Panyabungan Timur,SELESAI,69177802,69177802
KAB. MANDAILING NATAL,RUMAH SAKIT UMUM DAERAH PANYABUNGAN - 1.02.0.00.0.00.02.0001,7611530,42104658,2023,E-Katalog 5.0,BLUD,P.T. Dexa Medica,E-Purchasing,Pengadaan Barang,"Alprazolam tablet/kapsul/kaplet 0,5 mg",MELAKUKAN PENGIRIMAN DAN PENERIMAAN,3200000,3200000
KAB. MANDAILING NATAL,DINAS PENDIDIKAN DAN KEBUDAYAAN - 1.01.2.22.0.00.02.0000,3674373,40966260,2023,Non Tender,APBD,PT.ANGKASA RAYA CONSULTANT,Pengadaan Langsung,Jasa Konsultansi Badan Usaha Non Konstruksi,Jasa Konsultan Pengawasan Pembangunan Perpustakaan (DAU),SELESAI,24886200,24886200
KAB. MANDAILING NATAL,DINAS PERTANIAN - 3.27.0.00.0.00.24.0000,3288373,41383998,2023,Non Tender,APBD,CV. FAMILY ARTA GRAHA MANDIRI,Pengadaan Langsung,Pekerjaan Konstruksi,Pembangunan/Rehabilitasi Jalan Usaha tani/Jalan Produksi Desa Hayu Raja Kec. Panyabungan Selatan,SELESAI,129820000,129820000
KAB. MANDAILING NATAL,DINAS PERUMAHAN RAKYAT DAN KAWASAN PERMUKIMAN SERTA PERTANAHAN - 1.04.2.10.0.00.04.0000,3433373,41341716,2023,Non Tender,APBD,CV. Sari Guna Lestari,Pengadaan Langsung,Pekerjaan Konstruksi,Pembangunan/ Rehabilitasi Jalan Lingkungan di Desa Ipar bondar Kec. Panyabungan,SELESAI,135100000,135100000
KAB. MANDAILING NATAL,DINAS PERUMAHAN RAKYAT DAN KAWASAN PERMUKIMAN SERTA PERTANAHAN - 1.04.2.10.0.00.04.0000,3757373,45529526,2023,Non Tender,APBDP,CV. ANUGERAH GEMILANG,Pengadaan Langsung,Pekerjaan Konstruksi,Pembangunan Jalan Lingkungan di Lintas Barat Panyabungan Julu Kec. Panyabungan,SELESAI,98940000,98940000
KAB. MANDAILING NATAL,DINAS PERUMAHAN RAKYAT DAN KAWASAN PERMUKIMAN SERTA PERTANAHAN - 1.04.2.10.0.00.04.0000,3375373,41341678,2023,Non Tender,APBD,CV. AULIA RIZKI PRATAMA,Pengadaan Langsung,Pekerjaan Konstruksi,Pembangunan/Rehabilitasi Jalan Lingkungan di Desa Roburan Lombang Kec. Panyabungan Selatan,SELESAI,130600000,130600000
KAB. MANDAILING NATAL,RUMAH SAKIT UMUM DAERAH PANYABUNGAN - 1.02.0.00.0.00.02.0001,6098769,42104658,2023,E-Katalog 5.0,BLUD,PT.Bernofarm,E-Purchasing,Pengadaan Barang,Paracetamol/ Parasetamol infus 10 mg/Ml (TD),MELAKUKAN PENGIRIMAN DAN PENERIMAAN,14200000,14200000
KAB. MANDAILING NATAL,DINAS KESEHATAN - 1.02.0.00.0.00.02.0000,3972882,41733351,2023,E-Katalog 5.0,APBD,NOVAPHARIN,E-Purchasing,Pengadaan Barang,Amlodipin/ Amlodipine/ Amlodipine besilate tablet/kapsul/kaplet 10 mg,MELAKUKAN PENGIRIMAN DAN PENERIMAAN,7320000,7320000
KAB. MANDAILING NATAL,DINAS KESEHATAN - 1.02.0.00.0.00.02.0000,3977222,41733351,2023,E-Katalog 5.0,APBD,NOVAPHARIN,E-Purchasing,Pengadaan Barang,VITAMIN C 250 kapsul,MELAKUKAN PENGIRIMAN DAN PENERIMAAN,144000000,144000000
KAB. MANDAILING NATAL,DINAS PERHUBUNGAN - 2.15.0.00.0.00.16.0000,3693373,44819665,2023,Non Tender,APBDP,CV MARCELINDO MULTI TEKNIK,Pengadaan Langsung,Jasa Lainnya,Belanja Jasa Kalibrasi Alat Uji Kenderaan,SELESAI,49625000,49625000
KAB. MANDAILING NATAL,DINAS PEKERJAAN UMUM DAN PENATAAN RUANG - 1.03.0.00.0.00.03.0000,3748373,44503082,2023,Non Tender,APBDP,CV. NABILA,Pengadaan Langsung,Pekerjaan Konstruksi,Lanjutan Pembangunan Kantor Polsek Naga Juang,SELESAI,198902944,198902944
KAB. MANDAILING NATAL,DINAS PENDIDIKAN DAN KEBUDAYAAN - 1.01.2.22.0.00.02.0000,2835373,40966387,2023,Tender,APBD,CV. KHARISMA ABADI,Tender,Pekerjaan Konstruksi,Pembangunan ruang laboratorium komputer beserta perabotnya SD Negeri 367 Pardamean Baru,SELESAI,216668251,216668251
KAB. MANDAILING NATAL,DINAS KEPENDUDUKAN DAN PENCATATAN SIPIL - 2.12.0.00.0.00.13.0000,3425717,41552902,2023,E-Katalog 5.0,APBD,Mitra Tech Sejahtera,E-Purchasing,Pengadaan Barang,RIBBON COLOR YMCKH HDP5000/5600 E-KTP 075202-056,MELAKUKAN PENGIRIMAN DAN PENERIMAAN,457878000,0
KAB. MANDAILING NATAL,RUMAH SAKIT UMUM DAERAH PANYABUNGAN - 1.02.0.00.0.00.02.0001,7209390,42104658,2023,E-Katalog 5.0,BLUD,PT.Bernofarm,E-Purchasing,Pengadaan Barang,Ceftriaxone/ Ceftriaxone Sodium/ Seftriakson inj 1.000 mg,MELAKUKAN PENGIRIMAN DAN PENERIMAAN,34800000,34800000
KAB. MANDAILING NATAL,RUMAH SAKIT UMUM DAERAH PANYABUNGAN - 1.02.0.00.0.00.02.0001,4904274,42104658,2023,E-Katalog 5.0,BLUD,PT. Hexpharm Jaya Laboratories,E-Purchasing,Pengadaan Barang,Metilprednisolon/Methylprednisolone tablet/kapsul/kaplet 4 mg,MELAKUKAN PENGIRIMAN DAN PENERIMAAN,3700000,3700000
KAB. MANDAILING NATAL,DINAS PENDIDIKAN DAN KEBUDAYAAN - 1.01.2.22.0.00.02.0000,3583373,40966331,2023,Non Tender,APBD,CV. ZIHANS BROTHER,Pengadaan Langsung,Pekerjaan Konstruksi,Pembangunan Ruang UKS Beserta Perabotnya SD Negeri 023 Siabu,SELESAI,84440000,84440000
KAB. MANDAILING NATAL,DINAS PERHUBUNGAN - 2.15.0.00.0.00.16.0000,3201373,40880315,2023,Non Tender,APBD,CV. TORKIS LUBIS GROUP,Pengadaan Langsung,Pekerjaan Konstruksi,Belanja Bahan-Bahan Bangunan dan Konstruksi,SELESAI,79500000,79500000
KAB. MANDAILING NATAL,DINAS KESEHATAN - 1.02.0.00.0.00.02.0000,8078757,41733351,2023,E-Katalog 5.0,APBD,PT.Bernofarm,E-Purchasing,Pengadaan Barang,Zinc sulfate/ Zinc sulfate monohydrate/ Zinc/ Zink sir 20 mg/5 ml,MELAKUKAN PENGIRIMAN DAN PENERIMAAN,227500,227500
KAB. MANDAILING NATAL,DINAS PENDIDIKAN DAN KEBUDAYAAN - 1.01.2.22.0.00.02.0000,3509373,40966363,2023,Non Tender,APBD,CV. ALDRICH PERDANA KARYA,Pengadaan Langsung,Pekerjaan Konstruksi,Pembangunan Toilet (Jamban) Beserta Sanitasinya SD Negeri 320 Sinunukan I,SELESAI,139960000,139960000
KAB. MANDAILING NATAL,DINAS PERTANIAN - 3.27.0.00.0.00.24.0000,3311373,41383988,2023,Non Tender,APBD,CV MAHARI PRATAMA,Pengadaan Langsung,Pekerjaan Konstruksi,Pembangunan/Rehabilitasi Jalan Usaha tani Desa Suka Ramai Kec. Panyabungan Utara,SELESAI,130100000,130100000
KAB. MANDAILING NATAL,RUMAH SAKIT UMUM DAERAH PANYABUNGAN - 1.02.0.00.0.00.02.0001,4857438,42104658,2023,E-Katalog 5.0,BLUD,PT. Merck Tbk,E-Purchasing,Pengadaan Barang,Levothyroxine sodium 50 mcg,MELAKUKAN PENGIRIMAN DAN PENERIMAAN,227700,0
KAB. MANDAILING NATAL,DINAS PEKERJAAN UMUM DAN PENATAAN RUANG - 1.03.0.00.0.00.03.0000,3239373,40815597,2023,Non Tender,APBD,CV.LANGGA SARI,Pengadaan Langsung,Pekerjaan Konstruksi,Pembangunan Jaringan Irigasi Desa Hutarimbaru Kec. Kotanopan,SELESAI,148000000,148000000
KAB. MANDAILING NATAL,SEKRETARIAT DPRD KABUPATEN - 4.02.0.00.0.00.27.0000,3338373,41660285,2023,Non Tender,APBD,CV. DAME LANGGENG,Pengadaan Langsung,Pengadaan Barang,Belanja Pakaian Dinas dan Atribur Pimpinan dan Anggota DPRD - Pakaian Dinas Lengan Panjang,SELESAI,79476000,79476000
KAB. MANDAILING NATAL,DINAS PEKERJAAN UMUM DAN PENATAAN RUANG - 1.03.0.00.0.00.03.0000,3159373,40815457,2023,Non Tender,APBD,CV. MAYSAH PERMATA,Pengadaan Langsung,Jasa Konsultansi Badan Usaha Konstruksi,"Konsultansi Perencanaan Kegiatan untuk Konstruksi Pengendali Banjir, Lahar, Drainase Utama Perkotaan dan Pengaman Pantai",SELESAI,74200000,74200000
KAB. MANDAILING NATAL,DINAS PENDIDIKAN DAN KEBUDAYAAN - 1.01.2.22.0.00.02.0000,2787373,41023192,2023,Tender,APBD,CV. KARYA TIGA PRATAMA,Tender,Pekerjaan Konstruksi,Pembangunan Ruang Laboratorium Ilmu Pengetahuan Alam (IPA) Beserta Perabotnya SMP Negeri 1 Lembah Sorik Marapi,SELESAI,492453531,492453531
KAB. MANDAILING NATAL,DINAS KESEHATAN - 1.02.0.00.0.00.02.0000,4101714,41733351,2023,E-Katalog 5.0,APBD,PT.Bernofarm,E-Purchasing,Pengadaan Barang,Ampisilin/Ampicillin injeksi 1000 mg (i.v),MELAKUKAN PENGIRIMAN DAN PENERIMAAN,900000,900000
KAB. MANDAILING NATAL,DINAS PERUMAHAN RAKYAT DAN KAWASAN PERMUKIMAN SERTA PERTANAHAN - 1.04.2.10.0.00.04.0000,3466373,41341680,2023,Non Tender,APBD,CV. BERSAMA,Pengadaan Langsung,Pekerjaan Konstruksi,Rehabilitasi Jalan Lingkungan di Jalan Siti Khodijah di Desa Gunung Tua Lumban Pasir Kec. Panyabungan,SELESAI,142770000,142770000
KAB. MANDAILING NATAL,DINAS PERDAGANGAN - 3.30.3.31.0.00.25.0000,3414373,41667212,2023,Non Tender,APBD,cv. bugis nauli,Pengadaan Langsung,Pekerjaan Konstruksi,Pengecetan dan Rehabilitasi Pasar Kotanopan Kecamatan Kotanopan,SELESAI,79747000,79747000
KAB. MANDAILING NATAL,RUMAH SAKIT UMUM DAERAH PANYABUNGAN - 1.02.0.00.0.00.02.0001,8300773,45589099,2023,E-Katalog 5.0,APBDP,PT.Elsyahfi Calibratech Mandiri,E-Purchasing,Pengadaan Barang,INFUSION PUMP,PAKET SELESAI,8525000,8525000
KAB. MANDAILING NATAL,RUMAH SAKIT UMUM DAERAH PANYABUNGAN - 1.02.0.00.0.00.02.0001,4787288,42104658,2023,E-Katalog 5.0,BLUD,PT. Mersifarma Tirmaku Mercusana,E-Purchasing,Pengadaan Barang,Amoksisilin/Amoxicillin/Amoxicillin Trihydrate sirup/suspensi kering 125 mg/ 5 ml,MELAKUKAN PENGIRIMAN DAN PENERIMAAN,208800,208800
KAB. MANDAILING NATAL,RUMAH SAKIT UMUM DAERAH PANYABUNGAN - 1.02.0.00.0.00.02.0001,3205882,42104658,2023,E-Katalog 5.0,BLUD,PT. Mersifarma Tirmaku Mercusana,E-Purchasing,Pengadaan Barang,"Alprazolam tablet/kapsul/kaplet 0,5 mg",MELAKUKAN PENGIRIMAN DAN PENERIMAAN,780000,780000
KAB. MANDAILING NATAL,DINAS PEKERJAAN UMUM DAN PENATAAN RUANG - 1.03.0.00.0.00.03.0000,3242373,40815608,2023,Non Tender,APBD,CV. FAMILY ARTA GRAHA MANDIRI,Pengadaan Langsung,Pekerjaan Konstruksi,Rehabilitasi Jaringan Irigasi Bondar Saba Padang Desa Gunung Tua Julu Kec. Panyabungan,SELESAI,118500000,118500000
KAB. MANDAILING NATAL,DINAS PENDIDIKAN DAN KEBUDAYAAN - 1.01.2.22.0.00.02.0000,3672373,40966304,2023,Non Tender,APBD,CV. MAYSAH PERMATA,Pengadaan Langsung,Jasa Konsultansi Badan Usaha Non Konstruksi,Jasa Konsultan Pengawasan Pembangunan Ruang Guru SMP (DAU),SELESAI,49950000,49950000
KAB. MANDAILING NATAL,DINAS PENDIDIKAN DAN KEBUDAYAAN - 1.01.2.22.0.00.02.0000,2893373,44142241,2023,Tender,APBD,CV.RIZKI KARYA,Tender,Pekerjaan Konstruksi,Pembangunan Gudang Arsip Dinas Pendidikan dan Kebudayaan Kab. Mandailing Natal,SELESAI,374540344,374540344
KAB. MANDAILING NATAL,DINAS PENDIDIKAN DAN KEBUDAYAAN - 1.01.2.22.0.00.02.0000,3488246,41223459,2023,E-Katalog 5.0,APBD,CV. NATANGKANG CERDAS UTAMA,E-Purchasing,Pengadaan Barang,Magnet U,MELAKUKAN PENGIRIMAN DAN PENERIMAAN,10250000,10250000
KAB. MANDAILING NATAL,DINAS KESEHATAN - 1.02.0.00.0.00.02.0000,4138550,41733351,2023,E-Katalog 5.0,APBD,PT. SATORIA ANEKA INDUSTRI,E-Purchasing,Pengadaan Barang,Glukosa larutan infus 10% 500 mL,MELAKUKAN PENGIRIMAN DAN PENERIMAAN,41750000,41750000
KAB. MANDAILING NATAL,RUMAH SAKIT UMUM DAERAH PANYABUNGAN - 1.02.0.00.0.00.02.0001,3774373,45589260,2023,Non Tender,APBDP,PT. MARGA BHUANA JAYA,Pengadaan Langsung,Jasa Konsultansi Badan Usaha Konstruksi,Review Master Plan Pembangunan RSUD Panyabungan Pada RSUD Panyabungan di Panatapan,SELESAI,49644750,49644750
KAB. MANDAILING NATAL,DINAS KESEHATAN - 1.02.0.00.0.00.02.0000,3887402,41733351,2023,E-Katalog 5.0,APBD,PT. Kimia Farma Tbk,E-Purchasing,Pengadaan Barang,Metoclopramide hydrochloride (HCl)/ Metoclopramide/ Metoklopramid tablet/kapsul/kaplet 10 mg,MELAKUKAN PENGIRIMAN DAN PENERIMAAN,5600000,5600000
KAB. MANDAILING NATAL,BAGIAN HUKUM SETDAKAB MANDAILING NATAL - 4.01.5.06.0.00.26.0003,8092016,45547878,2023,E-Katalog 5.0,APBDP,MY ICON TECHNOLOGY,E-Purchasing,Pengadaan Barang,TKDN ASUS P1412CEA ID EK3420W - I3 1115G4 4GB 256SSD 14 FHD W11 GREY - 4gb256 SSD Non Bundle,MELAKUKAN PENGIRIMAN DAN PENERIMAAN,41600000,41600000
KAB. MANDAILING NATAL,DINAS KESEHATAN - 1.02.0.00.0.00.02.0000,3979433,41733351,2023,E-Katalog 5.0,APBD,PT LAPI LABORATORIES,E-Purchasing,Pengadaan Barang,"LASALCOM - Kombinasi: ipratropium bromida 0,5 mg + salbutamol 2,5 mg, cairan ih",MELAKUKAN PENGIRIMAN DAN PENERIMAAN,61848000,0
KAB. MANDAILING NATAL,DINAS KESEHATAN - 1.02.0.00.0.00.02.0000,3972543,41733351,2023,E-Katalog 5.0,APBD,PT.Phapros Tbk,E-Purchasing,Pengadaan Barang,Aminofilin/Aminophylline inj 24 mg/ml,MELAKUKAN PENGIRIMAN DAN PENERIMAAN,652680,652680
KAB. MANDAILING NATAL,DINAS KESEHATAN - 1.02.0.00.0.00.02.0000,3528267,41733260,2023,E-Katalog 5.0,APBD,PT.MEGA PRATAMA MEDICALINDO,E-Purchasing,Pengadaan Barang,Total Cholesterol Test Strip,MELAKUKAN PENGIRIMAN DAN PENERIMAAN,376140000,0
KAB. MANDAILING NATAL,DINAS PENDIDIKAN DAN KEBUDAYAAN - 1.01.2.22.0.00.02.0000,2829373,40966377,2023,Tender,APBD,KALI JERUK,Tender,Pekerjaan Konstruksi,Pembangunan ruang laboratorium komputer beserta perabotnya SD Negeri 041 Tanjung Sialang,SELESAI,212200000,212200000
KAB. MANDAILING NATAL,RUMAH SAKIT UMUM DAERAH PANYABUNGAN - 1.02.0.00.0.00.02.0001,5041924,42104658,2023,E-Katalog 5.0,BLUD,P.T. Dexa Medica,E-Purchasing,Pengadaan Barang,Propylthiouracil/ Propiltiourasil tablet/kapsul/kaplet 100 mg,MELAKUKAN PENGIRIMAN DAN PENERIMAAN,1416000,1416000
KAB. MANDAILING NATAL,DINAS PERUMAHAN RAKYAT DAN KAWASAN PERMUKIMAN SERTA PERTANAHAN - 1.04.2.10.0.00.04.0000,3383373,41341715,2023,Non Tender,APBD,CV. AL-MAIRI,Pengadaan Langsung,Pekerjaan Konstruksi,Pembangunan/ Rehabilitasi Jalan Lingkungan di Desa Saba Padang Kec. Huta Bargot,SELESAI,112000000,112000000
KAB. MANDAILING NATAL,RUMAH SAKIT UMUM DAERAH PANYABUNGAN - 1.02.0.00.0.00.02.0001,6667855,42104658,2023,E-Katalog 5.0,BLUD,PT. Interbat,E-Purchasing,Pengadaan Barang,Tramadol Injeksi 50 mg/ml,MELAKUKAN PENGIRIMAN DAN PENERIMAAN,1500000,1500000
KAB. MANDAILING NATAL,DINAS KESEHATAN - 1.02.0.00.0.00.02.0000,3976772,41733351,2023,E-Katalog 5.0,APBD,PT.INFION,E-Purchasing,Pengadaan Barang,CIPROFLOXACIN 500 MG,MELAKUKAN PENGIRIMAN DAN PENERIMAAN,45668000,45668000
KAB. MANDAILING NATAL,RUMAH SAKIT UMUM DAERAH PANYABUNGAN - 1.02.0.00.0.00.02.0001,6388752,42104658,2023,E-Katalog 5.0,BLUD,PT BINABAKTI NIAGAPERKASA,E-Purchasing,Pengadaan Barang,Laryseal Clear (038-94-330),MELAKUKAN PENGIRIMAN DAN PENERIMAAN,324000,0
KAB. MANDAILING NATAL,DINAS KESEHATAN - 1.02.0.00.0.00.02.0000,8152867,41733351,2023,E-Katalog 5.0,APBD,PT.Bernofarm,E-Purchasing,Pengadaan Barang,Paracetamol/ Parasetamol tablet/kapsul/kaplet 500 mg,MELAKUKAN PENGIRIMAN DAN PENERIMAAN,61258200,61258200
KAB. MANDAILING NATAL,DINAS KESEHATAN - 1.02.0.00.0.00.02.0000,3663373,41733351,2023,Non Tender,APBD,PT. KARYA DAVIN NUSANTARA,Pengadaan Langsung,Pengadaan Barang,Belanja Obat-Obatan-Obat,SELESAI,84750000,0
KAB. MANDAILING NATAL,DINAS KESEHATAN - 1.02.0.00.0.00.02.0000,3977538,41733351,2023,E-Katalog 5.0,APBD,P.T. Dexa Medica,E-Purchasing,Pengadaan Barang,"Kaptopril/ Captopril tablet/kapsul/kaplet 12,5 mg",MELAKUKAN PENGIRIMAN DAN PENERIMAAN,2136000,2136000
KAB. MANDAILING NATAL,RUMAH SAKIT UMUM DAERAH PANYABUNGAN - 1.02.0.00.0.00.02.0001,7209390,42104658,2023,E-Katalog 5.0,BLUD,PT.Bernofarm,E-Purchasing,Pengadaan Barang,MELOXICAM 15 mg TABLET @ 100,MELAKUKAN PENGIRIMAN DAN PENERIMAAN,900000,900000
KAB. MANDAILING NATAL,RUMAH SAKIT UMUM DAERAH PANYABUNGAN - 1.02.0.00.0.00.02.0001,4787288,42104658,2023,E-Katalog 5.0,BLUD,PT. Mersifarma Tirmaku Mercusana,E-Purchasing,Pengadaan Barang,Lorazepam tablet/kapsul/kaplet 2 mg,MELAKUKAN PENGIRIMAN DAN PENERIMAAN,2420000,2420000
KAB. MANDAILING NATAL,RUMAH SAKIT UMUM DAERAH PANYABUNGAN - 1.02.0.00.0.00.02.0001,7464577,44311131,2023,E-Katalog 5.0,APBD,PT. ANDALAS PROSPEK INDONESIA,E-Purchasing,Pengadaan Barang,AMBULANCE MITSUBISHI L300 DELUXE PLUS,MELAKUKAN PENGIRIMAN DAN PENERIMAAN,1114000000,1114000000
KAB. MANDAILING NATAL,RUMAH SAKIT UMUM DAERAH PANYABUNGAN - 1.02.0.00.0.00.02.0001,4963345,42104658,2023,E-Katalog 5.0,BLUD,PT.Phapros Tbk,E-Purchasing,Pengadaan Barang,Fitomenadion/ Phytomenadione/ Phytomenadion (Vitamin K1) injeksi 2 mg/ml,MELAKUKAN PENGIRIMAN DAN PENERIMAAN,449550,449550
KAB. MANDAILING NATAL,RUMAH SAKIT UMUM DAERAH PANYABUNGAN - 1.02.0.00.0.00.02.0001,8228230,42104658,2023,E-Katalog 5.0,BLUD,PT.TOP POINT MEDICAL,E-Purchasing,Pengadaan Barang,TP Surgical Mask Earloop,MELAKUKAN PENGIRIMAN DAN PENERIMAAN,5197500,5197500
KAB. MANDAILING NATAL,RUMAH SAKIT UMUM DAERAH PANYABUNGAN - 1.02.0.00.0.00.02.0001,3625647,42104658,2023,E-Katalog 5.0,BLUD,PT. Hexpharm Jaya Laboratories,E-Purchasing,Pengadaan Barang,Lansoprazole/ Lansoprazol tablet/kapsul/kaplet 30 mg,MELAKUKAN PENGIRIMAN DAN PENERIMAAN,11900000,11900000
KAB. MANDAILING NATAL,DINAS PERTANIAN - 3.27.0.00.0.00.24.0000,4167780,43463664,2023,E-Katalog 5.0,APBD,CV. AULIA RIZKI PRATAMA,E-Purchasing,Pengadaan Barang,Bibit / Benih Tomat,PROSES KONTRAK PPK,20700000,20700000
KAB. MANDAILING NATAL,DINAS PEKERJAAN UMUM DAN PENATAAN RUANG - 1.03.0.00.0.00.03.0000,3149373,40402776,2023,Non Tender,APBD,CV. RAJAWALI ENGINEERING CONSULTANT,Pengadaan Langsung,Jasa Konsultansi Badan Usaha Konstruksi,Penyusunan Study Kelayakan IPLT,SELESAI,99000000,99000000
KAB. MANDAILING NATAL,RUMAH SAKIT UMUM DAERAH PANYABUNGAN - 1.02.0.00.0.00.02.0001,6442728,42104658,2023,E-Katalog 5.0,BLUD,PT. Mersifarma Tirmaku Mercusana,E-Purchasing,Pengadaan Barang,Karbamazepin tablet/kapsul/kaplet 200 mg,MELAKUKAN PENGIRIMAN DAN PENERIMAAN,2118000,2118000
KAB. MANDAILING NATAL,DINAS KESEHATAN - 1.02.0.00.0.00.02.0000,3527672,41733260,2023,E-Katalog 5.0,APBD,PT. Safelock Medical,E-Purchasing,Pengadaan Barang,Nasal Cannula Anak,MELAKUKAN PENGIRIMAN DAN PENERIMAAN,10647450,10647450
KAB. MANDAILING NATAL,DINAS KESEHATAN - 1.02.0.00.0.00.02.0000,3960092,41733351,2023,E-Katalog 5.0,APBD,PT. Hexpharm Jaya Laboratories,E-Purchasing,Pengadaan Barang,Alopurinol/Allopurinol tablet/kapsul/kaplet 100 mg,MELAKUKAN PENGIRIMAN DAN PENERIMAAN,10200000,10200000
KAB. MANDAILING NATAL,DINAS KESEHATAN - 1.02.0.00.0.00.02.0000,8078344,41733351,2023,E-Katalog 5.0,APBD,PT.Bernofarm,E-Purchasing,Pengadaan Barang,Ondansetron hydrochloride (HCl)/ Ondansetron HCl dihydrate /Ondansetron tablet/kapsul/kaplet 8 mg,MELAKUKAN PENGIRIMAN DAN PENERIMAAN,7680000,7680000
KAB. MANDAILING NATAL,DINAS PENDIDIKAN DAN KEBUDAYAAN - 1.01.2.22.0.00.02.0000,2801373,40966386,2023,Tender,APBD,CV. PUTRA BARINGIN GROUP,Tender,Pekerjaan Konstruksi,Pembangunan ruang laboratorium komputer beserta perabotnya SD Negeri 114 Pagaran Sigatal,SELESAI,217030807,217030807
KAB. MANDAILING NATAL,RUMAH SAKIT UMUM DAERAH PANYABUNGAN - 1.02.0.00.0.00.02.0001,4782308,42104658,2023,E-Katalog 5.0,BLUD,PT. Indofarma (Persero) Tbk,E-Purchasing,Pengadaan Barang,Amlodipine 10 mg,MELAKUKAN PENGIRIMAN DAN PENERIMAAN,1230000,1230000
KAB. MANDAILING NATAL,DINAS KESEHATAN - 1.02.0.00.0.00.02.0000,3467373,41733238,2023,Non Tender,APBD,CV. RENDER CONSULTANT,Pengadaan Langsung,Jasa Konsultansi Badan Usaha Non Konstruksi,Belanja Jasa Konsultan Pengawasan,SELESAI,49605900,49605900
KAB. MANDAILING NATAL,DINAS PENDIDIKAN DAN KEBUDAYAAN - 1.01.2.22.0.00.02.0000,3669373,44142243,2023,Non Tender,APBD,CV. SILVA PRIBADI UTAMA,Pengadaan Langsung,Pekerjaan Konstruksi,Pembangunan Gedung Kantor Korwil XI Dinas Pendidikan,SELESAI,199300017,199300017
KAB. MANDAILING NATAL,DINAS PEKERJAAN UMUM DAN PENATAAN RUANG - 1.03.0.00.0.00.03.0000,3725373,44503106,2023,Non Tender,APBDP,CV. AULIA RIZKI PRATAMA,Pengadaan Langsung,Pekerjaan Konstruksi,Pembangunan Rumah Tahanan BNN,SELESAI,199047000,199047000
KAB. MANDAILING NATAL,DINAS KESEHATAN - 1.02.0.00.0.00.02.0000,3624741,41733260,2023,E-Katalog 5.0,APBD,PT. Inti Anugrah Husada,E-Purchasing,Pengadaan Barang,Desinfektan 500 ml,PROSES KONTRAK PPK,81000000,81000000
KAB. MANDAILING NATAL,RUMAH SAKIT UMUM DAERAH PANYABUNGAN - 1.02.0.00.0.00.02.0001,7609109,42104658,2023,E-Katalog 5.0,BLUD,PT. Amarox Pharma Global,E-Purchasing,Pengadaan Barang,Sitagliptin Tablet salut selaput 100 mg,MELAKUKAN PENGIRIMAN DAN PENERIMAAN,1960000,1960000
KAB. MANDAILING NATAL,DINAS PENDIDIKAN DAN KEBUDAYAAN - 1.01.2.22.0.00.02.0000,3488542,41023244,2023,E-Katalog 5.0,APBD,CV. NATANGKANG CERDAS UTAMA,E-Purchasing,Pengadaan Barang,Garputala,MELAKUKAN PENGIRIMAN DAN PENERIMAAN,25338000,25338000
KAB. MANDAILING NATAL,DINAS PENDIDIKAN DAN KEBUDAYAAN - 1.01.2.22.0.00.02.0000,3626373,44142246,2023,Non Tender,APBD,CV. CENTRAL GRAFIKA PRINT,Pengadaan Langsung,Pekerjaan Konstruksi,Rehabilitasi Kantor Dinas Pendidikan Korwil I,SELESAI,155500005,155500005
KAB. MANDAILING NATAL,RUMAH SAKIT UMUM DAERAH PANYABUNGAN - 1.02.0.00.0.00.02.0001,3458737,42104658,2023,E-Katalog 5.0,BLUD,PT.Phapros Tbk,E-Purchasing,Pengadaan Barang,Asam asetilsalisilat (asetosal/acetosal) tablet sal enterik/kaplet salut enterik 100 mg,MELAKUKAN PENGIRIMAN DAN PENERIMAAN,480000,480000
KAB. MANDAILING NATAL,DINAS PENDIDIKAN DAN KEBUDAYAAN - 1.01.2.22.0.00.02.0000,3494373,40966431,2023,Non Tender,APBD,CV. WIKASA,Pengadaan Langsung,Pekerjaan Konstruksi,Pembangunan Toilet (Jamban) Beserta Sanitasinya SD Negeri 144 Longat,SELESAI,141600000,141600000
KAB. MANDAILING NATAL,BADAN PENANGGULANGAN BENCANA DAERAH - 1.05.0.00.0.00.06.0000,3623373,44105215,2023,Non Tender,APBD,CV. MAYSAH PERMATA,Pengadaan Langsung,Jasa Konsultansi Badan Usaha Konstruksi,Belanja Jasa Konsultan Pendataan Infrastruktur Terdampak Bencana Wilayah III,SELESAI,99622000,99622000
KAB. MANDAILING NATAL,DINAS PENDIDIKAN DAN KEBUDAYAAN - 1.01.2.22.0.00.02.0000,2795373,41023185,2023,Tender,APBD,CV. INOVASI GEMILANG,Tender,Pekerjaan Konstruksi,Pembangunan Ruang UKS Beserta Perabotnya SMP Negeri 1 Batang Natal,SELESAI,234840000,234840000
KAB. MANDAILING NATAL,DINAS KESEHATAN - 1.02.0.00.0.00.02.0000,3977538,41733351,2023,E-Katalog 5.0,APBD,P.T. Dexa Medica,E-Purchasing,Pengadaan Barang,Kaptopril/ Captopril tablet/kapsul/kaplet 25 mg,MELAKUKAN PENGIRIMAN DAN PENERIMAAN,12600000,12600000
KAB. MANDAILING NATAL,DINAS KESEHATAN - 1.02.0.00.0.00.02.0000,8128934,41733351,2023,E-Katalog 5.0,APBD,P.T. Dexa Medica,E-Purchasing,Pengadaan Barang,Cetirizine hydrochloride(HCl)/ Cetirizine/ Setirizin tablet/kapsul/kaplet 10 mg,MELAKUKAN PENGIRIMAN DAN PENERIMAAN,981060,981060
KAB. MANDAILING NATAL,RUMAH SAKIT UMUM DAERAH PANYABUNGAN - 1.02.0.00.0.00.02.0001,7211462,42104658,2023,E-Katalog 5.0,BLUD,P.T. Dexa Medica,E-Purchasing,Pengadaan Barang,Ciprofloxacin hydrochloride(HCl)/ Ciprofloxacin Lactate/ Ciprofloxacin/ Siprofloksasin inf 2 mg/ml,MELAKUKAN PENGIRIMAN DAN PENERIMAAN,5512500,5512500
KAB. MANDAILING NATAL,DINAS PEMUDA DAN OLAHRAGA - 2.19.0.00.0.00.20.0000,3593373,40941352,2023,Non Tender,APBD,CV. KOTAMA,Pengadaan Langsung,Pengadaan Barang,Belanja Pakaian PASKIBRA,SELESAI,136052000,136052000
KAB. MANDAILING NATAL,DINAS PENDIDIKAN DAN KEBUDAYAAN - 1.01.2.22.0.00.02.0000,3647373,40966244,2023,Non Tender,APBD,CV. PUTRA PRATAMA,Pengadaan Langsung,Pekerjaan Konstruksi,Pembangunan Perpustakaan SD Negeri 235 Patahajang,SELESAI,199499997,199499997
KAB. MANDAILING NATAL,DINAS KESEHATAN - 1.02.0.00.0.00.02.0000,8078757,41733351,2023,E-Katalog 5.0,APBD,PT.Bernofarm,E-Purchasing,Pengadaan Barang,Amlodipin/ Amlodipine/ Amlodipine besilate tablet/kapsul/kaplet 10 mg,MELAKUKAN PENGIRIMAN DAN PENERIMAAN,2415000,2415000
KAB. MANDAILING NATAL,DINAS KESEHATAN - 1.02.0.00.0.00.02.0000,3972972,41733351,2023,E-Katalog 5.0,APBD,PT. Mersifarma Tirmaku Mercusana,E-Purchasing,Pengadaan Barang,Antasida tablet kunyah,MELAKUKAN PENGIRIMAN DAN PENERIMAAN,11385000,11385000
KAB. MANDAILING NATAL,DINAS PENDIDIKAN DAN KEBUDAYAAN - 1.01.2.22.0.00.02.0000,3666373,41023214,2023,Non Tender,APBD,CV. SILVA PRIBADI UTAMA,Pengadaan Langsung,Pekerjaan Konstruksi,Pembangunan Paving Block SMP Negeri 2 Panyabungan,SELESAI,99700002,99700002
KAB. MANDAILING NATAL,RUMAH SAKIT UMUM DAERAH PANYABUNGAN - 1.02.0.00.0.00.02.0001,6968064,42104658,2023,E-Katalog 5.0,BLUD,PT. Kimia Farma Tbk,E-Purchasing,Pengadaan Barang,Fenobarbital/ Phenobarbital tablet/kapsul/kaplet 30 mg,MELAKUKAN PENGIRIMAN DAN PENERIMAAN,95500,95500
KAB. MANDAILING NATAL,DINAS KESEHATAN - 1.02.0.00.0.00.02.0000,8156028,41733351,2023,E-Katalog 5.0,APBD,PT. Kimia Farma Tbk,E-Purchasing,Pengadaan Barang,Antasida tablet kunyah,MELAKUKAN PENGIRIMAN DAN PENERIMAAN,6900000,6900000
KAB. MANDAILING NATAL,DINAS PERIKANAN - 3.25.0.00.0.00.21.0000,3698373,41546363,2023,Non Tender,APBD,CV. ANUGRAH KARYA ABADI,Pengadaan Langsung,Pengadaan Barang,Belanja Barang untuk Dijual/Diserahkan kepada Masyarakat,SELESAI,73350000,0
KAB. MANDAILING NATAL,SEKRETARIAT DPRD KABUPATEN - 4.02.0.00.0.00.27.0000,3557373,41660197,2023,Non Tender,APBD,CV. Alfarizi jaya abadi,Pengadaan Langsung,Pekerjaan Konstruksi,Pengecetan Gedung Kantor DPRD Kabupaten Madailing Natal,SELESAI,198410000,198410000
KAB. MANDAILING NATAL,DINAS PENDIDIKAN DAN KEBUDAYAAN - 1.01.2.22.0.00.02.0000,3582373,40966427,2023,Non Tender,APBD,CV. PANGALAIS,Pengadaan Langsung,Pekerjaan Konstruksi,Pembangunan Toilet (Jamban) Beserta Sanitasinya SD Negeri 368 Kampung Sawah,SELESAI,140200000,140200000
KAB. MANDAILING NATAL,BADAN PENDAPATAN DAERAH - 5.02.0.00.0.00.30.0000,3719373,45244025,2023,Non Tender,APBDP,CV. KREASI KENANGA,Pengadaan Langsung,Pengadaan Barang,Belanja Modal Mebel,SELESAI,66677700,0
KAB. MANDAILING NATAL,DINAS PENDIDIKAN DAN KEBUDAYAAN - 1.01.2.22.0.00.02.0000,3667373,44142239,2023,Non Tender,APBD,CV. SILVA PRIBADI UTAMA,Pengadaan Langsung,Pekerjaan Konstruksi,Pembangunan Gedung Kantor Korwil VIII Dinas Pendidikan,SELESAI,199045246,199045246
KAB. MANDAILING NATAL,DINAS PENDIDIKAN DAN KEBUDAYAAN - 1.01.2.22.0.00.02.0000,3496373,40966425,2023,Non Tender,APBD,CV Madina Aman Sejahtera,Pengadaan Langsung,Pekerjaan Konstruksi,Pembangunan Toilet (Jamban) Beserta Sanitasinya SD Negeri 123 Hutabargot Dolok,SELESAI,140000000,140000000
KAB. MANDAILING NATAL,DINAS PERTANIAN - 3.27.0.00.0.00.24.0000,3357373,41384049,2023,Non Tender,APBD,cv. abadi karya,Pengadaan Langsung,Pekerjaan Konstruksi,Pembangunan/Rehabilitasi Jaringan Irigasi Desa Simpang Pining Kec. Ulu Pungkut,SELESAI,110258000,110258000
KAB. MANDAILING NATAL,RUMAH SAKIT UMUM DAERAH PANYABUNGAN - 1.02.0.00.0.00.02.0001,4964674,42104658,2023,E-Katalog 5.0,BLUD,PT Yarindo Farmatama,E-Purchasing,Pengadaan Barang,Amitriptyline hydrochloride tablet 25 mg,MELAKUKAN PENGIRIMAN DAN PENERIMAAN,1050000,1050000
KAB. MANDAILING NATAL,RUMAH SAKIT UMUM DAERAH PANYABUNGAN - 1.02.0.00.0.00.02.0001,6442728,42104658,2023,E-Katalog 5.0,BLUD,PT. Mersifarma Tirmaku Mercusana,E-Purchasing,Pengadaan Barang,Clobazam/ Klobazam tablet/kapsul/kaplet 10 mg,MELAKUKAN PENGIRIMAN DAN PENERIMAAN,2305000,2305000
KAB. MANDAILING NATAL,DINAS PENDIDIKAN DAN KEBUDAYAAN - 1.01.2.22.0.00.02.0000,2821373,40966405,2023,Tender,APBD,CV.Putra Jaya,Tender,Pekerjaan Konstruksi,Pembangunan ruang laboratorium komputer beserta perabotnya SD Negeri 213 Hutaimbaru,SELESAI,219368273,219368273
KAB. MANDAILING NATAL,DINAS KESEHATAN - 1.02.0.00.0.00.02.0000,4241613,41733351,2023,E-Katalog 5.0,APBD,PT. COBRA DENTAL INDONESIA,E-Purchasing,Pengadaan Barang,DENPRO PULP-X,MELAKUKAN PENGIRIMAN DAN PENERIMAAN,14356800,0
KAB. MANDAILING NATAL,SEKRETARIAT DPRD KABUPATEN - 4.02.0.00.0.00.27.0000,3723373,45282658,2023,Non Tender,APBDP,CV. AULIA RIZKI PRATAMA,Pengadaan Langsung,Pekerjaan Konstruksi,Rehabilitasi Taman dan Lingkungan Rumah Dinas Ketua DPRD,SELESAI,198350005,198350005
KAB. MANDAILING NATAL,DINAS LINGKUNGAN HIDUP - 2.11.0.00.0.00.12.0000,3334373,41720160,2023,Non Tender,APBD,cv. bugis nauli,Pengadaan Langsung,Pekerjaan Konstruksi,Pemeliharaan Median Jalan Kotanopan Kab. Mandailing Natal,SELESAI,96298000,96298000
KAB. MANDAILING NATAL,RUMAH SAKIT UMUM DAERAH PANYABUNGAN - 1.02.0.00.0.00.02.0001,3389313,42104658,2023,E-Katalog 5.0,BLUD,PT. COMBINED IMPERIAL PHARMACEUTICALS,E-Purchasing,Pengadaan Barang,Zinc sulfate/ Zinc sulfate monohydrate/ Zink/ Zinc drops 10 mg/mL,MELAKUKAN PENGIRIMAN DAN PENERIMAAN,277500,277500
KAB. MANDAILING NATAL,RUMAH SAKIT UMUM DAERAH PANYABUNGAN - 1.02.0.00.0.00.02.0001,7366552,42104658,2023,E-Katalog 5.0,BLUD,PT.TOP POINT MEDICAL,E-Purchasing,Pengadaan Barang,TP Disposable Syringe 3ML with Needle,MELAKUKAN PENGIRIMAN DAN PENERIMAAN,18832000,18832000
KAB. MANDAILING NATAL,RUMAH SAKIT UMUM DAERAH PANYABUNGAN - 1.02.0.00.0.00.02.0001,4782308,42104658,2023,E-Katalog 5.0,BLUD,PT. Indofarma (Persero) Tbk,E-Purchasing,Pengadaan Barang,Amlodipine 5 mg,MELAKUKAN PENGIRIMAN DAN PENERIMAAN,1100000,1100000
KAB. MANDAILING NATAL,DINAS PEKERJAAN UMUM DAN PENATAAN RUANG - 1.03.0.00.0.00.03.0000,3266373,40815454,2023,Non Tender,APBD,PT. MARGA BHUANA JAYA CONSULTANT,Pengadaan Langsung,Jasa Konsultansi Badan Usaha Konstruksi,Konsultansi Pengawasan Kegiatan (DBH 2023),SELESAI,59200000,59200000
KAB. MANDAILING NATAL,DINAS PERUMAHAN RAKYAT DAN KAWASAN PERMUKIMAN SERTA PERTANAHAN - 1.04.2.10.0.00.04.0000,3423373,41341708,2023,Non Tender,APBD,CV. WIKASA,Pengadaan Langsung,Pekerjaan Konstruksi,Pembangunan Jalan Lingkungan di Kel. Pasar Hilir Kec. Panyabungan,SELESAI,117200000,117200000
KAB. MANDAILING NATAL,DINAS PEKERJAAN UMUM DAN PENATAAN RUANG - 1.03.0.00.0.00.03.0000,2691373,41061694,2023,Tender,APBD,CV. PEDULI BANGSA,Tender,Pekerjaan Konstruksi,Peningkatan Jalan Muara Mais - Pastap Julu,SELESAI,688326000,688326000
KAB. MANDAILING NATAL,BAGIAN KESEJAHTERAAN RAKYAT SETDAKAB MANDAILING NATAL - 4.01.5.06.0.00.26.0002,3419373,43740064,2023,Non Tender,APBD,CV. ANUGRAH KARYA ABADI,Pengadaan Langsung,Jasa Lainnya,Belanja Sewa Bus Pemberangkatan Jema'ah Haji,SELESAI,148495000,148495000
KAB. MANDAILING NATAL,DINAS PEKERJAAN UMUM DAN PENATAAN RUANG - 1.03.0.00.0.00.03.0000,3259373,40378820,2023,Non Tender,APBD,CV AEK KAPIAS,Pengadaan Langsung,Pekerjaan Konstruksi,Peningkatan Jalan Sigalapang - Sopo Batu,SELESAI,199000000,199000000
KAB. MANDAILING NATAL,RUMAH SAKIT UMUM DAERAH PANYABUNGAN - 1.02.0.00.0.00.02.0001,4963900,42104658,2023,E-Katalog 5.0,BLUD,PT Yarindo Farmatama,E-Purchasing,Pengadaan Barang,Aripiprazol / Aripiprazole tablet dispersible ODT 10 mg,MELAKUKAN PENGIRIMAN DAN PENERIMAAN,13986000,13986000
KAB. MANDAILING NATAL,DINAS KESEHATAN - 1.02.0.00.0.00.02.0000,5620029,41733260,2023,E-Katalog 5.0,APBD,PT Sinaraya Nugraha Ahmadaris Medika,E-Purchasing,Pengadaan Barang,5 cm x 1 m,MELAKUKAN PENGIRIMAN DAN PENERIMAAN,29898000,29898000
KAB. MANDAILING NATAL,DINAS PEKERJAAN UMUM DAN PENATAAN RUANG - 1.03.0.00.0.00.03.0000,2673373,40375356,2023,Tender,APBD,Sahabat,Tender,Pekerjaan Konstruksi,Lanjutan Pembangunan Jalan STAIN - TPA,SELESAI,487685000,487685000
KAB. MANDAILING NATAL,DINAS KESEHATAN - 1.02.0.00.0.00.02.0000,3981852,41733351,2023,E-Katalog 5.0,APBD,PT. AMER PERMATA MANDIRI,E-Purchasing,Pengadaan Barang,Etil Klorida Semprot 100 ML,MELAKUKAN PENGIRIMAN DAN PENERIMAAN,50200000,50200000
KAB. MANDAILING NATAL,RUMAH SAKIT UMUM DAERAH PANYABUNGAN - 1.02.0.00.0.00.02.0001,4782308,42104658,2023,E-Katalog 5.0,BLUD,PT. Indofarma (Persero) Tbk,E-Purchasing,Pengadaan Barang,Gentamycin injeksi 40 mg/ ml,MELAKUKAN PENGIRIMAN DAN PENERIMAAN,892500,892500
KAB. MANDAILING NATAL,RUMAH SAKIT UMUM DAERAH PANYABUNGAN - 1.02.0.00.0.00.02.0001,3445282,42104658,2023,E-Katalog 5.0,BLUD,NOVAPHARIN,E-Purchasing,Pengadaan Barang,Loperamid tablet/kapsul/kaplet 2 mg,MELAKUKAN PENGIRIMAN DAN PENERIMAAN,760000,760000
KAB. MANDAILING NATAL,RUMAH SAKIT UMUM DAERAH PANYABUNGAN - 1.02.0.00.0.00.02.0001,3625647,42104658,2023,E-Katalog 5.0,BLUD,PT. Hexpharm Jaya Laboratories,E-Purchasing,Pengadaan Barang,Simvastatin tablet/kapsul/kaplet 20 mg,MELAKUKAN PENGIRIMAN DAN PENERIMAAN,110000,110000
KAB. MANDAILING NATAL,DINAS PEKERJAAN UMUM DAN PENATAAN RUANG - 1.03.0.00.0.00.03.0000,3556373,42267912,2023,Non Tender,APBD,CV. KAHAKA STEEL,Pengadaan Langsung,Pekerjaan Konstruksi,Pembangunan Pagar Kantor Camat Muara Batang Gadis,SELESAI,199260000,199260000
KAB. MANDAILING NATAL,RUMAH SAKIT UMUM DAERAH PANYABUNGAN - 1.02.0.00.0.00.02.0001,6388752,42104658,2023,E-Katalog 5.0,BLUD,PT BINABAKTI NIAGAPERKASA,E-Purchasing,Pengadaan Barang,Anesthesia Breathing System 038-01-100,MELAKUKAN PENGIRIMAN DAN PENERIMAAN,285000,0
KAB. MANDAILING NATAL,RUMAH SAKIT UMUM DAERAH PANYABUNGAN - 1.02.0.00.0.00.02.0001,3445282,42104658,2023,E-Katalog 5.0,BLUD,NOVAPHARIN,E-Purchasing,Pengadaan Barang,Metronidazole/Metronidazol tablet/kapsul/kaplet 500 mg,MELAKUKAN PENGIRIMAN DAN PENERIMAAN,2170000,2170000
KAB. MANDAILING NATAL,DINAS PEKERJAAN UMUM DAN PENATAAN RUANG - 1.03.0.00.0.00.03.0000,3683373,44801990,2023,Non Tender,APBDP,PT.ANGKASA RAYA CONSULTANT,Pengadaan Langsung,Jasa Konsultansi Badan Usaha Konstruksi,Perencanaan Kegiatan PAPBD Bidang Cipta Karya,SELESAI,24000198,24000198
KAB. MANDAILING NATAL,BADAN PENDAPATAN DAERAH - 5.02.0.00.0.00.30.0000,3716373,45244137,2023,Non Tender,APBDP,KENANGA MULTI TRADE,Pengadaan Langsung,Pengadaan Barang,Belanja Modal Komputer,SELESAI,67277100,0
KAB. MANDAILING NATAL,RUMAH SAKIT UMUM DAERAH PANYABUNGAN - 1.02.0.00.0.00.02.0001,4244270,42104658,2023,E-Katalog 5.0,BLUD,P.T. Dexa Medica,E-Purchasing,Pengadaan Barang,Cetirizine hydrochloride(HCl)/ Cetirizine/ Setirizin sirup 5 mg/5 ml,MELAKUKAN PENGIRIMAN DAN PENERIMAAN,2094600,2094600
KAB. MANDAILING NATAL,DINAS PERUMAHAN RAKYAT DAN KAWASAN PERMUKIMAN SERTA PERTANAHAN - 1.04.2.10.0.00.04.0000,2745373,41343629,2023,Tender,APBD,cv.hosmap,Seleksi,Jasa Konsultansi Badan Usaha Konstruksi,Penyusunan Rencana Pencegahan dan Peningkatan Kualitas Perumahan Kumuh dan Permukiman Kumuh (RP2KPKPK) di Kabupaten Mandailing Natal,SELESAI,146800000,146800000
KAB. MANDAILING NATAL,DINAS PENDIDIKAN DAN KEBUDAYAAN - 1.01.2.22.0.00.02.0000,3546373,40966330,2023,Non Tender,APBD,CV.LANGGA SARI,Pengadaan Langsung,Pekerjaan Konstruksi,Pembangunan Ruang UKS Beserta Perabotnya SD Negeri 016 Simangambat,SELESAI,84320000,84320000
KAB. MANDAILING NATAL,RUMAH SAKIT UMUM DAERAH PANYABUNGAN - 1.02.0.00.0.00.02.0001,7612327,42104658,2023,E-Katalog 5.0,BLUD,PT. Merck Tbk,E-Purchasing,Pengadaan Barang,"Bisoprolol tablet/kapsul/kaplet 1,25 mg",MELAKUKAN PENGIRIMAN DAN PENERIMAAN,5072500,5072500
KAB. MANDAILING NATAL,DINAS PEKERJAAN UMUM DAN PENATAAN RUANG - 1.03.0.00.0.00.03.0000,3735373,44503312,2023,Non Tender,APBDP,CV. IKHWAN FIRDAUS,Pengadaan Langsung,Pekerjaan Konstruksi,Rehabilitasi Aula Kantor Kejaksaan Negeri Mandailing Natal,SELESAI,199099286,199099286
KAB. MANDAILING NATAL,RUMAH SAKIT UMUM DAERAH PANYABUNGAN - 1.02.0.00.0.00.02.0001,3117782,42104658,2023,E-Katalog 5.0,BLUD,P.T. Dexa Medica,E-Purchasing,Pengadaan Barang,Dobutamin/ Dobutamin HCl/ Dobutamine HCl injeksi 50 mg/mL,MELAKUKAN PENGIRIMAN DAN PENERIMAAN,1417500,1417500
KAB. MANDAILING NATAL,DINAS PEKERJAAN UMUM DAN PENATAAN RUANG - 1.03.0.00.0.00.03.0000,3256373,40815466,2023,Non Tender,APBD,CV. CENTRAL GRAFIKA PRINT,Pengadaan Langsung,Pekerjaan Konstruksi,Rehabilitasi Tanggul Sungai Aek Pungkut Desa Tolang Kec. Ulu Pungkut (DBH 2023),SELESAI,128500000,128500000
KAB. MANDAILING NATAL,BADAN PENGELOLAAN KEUANGAN DAN ASET DAERAH - 5.02.0.00.0.00.28.0000,3225373,41194613,2023,Non Tender,APBD,CV. KREATIFITAS CEMERLANG,Pengadaan Langsung,Pengadaan Barang,Belanja Modal Komputer Unit Lainnya,SELESAI,60384000,0
KAB. MANDAILING NATAL,DINAS PARIWISATA - 3.26.0.00.0.00.23.0000,3164373,41237749,2023,Non Tender,APBD,CV. RENDER CONSULTANT,Pengadaan Langsung,Jasa Konsultansi Badan Usaha Non Konstruksi,Jasa Konsultansi Detail Engineering Desain (DED) Destinasi Pariwisata,SELESAI,49922250,49922250
KAB. MANDAILING NATAL,DINAS KESEHATAN - 1.02.0.00.0.00.02.0000,8078757,41733351,2023,E-Katalog 5.0,APBD,PT.Bernofarm,E-Purchasing,Pengadaan Barang,GENTAMICIN SULFATE 0.1 % KRIM 5 g,MELAKUKAN PENGIRIMAN DAN PENERIMAAN,261300,261300
KAB. MANDAILING NATAL,DINAS KESEHATAN - 1.02.0.00.0.00.02.0000,4241613,41733351,2023,E-Katalog 5.0,APBD,PT. COBRA DENTAL INDONESIA,E-Purchasing,Pengadaan Barang,ORAFIL PLUS Temporary Filling Material with Sodium Fluoride,MELAKUKAN PENGIRIMAN DAN PENERIMAAN,6760000,0
KAB. MANDAILING NATAL,RUMAH SAKIT UMUM DAERAH PANYABUNGAN - 1.02.0.00.0.00.02.0001,7784520,42104658,2023,E-Katalog 5.0,BLUD,PT. Hexpharm Jaya Laboratories,E-Purchasing,Pengadaan Barang,Lansoprazole/ Lansoprazol tablet/kapsul/kaplet 30 mg,MELAKUKAN PENGIRIMAN DAN PENERIMAAN,17850000,17850000
KAB. MANDAILING NATAL,RUMAH SAKIT UMUM DAERAH PANYABUNGAN - 1.02.0.00.0.00.02.0001,3907233,42104658,2023,E-Katalog 5.0,BLUD,P.T. Dexa Medica,E-Purchasing,Pengadaan Barang,Nicardipine hydrochloride (HCl)/ Nicardipine/ Nikardipin inj 1 mg/mL,MELAKUKAN PENGIRIMAN DAN PENERIMAAN,1404700,1404700
KAB. MANDAILING NATAL,DINAS PERUMAHAN RAKYAT DAN KAWASAN PERMUKIMAN SERTA PERTANAHAN - 1.04.2.10.0.00.04.0000,2740373,41341725,2023,Tender,APBD,cv.hosmap,Seleksi,Jasa Konsultansi Badan Usaha Konstruksi,Penyusunan Data Base Dinas Perumahan dan Kawasan Permukiman Kabupaten Mandailing Natal,SELESAI,297635000,297635000
KAB. MANDAILING NATAL,RUMAH SAKIT UMUM DAERAH PANYABUNGAN - 1.02.0.00.0.00.02.0001,8300773,45589099,2023,E-Katalog 5.0,APBDP,PT.Elsyahfi Calibratech Mandiri,E-Purchasing,Pengadaan Barang,JASA PENGUJIAN DAN KALIBRASI CHART PROJECTOR,PAKET SELESAI,550000,550000
KAB. MANDAILING NATAL,RUMAH SAKIT UMUM DAERAH PANYABUNGAN - 1.02.0.00.0.00.02.0001,6861560,42555566,2023,E-Katalog 5.0,BLUD,PT Muara Sakti Utama,E-Purchasing,Pengadaan Barang,MSUMED Pengukur Manual Panjang Badan Bayi,MELAKUKAN PENGIRIMAN DAN PENERIMAAN,3300000,3300000
KAB. MANDAILING NATAL,RUMAH SAKIT UMUM DAERAH PANYABUNGAN - 1.02.0.00.0.00.02.0001,4834236,42104658,2023,E-Katalog 5.0,BLUD,P.T. Dexa Medica,E-Purchasing,Pengadaan Barang,Ondansetron hydrochloride (HCl)/ Ondansetron HCl dihydrate /Ondansetron tablet/kapsul/kaplet 4 mg,MELAKUKAN PENGIRIMAN DAN PENERIMAAN,426000,426000
KAB. MANDAILING NATAL,DINAS PEKERJAAN UMUM DAN PENATAAN RUANG - 1.03.0.00.0.00.03.0000,2666373,40378850,2023,Tender,APBD,cv.delima,Tender,Pekerjaan Konstruksi,Peningkatan Jalan Kampung Kapas - Batu Sondat (Wts. Sumbar),SELESAI,1361906000,1361906000
KAB. MANDAILING NATAL,DINAS KESEHATAN - 1.02.0.00.0.00.02.0000,3984236,41733351,2023,E-Katalog 5.0,APBD,PT.Imfarmind Farmasi Industri,E-Purchasing,Pengadaan Barang,Ifidine - Povidon iodin lar 100 mg/mL,MELAKUKAN PENGIRIMAN DAN PENERIMAAN,14100000,14100000
KAB. MANDAILING NATAL,DINAS PERTANIAN - 3.27.0.00.0.00.24.0000,8127713,45596466,2023,E-Katalog 5.0,APBDP,CV. AULIA RIZKI PRATAMA,E-Purchasing,Pengadaan Barang,Bibit Bawang Merah,PROSES KONTRAK PPK,139876000,139876000
KAB. MANDAILING NATAL,DINAS KESEHATAN - 1.02.0.00.0.00.02.0000,6377674,43462111,2023,E-Katalog 5.0,APBD,PT. DUMEDPOWER INDONESIA,E-Purchasing,Pengadaan Barang,VACCINE REFRIGERATOR  DRF-888-MV DUMEDPOWER,PROSES KONTRAK PPK,121800000,121800000
KAB. MANDAILING NATAL,RUMAH SAKIT UMUM DAERAH PANYABUNGAN - 1.02.0.00.0.00.02.0001,4787288,42104658,2023,E-Katalog 5.0,BLUD,PT. Mersifarma Tirmaku Mercusana,E-Purchasing,Pengadaan Barang,Trihexyphenidyl hydrochloride (HCl)/ Triheksifenidil tablet/kapsul/kaplet 2 mg,MELAKUKAN PENGIRIMAN DAN PENERIMAAN,2520000,2520000
KAB. MANDAILING NATAL,BAGIAN UMUM SETDAKAB MANDAILING NATAL - 4.01.5.06.0.00.26.0009,2866416,41376315,2023,E-Katalog 5.0,APBD,PT. ASTRA INTERNATIONAL TBK,E-Purchasing,Pengadaan Barang,HILUX DOUBLE CABIN 2.4 G (4X4) DSL M/T,PROSES KONTRAK PPK,445800000,0
KAB. MANDAILING NATAL,DINAS KESEHATAN - 1.02.0.00.0.00.02.0000,3977538,41733351,2023,E-Katalog 5.0,APBD,P.T. Dexa Medica,E-Purchasing,Pengadaan Barang,Risperidone/ Risperidon tablet/kapsul/kaplet 2 mg,MELAKUKAN PENGIRIMAN DAN PENERIMAAN,3150000,3150000
KAB. MANDAILING NATAL,DINAS PENDIDIKAN DAN KEBUDAYAAN - 1.01.2.22.0.00.02.0000,3518373,40966328,2023,Non Tender,APBD,CV. R.A.S,Pengadaan Langsung,Pekerjaan Konstruksi,Pembangunan Ruang UKS Beserta Perabotnya SD Negeri 345 Banjar Aur,SELESAI,84390000,84390000
KAB. MANDAILING NATAL,DINAS PENDIDIKAN DAN KEBUDAYAAN - 1.01.2.22.0.00.02.0000,3524373,40966353,2023,Non Tender,APBD,CV. MATAHARI ABADI,Pengadaan Langsung,Pekerjaan Konstruksi,Pembangunan Ruang UKS Beserta Perabotnya SD Negeri 321 Sidomakmur,SELESAI,84350000,84350000
KAB. MANDAILING NATAL,RUMAH SAKIT UMUM DAERAH PANYABUNGAN - 1.02.0.00.0.00.02.0001,6442728,42104658,2023,E-Katalog 5.0,BLUD,PT. Mersifarma Tirmaku Mercusana,E-Purchasing,Pengadaan Barang,Trihexyphenidyl hydrochloride (HCl)/ Triheksifenidil tablet/kapsul/kaplet 2 mg,MELAKUKAN PENGIRIMAN DAN PENERIMAAN,2520000,2520000
KAB. MANDAILING NATAL,DINAS PENDIDIKAN DAN KEBUDAYAAN - 1.01.2.22.0.00.02.0000,3185373,40966448,2023,Non Tender,APBD,CV. MAYSAH PERMATA,Pengadaan Langsung,Jasa Konsultansi Badan Usaha Konstruksi,Jasa Konsultan Perencanaan Pembangunan Toilet (Jamban) Beserta Sanitasinya (DAK),SELESAI,49950000,49950000
KAB. MANDAILING NATAL,RUMAH SAKIT UMUM DAERAH PANYABUNGAN - 1.02.0.00.0.00.02.0001,7211462,42104658,2023,E-Katalog 5.0,BLUD,P.T. Dexa Medica,E-Purchasing,Pengadaan Barang,"Lactulose/ Laktulosa sir 3,335 g/5 mL",MELAKUKAN PENGIRIMAN DAN PENERIMAAN,9026000,9026000
KAB. MANDAILING NATAL,RUMAH SAKIT UMUM DAERAH PANYABUNGAN - 1.02.0.00.0.00.02.0001,4829166,42104658,2023,E-Katalog 5.0,BLUD,"PT. PYRIDAM FARMA, Tbk.",E-Purchasing,Pengadaan Barang,Analog Insulin: insulin prandial inj 100 IU/mL,MELAKUKAN PENGIRIMAN DAN PENERIMAAN,28597800,0
KAB. MANDAILING NATAL,DINAS PERTANIAN - 3.27.0.00.0.00.24.0000,3138373,41384058,2023,Non Tender,APBD,CV. RAJAWALI ENGINEERING CONSULTANT,Pengadaan Langsung,Jasa Konsultansi Badan Usaha Konstruksi,Belanja Jasa Konsultan Perencanaan,SELESAI,49850000,49850000
KAB. MANDAILING NATAL,DINAS PENDIDIKAN DAN KEBUDAYAAN - 1.01.2.22.0.00.02.0000,2817373,40966368,2023,Tender,APBD,CV.HAKIM ANUGRAH,Tender,Pekerjaan Konstruksi,Pembangunan ruang laboratorium komputer beserta perabotnya SD Negeri 320 Sinunukan I,SELESAI,226929997,226929997
KAB. MANDAILING NATAL,DINAS PEKERJAAN UMUM DAN PENATAAN RUANG - 1.03.0.00.0.00.03.0000,3726373,44503052,2023,Non Tender,APBDP,CV. CEMERLANG GEMILANG GROUP,Pengadaan Langsung,Pekerjaan Konstruksi,Lanjutan Pembangunan Kantor Lurah Pasar Hilir,SELESAI,198795211,198795211
KAB. MANDAILING NATAL,DINAS PEKERJAAN UMUM DAN PENATAAN RUANG - 1.03.0.00.0.00.03.0000,3150373,40403058,2023,Non Tender,APBD,CV. CIKAS NUSANTARA,Pengadaan Langsung,Jasa Konsultansi Badan Usaha Konstruksi,Konsultan Perencanaan Pembangunan Sistem Drainase Perkotaan dan Lingkungan,SELESAI,24300000,24300000
KAB. MANDAILING NATAL,RUMAH SAKIT UMUM DAERAH PANYABUNGAN - 1.02.0.00.0.00.02.0001,8300773,45589099,2023,E-Katalog 5.0,APBDP,PT.Elsyahfi Calibratech Mandiri,E-Purchasing,Pengadaan Barang,USG,PAKET SELESAI,2690000,2690000
KAB. MANDAILING NATAL,BAGIAN UMUM SETDAKAB MANDAILING NATAL - 4.01.5.06.0.00.26.0009,3595373,44058518,2023,Non Tender,APBD,CV MAHARI PRATAMA,Pengadaan Langsung,Pekerjaan Konstruksi,Rehab dan Pengecetan Gedung Serbaguna,SELESAI,99840000,99840000
KAB. MANDAILING NATAL,DINAS KESEHATAN - 1.02.0.00.0.00.02.0000,3606954,41733260,2023,E-Katalog 5.0,APBD,PT.MUKTI REJO ABADI,E-Purchasing,Pengadaan Barang,Blood Lancet,MELAKUKAN PENGIRIMAN DAN PENERIMAAN,2173500,2173500
KAB. MANDAILING NATAL,DINAS PEKERJAAN UMUM DAN PENATAAN RUANG - 1.03.0.00.0.00.03.0000,3561373,43949235,2023,Non Tender,APBD,CV. TEAM CORE CONSULTANT,Pengadaan Langsung,Jasa Konsultansi Badan Usaha Konstruksi,Jasa Konsultansi Pengawasan Kegiatan Rehabilitasi dan Ubahsuai Aula dan Kantor Bupati,SELESAI,49414000,49414000
KAB. MANDAILING NATAL,DINAS PENDIDIKAN DAN KEBUDAYAAN - 1.01.2.22.0.00.02.0000,3514373,40966323,2023,Non Tender,APBD,CV. R.A.S,Pengadaan Langsung,Pekerjaan Konstruksi,Pembangunan Ruang UKS Beserta Perabotnya SD Negeri 348 Banjar Aur,SELESAI,84312000,84312000
KAB. MANDAILING NATAL,DINAS KESEHATAN - 1.02.0.00.0.00.02.0000,3887402,41733351,2023,E-Katalog 5.0,APBD,PT. Kimia Farma Tbk,E-Purchasing,Pengadaan Barang,"Betametason/Betamethasone Valerate krim 0,1%",MELAKUKAN PENGIRIMAN DAN PENERIMAAN,10250000,10250000
KAB. MANDAILING NATAL,RUMAH SAKIT UMUM DAERAH PANYABUNGAN - 1.02.0.00.0.00.02.0001,3117782,42104658,2023,E-Katalog 5.0,BLUD,P.T. Dexa Medica,E-Purchasing,Pengadaan Barang,Bisoprolol/Bisoprolol Fumarate tablet/kapsul/kaplet 5 mg,MELAKUKAN PENGIRIMAN DAN PENERIMAAN,600000,600000
KAB. MANDAILING NATAL,RUMAH SAKIT UMUM DAERAH PANYABUNGAN - 1.02.0.00.0.00.02.0001,7743139,42104658,2023,E-Katalog 5.0,BLUD,PT INTERSKALA MEDIKA INDONESIA,E-Purchasing,Pengadaan Barang,Typhoid IgG/IgM Rapid Test,MELAKUKAN PENGIRIMAN DAN PENERIMAAN,12620000,12620000
KAB. MANDAILING NATAL,RUMAH SAKIT UMUM DAERAH PANYABUNGAN - 1.02.0.00.0.00.02.0001,7093851,42104658,2023,E-Katalog 5.0,BLUD,PT. Interbat,E-Purchasing,Pengadaan Barang,Meropenem/ Meropenem Trihydrate serb inj 1.000 mg,MELAKUKAN PENGIRIMAN DAN PENERIMAAN,35000000,35000000
KAB. MANDAILING NATAL,DINAS PENDIDIKAN DAN KEBUDAYAAN - 1.01.2.22.0.00.02.0000,2793373,41023182,2023,Tender,APBD,CV. AMEERA MIQAILA SALSABILA,Tender,Pekerjaan Konstruksi,Pembangunan Ruang UKS Beserta Perabotnya SMP Negeri 3 Panyabungan,SELESAI,242679996,242679996
KAB. MANDAILING NATAL,RUMAH SAKIT UMUM DAERAH PANYABUNGAN - 1.02.0.00.0.00.02.0001,4787288,42104658,2023,E-Katalog 5.0,BLUD,PT. Mersifarma Tirmaku Mercusana,E-Purchasing,Pengadaan Barang,Clobazam/ Klobazam tablet/kapsul/kaplet 10 mg,MELAKUKAN PENGIRIMAN DAN PENERIMAAN,2305000,2305000
KAB. MANDAILING NATAL,DINAS PERUMAHAN RAKYAT DAN KAWASAN PERMUKIMAN SERTA PERTANAHAN - 1.04.2.10.0.00.04.0000,3389373,41341697,2023,Non Tender,APBD,CV Madina Aman Sejahtera,Pengadaan Langsung,Pekerjaan Konstruksi,Pembangunan/ Rehabilitasi Jalan Lingkungan di Desa Parbangunan Kec. Panyabungan,SELESAI,112150000,112150000
KAB. MANDAILING NATAL,RUMAH SAKIT UMUM DAERAH PANYABUNGAN - 1.02.0.00.0.00.02.0001,5708486,42104658,2023,E-Katalog 5.0,BLUD,PT Otsuka Indonesia,E-Purchasing,Pengadaan Barang,"Larutan mengandung Karbohidrat + Elektrolit (Glukosa: 55.0 g; NaCl: 2.25 g) Otsu D5 1/4NS ,@ 500 mL",MELAKUKAN PENGIRIMAN DAN PENERIMAAN,3060000,3060000
KAB. MANDAILING NATAL,DINAS PENDIDIKAN DAN KEBUDAYAAN - 1.01.2.22.0.00.02.0000,3633373,44142237,2023,Non Tender,APBD,CV. PUTRA BARINGIN GROUP,Pengadaan Langsung,Pekerjaan Konstruksi,Pembangunan Gedung Kantor Korwil III Dinas Pendidikan,SELESAI,199400033,199400033
KAB. MANDAILING NATAL,DINAS PEKERJAAN UMUM DAN PENATAAN RUANG - 1.03.0.00.0.00.03.0000,2684373,40378844,2023,Tender,APBD,CV.CITRA KARYA MANDIRI,Tender,Pekerjaan Konstruksi,Peningkatan Jalan Simp. Jalan Negara - Simandolam,SELESAI,680680000,680680000
KAB. MANDAILING NATAL,DINAS PENDIDIKAN DAN KEBUDAYAAN - 1.01.2.22.0.00.02.0000,3538373,40966339,2023,Non Tender,APBD,CV.BAITANG KONTRAKTOR,Pengadaan Langsung,Pekerjaan Konstruksi,Pembangunan Ruang UKS Beserta Perabotnya SD Negeri 113 Manyabar,SELESAI,84150000,84150000
KAB. MANDAILING NATAL,DINAS PEKERJAAN UMUM DAN PENATAAN RUANG - 1.03.0.00.0.00.03.0000,2767373,41133169,2023,Tender,APBD,CV. WIKASA,Tender,Pekerjaan Konstruksi,Pembangunan Jembatan Aek Batang Pasusuk Ruas Jalan Bintungan Bejangkar Lamo - Karang Anyar,SELESAI,357850000,357850000
KAB. MANDAILING NATAL,BAGIAN KESEJAHTERAAN RAKYAT SETDAKAB MANDAILING NATAL - 4.01.5.06.0.00.26.0002,3228373,41101639,2023,Non Tender,APBD,CV. ANUGRAH KARYA ABADI,Pengadaan Langsung,Pengadaan Barang,Belanja Barang untuk Dijual/Diserahkan Kepada Masyarakat,SELESAI,83802000,83802000
KAB. MANDAILING NATAL,DINAS PEKERJAAN UMUM DAN PENATAAN RUANG - 1.03.0.00.0.00.03.0000,2697373,40403803,2023,Tender,APBD,CV. PARADISE PARK,Tender,Pekerjaan Konstruksi,Perluasan SPAM Jaringan Perpipaan di Desa Ampung Siala Kec. Batang Natal,SELESAI,1043795834,1043795834
KAB. MANDAILING NATAL,DINAS PEKERJAAN UMUM DAN PENATAAN RUANG - 1.03.0.00.0.00.03.0000,2680373,40378840,2023,Tender,APBD,CV.INTEK JPK,Tender,Pekerjaan Konstruksi,Peningkatan Jalan Simp. Jalan Negara - Padang Harapan,SELESAI,971732000,971732000
KAB. MANDAILING NATAL,DINAS KESEHATAN - 1.02.0.00.0.00.02.0000,3151373,41733239,2023,Non Tender,APBD,CV. EFOD DESIGN CONSULTANT,Pengadaan Langsung,Jasa Konsultansi Badan Usaha Konstruksi,Belanja Jasa Konsultan Perencanaan,SELESAI,49950000,49950000
KAB. MANDAILING NATAL,RUMAH SAKIT UMUM DAERAH PANYABUNGAN - 1.02.0.00.0.00.02.0001,4859072,42104658,2023,E-Katalog 5.0,BLUD,PT Otsuka Indonesia,E-Purchasing,Pengadaan Barang,"Mannitol infus 20% , @250 mL",MELAKUKAN PENGIRIMAN DAN PENERIMAAN,1199800,1199800
KAB. MANDAILING NATAL,DINAS PEKERJAAN UMUM DAN PENATAAN RUANG - 1.03.0.00.0.00.03.0000,3680373,44802017,2023,Non Tender,APBDP,CV. SINGOLOT MANIKAM PERSADA,Pengadaan Langsung,Pekerjaan Konstruksi,Perluasan SPAM Jaringan Perpipaan di Komplek Perkantoran Payaloting Pada Kantor PMI,SELESAI,149007608,149007608
KAB. MANDAILING NATAL,DINAS KESEHATAN - 1.02.0.00.0.00.02.0000,4041945,41733351,2023,E-Katalog 5.0,APBD,PT Ethica Industri Farmasi,E-Purchasing,Pengadaan Barang,Epinefrin/ Epinephrine (Adrenalin) injeksi 1 mg/mL,MELAKUKAN PENGIRIMAN DAN PENERIMAAN,20000000,20000000
KAB. MANDAILING NATAL,DINAS PEKERJAAN UMUM DAN PENATAAN RUANG - 1.03.0.00.0.00.03.0000,3263373,40378837,2023,Non Tender,APBD,CV. FAMILY ARTA GRAHA MANDIRI,Pengadaan Langsung,Pekerjaan Konstruksi,Peningkatan Jalan Singengu - Batahan,SELESAI,197500000,197500000
KAB. MANDAILING NATAL,RUMAH SAKIT UMUM DAERAH PANYABUNGAN - 1.02.0.00.0.00.02.0001,4904581,42104658,2023,E-Katalog 5.0,BLUD,P.T. Dexa Medica,E-Purchasing,Pengadaan Barang,Sucralfate/ Sukralfat susp 500 mg/5 mL,MELAKUKAN PENGIRIMAN DAN PENERIMAAN,37500000,37500000
KAB. MANDAILING NATAL,DINAS PEKERJAAN UMUM DAN PENATAAN RUANG - 1.03.0.00.0.00.03.0000,2663373,40378836,2023,Tender,APBD,CV. KENZO MAHAGANI,Tender,Pekerjaan Konstruksi,Peningkatan Jalan Tangsi Bawah - Kampung Sipirok,SELESAI,485492000,485492000
KAB. MANDAILING NATAL,RUMAH SAKIT UMUM DAERAH PANYABUNGAN - 1.02.0.00.0.00.02.0001,3117782,42104658,2023,E-Katalog 5.0,BLUD,P.T. Dexa Medica,E-Purchasing,Pengadaan Barang,Azitromisin/Azithromycin dihydrate tablet salut selaput/kaplet salut selaput 500 mg,MELAKUKAN PENGIRIMAN DAN PENERIMAAN,2929500,2929500
KAB. MANDAILING NATAL,DINAS PENDIDIKAN DAN KEBUDAYAAN - 1.01.2.22.0.00.02.0000,3563373,40966447,2023,Non Tender,APBD,CV. RAJAWALI ENGINEERING CONSULTANT,Pengadaan Langsung,Jasa Konsultansi Badan Usaha Non Konstruksi,Jasa Konsultan Pengawasan Pembangunan Ruang Laboratorium Komputer Beserta Perabotnya (DAK),SELESAI,99900000,99900000
KAB. MANDAILING NATAL,DINAS KESEHATAN - 1.02.0.00.0.00.02.0000,4138550,41733351,2023,E-Katalog 5.0,APBD,PT. SATORIA ANEKA INDUSTRI,E-Purchasing,Pengadaan Barang,"Ringer Laktat/Ringer Lactate, @500 mL",MELAKUKAN PENGIRIMAN DAN PENERIMAAN,12747000,12747000
KAB. MANDAILING NATAL,RUMAH SAKIT UMUM DAERAH PANYABUNGAN - 1.02.0.00.0.00.02.0001,3094577,42104658,2023,E-Katalog 5.0,BLUD,PT.Bernofarm,E-Purchasing,Pengadaan Barang,Tramadol inj 50 mg/ml,MELAKUKAN PENGIRIMAN DAN PENERIMAAN,1387500,1387500
KAB. MANDAILING NATAL,DINAS PERTANIAN - 3.27.0.00.0.00.24.0000,6068658,43962224,2023,E-Katalog 5.0,APBD,CV.RIZKI KARYA,E-Purchasing,Pengadaan Barang,Bibit Itik Lokal,MELAKUKAN PENGIRIMAN DAN PENERIMAAN,115625000,115625000
KAB. MANDAILING NATAL,RUMAH SAKIT UMUM DAERAH PANYABUNGAN - 1.02.0.00.0.00.02.0001,6099528,42104658,2023,E-Katalog 5.0,BLUD,PT Glaxo Wellcome Indonesia,E-Purchasing,Pengadaan Barang,"Kombinasi: salmeterol 50 mcg + flutikason propionat 250 mcg, ih 250 mcg/puff",MELAKUKAN PENGIRIMAN DAN PENERIMAAN,9553896,0
KAB. MANDAILING NATAL,DINAS KEPENDUDUKAN DAN PENCATATAN SIPIL - 2.12.0.00.0.00.13.0000,3968903,41552974,2023,E-Katalog 5.0,APBD,PT. TRIKREASINDO MANDIRI SENTOSA,E-Purchasing,Pengadaan Barang,Digital EOS 1500D with lens 18-55mm IS II Wifi,PROSES KONTRAK PPK,49445000,0
KAB. MANDAILING NATAL,DINAS KESEHATAN - 1.02.0.00.0.00.02.0000,3963193,41733351,2023,E-Katalog 5.0,APBD,PT. MARIN LIZA FARMASI,E-Purchasing,Pengadaan Barang,Aminofilin/Aminophylline tablet/kapsul/kaplet 200 mg,MELAKUKAN PENGIRIMAN DAN PENERIMAAN,2600000,2600000
KAB. MANDAILING NATAL,RUMAH SAKIT UMUM DAERAH PANYABUNGAN - 1.02.0.00.0.00.02.0001,6968064,42104658,2023,E-Katalog 5.0,BLUD,PT. Kimia Farma Tbk,E-Purchasing,Pengadaan Barang,Metoclopramide hydrochloride (HCl)/ Metoclopramida HCl/ Metoclopramide/ Metoklopramid tablet/kapsul/kaplet 5 mg,MELAKUKAN PENGIRIMAN DAN PENERIMAAN,615000,615000
KAB. MANDAILING NATAL,DINAS PEKERJAAN UMUM DAN PENATAAN RUANG - 1.03.0.00.0.00.03.0000,3241373,40815609,2023,Non Tender,APBD,CV. CENTRAL GRAFIKA PRINT,Pengadaan Langsung,Pekerjaan Konstruksi,Rehabilitasi Jaringan Irigasi Bondar Saba Padang Desa Lumban Dolok Kec. Siabu,SELESAI,117000000,117000000
KAB. MANDAILING NATAL,DINAS KESEHATAN - 1.02.0.00.0.00.02.0000,8077725,41733351,2023,E-Katalog 5.0,APBD,PT.Bernofarm,E-Purchasing,Pengadaan Barang,Amlodipin/ Amlodipine/ Amlodipine besilate tablet/kapsul/kaplet 5 mg,MELAKUKAN PENGIRIMAN DAN PENERIMAAN,14850000,14850000
KAB. MANDAILING NATAL,DINAS PENDIDIKAN DAN KEBUDAYAAN - 1.01.2.22.0.00.02.0000,3489373,40966436,2023,Non Tender,APBD,CV Madina Aman Sejahtera,Pengadaan Langsung,Pekerjaan Konstruksi,Pembangunan Toilet (Jamban) Beserta Sanitasinya SD Negeri 279 Simanguntong,SELESAI,139980000,139980000
KAB. MANDAILING NATAL,DINAS KESEHATAN - 1.02.0.00.0.00.02.0000,3972882,41733351,2023,E-Katalog 5.0,APBD,NOVAPHARIN,E-Purchasing,Pengadaan Barang,Metronidazole/Metronidazol tablet/kapsul/kaplet 500 mg,MELAKUKAN PENGIRIMAN DAN PENERIMAAN,11457600,11457600
KAB. MANDAILING NATAL,DINAS PERHUBUNGAN - 2.15.0.00.0.00.16.0000,3417373,40881947,2023,Non Tender,APBD,CV. AULIA RIZKI PRATAMA,Pengadaan Langsung,Pengadaan Barang,Belanja Modal Alat Studio Lainnya,SELESAI,39900000,0
KAB. MANDAILING NATAL,DINAS PERTANIAN - 3.27.0.00.0.00.24.0000,3325373,41384039,2023,Non Tender,APBD,CV. FAMILY ARTA GRAHA MANDIRI,Pengadaan Langsung,Pekerjaan Konstruksi,Pembangunan/Rehabilitasi Jaringan Irigasi Desa Hutalombang Kec. Puncak Sorik Marapi,SELESAI,110158000,110158000
KAB. MANDAILING NATAL,DINAS PERUMAHAN RAKYAT DAN KAWASAN PERMUKIMAN SERTA PERTANAHAN - 1.04.2.10.0.00.04.0000,3456373,41341688,2023,Non Tender,APBD,CV. BUANA PERKASA,Pengadaan Langsung,Pekerjaan Konstruksi,Pembangunan/ Rehabilitasi Jalan Lingkungan di Lorong I Desa Lumban Dolok Kec. Siabu,SELESAI,144520000,144520000
KAB. MANDAILING NATAL,DINAS PENDIDIKAN DAN KEBUDAYAAN - 1.01.2.22.0.00.02.0000,2790373,41023183,2023,Tender,APBD,CV. GHAISAN AFIF SUMATERA,Tender,Pekerjaan Konstruksi,Pembangunan Ruang UKS Beserta Perabotnya SMP Negeri 1 Lembah Sorik Marapi,SELESAI,222962764,222962764
KAB. MANDAILING NATAL,DINAS KESEHATAN - 1.02.0.00.0.00.02.0000,3960092,41733351,2023,E-Katalog 5.0,APBD,PT. Hexpharm Jaya Laboratories,E-Purchasing,Pengadaan Barang,Alopurinol/Allopurinol tablet/kapsul/kaplet 300 mg,MELAKUKAN PENGIRIMAN DAN PENERIMAAN,26740000,26740000
KAB. MANDAILING NATAL,RUMAH SAKIT UMUM DAERAH PANYABUNGAN - 1.02.0.00.0.00.02.0001,5044763,42104658,2023,E-Katalog 5.0,BLUD,PT. COMBINED IMPERIAL PHARMACEUTICALS,E-Purchasing,Pengadaan Barang,Permetrin /Permethrin 10 Gr,MELAKUKAN PENGIRIMAN DAN PENERIMAAN,666000,666000
KAB. MANDAILING NATAL,DINAS PENDIDIKAN DAN KEBUDAYAAN - 1.01.2.22.0.00.02.0000,2841373,40966412,2023,Tender,APBD,CV. BINTANG JAYA,Tender,Pekerjaan Konstruksi,Pembangunan ruang laboratorium komputer beserta perabotnya SD Negeri 325 Sinunukan II,SELESAI,217362197,217362197
KAB. MANDAILING NATAL,DINAS PERTANIAN - 3.27.0.00.0.00.24.0000,7912872,45269050,2023,E-Katalog 5.0,APBDP,CV.RIZKI KARYA,E-Purchasing,Pengadaan Barang,BIBIT - BENIH PADI,MELAKUKAN PENGIRIMAN DAN PENERIMAAN,149435000,149435000
KAB. MANDAILING NATAL,DINAS PEKERJAAN UMUM DAN PENATAAN RUANG - 1.03.0.00.0.00.03.0000,3700373,45090336,2023,Non Tender,APBDP,HQ PRATAMA CONSULTANT,Pengadaan Langsung,Jasa Konsultansi Badan Usaha Konstruksi,Pemutakhiran Peta Jaringan Jalan,SELESAI,49500000,49500000
KAB. MANDAILING NATAL,DINAS PERTANIAN - 3.27.0.00.0.00.24.0000,3347373,41384011,2023,Non Tender,APBD,cv. andalas raya,Pengadaan Langsung,Pekerjaan Konstruksi,Pembangunan/Rehabilitasi Jalan Usaha Tani/Jalan Produksi Desa Ranjo Batu Kec. Muarasipongi,SELESAI,125200000,125200000
KAB. MANDAILING NATAL,DINAS KESEHATAN - 1.02.0.00.0.00.02.0000,3625787,41733260,2023,E-Katalog 5.0,APBD,PT. MOLEX AYUS,E-Purchasing,Pengadaan Barang,Molex Rivanol Botol 100 ml,MELAKUKAN PENGIRIMAN DAN PENERIMAAN,13200000,13200000
KAB. MANDAILING NATAL,DINAS KESEHATAN - 1.02.0.00.0.00.02.0000,3833441,41733260,2023,E-Katalog 5.0,APBD,PT. Setia Anugrah Medika,E-Purchasing,Pengadaan Barang,ARKRAY Spanclone Anti A Monoclonal,PROSES KONTRAK PPK,20900000,0
KAB. MANDAILING NATAL,DINAS PEKERJAAN UMUM DAN PENATAAN RUANG - 1.03.0.00.0.00.03.0000,2726373,40377907,2023,Tender,APBD,CV. MEDTAN CIPTA UTAMA,Seleksi,Jasa Konsultansi Badan Usaha Konstruksi,Penyusunan Dokumen Perencanaan Jembatan,SELESAI,148962000,148962000
KAB. MANDAILING NATAL,DINAS PEKERJAAN UMUM DAN PENATAAN RUANG - 1.03.0.00.0.00.03.0000,2705373,40403794,2023,Tender,APBD,CV SINAR,Tender,Pekerjaan Konstruksi,Perluasan SPAM Jaringan Perpipaan di Desa Lubuk Kapundung II Kec. Muara Batang Gadis,SELESAI,1096602838,1096602838
KAB. MANDAILING NATAL,DINAS PEKERJAAN UMUM DAN PENATAAN RUANG - 1.03.0.00.0.00.03.0000,2665373,40378856,2023,Tender,APBD,CV.Tunjung Biru,Tender,Pekerjaan Konstruksi,Peningkatan Jalan Bukit Mas - Kubangan Tompek,SELESAI,1348526700,1348526700
KAB. MANDAILING NATAL,DINAS KESEHATAN - 1.02.0.00.0.00.02.0000,8078783,41733351,2023,E-Katalog 5.0,APBD,PT.Bernofarm,E-Purchasing,Pengadaan Barang,AMBROXOL HCl 15 mg/5 ml elixir,MELAKUKAN PENGIRIMAN DAN PENERIMAAN,766000,766000
KAB. MANDAILING NATAL,SEKRETARIAT DPRD KABUPATEN - 4.02.0.00.0.00.27.0000,3724373,45282611,2023,Non Tender,APBDP,CV. PUTRA PRATAMA,Pengadaan Langsung,Pekerjaan Konstruksi,Rehabilitasi Rumah Dinas Ketua DPRD,SELESAI,198510000,198510000
KAB. MANDAILING NATAL,DINAS PENDIDIKAN DAN KEBUDAYAAN - 1.01.2.22.0.00.02.0000,2831373,40966380,2023,Tender,APBD,CV. DWI LESTARI,Tender,Pekerjaan Konstruksi,Pembangunan ruang laboratorium komputer beserta perabotnya SD Negeri 060 Tarutung Panjang,SELESAI,226865000,226865000
KAB. MANDAILING NATAL,DINAS PENDIDIKAN DAN KEBUDAYAAN - 1.01.2.22.0.00.02.0000,2782373,41023194,2023,Tender,APBD,CV. BANGKIT BERSAMA GROUP,Tender,Pekerjaan Konstruksi,Pembangunan Ruang Laboratorium Komputer Beserta Perabotnya SMP Negeri 1 Tambangan,SELESAI,460934486,460934486
KAB. MANDAILING NATAL,RUMAH SAKIT UMUM DAERAH PANYABUNGAN - 1.02.0.00.0.00.02.0001,3444977,42104658,2023,E-Katalog 5.0,BLUD,P.T. Dexa Medica,E-Purchasing,Pengadaan Barang,Kandesartan/ Candesartan/ Candesartan Cilexetil  tablet/kapsul/kaplet 8 mg,MELAKUKAN PENGIRIMAN DAN PENERIMAAN,897000,897000
KAB. MANDAILING NATAL,DINAS KESEHATAN - 1.02.0.00.0.00.02.0000,3972543,41733351,2023,E-Katalog 5.0,APBD,PT.Phapros Tbk,E-Purchasing,Pengadaan Barang,Lidocaine Hydrochloride/ Lidocaine/ Lidocain/ Lidokain injeksi 2%,MELAKUKAN PENGIRIMAN DAN PENERIMAAN,2518000,2518000
KAB. MANDAILING NATAL,DINAS PENDIDIKAN DAN KEBUDAYAAN - 1.01.2.22.0.00.02.0000,3654373,40966290,2023,Non Tender,APBD,CV. PUTRA PRATAMA,Pengadaan Langsung,Pekerjaan Konstruksi,Pembangunan Ruang Guru SD Negeri 235 Patahajang,SELESAI,199400050,199400050
KAB. MANDAILING NATAL,DINAS KESEHATAN - 1.02.0.00.0.00.02.0000,3961782,41733351,2023,E-Katalog 5.0,APBD,PT. Holi Pharma,E-Purchasing,Pengadaan Barang,Prednison/Prednisone tablet/kapsul/kaplet 5 mg,MELAKUKAN PENGIRIMAN DAN PENERIMAAN,5618000,5618000
KAB. MANDAILING NATAL,DINAS PEKERJAAN UMUM DAN PENATAAN RUANG - 1.03.0.00.0.00.03.0000,2776373,42267897,2023,Tender,APBD,Cv.daf'al,Tender,Pekerjaan Konstruksi,Lanjutan Pembangunan Pasar Baru Panyabungan,SELESAI,1774890000,1774890000
KAB. MANDAILING NATAL,DINAS KESEHATAN - 1.02.0.00.0.00.02.0000,3494893,41733260,2023,E-Katalog 5.0,APBD,PT.GLOBAL DISPOMEDIKA,E-Purchasing,Pengadaan Barang,Gloves Latex Examination Powdered Size Large,MELAKUKAN PENGIRIMAN DAN PENERIMAAN,151422000,151422000
KAB. MANDAILING NATAL,DINAS KESEHATAN - 1.02.0.00.0.00.02.0000,8077725,41733351,2023,E-Katalog 5.0,APBD,PT.Bernofarm,E-Purchasing,Pengadaan Barang,AMBROXOL HCl 30 mg TABLET,MELAKUKAN PENGIRIMAN DAN PENERIMAAN,5820000,5820000
KAB. MANDAILING NATAL,DINAS PERTANIAN - 3.27.0.00.0.00.24.0000,3324373,41384035,2023,Non Tender,APBD,cv. riski nauli,Pengadaan Langsung,Pekerjaan Konstruksi,Pembangunan/Rehabilitasi Jaringan Irigasi Desa Huta Padang Kec. Pakantan,SELESAI,110158000,110158000
KAB. MANDAILING NATAL,DINAS PENDIDIKAN DAN KEBUDAYAAN - 1.01.2.22.0.00.02.0000,2783373,41023196,2023,Tender,APBD,CV. KARYA TIGA PRATAMA,Tender,Pekerjaan Konstruksi,Pembangunan Ruang Laboratorium Komputer Beserta Perabotnya SMP Negeri 1 Ranto Baek,SELESAI,494697800,494697800
KAB. MANDAILING NATAL,DINAS PENDIDIKAN DAN KEBUDAYAAN - 1.01.2.22.0.00.02.0000,3544373,40966333,2023,Non Tender,APBD,CV.LANGGA SARI,Pengadaan Langsung,Pekerjaan Konstruksi,Pembangunan Ruang UKS Beserta Perabotnya SD Negeri 040 Hutagodang Muda,SELESAI,84410000,84410000
KAB. MANDAILING NATAL,DINAS PENDIDIKAN DAN KEBUDAYAAN - 1.01.2.22.0.00.02.0000,2861373,40966255,2023,Tender,APBD,CV. NAURA KARYA CONTRACTOR,Tender,Pekerjaan Konstruksi,Pembangunan Ruang Perpustakaan Beserta Perabotnya SD Negeri 220 Hutadangka,SELESAI,205568567,205568567
KAB. MANDAILING NATAL,DINAS PEKERJAAN UMUM DAN PENATAAN RUANG - 1.03.0.00.0.00.03.0000,3237373,40815612,2023,Non Tender,APBD,CV. PUTRA PRATAMA,Pengadaan Langsung,Pekerjaan Konstruksi,Rehabilitasi Jaringan Irigasi Desa Muara Soro Kec. Kotanopan,SELESAI,118000000,118000000
KAB. MANDAILING NATAL,DINAS PENDIDIKAN DAN KEBUDAYAAN - 1.01.2.22.0.00.02.0000,3644373,40966662,2023,Non Tender,APBD,CV. CEMERLANG GEMILANG GROUP,Pengadaan Langsung,Pekerjaan Konstruksi,Rehabilitasi Sedang / Berat Ruang Kelas SD Negeri 289 Lancat,SELESAI,99600006,99600006
KAB. MANDAILING NATAL,RUMAH SAKIT UMUM DAERAH PANYABUNGAN - 1.02.0.00.0.00.02.0001,4904274,42104658,2023,E-Katalog 5.0,BLUD,PT. Hexpharm Jaya Laboratories,E-Purchasing,Pengadaan Barang,Domperidon/ Domperidone maleate/ Domperidone sirup/suspensi 5 mg/5 ml,MELAKUKAN PENGIRIMAN DAN PENERIMAAN,700000,700000
KAB. MANDAILING NATAL,DINAS PENDIDIKAN DAN KEBUDAYAAN - 1.01.2.22.0.00.02.0000,3512373,40966326,2023,Non Tender,APBD,CV.SEPAKAT KARINA,Pengadaan Langsung,Pekerjaan Konstruksi,Pembangunan Ruang UKS Beserta Perabotnya SD Negeri 372 Sikara Kara I,SELESAI,84600000,84600000
KAB. MANDAILING NATAL,DINAS PERUMAHAN RAKYAT DAN KAWASAN PERMUKIMAN SERTA PERTANAHAN - 1.04.2.10.0.00.04.0000,3461373,41341727,2023,Non Tender,APBD,CV. RENDER CONSULTANT,Pengadaan Langsung,Jasa Konsultansi Badan Usaha Non Konstruksi,Konsultan Pengawasan Pembangunan /Rehabilitasi Jalan Lingkungan,SELESAI,99001000,99001000
KAB. MANDAILING NATAL,RUMAH SAKIT UMUM DAERAH PANYABUNGAN - 1.02.0.00.0.00.02.0001,3625647,42104658,2023,E-Katalog 5.0,BLUD,PT. Hexpharm Jaya Laboratories,E-Purchasing,Pengadaan Barang,Ciprofloxacin hydrochloride (HCl)/ Ciprofloxacin Lactate/ Ciprofloxacin/ Siprofloksasin tablet/kapsul/kaplet 500 mg,MELAKUKAN PENGIRIMAN DAN PENERIMAAN,2300000,2300000
KAB. MANDAILING NATAL,RUMAH SAKIT UMUM DAERAH PANYABUNGAN - 1.02.0.00.0.00.02.0001,7784854,42104658,2023,E-Katalog 5.0,BLUD,PT. Interbat,E-Purchasing,Pengadaan Barang,Tramadol Injeksi 50 mg/ml,MELAKUKAN PENGIRIMAN DAN PENERIMAAN,1500000,1500000
KAB. MANDAILING NATAL,DINAS KESEHATAN - 1.02.0.00.0.00.02.0000,3624602,41733260,2023,E-Katalog 5.0,APBD,PT MAKMUR JAYA HEALTHINDO,E-Purchasing,Pengadaan Barang,QILAN Disposable Syringe With Needle 3 ML,MELAKUKAN PENGIRIMAN DAN PENERIMAAN,38950000,38950000
KAB. MANDAILING NATAL,DINAS PENDIDIKAN DAN KEBUDAYAAN - 1.01.2.22.0.00.02.0000,2851373,40966296,2023,Tender,APBD,CV. RAO JAYA,Tender,Pekerjaan Konstruksi,Pembangunan Ruang Guru Beserta Perabotnya SD Negeri 213 Hutaimbaru,SELESAI,228759996,228759996
KAB. MANDAILING NATAL,RUMAH SAKIT UMUM DAERAH PANYABUNGAN - 1.02.0.00.0.00.02.0001,7211462,42104658,2023,E-Katalog 5.0,BLUD,P.T. Dexa Medica,E-Purchasing,Pengadaan Barang,Gabapentin tablet/kapsul/kaplet 300 mg,MELAKUKAN PENGIRIMAN DAN PENERIMAAN,2340000,2340000
KAB. MANDAILING NATAL,DINAS PENDIDIKAN DAN KEBUDAYAAN - 1.01.2.22.0.00.02.0000,3133842,42341145,2023,E-Katalog 5.0,APBD,PT. Trisolah Suvarna Indonesia,E-Purchasing,Pengadaan Barang,Merdeka Chromebook C120 (Hanya Berfungsi Optimal Apabila Terdapat Jaringan Internet),MELAKUKAN PENGIRIMAN DAN PENERIMAAN,114250000,114250000
KAB. MANDAILING NATAL,DINAS PENGENDALIAN PENDUDUK DAN KELUARGA BERENCANA - 2.14.0.00.0.00.15.0000,3168373,40079818,2023,Non Tender,APBD,CV. RENDER CONSULTANT,Pengadaan Langsung,Jasa Konsultansi Badan Usaha Non Konstruksi,Belanja Jasa Konsultan Perencanaan dan Pengawasan,SELESAI,49950000,49950000
KAB. MANDAILING NATAL,DINAS PENDIDIKAN DAN KEBUDAYAAN - 1.01.2.22.0.00.02.0000,3581373,40966445,2023,Non Tender,APBD,CV. RIMBA NUSANTARA,Pengadaan Langsung,Pekerjaan Konstruksi,Pembangunan Toilet (Jamban) Beserta Sanitasinya SD Negeri 331 Pasir Putih,SELESAI,139990000,139990000
KAB. MANDAILING NATAL,RUMAH SAKIT UMUM DAERAH PANYABUNGAN - 1.02.0.00.0.00.02.0001,8300773,45589099,2023,E-Katalog 5.0,APBDP,PT.Elsyahfi Calibratech Mandiri,E-Purchasing,Pengadaan Barang,Blood Bank Refrigerator,PAKET SELESAI,695000,695000
KAB. MANDAILING NATAL,RUMAH SAKIT UMUM DAERAH PANYABUNGAN - 1.02.0.00.0.00.02.0001,4823253,42104658,2023,E-Katalog 5.0,BLUD,PT. Mahakam Beta Farma,E-Purchasing,Pengadaan Barang,Misoprostol  200 mcg Tab,MELAKUKAN PENGIRIMAN DAN PENERIMAAN,4745700,4745700
KAB. MANDAILING NATAL,DINAS PENGENDALIAN PENDUDUK DAN KELUARGA BERENCANA - 2.14.0.00.0.00.15.0000,3398373,43651682,2023,Non Tender,APBD,KENANGA MULTI TRADE,Pengadaan Langsung,Pengadaan Barang,Belanja Modal Alat Rumah Tangga,SELESAI,184815000,184815000
KAB. MANDAILING NATAL,RUMAH SAKIT UMUM DAERAH PANYABUNGAN - 1.02.0.00.0.00.02.0001,6859925,42555566,2023,E-Katalog 5.0,BLUD,PT Muara Sakti Utama,E-Purchasing,Pengadaan Barang,MSUMED Timbangan Bayi dan Anak Bluetooth Digital,MELAKUKAN PENGIRIMAN DAN PENERIMAAN,5486580,5486580
KAB. MANDAILING NATAL,DINAS PEKERJAAN UMUM DAN PENATAAN RUANG - 1.03.0.00.0.00.03.0000,2728373,40377893,2023,Tender,APBD,CV. Penus Graphindo Consultant,Seleksi,Jasa Konsultansi Badan Usaha Konstruksi,Penyusunan Dokumen Perencanaan Kegiatan Bidang Bina Marga TA. 2024,SELESAI,297036000,297036000
KAB. MANDAILING NATAL,DINAS KESEHATAN - 1.02.0.00.0.00.02.0000,5441100,41733351,2023,E-Katalog 5.0,APBD,PT. Kimia Farma Tbk,E-Purchasing,Pengadaan Barang,Chloramphenicol/ Kloramfenikol salep mata 1 %,MELAKUKAN PENGIRIMAN DAN PENERIMAAN,16999392,16999392
KAB. MANDAILING NATAL,DINAS PENDIDIKAN DAN KEBUDAYAAN - 1.01.2.22.0.00.02.0000,2802373,40966384,2023,Tender,APBD,CV. AMEERA MIQAILA SALSABILA,Tender,Pekerjaan Konstruksi,Pembangunan ruang laboratorium komputer beserta perabotnya SD Negeri 113 Manyabar,SELESAI,226739997,226739997
KAB. MANDAILING NATAL,RUMAH SAKIT UMUM DAERAH PANYABUNGAN - 1.02.0.00.0.00.02.0001,8188124,42104658,2023,E-Katalog 5.0,BLUD,PT AstraZeneca Indonesia,E-Purchasing,Pengadaan Barang,"kombinasi, setiap dosis mengandung : Budesonid 160 mcg Formoterol 4,5 mcg (inhalasi), 120 dosis kemasan turbuhaler",MELAKUKAN PENGIRIMAN DAN PENERIMAAN,16684000,0
KAB. MANDAILING NATAL,DINAS PENDIDIKAN DAN KEBUDAYAAN - 1.01.2.22.0.00.02.0000,3542373,40966335,2023,Non Tender,APBD,CV.BAITANG KONTRAKTOR,Pengadaan Langsung,Pekerjaan Konstruksi,Pembangunan Ruang UKS Beserta Perabotnya SD Negeri 051 Bange,SELESAI,84150000,84150000
KAB. MANDAILING NATAL,DINAS PERUMAHAN RAKYAT DAN KAWASAN PERMUKIMAN SERTA PERTANAHAN - 1.04.2.10.0.00.04.0000,3602373,41341720,2023,Non Tender,APBD,CV. KEMBAR BONAHARTO,Pengadaan Langsung,Pekerjaan Konstruksi,Pembangunan Jalan Lingkungan di Desa Bangkelang Kec. Batang Natal,SELESAI,113168000,113168000
KAB. MANDAILING NATAL,DINAS PERTANIAN - 3.27.0.00.0.00.24.0000,4167781,43463664,2023,E-Katalog 5.0,APBD,CV. AULIA RIZKI PRATAMA,E-Purchasing,Pengadaan Barang,BIBIT Bibit Manggis,PROSES KONTRAK PPK,123522000,123522000
KAB. MANDAILING NATAL,RUMAH SAKIT UMUM DAERAH PANYABUNGAN - 1.02.0.00.0.00.02.0001,7783648,42104658,2023,E-Katalog 5.0,BLUD,PT.TOP POINT MEDICAL,E-Purchasing,Pengadaan Barang,TP Disposable Syringe 5ML with Needle,MELAKUKAN PENGIRIMAN DAN PENERIMAAN,20900000,20900000
KAB. MANDAILING NATAL,RUMAH SAKIT UMUM DAERAH PANYABUNGAN - 1.02.0.00.0.00.02.0001,3092157,42104658,2023,E-Katalog 5.0,BLUD,PT. Amarox Pharma Global,E-Purchasing,Pengadaan Barang,Olanzapine/ Olanzapin tablet salut selaput 5 mg,MELAKUKAN PENGIRIMAN DAN PENERIMAAN,431400,431400
KAB. MANDAILING NATAL,DINAS PERUMAHAN RAKYAT DAN KAWASAN PERMUKIMAN SERTA PERTANAHAN - 1.04.2.10.0.00.04.0000,3431373,41341685,2023,Non Tender,APBD,CV Madina Aman Sejahtera,Pengadaan Langsung,Pekerjaan Konstruksi,Pembangunan/ Rehabilitasi Jalan Lingkungan di Desa Buburan Kec. Natal,SELESAI,118150000,118150000
KAB. MANDAILING NATAL,DINAS PENDIDIKAN DAN KEBUDAYAAN - 1.01.2.22.0.00.02.0000,3566373,40966449,2023,Non Tender,APBD,CV. HADITAMA,Pengadaan Langsung,Jasa Konsultansi Badan Usaha Non Konstruksi,Jasa Konsultan Pengawasan Pembangunan Toilet (Jamban) Beserta Sanitasinya (DAK),SELESAI,49950000,49950000
KAB. MANDAILING NATAL,DINAS PERUMAHAN RAKYAT DAN KAWASAN PERMUKIMAN SERTA PERTANAHAN - 1.04.2.10.0.00.04.0000,3551373,41341690,2023,Non Tender,APBD,CV. DOMURA KARYA,Pengadaan Langsung,Pekerjaan Konstruksi,Pembangunan Jalan Lingkungan di Banjar Saba Kel. Pasar Hilir Kec. Panyabungan,SELESAI,117400000,117400000
KAB. MANDAILING NATAL,DINAS KEPENDUDUKAN DAN PENCATATAN SIPIL - 2.12.0.00.0.00.13.0000,3968903,41552974,2023,E-Katalog 5.0,APBD,PT. TRIKREASINDO MANDIRI SENTOSA,E-Purchasing,Pengadaan Barang,SignatureGem T-LBK462,PROSES KONTRAK PPK,35349000,0
KAB. MANDAILING NATAL,DINAS PENDIDIKAN DAN KEBUDAYAAN - 1.01.2.22.0.00.02.0000,3645373,40966367,2023,Non Tender,APBD,CV. NABILA,Pengadaan Langsung,Pekerjaan Konstruksi,Pembangunan Paving Block SD Negeri 072 Sibaung Baung,SELESAI,99600001,99600001
KAB. MANDAILING NATAL,DINAS PENDIDIKAN DAN KEBUDAYAAN - 1.01.2.22.0.00.02.0000,2820373,40966383,2023,Tender,APBD,CV. ZIHANS BROTHER,Tender,Pekerjaan Konstruksi,Pembangunan ruang laboratorium komputer beserta perabotnya SD Negeri 105 Adian Jior,SELESAI,226928996,226928996
KAB. MANDAILING NATAL,DINAS KESEHATAN - 1.02.0.00.0.00.02.0000,3977538,41733351,2023,E-Katalog 5.0,APBD,P.T. Dexa Medica,E-Purchasing,Pengadaan Barang,Spironolactone/ Spironolakton tablet/kapsul/kaplet 25 mg,MELAKUKAN PENGIRIMAN DAN PENERIMAAN,4536000,4536000
KAB. MANDAILING NATAL,DINAS PEKERJAAN UMUM DAN PENATAAN RUANG - 1.03.0.00.0.00.03.0000,3739373,44503364,2023,Non Tender,APBDP,CV. BINTANG BUDI MANDIRI,Pengadaan Langsung,Pekerjaan Konstruksi,Rehabilitasi Kantor Dinas Koperasi Kab. Mandailing Natal,SELESAI,149187843,149187843
KAB. MANDAILING NATAL,RUMAH SAKIT UMUM DAERAH PANYABUNGAN - 1.02.0.00.0.00.02.0001,3389313,42104658,2023,E-Katalog 5.0,BLUD,PT. COMBINED IMPERIAL PHARMACEUTICALS,E-Purchasing,Pengadaan Barang,Kolkisin/ colchicine tablet/ kapsul/ kaplet/ 500 mcg Frigout,MELAKUKAN PENGIRIMAN DAN PENERIMAAN,2415000,2415000
KAB. MANDAILING NATAL,RUMAH SAKIT UMUM DAERAH PANYABUNGAN - 1.02.0.00.0.00.02.0001,7093851,42104658,2023,E-Katalog 5.0,BLUD,PT. Interbat,E-Purchasing,Pengadaan Barang,THEOBRON KAPSUL _Theophylline 130 mg,MELAKUKAN PENGIRIMAN DAN PENERIMAAN,1278400,1278400
KAB. MANDAILING NATAL,DINAS PENDIDIKAN DAN KEBUDAYAAN - 1.01.2.22.0.00.02.0000,3484373,40966432,2023,Non Tender,APBD,CV. Tamaro Rejeki,Pengadaan Langsung,Pekerjaan Konstruksi,Pembangunan Toilet (Jamban) Beserta Sanitasinya SD Negeri 347 Batahan,SELESAI,139960000,139960000
KAB. MANDAILING NATAL,DINAS KESEHATAN - 1.02.0.00.0.00.02.0000,8153646,41733351,2023,E-Katalog 5.0,APBD,PT.Bernofarm,E-Purchasing,Pengadaan Barang,Domperidon/ Domperidone maleate/ Domperidone sirup/suspensi 5 mg/5 ml,MELAKUKAN PENGIRIMAN DAN PENERIMAAN,785000,785000
KAB. MANDAILING NATAL,DINAS PERTANIAN - 3.27.0.00.0.00.24.0000,3326373,41384045,2023,Non Tender,APBD,NARAMON FAJRI,Pengadaan Langsung,Pekerjaan Konstruksi,Pembangunan/Rehabilitasi Jaringan Irigasi Desa Hutaimbaru Kec. Hutabargot,SELESAI,110308000,110308000
KAB. MANDAILING NATAL,BAGIAN HUKUM SETDAKAB MANDAILING NATAL - 4.01.5.06.0.00.26.0003,8092016,45547878,2023,E-Katalog 5.0,APBDP,MY ICON TECHNOLOGY,E-Purchasing,Pengadaan Barang,ECOTANK L4261,MELAKUKAN PENGIRIMAN DAN PENERIMAAN,24800000,0
KAB. MANDAILING NATAL,DINAS PENGENDALIAN PENDUDUK DAN KELUARGA BERENCANA - 2.14.0.00.0.00.15.0000,2765373,40047479,2023,Tender,APBD,CV.ZARA KEMILAU,Tender,Pekerjaan Konstruksi,Rehab Berat Balai Penyuluh KB,SELESAI,287955765,287955765
KAB. MANDAILING NATAL,DINAS PEKERJAAN UMUM DAN PENATAAN RUANG - 1.03.0.00.0.00.03.0000,2662373,40375358,2023,Tender,APBD,CV AEK KAPIAS,Tender,Pekerjaan Konstruksi,Lanjutan Pembangunan Jalan Simp. Batu Mundom - Batu Mundom,SELESAI,390040000,390040000
KAB. MANDAILING NATAL,DINAS PERHUBUNGAN - 2.15.0.00.0.00.16.0000,3337373,43503260,2023,Non Tender,APBD,CV. SINGOLOT MANIKAM PERSADA,Pengadaan Langsung,Pekerjaan Konstruksi,Pengadaan dan Pemasangan Marka Jalan di Kab. Mandailing Natal,SELESAI,199600000,199600000
KAB. MANDAILING NATAL,RUMAH SAKIT UMUM DAERAH PANYABUNGAN - 1.02.0.00.0.00.02.0001,8311823,42104658,2023,E-Katalog 5.0,BLUD,PT. Mahakam Beta Farma,E-Purchasing,Pengadaan Barang,"Fentanil/ Fentanyl injeksi 0,05 mg/ml (i.m/i.v) ampul/vial @ 2 mL",MELAKUKAN PENGIRIMAN DAN PENERIMAAN,8482200,8482200
KAB. MANDAILING NATAL,RUMAH SAKIT UMUM DAERAH PANYABUNGAN - 1.02.0.00.0.00.02.0001,7212729,42104658,2023,E-Katalog 5.0,BLUD,PT. IFARS PHARMACEUTICAL LABORATORIES,E-Purchasing,Pengadaan Barang,Doksisiklin/ Doxycycline/ Doxycycline hyclate tablet/kapsul/kaplet 100 mg,MELAKUKAN PENGIRIMAN DAN PENERIMAAN,1200000,1200000
KAB. MANDAILING NATAL,DINAS PERTANIAN - 3.27.0.00.0.00.24.0000,4167781,43463664,2023,E-Katalog 5.0,APBD,CV. AULIA RIZKI PRATAMA,E-Purchasing,Pengadaan Barang,BIBIT Bibit Jeruk Madu,PROSES KONTRAK PPK,161486850,161486850
KAB. MANDAILING NATAL,RUMAH SAKIT UMUM DAERAH PANYABUNGAN - 1.02.0.00.0.00.02.0001,3092157,42104658,2023,E-Katalog 5.0,BLUD,PT. Amarox Pharma Global,E-Purchasing,Pengadaan Barang,Pregabalin kapsul 75,MELAKUKAN PENGIRIMAN DAN PENERIMAAN,1807500,1807500
KAB. MANDAILING NATAL,DINAS KESEHATAN - 1.02.0.00.0.00.02.0000,3972882,41733351,2023,E-Katalog 5.0,APBD,NOVAPHARIN,E-Purchasing,Pengadaan Barang,Griseofulvin tablet/kapsul/kaplet 125 mg,MELAKUKAN PENGIRIMAN DAN PENERIMAAN,56889000,56889000
KAB. MANDAILING NATAL,RUMAH SAKIT UMUM DAERAH PANYABUNGAN - 1.02.0.00.0.00.02.0001,5708486,42104658,2023,E-Katalog 5.0,BLUD,PT Otsuka Indonesia,E-Purchasing,Pengadaan Barang,"Larutan mengandung Karbohidrat + Elektrolit (Glukosa: 55.0 g; NaCl: 4.5 g) , Otsu D5 1/2NS, @ 500 mL",MELAKUKAN PENGIRIMAN DAN PENERIMAAN,5100000,5100000
KAB. MANDAILING NATAL,RUMAH SAKIT UMUM DAERAH PANYABUNGAN - 1.02.0.00.0.00.02.0001,6388752,42104658,2023,E-Katalog 5.0,BLUD,PT BINABAKTI NIAGAPERKASA,E-Purchasing,Pengadaan Barang,THERMOSHIELD HME Filter (038-41-355),MELAKUKAN PENGIRIMAN DAN PENERIMAAN,82000,0
KAB. MANDAILING NATAL,DINAS PENDIDIKAN DAN KEBUDAYAAN - 1.01.2.22.0.00.02.0000,2896373,44282685,2023,Tender,APBD,CV. TEGUH MANDALA,Tender,Pekerjaan Konstruksi,"Pembangunan Taman, Pagar dan Dek Penahan Tanah",SELESAI,194434684,194434684
KAB. MANDAILING NATAL,RUMAH SAKIT UMUM DAERAH PANYABUNGAN - 1.02.0.00.0.00.02.0001,3625647,42104658,2023,E-Katalog 5.0,BLUD,PT. Hexpharm Jaya Laboratories,E-Purchasing,Pengadaan Barang,Asam Mefenamat/Mefenamic acid tablet/kapsul/kaplet/kaptab 500 mg,MELAKUKAN PENGIRIMAN DAN PENERIMAAN,4000000,4000000
KAB. MANDAILING NATAL,BADAN KESATUAN BANGSA DAN POLITIK - 8.01.0.00.0.00.56.0000,3694373,44844366,2023,Non Tender,APBDP,CV. CENTRAL GRAFIKA PRINT,Pengadaan Langsung,Pekerjaan Konstruksi,Pembangunan Tempat Parkir,SELESAI,145000002,145000002
KAB. MANDAILING NATAL,DINAS PENDIDIKAN DAN KEBUDAYAAN - 1.01.2.22.0.00.02.0000,3705156,42949326,2023,E-Katalog 5.0,APBD,KENANGA MULTI TRADE,E-Purchasing,Pengadaan Barang,Eco Tank L5290,MELAKUKAN PENGIRIMAN DAN PENERIMAAN,152000000,152000000
KAB. MANDAILING NATAL,DINAS KESEHATAN - 1.02.0.00.0.00.02.0000,3503372,41733260,2023,E-Katalog 5.0,APBD,PT. BUANA INTIPRIMA USAHA,E-Purchasing,Pengadaan Barang,CHRONA LIFE Bandage Crepe 4 Inch,MELAKUKAN PENGIRIMAN DAN PENERIMAAN,23550000,23550000
KAB. MANDAILING NATAL,RUMAH SAKIT UMUM DAERAH PANYABUNGAN - 1.02.0.00.0.00.02.0001,3091153,42104658,2023,E-Katalog 5.0,BLUD,PT. Indofarma (Persero) Tbk,E-Purchasing,Pengadaan Barang,Amitriptyline 25 mg Tablet,MELAKUKAN PENGIRIMAN DAN PENERIMAAN,1900000,1900000
KAB. MANDAILING NATAL,DINAS KESEHATAN - 1.02.0.00.0.00.02.0000,3977538,41733351,2023,E-Katalog 5.0,APBD,P.T. Dexa Medica,E-Purchasing,Pengadaan Barang,Kalsium glukonat/ Calcium gluconate inj 10%,MELAKUKAN PENGIRIMAN DAN PENERIMAAN,41580000,41580000
KAB. MANDAILING NATAL,RUMAH SAKIT UMUM DAERAH PANYABUNGAN - 1.02.0.00.0.00.02.0001,7608900,42104658,2023,E-Katalog 5.0,BLUD,PT. STANDARD BIOSENSOR HEALTHCARE,E-Purchasing,Pengadaan Barang,Dengue Duo Test,MELAKUKAN PENGIRIMAN DAN PENERIMAAN,4400000,4400000
KAB. MANDAILING NATAL,DINAS PEKERJAAN UMUM DAN PENATAAN RUANG - 1.03.0.00.0.00.03.0000,2772373,42267911,2023,Tender,APBD,CV. ANUGRAH KARYA ABADI,Tender,Pekerjaan Konstruksi,Lanjutan Pembangunan Rumah Sakit Umum Daerah Panyabungan,SELESAI,3900000737,3900000737
KAB. MANDAILING NATAL,RUMAH SAKIT UMUM DAERAH PANYABUNGAN - 1.02.0.00.0.00.02.0001,3445145,42104658,2023,E-Katalog 5.0,BLUD,PT Pratapa Nirmala,E-Purchasing,Pengadaan Barang,Warfarin sodium clathrate/ Warfarin tablet 2 mg,MELAKUKAN PENGIRIMAN DAN PENERIMAAN,1992000,1992000
KAB. MANDAILING NATAL,DINAS PEKERJAAN UMUM DAN PENATAAN RUANG - 1.03.0.00.0.00.03.0000,2700373,40403804,2023,Tender,APBD,CV LAIYA QUEEN,Tender,Pekerjaan Konstruksi,Perluasan SPAM Jaringan Perpipaan di Desa Hutabaringin Kec. Puncak Sorik Marapi,SELESAI,638648848,638648848
KAB. MANDAILING NATAL,DINAS PERTANIAN - 3.27.0.00.0.00.24.0000,5066793,43750821,2023,E-Katalog 5.0,APBD,cv. bugis nauli,E-Purchasing,Pengadaan Barang,BENIH JAGUNG HIBRIDA,MELAKUKAN PENGIRIMAN DAN PENERIMAAN,95040000,95040000
KAB. MANDAILING NATAL,DINAS PEKERJAAN UMUM DAN PENATAAN RUANG - 1.03.0.00.0.00.03.0000,2688373,41061947,2023,Tender,APBD,cv.taufikprima putra,Tender,Pekerjaan Konstruksi,Penanganan Long Segment Ruas Jalan Jambur Padang Matinggi - Tambiski,SELESAI,4731195000,4731195000
KAB. MANDAILING NATAL,DINAS PENDIDIKAN DAN KEBUDAYAAN - 1.01.2.22.0.00.02.0000,2844373,40966403,2023,Tender,APBD,CV. NAURA KARYA CONTRACTOR,Tender,Pekerjaan Konstruksi,Pembangunan ruang laboratorium komputer beserta perabotnya SD Negeri 189 Pastap Julu,SELESAI,225469688,225469688
KAB. MANDAILING NATAL,DINAS PENDIDIKAN DAN KEBUDAYAAN - 1.01.2.22.0.00.02.0000,3527373,40966350,2023,Non Tender,APBD,CV. BIAN JAYA KONSTRUKSI,Pengadaan Langsung,Pekerjaan Konstruksi,Pembangunan Ruang UKS Beserta Perabotnya SD Negeri 276 Ampung Padang,SELESAI,84260000,84260000
KAB. MANDAILING NATAL,DINAS KESEHATAN - 1.02.0.00.0.00.02.0000,5620737,41733260,2023,E-Katalog 5.0,APBD,PT INTISUMBER  HASILSEMPURNA,E-Purchasing,Pengadaan Barang,25 Effervescent Disinfectant Tablets,MELAKUKAN PENGIRIMAN DAN PENERIMAAN,12949200,0
KAB. MANDAILING NATAL,DINAS PENDIDIKAN DAN KEBUDAYAAN - 1.01.2.22.0.00.02.0000,3488542,41023244,2023,E-Katalog 5.0,APBD,CV. NATANGKANG CERDAS UTAMA,E-Purchasing,Pengadaan Barang,stopwatch Analog,MELAKUKAN PENGIRIMAN DAN PENERIMAAN,76916000,76916000
KAB. MANDAILING NATAL,DINAS KESEHATAN - 1.02.0.00.0.00.02.0000,4005482,41733351,2023,E-Katalog 5.0,APBD,PT. MOLEX AYUS,E-Purchasing,Pengadaan Barang,Pritavit Kaplet,MELAKUKAN PENGIRIMAN DAN PENERIMAAN,188700000,188700000
KAB. MANDAILING NATAL,DINAS PENDIDIKAN DAN KEBUDAYAAN - 1.01.2.22.0.00.02.0000,3568373,40966361,2023,Non Tender,APBD,CV. RAJAWALI ENGINEERING CONSULTANT,Pengadaan Langsung,Jasa Konsultansi Badan Usaha Non Konstruksi,Jasa Konsultan Pengawasan Pembangunan Ruang UKS Beserta Perabotnya (DAK),SELESAI,49988850,49988850
KAB. MANDAILING NATAL,DINAS KESEHATAN - 1.02.0.00.0.00.02.0000,3833441,41733260,2023,E-Katalog 5.0,APBD,PT. Setia Anugrah Medika,E-Purchasing,Pengadaan Barang,ARKRAY Spanclone Anti AB Monoclonal,PROSES KONTRAK PPK,24975000,0
KAB. MANDAILING NATAL,RUMAH SAKIT UMUM DAERAH PANYABUNGAN - 1.02.0.00.0.00.02.0001,3092157,42104658,2023,E-Katalog 5.0,BLUD,PT. Amarox Pharma Global,E-Purchasing,Pengadaan Barang,ATORVASTATIN Tablet salut selaput 20 mg,MELAKUKAN PENGIRIMAN DAN PENERIMAAN,2664000,2664000
KAB. MANDAILING NATAL,DINAS PERUMAHAN RAKYAT DAN KAWASAN PERMUKIMAN SERTA PERTANAHAN - 1.04.2.10.0.00.04.0000,3569373,41341687,2023,Non Tender,APBD,CV. DOA LAY,Pengadaan Langsung,Pekerjaan Konstruksi,Pembangunan/ Rehabilitasi Jalan Lingkungan di Lintas Timur Desa Panggorengan Kec. Panyabungan,SELESAI,144700000,144700000
KAB. MANDAILING NATAL,RUMAH SAKIT UMUM DAERAH PANYABUNGAN - 1.02.0.00.0.00.02.0001,8075392,42104658,2023,E-Katalog 5.0,BLUD,Andreas Karya Terbesar,E-Purchasing,Pengadaan Barang,HOLLOW FIBER DYALIZER HEMODIALISE,PAKET SELESAI,35298000,0
KAB. MANDAILING NATAL,DINAS PERTANIAN - 3.27.0.00.0.00.24.0000,3358373,41384048,2023,Non Tender,APBD,CV. NABILA,Pengadaan Langsung,Pekerjaan Konstruksi,Pembangunan/Rehabilitasi Jaringan Irigasi Desa Rao Rao Dolok Kec. Tambangan,SELESAI,110208000,110208000
KAB. MANDAILING NATAL,DINAS PEKERJAAN UMUM DAN PENATAAN RUANG - 1.03.0.00.0.00.03.0000,2703373,40403620,2023,Tender,APBD,CV. IKHWAN FIRDAUS,Tender,Pekerjaan Konstruksi,Peningkatan SPAM Jaringan Perpipaan di Kelurahan Laru Lombang Kec. Tambangan,SELESAI,591900000,591900000
KAB. MANDAILING NATAL,DINAS KESEHATAN - 1.02.0.00.0.00.02.0000,5537466,41733260,2023,E-Katalog 5.0,APBD,PT INTISUMBER  HASILSEMPURNA,E-Purchasing,Pengadaan Barang,Surgical Blade 11,MELAKUKAN PENGIRIMAN DAN PENERIMAAN,6089904,0
KAB. MANDAILING NATAL,DINAS PENDIDIKAN DAN KEBUDAYAAN - 1.01.2.22.0.00.02.0000,3530373,40966347,2023,Non Tender,APBD,CV. AMMAR MULIA,Pengadaan Langsung,Pekerjaan Konstruksi,Pembangunan Ruang UKS Beserta Perabotnya SD Negeri 211 Sabadolok,SELESAI,84360000,84360000
KAB. MANDAILING NATAL,DINAS KEPENDUDUKAN DAN PENCATATAN SIPIL - 2.12.0.00.0.00.13.0000,3423469,41552974,2023,E-Katalog 5.0,APBD,Mitra Tech Sejahtera,E-Purchasing,Pengadaan Barang,Printer Avansia SP00308-D,MELAKUKAN PENGIRIMAN DAN PENERIMAAN,121160000,0
KAB. MANDAILING NATAL,DINAS PENDIDIKAN DAN KEBUDAYAAN - 1.01.2.22.0.00.02.0000,2781373,41023195,2023,Tender,APBD,bimasena,Tender,Pekerjaan Konstruksi,Pembangunan Ruang Laboratorium Komputer Beserta Perabotnya SMP Negeri 2 Siabu,SELESAI,452306197,452306197
KAB. MANDAILING NATAL,RUMAH SAKIT UMUM DAERAH PANYABUNGAN - 1.02.0.00.0.00.02.0001,4782308,42104658,2023,E-Katalog 5.0,BLUD,PT. Indofarma (Persero) Tbk,E-Purchasing,Pengadaan Barang,Captopril 50 mg,MELAKUKAN PENGIRIMAN DAN PENERIMAAN,378000,378000
KAB. MANDAILING NATAL,DINAS KESEHATAN - 1.02.0.00.0.00.02.0000,3624026,41733260,2023,E-Katalog 5.0,APBD,PT. BIO TECHNOLOGY PHARMACOS,E-Purchasing,Pengadaan Barang,KAPAS KEMASAN 1 KG,MELAKUKAN PENGIRIMAN DAN PENERIMAAN,58424000,58424000
KAB. MANDAILING NATAL,DINAS KESEHATAN - 1.02.0.00.0.00.02.0000,8128934,41733351,2023,E-Katalog 5.0,APBD,P.T. Dexa Medica,E-Purchasing,Pengadaan Barang,Metilprednisolon/Methylprednisolone tablet/kapsul/kaplet 4 mg,MELAKUKAN PENGIRIMAN DAN PENERIMAAN,1552000,1552000
KAB. MANDAILING NATAL,DINAS PERUMAHAN RAKYAT DAN KAWASAN PERMUKIMAN SERTA PERTANAHAN - 1.04.2.10.0.00.04.0000,3552373,41341676,2023,Non Tender,APBD,cv. abadi karya,Pengadaan Langsung,Pekerjaan Konstruksi,Pembangunan/ Rehabilitasi Jalan Lingkungan di Desa Panggorengan Kec. Panyabungan,SELESAI,141900000,141900000
KAB. MANDAILING NATAL,RUMAH SAKIT UMUM DAERAH PANYABUNGAN - 1.02.0.00.0.00.02.0001,4244270,42104658,2023,E-Katalog 5.0,BLUD,P.T. Dexa Medica,E-Purchasing,Pengadaan Barang,Valsartan tablet/kapsul/kaplet 160 mg,MELAKUKAN PENGIRIMAN DAN PENERIMAAN,2430000,2430000
KAB. MANDAILING NATAL,RUMAH SAKIT UMUM DAERAH PANYABUNGAN - 1.02.0.00.0.00.02.0001,3907233,42104658,2023,E-Katalog 5.0,BLUD,P.T. Dexa Medica,E-Purchasing,Pengadaan Barang,Furosemid/ Furosemide inj 10 mg/mL (i.v./i.m),MELAKUKAN PENGIRIMAN DAN PENERIMAAN,5000000,5000000
KAB. MANDAILING NATAL,DINAS KESEHATAN - 1.02.0.00.0.00.02.0000,3887402,41733351,2023,E-Katalog 5.0,APBD,PT. Kimia Farma Tbk,E-Purchasing,Pengadaan Barang,Miconazole nitrate/ Miconazole/ Mikonazol krim 2 %,MELAKUKAN PENGIRIMAN DAN PENERIMAAN,40085760,40085760
KAB. MANDAILING NATAL,RUMAH SAKIT UMUM DAERAH PANYABUNGAN - 1.02.0.00.0.00.02.0001,8075392,42104658,2023,E-Katalog 5.0,BLUD,Andreas Karya Terbesar,E-Purchasing,Pengadaan Barang,"BLOODLINE TUBING SET HEMODIALISE, AMICAL",PAKET SELESAI,22644000,0
KAB. MANDAILING NATAL,DINAS KEPENDUDUKAN DAN PENCATATAN SIPIL - 2.12.0.00.0.00.13.0000,3423469,41552974,2023,E-Katalog 5.0,APBD,Mitra Tech Sejahtera,E-Purchasing,Pengadaan Barang,PRINTER HDP5600 SINGLE SIDE E-KTP,MELAKUKAN PENGIRIMAN DAN PENERIMAAN,53340000,0
KAB. MANDAILING NATAL,DINAS PERTANIAN - 3.27.0.00.0.00.24.0000,5055990,41412638,2023,E-Katalog 5.0,APBD,cv. bugis nauli,E-Purchasing,Pengadaan Barang,BENIH PADI LOKAL,MELAKUKAN PENGIRIMAN DAN PENERIMAAN,61132500,61132500
KAB. MANDAILING NATAL,RUMAH SAKIT UMUM DAERAH PANYABUNGAN - 1.02.0.00.0.00.02.0001,4828128,42104658,2023,E-Katalog 5.0,BLUD,PT.Bernofarm,E-Purchasing,Pengadaan Barang,Ceftriaxone/ Ceftriaxone Sodium/ Seftriakson inj 1.000 mg @100,MELAKUKAN PENGIRIMAN DAN PENERIMAAN,29000000,29000000
KAB. MANDAILING NATAL,DINAS KESEHATAN - 1.02.0.00.0.00.02.0000,3527672,41733260,2023,E-Katalog 5.0,APBD,PT. Safelock Medical,E-Purchasing,Pengadaan Barang,Infusion set Type Y Air Vent Luer Slip,MELAKUKAN PENGIRIMAN DAN PENERIMAAN,145200000,145200000
KAB. MANDAILING NATAL,DINAS PERTANIAN - 3.27.0.00.0.00.24.0000,3446373,41470830,2023,Non Tender,APBD,KENANGA MULTI TRADE,Pengadaan Langsung,Pengadaan Barang,Belanja Modal Alat Kantor dan Rumah Tangga,SELESAI,110811000,110811000
KAB. MANDAILING NATAL,DINAS PEKERJAAN UMUM DAN PENATAAN RUANG - 1.03.0.00.0.00.03.0000,3730373,45318968,2023,Non Tender,APBDP,CV. PUTRA BARINGIN GROUP,Pengadaan Langsung,Pekerjaan Konstruksi,Normalisasi Saluran Aek Tolang Kel. Panyabungan III Kec. Panyabungan,SELESAI,70500000,70500000
KAB. MANDAILING NATAL,RUMAH SAKIT UMUM DAERAH PANYABUNGAN - 1.02.0.00.0.00.02.0001,3444977,42104658,2023,E-Katalog 5.0,BLUD,P.T. Dexa Medica,E-Purchasing,Pengadaan Barang,Kaptopril/ Captopril tablet/kapsul/kaplet 25 mg,MELAKUKAN PENGIRIMAN DAN PENERIMAAN,252000,252000
KAB. MANDAILING NATAL,RUMAH SAKIT UMUM DAERAH PANYABUNGAN - 1.02.0.00.0.00.02.0001,6968064,42104658,2023,E-Katalog 5.0,BLUD,PT. Kimia Farma Tbk,E-Purchasing,Pengadaan Barang,"Gliseril trinitrat/ Glyceryl trinitrate kapsul lepas lambat 2,5 mg",MELAKUKAN PENGIRIMAN DAN PENERIMAAN,36420000,36420000
KAB. MANDAILING NATAL,SATUAN POLISI PAMONG PRAJA DAN PEMADAM KEBAKARAN - 1.05.0.00.0.00.04.0000,4087953,43427912,2023,E-Katalog 5.0,APBD,PT. Pundarika Atma Semesta,E-Purchasing,Pengadaan Barang,Mobil Fire Jeep PTO Toyota Hilux 500 Liter Single Cabin,PAKET SELESAI,1305000000,1305000000
KAB. MANDAILING NATAL,RUMAH SAKIT UMUM DAERAH PANYABUNGAN - 1.02.0.00.0.00.02.0001,4834236,42104658,2023,E-Katalog 5.0,BLUD,P.T. Dexa Medica,E-Purchasing,Pengadaan Barang,Ceftazidime/ Ceftazidime Pentahydrate/  Seftazidim serb inj 1.000 mg,MELAKUKAN PENGIRIMAN DAN PENERIMAAN,565000,565000
KAB. MANDAILING NATAL,DINAS KESEHATAN - 1.02.0.00.0.00.02.0000,5420005,41733351,2023,E-Katalog 5.0,APBD,PT ACTAVIS INDONESIA,E-Purchasing,Pengadaan Barang,"Diazepam enema 5 mg/2,5mL",MELAKUKAN PENGIRIMAN DAN PENERIMAAN,40995000,40995000
KAB. MANDAILING NATAL,DINAS PEKERJAAN UMUM DAN PENATAAN RUANG - 1.03.0.00.0.00.03.0000,3262373,40378842,2023,Non Tender,APBD,CV. PUTRA PRATAMA,Pengadaan Langsung,Pekerjaan Konstruksi,Peningkatan Jalan Simpang Duhu Lombang - Simpang Duhu Dolok,SELESAI,197500000,197500000
KAB. MANDAILING NATAL,RUMAH SAKIT UMUM DAERAH PANYABUNGAN - 1.02.0.00.0.00.02.0001,4094965,42555566,2023,E-Katalog 5.0,BLUD,PT IDS MEDICAL SYSTEMS INDONESIA,E-Purchasing,Pengadaan Barang,Medical Air Compressor - SLE 500S,MELAKUKAN PENGIRIMAN DAN PENERIMAAN,172000000,0
KAB. MANDAILING NATAL,DINAS KESEHATAN - 1.02.0.00.0.00.02.0000,4241613,41733351,2023,E-Katalog 5.0,APBD,PT. COBRA DENTAL INDONESIA,E-Purchasing,Pengadaan Barang,DENPRO Calplus,MELAKUKAN PENGIRIMAN DAN PENERIMAAN,5437950,0
KAB. MANDAILING NATAL,DINAS PENDIDIKAN DAN KEBUDAYAAN - 1.01.2.22.0.00.02.0000,3523373,40966354,2023,Non Tender,APBD,CV. Fadzillah,Pengadaan Langsung,Pekerjaan Konstruksi,Pembangunan Ruang UKS Beserta Perabotnya SD Negeri 325 Sinunukan II,SELESAI,84500000,84500000
KAB. MANDAILING NATAL,RUMAH SAKIT UMUM DAERAH PANYABUNGAN - 1.02.0.00.0.00.02.0001,3445282,42104658,2023,E-Katalog 5.0,BLUD,NOVAPHARIN,E-Purchasing,Pengadaan Barang,Ibuprofen tablet/kapsul/kaplet 400 mg,MELAKUKAN PENGIRIMAN DAN PENERIMAAN,975000,975000
KAB. MANDAILING NATAL,RUMAH SAKIT UMUM DAERAH PANYABUNGAN - 1.02.0.00.0.00.02.0001,8300773,45589099,2023,E-Katalog 5.0,APBDP,PT.Elsyahfi Calibratech Mandiri,E-Purchasing,Pengadaan Barang,AUTOMATIC PROCESING FILM,PAKET SELESAI,735000,735000
KAB. MANDAILING NATAL,DINAS SOSIAL PEMBERDAYAAN PEREMPUAN DAN PERLINDUNGAN ANAK - 1.06.2.08.0.00.07.0000,3219373,41159814,2023,Non Tender,APBD,CV. KREASI KENANGA,Pengadaan Langsung,Pengadaan Barang,Belanja Barang Untuk Diserahkan Kepada Masyarakat,SELESAI,106543000,0
KAB. MANDAILING NATAL,RUMAH SAKIT UMUM DAERAH PANYABUNGAN - 1.02.0.00.0.00.02.0001,6862365,42555566,2023,E-Katalog 5.0,BLUD,PT Muara Sakti Utama,E-Purchasing,Pengadaan Barang,MSUMED Pengukur Lingkar Lengan Atas dan Lingkar Kepala Bayi,MELAKUKAN PENGIRIMAN DAN PENERIMAAN,514200,514200
KAB. MANDAILING NATAL,RUMAH SAKIT UMUM DAERAH PANYABUNGAN - 1.02.0.00.0.00.02.0001,7735311,42104658,2023,E-Katalog 5.0,BLUD,PT. Mahakam Beta Farma,E-Purchasing,Pengadaan Barang,Meloxicam 15 mg tablet,MELAKUKAN PENGIRIMAN DAN PENERIMAAN,2455000,2455000
KAB. MANDAILING NATAL,DINAS KESEHATAN - 1.02.0.00.0.00.02.0000,8078757,41733351,2023,E-Katalog 5.0,APBD,PT.Bernofarm,E-Purchasing,Pengadaan Barang,Ciprofloxacin hydrochloride (HCl)/ Ciprofloxacin Lactate/ Ciprofloxacin/ Siprofloksasin tablet/kapsul/kaplet 500 mg,MELAKUKAN PENGIRIMAN DAN PENERIMAAN,1599000,1599000
KAB. MANDAILING NATAL,DINAS PERUMAHAN RAKYAT DAN KAWASAN PERMUKIMAN SERTA PERTANAHAN - 1.04.2.10.0.00.04.0000,3386373,41341698,2023,Non Tender,APBD,CV. PUTRA BARINGIN GROUP,Pengadaan Langsung,Pekerjaan Konstruksi,Pembangunan Jalan Lingkungan di Desa Singkuang I Kec. Muara Batang Gadis,SELESAI,132800000,132800000
KAB. MANDAILING NATAL,DINAS PENDIDIKAN DAN KEBUDAYAAN - 1.01.2.22.0.00.02.0000,3638373,44142315,2023,Non Tender,APBD,CV. BINTANG BUDI MANDIRI,Pengadaan Langsung,Pekerjaan Konstruksi,Pembangunan Pagar SMP Negeri 1 Panyabungan Timur,SELESAI,99500000,99500000
KAB. MANDAILING NATAL,SEKRETARIAT DPRD KABUPATEN - 4.02.0.00.0.00.27.0000,3722373,45282697,2023,Non Tender,APBDP,CV. ANUGRAH KARYA ABADI,Pengadaan Langsung,Pekerjaan Konstruksi,Rehabilitasi Taman Kantor DPRD,SELESAI,199420000,199420000
KAB. MANDAILING NATAL,DINAS PERHUBUNGAN - 2.15.0.00.0.00.16.0000,3676373,40883424,2023,Non Tender,APBD,CV. SMART APPLICATION SYSTEM,Pengadaan Langsung,Pengadaan Barang,Belanja Pemeliharaan Alat Bengkel dan Alat Ukur-Alat Ukur-Alat Kalibrasi,SELESAI,51004500,51004500
KAB. MANDAILING NATAL,DINAS PERHUBUNGAN - 2.15.0.00.0.00.16.0000,3420373,43742382,2023,Non Tender,APBD,CV. GORDANG SAMBILAN MANDAILING,Pengadaan Langsung,Pengadaan Barang,Pembuatan Rambu Angkat Untuk Pengalihan Arus Lalu Lintas,SELESAI,49800000,0
KAB. MANDAILING NATAL,RUMAH SAKIT UMUM DAERAH PANYABUNGAN - 1.02.0.00.0.00.02.0001,3771786,42104658,2023,E-Katalog 5.0,BLUD,PT. Kimia Farma Tbk,E-Purchasing,Pengadaan Barang,Morfin Injeksi 10 mg/ml (i.m/s.k/ i.v),MELAKUKAN PENGIRIMAN DAN PENERIMAAN,3139500,3139500
KAB. MANDAILING NATAL,DINAS KESEHATAN - 1.02.0.00.0.00.02.0000,3607058,41733260,2023,E-Katalog 5.0,APBD,PT. Likuid Pharmalab Indonesia,E-Purchasing,Pengadaan Barang,BAYMED Alkohol Swab,MELAKUKAN PENGIRIMAN DAN PENERIMAAN,13972917,13972917
KAB. MANDAILING NATAL,DINAS PERTANIAN - 3.27.0.00.0.00.24.0000,8127713,45596466,2023,E-Katalog 5.0,APBDP,CV. AULIA RIZKI PRATAMA,E-Purchasing,Pengadaan Barang,Bibit Cabe Merah,PROSES KONTRAK PPK,9975000,9975000
KAB. MANDAILING NATAL,DINAS PENDIDIKAN DAN KEBUDAYAAN - 1.01.2.22.0.00.02.0000,3710373,41023995,2023,Non Tender,APBD,Bejana Utama,Pengadaan Langsung,Pekerjaan Konstruksi,Rehabilitasi Pagar TK Pembina Batahan Kec. Batahan,SELESAI,44700000,44700000
KAB. MANDAILING NATAL,DINAS PENDIDIKAN DAN KEBUDAYAAN - 1.01.2.22.0.00.02.0000,3504373,40966434,2023,Non Tender,APBD,CV. WIKASA,Pengadaan Langsung,Pekerjaan Konstruksi,Pembangunan Toilet (Jamban) Beserta Sanitasinya SD Negeri 042 Aek Garut,SELESAI,139900000,139900000
KAB. MANDAILING NATAL,DINAS PERUMAHAN RAKYAT DAN KAWASAN PERMUKIMAN SERTA PERTANAHAN - 1.04.2.10.0.00.04.0000,3370373,41341721,2023,Non Tender,APBD,CV. KEMBAR BONAHARTO,Pengadaan Langsung,Pekerjaan Konstruksi,Pembangunan/ Rehabilitasi Jalan Lingkungan di Desa Aek Nangali Kec. Batang Natal,SELESAI,131561000,131561000
KAB. MANDAILING NATAL,DINAS PENDIDIKAN DAN KEBUDAYAAN - 1.01.2.22.0.00.02.0000,3711373,41023996,2023,Non Tender,APBD,Bejana Utama,Pengadaan Langsung,Pekerjaan Konstruksi,Rehabilitasi Pagar TK Satu Atap 218 Muara Botung Kec. Kotanopan,SELESAI,38900001,38900001
KAB. MANDAILING NATAL,BADAN PENGELOLAAN KEUANGAN DAN ASET DAERAH - 5.02.0.00.0.00.28.0000,3224373,41194614,2023,Non Tender,APBD,CV. KREATIFITAS CEMERLANG,Pengadaan Langsung,Pengadaan Barang,Belanja Modal Personal Computer,SELESAI,148151000,0
KAB. MANDAILING NATAL,BAGIAN UMUM SETDAKAB MANDAILING NATAL - 4.01.5.06.0.00.26.0009,3777373,45563490,2023,Non Tender,APBD,CV. BORGO NUSANTARA,Pengadaan Langsung,Pengadaan Barang,Pengadaan Meja Rapat Aula Kantor Bupati Mandailing Natal,SELESAI,199000030,0
KAB. MANDAILING NATAL,DINAS PERTANIAN - 3.27.0.00.0.00.24.0000,3349373,41384008,2023,Non Tender,APBD,CV. BINTANG BUDI MANDIRI,Pengadaan Langsung,Pekerjaan Konstruksi,Pembangunan/Rehabilitasi Jalan Usaha Tani/Jalan Produksi Desa Panyabungan Tonga Kec. Panyabungan,SELESAI,191029000,191029000
KAB. MANDAILING NATAL,DINAS KESEHATAN - 1.02.0.00.0.00.02.0000,3972882,41733351,2023,E-Katalog 5.0,APBD,NOVAPHARIN,E-Purchasing,Pengadaan Barang,Kalsium Laktat/ Calcium lactate (Kalk) tablet/kapsul/kaplet 500 mg,MELAKUKAN PENGIRIMAN DAN PENERIMAAN,3347500,3347500
KAB. MANDAILING NATAL,RUMAH SAKIT UMUM DAERAH PANYABUNGAN - 1.02.0.00.0.00.02.0001,8096685,42104658,2023,E-Katalog 5.0,BLUD,PT Glaxo Wellcome Indonesia,E-Purchasing,Pengadaan Barang,Salmeterol 25 mcg + Flutikasone 50 mcg,MELAKUKAN PENGIRIMAN DAN PENERIMAAN,628410,0
KAB. MANDAILING NATAL,DINAS KESEHATAN - 1.02.0.00.0.00.02.0000,4101530,41733351,2023,E-Katalog 5.0,APBD,PT.Bernofarm,E-Purchasing,Pengadaan Barang,Asam Mefenamat/Mefenamic acid tablet/kapsul/kaplet/kaptab 500 mg,MELAKUKAN PENGIRIMAN DAN PENERIMAAN,184800000,184800000
KAB. MANDAILING NATAL,RUMAH SAKIT UMUM DAERAH PANYABUNGAN - 1.02.0.00.0.00.02.0001,7506024,42104658,2023,E-Katalog 5.0,BLUD,PT. Hexpharm Jaya Laboratories,E-Purchasing,Pengadaan Barang,Metformin Hydrochloride/ Metformin tablet/kapsul/kaplet 500 mg,MELAKUKAN PENGIRIMAN DAN PENERIMAAN,7600000,7600000
KAB. MANDAILING NATAL,RUMAH SAKIT UMUM DAERAH PANYABUNGAN - 1.02.0.00.0.00.02.0001,7522326,42555566,2023,E-Katalog 5.0,BLUD,PT. ANUGRAH YADEN UTAMA,E-Purchasing,Pengadaan Barang,DOCTOR STOOL,MELAKUKAN PENGIRIMAN DAN PENERIMAAN,3383328,3383328
KAB. MANDAILING NATAL,RUMAH SAKIT UMUM DAERAH PANYABUNGAN - 1.02.0.00.0.00.02.0001,7506024,42104658,2023,E-Katalog 5.0,BLUD,PT. Hexpharm Jaya Laboratories,E-Purchasing,Pengadaan Barang,Omeprazol/Omeprazole tablet/kapsul/kaplet 20 mg,MELAKUKAN PENGIRIMAN DAN PENERIMAAN,464000,464000
KAB. MANDAILING NATAL,DINAS PEKERJAAN UMUM DAN PENATAAN RUANG - 1.03.0.00.0.00.03.0000,3660373,44503204,2023,Non Tender,APBDP,CV. EFOD DESIGN CONSULTANT,Pengadaan Langsung,Jasa Konsultansi Badan Usaha Konstruksi,Jasa Konsultansi Perencanaan Program Penataan Bangunan Gedung (PAPBD),SELESAI,49062000,49062000
KAB. MANDAILING NATAL,DINAS KEPENDUDUKAN DAN PENCATATAN SIPIL - 2.12.0.00.0.00.13.0000,3425717,41552902,2023,E-Katalog 5.0,APBD,Mitra Tech Sejahtera,E-Purchasing,Pengadaan Barang,Cleaning Kit CK-A0308,MELAKUKAN PENGIRIMAN DAN PENERIMAAN,13935000,0
KAB. MANDAILING NATAL,DINAS KEPENDUDUKAN DAN PENCATATAN SIPIL - 2.12.0.00.0.00.13.0000,3425717,41552902,2023,E-Katalog 5.0,APBD,Mitra Tech Sejahtera,E-Purchasing,Pengadaan Barang,HDP FILM HDP5000/5600 E-KTP 075203-056,MELAKUKAN PENGIRIMAN DAN PENERIMAAN,114000000,0
KAB. MANDAILING NATAL,DINAS KESEHATAN - 1.02.0.00.0.00.02.0000,3624026,41733260,2023,E-Katalog 5.0,APBD,PT. BIO TECHNOLOGY PHARMACOS,E-Purchasing,Pengadaan Barang,LIDI KAPAS,MELAKUKAN PENGIRIMAN DAN PENERIMAAN,77520000,77520000
KAB. MANDAILING NATAL,DINAS KESEHATAN - 1.02.0.00.0.00.02.0000,3975841,41733351,2023,E-Katalog 5.0,APBD,PT.Imfarmind Farmasi Industri,E-Purchasing,Pengadaan Barang,Pyridoxine/ Piridoksin (Vitamin B6) tablet/kapsul/kaplet 10 mg,MELAKUKAN PENGIRIMAN DAN PENERIMAAN,296000,296000
KAB. MANDAILING NATAL,RUMAH SAKIT UMUM DAERAH PANYABUNGAN - 1.02.0.00.0.00.02.0001,5646231,42104658,2023,E-Katalog 5.0,BLUD,PT. Amarox Pharma Global,E-Purchasing,Pengadaan Barang,Olanzapine/ Olanzapin tablet salut selaput 5 mg,MELAKUKAN PENGIRIMAN DAN PENERIMAAN,2373000,2373000
KAB. MANDAILING NATAL,RUMAH SAKIT UMUM DAERAH PANYABUNGAN - 1.02.0.00.0.00.02.0001,7211462,42104658,2023,E-Katalog 5.0,BLUD,P.T. Dexa Medica,E-Purchasing,Pengadaan Barang,Cefixime trihydrate/ Cefixime/ Sefiksim sirup/ sirup kering 100 mg/ 5 ml,MELAKUKAN PENGIRIMAN DAN PENERIMAAN,2652300,2652300
KAB. MANDAILING NATAL,DINAS PEKERJAAN UMUM DAN PENATAAN RUANG - 1.03.0.00.0.00.03.0000,3260373,40375932,2023,Non Tender,APBD,CV. WIKASA,Pengadaan Langsung,Pekerjaan Konstruksi,Lanjutan Pembangunan Jembatan Lubuk Samboa Kec. Batang Natal,SELESAI,195000000,195000000
KAB. MANDAILING NATAL,RUMAH SAKIT UMUM DAERAH PANYABUNGAN - 1.02.0.00.0.00.02.0001,5704193,42104658,2023,E-Katalog 5.0,BLUD,PT. Hexpharm Jaya Laboratories,E-Purchasing,Pengadaan Barang,Alopurinol/Allopurinol tablet/kapsul/kaplet 100 mg,MELAKUKAN PENGIRIMAN DAN PENERIMAAN,510000,510000
KAB. MANDAILING NATAL,DINAS PERTANIAN - 3.27.0.00.0.00.24.0000,3760373,45501559,2023,Non Tender,APBDP,CV. SINGOLOT MANIKAM PERSADA,Pengadaan Langsung,Pekerjaan Konstruksi,Pembangunan dan Rehabilitasi Jalan Usaha Tani Desa Sirambas Kec. Panyabungan Barat,SELESAI,99900137,99900137
KAB. MANDAILING NATAL,DINAS PENDIDIKAN DAN KEBUDAYAAN - 1.01.2.22.0.00.02.0000,2778373,41023213,2023,Tender,APBD,bimasena,Tender,Pekerjaan Konstruksi,Pembangunan Toilet (Jamban) Beserta Sanitasinya SMP Negeri 3 Panyabungan,SELESAI,344663820,344663820
KAB. MANDAILING NATAL,RUMAH SAKIT UMUM DAERAH PANYABUNGAN - 1.02.0.00.0.00.02.0001,6967654,42104658,2023,E-Katalog 5.0,BLUD,PT Boehringer Ingelheim Indonesia,E-Purchasing,Pengadaan Barang,"Tiotropium bromide 3,124 mcg - Tiotropium 2,5 mcg",MELAKUKAN PENGIRIMAN DAN PENERIMAAN,4719220,0
KAB. MANDAILING NATAL,RUMAH SAKIT UMUM DAERAH PANYABUNGAN - 1.02.0.00.0.00.02.0001,4782308,42104658,2023,E-Katalog 5.0,BLUD,PT. Indofarma (Persero) Tbk,E-Purchasing,Pengadaan Barang,Isosorbide Dinitrate,MELAKUKAN PENGIRIMAN DAN PENERIMAAN,1120000,1120000
KAB. MANDAILING NATAL,DINAS PEKERJAAN UMUM DAN PENATAAN RUANG - 1.03.0.00.0.00.03.0000,2670373,40378841,2023,Tender,APBD,CV.INTEK JPK,Tender,Pekerjaan Konstruksi,Peningkatan Jalan Panggautan - Sikara-kara I,SELESAI,918697500,918697500
KAB. MANDAILING NATAL,RUMAH SAKIT UMUM DAERAH PANYABUNGAN - 1.02.0.00.0.00.02.0001,8300773,45589099,2023,E-Katalog 5.0,APBDP,PT.Elsyahfi Calibratech Mandiri,E-Purchasing,Pengadaan Barang,Pengujian dan Kalibrasi X -Ray,PAKET SELESAI,2675000,2675000
KAB. MANDAILING NATAL,RUMAH SAKIT UMUM DAERAH PANYABUNGAN - 1.02.0.00.0.00.02.0001,3094577,42104658,2023,E-Katalog 5.0,BLUD,PT.Bernofarm,E-Purchasing,Pengadaan Barang,AMBROXOL HCl 30 mg TABLET,MELAKUKAN PENGIRIMAN DAN PENERIMAAN,570000,570000
KAB. MANDAILING NATAL,RUMAH SAKIT UMUM DAERAH PANYABUNGAN - 1.02.0.00.0.00.02.0001,7611781,42104658,2023,E-Katalog 5.0,BLUD,PT Boehringer Ingelheim Indonesia,E-Purchasing,Pengadaan Barang,Fenoterol Hydromide/ Fenoterol HBr aerosol 100 mcg/puff,MELAKUKAN PENGIRIMAN DAN PENERIMAAN,8103000,0
KAB. MANDAILING NATAL,DINAS PENDIDIKAN DAN KEBUDAYAAN - 1.01.2.22.0.00.02.0000,2845373,40966399,2023,Tender,APBD,CV. TRUST,Tender,Pekerjaan Konstruksi,Pembangunan ruang laboratorium komputer beserta perabotnya SD Negeri 174 Sibanggor Tonga,SELESAI,217228050,217228050
KAB. MANDAILING NATAL,RUMAH SAKIT UMUM DAERAH PANYABUNGAN - 1.02.0.00.0.00.02.0001,3445282,42104658,2023,E-Katalog 5.0,BLUD,NOVAPHARIN,E-Purchasing,Pengadaan Barang,Vitamin B Kompleks/ Vitamin B complex tablet,MELAKUKAN PENGIRIMAN DAN PENERIMAAN,310000,310000
KAB. MANDAILING NATAL,DINAS KESEHATAN - 1.02.0.00.0.00.02.0000,3527672,41733260,2023,E-Katalog 5.0,APBD,PT. Safelock Medical,E-Purchasing,Pengadaan Barang,IV Catheter Non Injection Port 22 G,MELAKUKAN PENGIRIMAN DAN PENERIMAAN,230807500,230807500
KAB. MANDAILING NATAL,DINAS PENDIDIKAN DAN KEBUDAYAAN - 1.01.2.22.0.00.02.0000,3488246,41223459,2023,E-Katalog 5.0,APBD,CV. NATANGKANG CERDAS UTAMA,E-Purchasing,Pengadaan Barang,stopwatch Analog,MELAKUKAN PENGIRIMAN DAN PENERIMAAN,51850000,51850000
KAB. MANDAILING NATAL,DINAS KESEHATAN - 1.02.0.00.0.00.02.0000,3624602,41733260,2023,E-Katalog 5.0,APBD,PT MAKMUR JAYA HEALTHINDO,E-Purchasing,Pengadaan Barang,QILAN Disposable Syringe With Needle 10 ML,MELAKUKAN PENGIRIMAN DAN PENERIMAAN,2140000,2140000
KAB. MANDAILING NATAL,DINAS PENDIDIKAN DAN KEBUDAYAAN - 1.01.2.22.0.00.02.0000,3497373,40966429,2023,Non Tender,APBD,CV. KENZO MAHAGANI,Pengadaan Langsung,Pekerjaan Konstruksi,Pembangunan Toilet (Jamban) Beserta Sanitasinya SD Negeri 122 Sayur Maincat,SELESAI,140000000,140000000
KAB. MANDAILING NATAL,DINAS PERHUBUNGAN - 2.15.0.00.0.00.16.0000,3696373,43503298,2023,Non Tender,APBD,CV. IKHWAN FIRDAUS,Pengadaan Langsung,Pekerjaan Konstruksi,Pengadaan dan Pemasangan Marka Jalan Zona Selamat Sekolah (ZoSS),SELESAI,199460600,199460600
KAB. MANDAILING NATAL,DINAS PENDIDIKAN DAN KEBUDAYAAN - 1.01.2.22.0.00.02.0000,3481373,40966420,2023,Non Tender,APBD,CV.SEPAKAT KARINA,Pengadaan Langsung,Pekerjaan Konstruksi,Pembangunan Toilet (Jamban) Beserta Sanitasinya SD Negeri 372 Sikara Kara I,SELESAI,140500000,140500000
KAB. MANDAILING NATAL,DINAS PERTANIAN - 3.27.0.00.0.00.24.0000,3215373,43322878,2023,Non Tender,APBD,CV. PUTRI LESTARI,Pengadaan Langsung,Pengadaan Barang,Belanja Bahan-Bahan Kimia,SELESAI,199875000,199875000
KAB. MANDAILING NATAL,RUMAH SAKIT UMUM DAERAH PANYABUNGAN - 1.02.0.00.0.00.02.0001,3203914,42104658,2023,E-Katalog 5.0,BLUD,PT Ethica Industri Farmasi,E-Purchasing,Pengadaan Barang,Kalsium glukonat/ Calcium gluconate inj 10%,MELAKUKAN PENGIRIMAN DAN PENERIMAAN,393936,393936
KAB. MANDAILING NATAL,RUMAH SAKIT UMUM DAERAH PANYABUNGAN - 1.02.0.00.0.00.02.0001,6493792,42104658,2023,E-Katalog 5.0,BLUD,P.T. Dexa Medica,E-Purchasing,Pengadaan Barang,Diclofenac sodium/ Natrium diklofenak tablet salut enterik/kaplet salut enterik 50 mg,MELAKUKAN PENGIRIMAN DAN PENERIMAAN,125,125
KAB. MANDAILING NATAL,BADAN PENGELOLAAN KEUANGAN DAN ASET DAERAH - 5.02.0.00.0.00.28.0000,3401373,43676365,2023,Non Tender,APBD,CV. TIARA CIDORAS,Pengadaan Langsung,Pengadaan Barang,Belanja Alat/Bahan untuk Kegiatan Kantor- Alat Tulis Kantor,SELESAI,45954000,45954000
KAB. MANDAILING NATAL,DINAS PENDIDIKAN DAN KEBUDAYAAN - 1.01.2.22.0.00.02.0000,2798373,40966400,2023,Tender,APBD,CV SINAR,Tender,Pekerjaan Konstruksi,Pembangunan ruang laboratorium komputer beserta perabotnya SD Negeri 337 Kampung Kapas II,SELESAI,221491652,221491652
KAB. MANDAILING NATAL,DINAS PERTANIAN - 3.27.0.00.0.00.24.0000,3313373,41383993,2023,Non Tender,APBD,cv. riski nauli,Pengadaan Langsung,Pekerjaan Konstruksi,Pembangunan/Rehabilitasi Jalan Usaha tani Desa Huta Lancat Kec. Pakantan,SELESAI,124957000,124957000
KAB. MANDAILING NATAL,DINAS KESEHATAN - 1.02.0.00.0.00.02.0000,3975841,41733351,2023,E-Katalog 5.0,APBD,PT.Imfarmind Farmasi Industri,E-Purchasing,Pengadaan Barang,Asam askorbat (vitamin C) tablet/kapsul/kaplet 50 mg,MELAKUKAN PENGIRIMAN DAN PENERIMAAN,48500000,48500000
KAB. MANDAILING NATAL,DINAS PEKERJAAN UMUM DAN PENATAAN RUANG - 1.03.0.00.0.00.03.0000,2773373,42267925,2023,Tender,APBD,CV. Bina Persada,Tender,Pekerjaan Konstruksi,Rehabilitasi Kantor Cabang Kejaksaan Negeri Mandailing Natal di Natal,SELESAI,490289444,490289444
KAB. MANDAILING NATAL,DINAS KESEHATAN - 1.02.0.00.0.00.02.0000,3625787,41733260,2023,E-Katalog 5.0,APBD,PT. MOLEX AYUS,E-Purchasing,Pengadaan Barang,MOLEX ALKOHOL 70% 300 ML,MELAKUKAN PENGIRIMAN DAN PENERIMAAN,47000000,47000000
KAB. MANDAILING NATAL,DINAS PENDIDIKAN DAN KEBUDAYAAN - 1.01.2.22.0.00.02.0000,2854373,40966248,2023,Tender,APBD,CV. ANDIL KARYA PRATAMA,Tender,Pekerjaan Konstruksi,Pembangunan Ruang Perpustakaan Beserta Perabotnya SD Negeri 346 Kampung Kapas,SELESAI,205625720,205625720
KAB. MANDAILING NATAL,DINAS KESEHATAN - 1.02.0.00.0.00.02.0000,3833441,41733260,2023,E-Katalog 5.0,APBD,PT. Setia Anugrah Medika,E-Purchasing,Pengadaan Barang,ARKRAY Spanclone Anti B Monoclonal,PROSES KONTRAK PPK,16650000,0
KAB. MANDAILING NATAL,RUMAH SAKIT UMUM DAERAH PANYABUNGAN - 1.02.0.00.0.00.02.0001,5041924,42104658,2023,E-Katalog 5.0,BLUD,P.T. Dexa Medica,E-Purchasing,Pengadaan Barang,Betahistin/Betahistine Mesilate/Betahistine Mesylate tablet/kapsul/kaplet 6 mg,MELAKUKAN PENGIRIMAN DAN PENERIMAAN,2000000,2000000
KAB. MANDAILING NATAL,RUMAH SAKIT UMUM DAERAH PANYABUNGAN - 1.02.0.00.0.00.02.0001,3907233,42104658,2023,E-Katalog 5.0,BLUD,P.T. Dexa Medica,E-Purchasing,Pengadaan Barang,Ranitidine hydrochloride (HCl)/Ranitidin tablet/kapsul/kaplet 150 mg,MELAKUKAN PENGIRIMAN DAN PENERIMAAN,1890000,1890000
KAB. MANDAILING NATAL,DINAS PENDIDIKAN DAN KEBUDAYAAN - 1.01.2.22.0.00.02.0000,2847373,40966295,2023,Tender,APBD,CV. INSAN MANDIRI,Tender,Pekerjaan Konstruksi,Pembangunan Ruang Guru Beserta Perabotnya SD Negeri 114 Pagaran Sigatal,SELESAI,215928342,215928342
KAB. MANDAILING NATAL,DINAS PERTANIAN - 3.27.0.00.0.00.24.0000,3351373,41384002,2023,Non Tender,APBD,CV. PUTRI LESTARI,Pengadaan Langsung,Pekerjaan Konstruksi,Pembangunan/Rehabilitasi Jalan Usaha Tani/Jalan Produksi Desa Gunung Barani Kec. Panyabungan,SELESAI,124945000,124945000
KAB. MANDAILING NATAL,DINAS KESEHATAN - 1.02.0.00.0.00.02.0000,8156028,41733351,2023,E-Katalog 5.0,APBD,PT. Kimia Farma Tbk,E-Purchasing,Pengadaan Barang,Paracetamol/ Parasetamol tablet/kapsul/kaplet 500 mg,MELAKUKAN PENGIRIMAN DAN PENERIMAAN,26000000,26000000
KAB. MANDAILING NATAL,DINAS PEKERJAAN UMUM DAN PENATAAN RUANG - 1.03.0.00.0.00.03.0000,2664373,40378849,2023,Tender,APBD,CV. PEDULI BANGSA,Tender,Pekerjaan Konstruksi,Peningkatan Jalan Keliling Pasar Batahan,SELESAI,918973800,918973800
KAB. MANDAILING NATAL,DINAS KESEHATAN - 1.02.0.00.0.00.02.0000,7552661,41733260,2023,E-Katalog 5.0,APBD,PT MAKMUR JAYA HEALTHINDO,E-Purchasing,Pengadaan Barang,QILAN Disposable Syringe With Needle 3 ML,PROSES KONTRAK PPK,249900,249900
KAB. MANDAILING NATAL,DINAS PERTANIAN - 3.27.0.00.0.00.24.0000,7912872,45269050,2023,E-Katalog 5.0,APBDP,CV.RIZKI KARYA,E-Purchasing,Pengadaan Barang,BIBIT - BENIH JAGUNG,MELAKUKAN PENGIRIMAN DAN PENERIMAAN,423967500,423967500
KAB. MANDAILING NATAL,DINAS KESEHATAN - 1.02.0.00.0.00.02.0000,3503372,41733260,2023,E-Katalog 5.0,APBD,PT. BUANA INTIPRIMA USAHA,E-Purchasing,Pengadaan Barang,CHRONA CARE Urine Bag T-Valve With Hanger,MELAKUKAN PENGIRIMAN DAN PENERIMAAN,5440000,5440000
KAB. MANDAILING NATAL,DINAS PENDIDIKAN DAN KEBUDAYAAN - 1.01.2.22.0.00.02.0000,2814373,40966409,2023,Tender,APBD,CV. CITRA PERDANA NUSANTARA,Tender,Pekerjaan Konstruksi,Pembangunan ruang laboratorium komputer beserta perabotnya SD Negeri 294 Tapus,SELESAI,221491652,221491652
KAB. MANDAILING NATAL,DINAS KESEHATAN - 1.02.0.00.0.00.02.0000,3972882,41733351,2023,E-Katalog 5.0,APBD,NOVAPHARIN,E-Purchasing,Pengadaan Barang,Amlodipin/ Amlodipine/ Amlodipine besilate tablet/kapsul/kaplet 5 mg,MELAKUKAN PENGIRIMAN DAN PENERIMAAN,6408000,6408000
KAB. MANDAILING NATAL,DINAS KESEHATAN - 1.02.0.00.0.00.02.0000,3960201,41733351,2023,E-Katalog 5.0,APBD,PT Yarindo Farmatama,E-Purchasing,Pengadaan Barang,Isosorbid Dinitrat/ Isosorbide dinitrate tablet/kapsul/kaplet 5 mg,MELAKUKAN PENGIRIMAN DAN PENERIMAAN,20114000,20114000
KAB. MANDAILING NATAL,DINAS PEKERJAAN UMUM DAN PENATAAN RUANG - 1.03.0.00.0.00.03.0000,3662373,44503158,2023,Non Tender,APBDP,CV. RENDER CONSULTANT,Pengadaan Langsung,Jasa Konsultansi Badan Usaha Konstruksi,Jasa Konsultansi Penyusunan Detai Engineering Desgn (DED) Gedung Pelayanan Bidang Arsip Kantor Perpustakaan dan Arsip Daerah Kabupaten Mandailing Natal,SELESAI,99095250,99095250
KAB. MANDAILING NATAL,DINAS PERUMAHAN RAKYAT DAN KAWASAN PERMUKIMAN SERTA PERTANAHAN - 1.04.2.10.0.00.04.0000,3427373,41341701,2023,Non Tender,APBD,CV. CENTRAL GRAFIKA PRINT,Pengadaan Langsung,Pekerjaan Konstruksi,Pembangunan Jalan Lingkungan di Menteng Pulo Kelurahan Kayu Jati Kec. Panyabungan,SELESAI,143900000,143900000
KAB. MANDAILING NATAL,DINAS PENDIDIKAN DAN KEBUDAYAAN - 1.01.2.22.0.00.02.0000,2808373,40966373,2023,Tender,APBD,CV. KHARISMA ABADI,Tender,Pekerjaan Konstruksi,Pembangunan ruang laboratorium komputer beserta perabotnya SD Negeri 376 Sikara Kara III,SELESAI,215981892,215981892
KAB. MANDAILING NATAL,RUMAH SAKIT UMUM DAERAH PANYABUNGAN - 1.02.0.00.0.00.02.0001,7212729,42104658,2023,E-Katalog 5.0,BLUD,PT. IFARS PHARMACEUTICAL LABORATORIES,E-Purchasing,Pengadaan Barang,Chloramphenicol/ Chloramphenicol palmitate/ Kloramfenikol suspensi 125 mg/ 5 ml,MELAKUKAN PENGIRIMAN DAN PENERIMAAN,398400,398400
KAB. MANDAILING NATAL,RUMAH SAKIT UMUM DAERAH PANYABUNGAN - 1.02.0.00.0.00.02.0001,8300773,45589099,2023,E-Katalog 5.0,APBDP,PT.Elsyahfi Calibratech Mandiri,E-Purchasing,Pengadaan Barang,AUDIOMTRY,PAKET SELESAI,675000,675000
KAB. MANDAILING NATAL,DINAS PENDIDIKAN DAN KEBUDAYAAN - 1.01.2.22.0.00.02.0000,2805373,40966396,2023,Tender,APBD,CV. KHARISMA ABADI,Tender,Pekerjaan Konstruksi,Pembangunan ruang laboratorium komputer beserta perabotnya SD Negeri 372 Sikara Kara I,SELESAI,215981892,215981892
KAB. MANDAILING NATAL,RUMAH SAKIT UMUM DAERAH PANYABUNGAN - 1.02.0.00.0.00.02.0001,6968064,42104658,2023,E-Katalog 5.0,BLUD,PT. Kimia Farma Tbk,E-Purchasing,Pengadaan Barang,Pethidine hydrochloride/ Petidin inj 50 mg/mL (i.m./i.v.),MELAKUKAN PENGIRIMAN DAN PENERIMAAN,2793000,2793000
KAB. MANDAILING NATAL,DINAS PEKERJAAN UMUM DAN PENATAAN RUANG - 1.03.0.00.0.00.03.0000,2719373,40403774,2023,Tender,APBD,cv.citra pramatra,Seleksi,Jasa Konsultansi Badan Usaha Konstruksi,Konsultansi Pengawasan Pembangunan Peningkatan dan Perluasan SPAM Jaringan Perpipaan Perdesaan Wilayah III,SELESAI,143650000,143650000
KAB. MANDAILING NATAL,DINAS PERHUBUNGAN - 2.15.0.00.0.00.16.0000,3670373,40882236,2023,Non Tender,APBD,CV. CENTRAL GRAFIKA PRINT,Pengadaan Langsung,Pekerjaan Konstruksi,Pembangunan Pos Retribusi di Terminal Kotanopan,SELESAI,48800025,48800025
KAB. MANDAILING NATAL,RUMAH SAKIT UMUM DAERAH PANYABUNGAN - 1.02.0.00.0.00.02.0001,3091153,42104658,2023,E-Katalog 5.0,BLUD,PT. Indofarma (Persero) Tbk,E-Purchasing,Pengadaan Barang,Gentamycin injeksi 40 mg/ ml,MELAKUKAN PENGIRIMAN DAN PENERIMAAN,440000,440000
KAB. MANDAILING NATAL,DINAS PENDIDIKAN DAN KEBUDAYAAN - 1.01.2.22.0.00.02.0000,3525373,40966352,2023,Non Tender,APBD,cv sinar jaya,Pengadaan Langsung,Pekerjaan Konstruksi,Pembangunan Ruang UKS Beserta Perabotnya SD Negeri 296 Lobung,SELESAI,85278000,85278000
KAB. MANDAILING NATAL,RUMAH SAKIT UMUM DAERAH PANYABUNGAN - 1.02.0.00.0.00.02.0001,5709734,42104658,2023,E-Katalog 5.0,BLUD,PT AstraZeneca Indonesia,E-Purchasing,Pengadaan Barang,"kombinasi, setiap dosis mengandung : Budesonid 160 mcg Formoterol 4,5 mcg (inhalasi), 120 dosis kemasan turbuhaler",MELAKUKAN PENGIRIMAN DAN PENERIMAAN,16684000,0
KAB. MANDAILING NATAL,BADAN PENGELOLAAN KEUANGAN DAN ASET DAERAH - 5.02.0.00.0.00.28.0000,3166373,42411765,2023,Non Tender,APBD,CV. PUTRA BARINGIN GROUP,Pengadaan Langsung,Pekerjaan Konstruksi,Belanja Modal Bangunan Gedung Pertokoan/Koperasi/Pasar,SELESAI,198525000,198525000
KAB. MANDAILING NATAL,DINAS PEKERJAAN UMUM DAN PENATAAN RUANG - 1.03.0.00.0.00.03.0000,2672373,40375935,2023,Tender,APBD,CV. DIORI,Tender,Pekerjaan Konstruksi,Pembangunan Jembatan 1 Tpt. Ruas Jalan Komplek Perkantoran Pemda - Sipalangka,SELESAI,1194375000,1194375000
KAB. MANDAILING NATAL,DINAS PENDIDIKAN DAN KEBUDAYAAN - 1.01.2.22.0.00.02.0000,2780373,41023197,2023,Tender,APBD,CV. AVATARA,Tender,Pekerjaan Konstruksi,Pembangunan Ruang Laboratorium Komputer Beserta Perabotnya SMP Negeri 6 Natal,SELESAI,471607336,471607336
KAB. MANDAILING NATAL,DINAS PENDIDIKAN DAN KEBUDAYAAN - 1.01.2.22.0.00.02.0000,2840373,40966413,2023,Tender,APBD,CV.SULTAN,Tender,Pekerjaan Konstruksi,Pembangunan ruang laboratorium komputer beserta perabotnya SD Negeri 326 Sinunukan II,SELESAI,220272400,220272400
KAB. MANDAILING NATAL,DINAS KESEHATAN - 1.02.0.00.0.00.02.0000,5537364,41733260,2023,E-Katalog 5.0,APBD,PT Jayamas Medica Industri,E-Purchasing,Pengadaan Barang,Cotton Swab steril L,MELAKUKAN PENGIRIMAN DAN PENERIMAAN,11457936,11457936
KAB. MANDAILING NATAL,DINAS KESEHATAN - 1.02.0.00.0.00.02.0000,2754373,41733237,2023,Tender,APBD,CV. ANUGRAH KARYA ABADI,Tender,Pekerjaan Konstruksi,Pembangunan Puskesmas Gunung Tua,SELESAI,1664117847,1664117847
KAB. MANDAILING NATAL,DINAS PERTANIAN - 3.27.0.00.0.00.24.0000,3315373,41383991,2023,Non Tender,APBD,CV AEK KAPIAS,Pengadaan Langsung,Pekerjaan Konstruksi,Pembangunan/Rehabilitasi Jalan Usaha tani Desa Aek Marian Kec. Lembah Sorik Marapi,SELESAI,124929000,124929000
KAB. MANDAILING NATAL,DINAS PENDIDIKAN DAN KEBUDAYAAN - 1.01.2.22.0.00.02.0000,2848373,40966292,2023,Tender,APBD,CV. INOVASI GEMILANG,Tender,Pekerjaan Konstruksi,Pembangunan Ruang Guru Beserta Perabotnya SD Negeri 329 Sukadamai,SELESAI,221445000,221445000
KAB. MANDAILING NATAL,RUMAH SAKIT UMUM DAERAH PANYABUNGAN - 1.02.0.00.0.00.02.0001,4790278,42104658,2023,E-Katalog 5.0,BLUD,PT.Bernofarm,E-Purchasing,Pengadaan Barang,AMBROXOL HCl 15 mg/5 ml ELIXIR syrup,MELAKUKAN PENGIRIMAN DAN PENERIMAAN,1050000,1050000
KAB. MANDAILING NATAL,DINAS PEKERJAAN UMUM DAN PENATAAN RUANG - 1.03.0.00.0.00.03.0000,3450373,42267914,2023,Non Tender,APBD,CV. TUJUH RAJAWALI,Pengadaan Langsung,Pekerjaan Konstruksi,Lanjutan Pembangunan Kantor Kepala Desa Pintu Padang Julu,SELESAI,199200000,199200000
KAB. MANDAILING NATAL,RUMAH SAKIT UMUM DAERAH PANYABUNGAN - 1.02.0.00.0.00.02.0001,4834236,42104658,2023,E-Katalog 5.0,BLUD,P.T. Dexa Medica,E-Purchasing,Pengadaan Barang,"Bisoprolol/Bisoprolol Fumarate tablet/kapsul/kaplet 2,5 mg",MELAKUKAN PENGIRIMAN DAN PENERIMAAN,1420000,1420000
KAB. MANDAILING NATAL,RUMAH SAKIT UMUM DAERAH PANYABUNGAN - 1.02.0.00.0.00.02.0001,8300773,45589099,2023,E-Katalog 5.0,APBDP,PT.Elsyahfi Calibratech Mandiri,E-Purchasing,Pengadaan Barang,Infra Red lamp,PAKET SELESAI,1050000,1050000
KAB. MANDAILING NATAL,DINAS KESEHATAN - 1.02.0.00.0.00.02.0000,8078757,41733351,2023,E-Katalog 5.0,APBD,PT.Bernofarm,E-Purchasing,Pengadaan Barang,Amlodipin/ Amlodipine/ Amlodipine besilate tablet/kapsul/kaplet 5 mg,MELAKUKAN PENGIRIMAN DAN PENERIMAAN,1485000,1485000
KAB. MANDAILING NATAL,BADAN PENDAPATAN DAERAH - 5.02.0.00.0.00.30.0000,3729373,45265750,2023,Non Tender,APBDP,CV. ANUGRAH KARYA ABADI,Pengadaan Langsung,Pengadaan Barang,Belanja Modal Peralatan Jaringan,SELESAI,57609000,57609000
KAB. MANDAILING NATAL,DINAS KESEHATAN - 1.02.0.00.0.00.02.0000,4163766,41736856,2023,E-Katalog 5.0,APBD,PT. Kemika Karya Pratama,E-Purchasing,Pengadaan Barang,Biolarvasida Pembasmi Jentik Nyamuk Vektor Malaria,PROSES KONTRAK PPK,169999520,169999520
KAB. MANDAILING NATAL,DINAS PEKERJAAN UMUM DAN PENATAAN RUANG - 1.03.0.00.0.00.03.0000,2677373,40378826,2023,Tender,APBD,CV. NABILA,Tender,Pekerjaan Konstruksi,Peningkatan jalan Adian Jior - Hutabargot,SELESAI,703301000,703301000
KAB. MANDAILING NATAL,DINAS PERTANIAN - 3.27.0.00.0.00.24.0000,3285373,41384010,2023,Non Tender,APBD,CV. NABILA,Pengadaan Langsung,Pekerjaan Konstruksi,Pembangunan/Rehabilitasi Jalan Usaha tani/Jalan Produksi Desa Pintu Padang Julu Ke. Siabu,SELESAI,124880000,124880000
KAB. MANDAILING NATAL,DINAS PEKERJAAN UMUM DAN PENATAAN RUANG - 1.03.0.00.0.00.03.0000,2693373,40403801,2023,Tender,APBD,CV.ADARAKAYARA,Tender,Pekerjaan Konstruksi,Perluasan SPAM Jaringan Perpipaan di Desa Aek Holbung Kec. Batang Natal,SELESAI,908225159,908225159
KAB. MANDAILING NATAL,DINAS PEKERJAAN UMUM DAN PENATAAN RUANG - 1.03.0.00.0.00.03.0000,2689373,41061891,2023,Tender,APBD,CV. PATRICIA ADISTY,Tender,Pekerjaan Konstruksi,Penanganan Long Segment Ruas Jalan Aek Godang - Hutabargot (Watas Kec. Panyabungan Barat),SELESAI,4321201000,4321201000
KAB. MANDAILING NATAL,RUMAH SAKIT UMUM DAERAH PANYABUNGAN - 1.02.0.00.0.00.02.0001,7686071,42104658,2023,E-Katalog 5.0,BLUD,PT AstraZeneca Indonesia,E-Purchasing,Pengadaan Barang,"Budesonid cairan inhalasi 0,5 mg/mL, respoules 2 mL",MELAKUKAN PENGIRIMAN DAN PENERIMAAN,947700,0
KAB. MANDAILING NATAL,DINAS PENDIDIKAN DAN KEBUDAYAAN - 1.01.2.22.0.00.02.0000,2800373,40966395,2023,Tender,APBD,CV. Tamaro Rejeki,Tender,Pekerjaan Konstruksi,Pembangunan ruang laboratorium komputer beserta perabotnya SD Negeri 164 Pasar Maga,SELESAI,213894290,213894290
KAB. MANDAILING NATAL,DINAS PENDIDIKAN DAN KEBUDAYAAN - 1.01.2.22.0.00.02.0000,3488246,41223459,2023,E-Katalog 5.0,APBD,CV. NATANGKANG CERDAS UTAMA,E-Purchasing,Pengadaan Barang,Percobaan Ayunan Sederhana,MELAKUKAN PENGIRIMAN DAN PENERIMAAN,103900000,103900000
KAB. MANDAILING NATAL,RUMAH SAKIT UMUM DAERAH PANYABUNGAN - 1.02.0.00.0.00.02.0001,4244270,42104658,2023,E-Katalog 5.0,BLUD,P.T. Dexa Medica,E-Purchasing,Pengadaan Barang,Sucralfate/ Sukralfat susp 500 mg/5 mL,MELAKUKAN PENGIRIMAN DAN PENERIMAAN,7500000,7500000
KAB. MANDAILING NATAL,DINAS PERUMAHAN RAKYAT DAN KAWASAN PERMUKIMAN SERTA PERTANAHAN - 1.04.2.10.0.00.04.0000,3435373,41341679,2023,Non Tender,APBD,CV.SULTAN,Pengadaan Langsung,Pekerjaan Konstruksi,Pembangunan/ Rehabilitasi Jalan Lingkungan di Desa Sinunukan II Kec. Sinunukan,SELESAI,131513000,131513000
KAB. MANDAILING NATAL,BAGIAN HUKUM SETDAKAB MANDAILING NATAL - 4.01.5.06.0.00.26.0003,8092422,45547931,2023,E-Katalog 5.0,APBDP,MY ICON TECHNOLOGY,E-Purchasing,Pengadaan Barang,TRAVELMATE P214 CORE-I7 (TMP214/0016),MELAKUKAN PENGIRIMAN DAN PENERIMAAN,26000000,26000000
KAB. MANDAILING NATAL,DINAS KESEHATAN - 1.02.0.00.0.00.02.0000,3963193,41733351,2023,E-Katalog 5.0,APBD,PT. MARIN LIZA FARMASI,E-Purchasing,Pengadaan Barang,Cyanocobalamin/ Cyanocobalamine/ Sianokobalamin (vitamin B12) tablet/kapsul/kaplet 50 mcg,MELAKUKAN PENGIRIMAN DAN PENERIMAAN,705000,705000
KAB. MANDAILING NATAL,DINAS KETAHANAN PANGAN - 2.09.0.00.0.00.10.0000,3189373,41321300,2023,Non Tender,APBD,CV Madina Aman Sejahtera,Pengadaan Langsung,Pengadaan Barang,Belanja Barang untuk Dijual/Diserahkan kepada Pihak Ketiga/Pihak Lain,SELESAI,110000000,0
KAB. MANDAILING NATAL,DINAS KESEHATAN - 1.02.0.00.0.00.02.0000,5620524,41733260,2023,E-Katalog 5.0,APBD,PT. Pradana Sirona Persada,E-Purchasing,Pengadaan Barang,Ultrasound Gel UG-1 250 ml,MELAKUKAN PENGIRIMAN DAN PENERIMAAN,10174000,10174000
KAB. MANDAILING NATAL,RUMAH SAKIT UMUM DAERAH PANYABUNGAN - 1.02.0.00.0.00.02.0001,8300773,45589099,2023,E-Katalog 5.0,APBDP,PT.Elsyahfi Calibratech Mandiri,E-Purchasing,Pengadaan Barang,Hemodialisa,PAKET SELESAI,3975000,3975000
KAB. MANDAILING NATAL,DINAS PERTANIAN - 3.27.0.00.0.00.24.0000,3394373,41384005,2023,Non Tender,APBD,CV. WIKASA,Pengadaan Langsung,Pekerjaan Konstruksi,Pembangunan/Rehabilitasi Jalan Usaha tani/Jalan Produksi Kelurahan Kota Siantar Kec. Panyabungan,SELESAI,129950000,129950000
KAB. MANDAILING NATAL,RUMAH SAKIT UMUM DAERAH PANYABUNGAN - 1.02.0.00.0.00.02.0001,7093851,42104658,2023,E-Katalog 5.0,BLUD,PT. Interbat,E-Purchasing,Pengadaan Barang,Metoclopramide hydrochloride (HCl)/ Metoclopramide/ Metoklopramid inj 5 mg/mL,MELAKUKAN PENGIRIMAN DAN PENERIMAAN,2495000,2495000
KAB. MANDAILING NATAL,RUMAH SAKIT UMUM DAERAH PANYABUNGAN - 1.02.0.00.0.00.02.0001,6107664,42104658,2023,E-Katalog 5.0,BLUD,PT.TOP POINT MEDICAL,E-Purchasing,Pengadaan Barang,TP Disposable Syringe with Needle 20 ML,MELAKUKAN PENGIRIMAN DAN PENERIMAAN,1001550,1001550
KAB. MANDAILING NATAL,RUMAH SAKIT UMUM DAERAH PANYABUNGAN - 1.02.0.00.0.00.02.0001,7211462,42104658,2023,E-Katalog 5.0,BLUD,P.T. Dexa Medica,E-Purchasing,Pengadaan Barang,Sodium Valproate/ Valproat/ Valproic acid sirup 250 mg/5 ml,MELAKUKAN PENGIRIMAN DAN PENERIMAAN,7400000,7400000
KAB. MANDAILING NATAL,RUMAH SAKIT UMUM DAERAH PANYABUNGAN - 1.02.0.00.0.00.02.0001,3625647,42104658,2023,E-Katalog 5.0,BLUD,PT. Hexpharm Jaya Laboratories,E-Purchasing,Pengadaan Barang,Divalproex sodium / Valproat tablet salut enterik/ kaplet salut enterik 250 mg,MELAKUKAN PENGIRIMAN DAN PENERIMAAN,2997000,2997000
KAB. MANDAILING NATAL,DINAS KESEHATAN - 1.02.0.00.0.00.02.0000,3972882,41733351,2023,E-Katalog 5.0,APBD,NOVAPHARIN,E-Purchasing,Pengadaan Barang,Cefadroxil monohydrate/ Cefadroxil/ Sefadroksil tablet/kapsul/kaplet 250 mg,MELAKUKAN PENGIRIMAN DAN PENERIMAAN,12114000,12114000
KAB. MANDAILING NATAL,RUMAH SAKIT UMUM DAERAH PANYABUNGAN - 1.02.0.00.0.00.02.0001,6099528,42104658,2023,E-Katalog 5.0,BLUD,PT Glaxo Wellcome Indonesia,E-Purchasing,Pengadaan Barang,"Salmeterol 25 mcg  + Flutikason Propionat 50 mcg ih""",MELAKUKAN PENGIRIMAN DAN PENERIMAAN,314205,0
KAB. MANDAILING NATAL,DINAS PERUMAHAN RAKYAT DAN KAWASAN PERMUKIMAN SERTA PERTANAHAN - 1.04.2.10.0.00.04.0000,3390373,41341710,2023,Non Tender,APBD,CV. BINTANG BUDI MANDIRI,Pengadaan Langsung,Pekerjaan Konstruksi,Pembangunan Jalan Lingkungan di RT. 08 Kel. Dalan Lidang Kec. Panyabungan,SELESAI,109260000,109260000
KAB. MANDAILING NATAL,DINAS KESEHATAN - 1.02.0.00.0.00.02.0000,3522756,41733260,2023,E-Katalog 5.0,APBD,PT. Likuid Pharmalab Indonesia,E-Purchasing,Pengadaan Barang,Medika Alkohol 96% 1 L,MELAKUKAN PENGIRIMAN DAN PENERIMAAN,17453600,17453600
KAB. MANDAILING NATAL,DINAS KEPENDUDUKAN DAN PENCATATAN SIPIL - 2.12.0.00.0.00.13.0000,3169373,41552930,2023,Non Tender,APBD,CV. TIARA CIDORAS,Pengadaan Langsung,Pengadaan Barang,Belanja Alat/Bahan untuk Kegiatan Kantor - Bahan Cetak,SELESAI,39686000,39686000
KAB. MANDAILING NATAL,DINAS PEKERJAAN UMUM DAN PENATAAN RUANG - 1.03.0.00.0.00.03.0000,3553373,42267903,2023,Non Tender,APBD,CV. TEAM CORE CONSULTANT,Pengadaan Langsung,Jasa Konsultansi Badan Usaha Konstruksi,Jasa Konsultansi Pengawasan Kegiatan Lanjutan Pembangunan Rumah Sakit Umum Daerah Panyabungan,SELESAI,99697000,99697000
KAB. MANDAILING NATAL,DINAS PEKERJAAN UMUM DAN PENATAAN RUANG - 1.03.0.00.0.00.03.0000,3702373,45090305,2023,Non Tender,APBDP,CV. YATRAINDO CONSULTANT,Pengadaan Langsung,Jasa Konsultansi Badan Usaha Konstruksi,Penyusunan Dokumen Perencanaan Preservasi Jalan Padang Silojongan - Ranto Panjang,SELESAI,49700000,49700000
KAB. MANDAILING NATAL,DINAS PENDIDIKAN DAN KEBUDAYAAN - 1.01.2.22.0.00.02.0000,3584373,40966365,2023,Non Tender,APBD,CV. ZIHANS BROTHER,Pengadaan Langsung,Pekerjaan Konstruksi,Pembangunan Toilet (Jamban) Beserta Sanitasinya SD Negeri 023 Siabu,SELESAI,139450000,139450000
KAB. MANDAILING NATAL,DINAS PENDIDIKAN DAN KEBUDAYAAN - 1.01.2.22.0.00.02.0000,3652373,40966360,2023,Non Tender,APBD,CV.RIZKI KARYA,Pengadaan Langsung,Pekerjaan Konstruksi,Pembangunan Ruang Unit Kesehatan Sekolah SD Negeri 194 Kotanopan,SELESAI,79699994,79699994
KAB. MANDAILING NATAL,DINAS PENDIDIKAN DAN KEBUDAYAAN - 1.01.2.22.0.00.02.0000,3522373,40966355,2023,Non Tender,APBD,CV. Fadzillah,Pengadaan Langsung,Pekerjaan Konstruksi,Pembangunan Ruang UKS Beserta Perabotnya SD Negeri 326 Sinunukan II,SELESAI,84470000,84470000
KAB. MANDAILING NATAL,DINAS PERTANIAN - 3.27.0.00.0.00.24.0000,8135129,45596867,2023,E-Katalog 5.0,APBDP,CV. AULIA RIZKI PRATAMA,E-Purchasing,Pengadaan Barang,PUPUK ORGANIK (PAMORGANIK MAS),PROSES KONTRAK PPK,49987500,49987500
KAB. MANDAILING NATAL,DINAS PENDIDIKAN DAN KEBUDAYAAN - 1.01.2.22.0.00.02.0000,3531373,40966346,2023,Non Tender,APBD,CV. FERDIAN PUTRA,Pengadaan Langsung,Pekerjaan Konstruksi,Pembangunan Ruang UKS Beserta Perabotnya SD Negeri 175 Hutatinggi,SELESAI,84360000,84360000
KAB. MANDAILING NATAL,DINAS PEKERJAAN UMUM DAN PENATAAN RUANG - 1.03.0.00.0.00.03.0000,2683373,40378847,2023,Tender,APBD,cv.delima,Tender,Pekerjaan Konstruksi,Peningkatan Jalan Maga - Siantona,SELESAI,468684000,468684000
KAB. MANDAILING NATAL,RUMAH SAKIT UMUM DAERAH PANYABUNGAN - 1.02.0.00.0.00.02.0001,3625647,42104658,2023,E-Katalog 5.0,BLUD,PT. Hexpharm Jaya Laboratories,E-Purchasing,Pengadaan Barang,Simvastatin tablet/kapsul/kaplet 10 mg,MELAKUKAN PENGIRIMAN DAN PENERIMAAN,145000,145000
KAB. MANDAILING NATAL,DINAS PERUMAHAN RAKYAT DAN KAWASAN PERMUKIMAN SERTA PERTANAHAN - 1.04.2.10.0.00.04.0000,3425373,41341713,2023,Non Tender,APBD,CV. CENTRAL GRAFIKA PRINT,Pengadaan Langsung,Pekerjaan Konstruksi,Pembangunan/ Rehabilitasi Jalan di Lingkungan VII Kel. Kayu Jati Kec. Panyabungan,SELESAI,117299000,117299000
KAB. MANDAILING NATAL,DINAS PEMUDA DAN OLAHRAGA - 2.19.0.00.0.00.20.0000,3766373,45557356,2023,Non Tender,APBDP,CV. PUTRA PRATAMA,Pengadaan Langsung,Pekerjaan Konstruksi,Rehabilitasi Lapangan Sepak Bola Anggora Kecamatan Kotanopan,SELESAI,102680000,102680000
KAB. MANDAILING NATAL,DINAS PENDIDIKAN DAN KEBUDAYAAN - 1.01.2.22.0.00.02.0000,2859373,40966247,2023,Tender,APBD,CV. BINTANG BUDI MANDIRI,Tender,Pekerjaan Konstruksi,Pembangunan Ruang Perpustakaan Beserta Perabotnya SD Negeri 347 Batahan,SELESAI,201131423,201131423
KAB. MANDAILING NATAL,DINAS PENDIDIKAN DAN KEBUDAYAAN - 1.01.2.22.0.00.02.0000,2811373,40966388,2023,Tender,APBD,CV.MATIO NEW GENERATION CORPORATION,Tender,Pekerjaan Konstruksi,Pembangunan ruang laboratorium komputer beserta perabotnya SD Negeri 115 Gunung Tua,SELESAI,213894290,213894290
KAB. MANDAILING NATAL,DINAS PEKERJAAN UMUM DAN PENATAAN RUANG - 1.03.0.00.0.00.03.0000,2875373,44047006,2023,Tender,APBD,CV. Mitra Selaras,Tender,Pekerjaan Konstruksi,Peningkatan Jalan Pagur - Panyabungan (Watas Kec. Panyabungan),SELESAI,1957550000,1957550000
KAB. MANDAILING NATAL,DINAS KESEHATAN - 1.02.0.00.0.00.02.0000,3972972,41733351,2023,E-Katalog 5.0,APBD,PT. Mersifarma Tirmaku Mercusana,E-Purchasing,Pengadaan Barang,Asam Asetilsalisilat (asetosal) tablet/kapsul/kaplet 80 mg,MELAKUKAN PENGIRIMAN DAN PENERIMAAN,11491200,11491200
KAB. MANDAILING NATAL,RUMAH SAKIT UMUM DAERAH PANYABUNGAN - 1.02.0.00.0.00.02.0001,8300773,45589099,2023,E-Katalog 5.0,APBDP,PT.Elsyahfi Calibratech Mandiri,E-Purchasing,Pengadaan Barang,Inkubator Laboratory,PAKET SELESAI,640000,640000
KAB. MANDAILING NATAL,DINAS PEKERJAAN UMUM DAN PENATAAN RUANG - 1.03.0.00.0.00.03.0000,3687373,44801971,2023,Non Tender,APBDP,CV. RENDER CONSULTANT,Pengadaan Langsung,Jasa Konsultansi Badan Usaha Konstruksi,Perencanaan Kegiatan DAK 2024 SPAM Desa Hutabargot Nauli Kec. Hutabargot,SELESAI,49500000,49500000
KAB. MANDAILING NATAL,DINAS KESEHATAN - 1.02.0.00.0.00.02.0000,5554968,41733351,2023,E-Katalog 5.0,APBD,PT. Kimia Farma Tbk,E-Purchasing,Pengadaan Barang,"Betametason/Betamethasone Valerate krim 0,1%",MELAKUKAN PENGIRIMAN DAN PENERIMAAN,18450000,18450000
KAB. MANDAILING NATAL,BADAN PENGELOLAAN KEUANGAN DAN ASET DAERAH - 5.02.0.00.0.00.28.0000,3691373,44729105,2023,Non Tender,APBD,PT. MARGA BHUANA JAYA CONSULTANT,Pengadaan Langsung,Jasa Konsultansi Badan Usaha Non Konstruksi,Belanja Jasa Tenaga Ahli,SELESAI,99815000,99815000
KAB. MANDAILING NATAL,RUMAH SAKIT UMUM DAERAH PANYABUNGAN - 1.02.0.00.0.00.02.0001,5103592,42104658,2023,E-Katalog 5.0,BLUD,PT. Amarox Pharma Global,E-Purchasing,Pengadaan Barang,Pregabalin kapsul 75,MELAKUKAN PENGIRIMAN DAN PENERIMAAN,3374000,3374000
KAB. MANDAILING NATAL,DINAS PEMUDA DAN OLAHRAGA - 2.19.0.00.0.00.20.0000,3154373,41740190,2023,Non Tender,APBD,CV. PUTRA DOLOK SIHITE,Pengadaan Langsung,Pengadaan Barang,Pengadaan Peralatan Olahraga Tenis Meja,SELESAI,79920000,79920000
KAB. MANDAILING NATAL,DINAS PEKERJAAN UMUM DAN PENATAAN RUANG - 1.03.0.00.0.00.03.0000,2699373,40403617,2023,Tender,APBD,CV. PARADISE PARK,Tender,Pekerjaan Konstruksi,Peningkatan SPAM Jaringan Perpipaan di Desa Huta Raja Kec. Ranto Baek,SELESAI,806535847,806535847
KAB. MANDAILING NATAL,DINAS PENDIDIKAN DAN KEBUDAYAAN - 1.01.2.22.0.00.02.0000,3547373,40966329,2023,Non Tender,APBD,CV. MATAHARI ABADI,Pengadaan Langsung,Pekerjaan Konstruksi,Pembangunan Ruang UKS Beserta Perabotnya SD Negeri 329 Sukadamai,SELESAI,84340000,84340000
KAB. MANDAILING NATAL,DINAS PARIWISATA - 3.26.0.00.0.00.23.0000,3473373,41237944,2023,Non Tender,APBD,CV. MIRZA KARYA SEJATI,Pengadaan Langsung,Pekerjaan Konstruksi,Rehabilitasi Sarana dan Prasarana Gedung Kantor,SELESAI,129793016,129793016
KAB. MANDAILING NATAL,RUMAH SAKIT UMUM DAERAH PANYABUNGAN - 1.02.0.00.0.00.02.0001,7503771,42104658,2023,E-Katalog 5.0,BLUD,PT Pratapa Nirmala,E-Purchasing,Pengadaan Barang,Levetiracetam/ Levetirasetam tablet 500 mg,MELAKUKAN PENGIRIMAN DAN PENERIMAAN,4995000,4995000
KAB. MANDAILING NATAL,DINAS PERUMAHAN RAKYAT DAN KAWASAN PERMUKIMAN SERTA PERTANAHAN - 1.04.2.10.0.00.04.0000,3562373,41341700,2023,Non Tender,APBD,CV. PUTRI LESTARI,Pengadaan Langsung,Pekerjaan Konstruksi,Pembangunan Jalan Lingkungan di Desa Huta Baringin Kec. Panyabungan Barat,SELESAI,134501000,134501000
KAB. MANDAILING NATAL,DINAS PERUMAHAN RAKYAT DAN KAWASAN PERMUKIMAN SERTA PERTANAHAN - 1.04.2.10.0.00.04.0000,3384373,41341681,2023,Non Tender,APBD,CV. PUTRA PRATAMA,Pengadaan Langsung,Pekerjaan Konstruksi,Pembangunan/ Rehabilitasi Jalan Lingkungan di Desa Muara Siambak Kec. Kotanopan,SELESAI,108699000,108699000
KAB. MANDAILING NATAL,DINAS KEPENDUDUKAN DAN PENCATATAN SIPIL - 2.12.0.00.0.00.13.0000,3174373,41552949,2023,Non Tender,APBD,CV. KREASI KENANGA,Pengadaan Langsung,Pengadaan Barang,Belanja Alat/Bahan untuk Kegiatan Kantor - Bahan Cetak,SELESAI,82317000,82317000
KAB. MANDAILING NATAL,RUMAH SAKIT UMUM DAERAH PANYABUNGAN - 1.02.0.00.0.00.02.0001,8300773,45589099,2023,E-Katalog 5.0,APBDP,PT.Elsyahfi Calibratech Mandiri,E-Purchasing,Pengadaan Barang,Infant Warmer / Radiant Warmer,PAKET SELESAI,2878500,2878500
KAB. MANDAILING NATAL,RUMAH SAKIT UMUM DAERAH PANYABUNGAN - 1.02.0.00.0.00.02.0001,3907233,42104658,2023,E-Katalog 5.0,BLUD,P.T. Dexa Medica,E-Purchasing,Pengadaan Barang,Clozapine/ Klozapin tablet/kapsul/kaplet 25 mg,MELAKUKAN PENGIRIMAN DAN PENERIMAAN,2480000,2480000
KAB. MANDAILING NATAL,DINAS PERTANIAN - 3.27.0.00.0.00.24.0000,3342373,41384061,2023,Non Tender,APBD,HQ PRATAMA CONSULTANT,Pengadaan Langsung,Jasa Konsultansi Badan Usaha Non Konstruksi,Belanja Jasa Konsultan Pengawasan,SELESAI,49750000,49750000
KAB. MANDAILING NATAL,RUMAH SAKIT UMUM DAERAH PANYABUNGAN - 1.02.0.00.0.00.02.0001,3094577,42104658,2023,E-Katalog 5.0,BLUD,PT.Bernofarm,E-Purchasing,Pengadaan Barang,Ranitidine hydrochloride (HCl)/ Ranitidin injeksi 25 mg/ml,MELAKUKAN PENGIRIMAN DAN PENERIMAAN,13000000,13000000
KAB. MANDAILING NATAL,RUMAH SAKIT UMUM DAERAH PANYABUNGAN - 1.02.0.00.0.00.02.0001,3773653,42104658,2023,E-Katalog 5.0,BLUD,PT. Beta Pharmacon,E-Purchasing,Pengadaan Barang,Analog insulin rapid acting inj 100 IU/mL,MELAKUKAN PENGIRIMAN DAN PENERIMAAN,9031400,0
KAB. MANDAILING NATAL,DINAS KESEHATAN - 1.02.0.00.0.00.02.0000,4101530,41733351,2023,E-Katalog 5.0,APBD,PT.Bernofarm,E-Purchasing,Pengadaan Barang,Clindamycin hydrochloride (HCl)/ Clindamycin/ Klindamisin tablet/kapsul/kaplet 300 mg,MELAKUKAN PENGIRIMAN DAN PENERIMAAN,43460800,43460800
KAB. MANDAILING NATAL,DINAS KESEHATAN - 1.02.0.00.0.00.02.0000,5537364,41733260,2023,E-Katalog 5.0,APBD,PT Jayamas Medica Industri,E-Purchasing,Pengadaan Barang,Sarung Tangan Obgyn,MELAKUKAN PENGIRIMAN DAN PENERIMAAN,9926064,9926064
KAB. MANDAILING NATAL,RUMAH SAKIT UMUM DAERAH PANYABUNGAN - 1.02.0.00.0.00.02.0001,7521472,42104658,2023,E-Katalog 5.0,BLUD,PT. ETERCON PHARMA,E-Purchasing,Pengadaan Barang,Donepezil/ Donepezil Hydrochloride tablet salut selaput 5 mg,MELAKUKAN PENGIRIMAN DAN PENERIMAAN,2331000,2331000
KAB. MANDAILING NATAL,DINAS PERDAGANGAN - 3.30.3.31.0.00.25.0000,3408373,41667207,2023,Non Tender,APBD,CV. NABILA,Pengadaan Langsung,Pekerjaan Konstruksi,Pengecetan Pasar Sinonoan Kecamatan Siabu,SELESAI,49600002,49600002
KAB. MANDAILING NATAL,RUMAH SAKIT UMUM DAERAH PANYABUNGAN - 1.02.0.00.0.00.02.0001,8300773,45589099,2023,E-Katalog 5.0,APBDP,PT.Elsyahfi Calibratech Mandiri,E-Purchasing,Pengadaan Barang,JASA PENGUJIAN DAN/ATAU KALIBRASI OXYGEN CONCENTRATOR / OXYGEN THERAPY MACHINE,PAKET SELESAI,665000,665000
KAB. MANDAILING NATAL,DINAS PERTANIAN - 3.27.0.00.0.00.24.0000,3211373,41412942,2023,Non Tender,APBD,CV. AULIA RIZKI PRATAMA,Pengadaan Langsung,Pengadaan Barang,Belanja Barang untuk Dijual/Diserahkan kepada Masyarakat,SELESAI,142956000,142956000
KAB. MANDAILING NATAL,RUMAH SAKIT UMUM DAERAH PANYABUNGAN - 1.02.0.00.0.00.02.0001,4963345,42104658,2023,E-Katalog 5.0,BLUD,PT.Phapros Tbk,E-Purchasing,Pengadaan Barang,"Benzatin Benzil Penisilin inj 2,4 juta IU/mL",MELAKUKAN PENGIRIMAN DAN PENERIMAAN,488400,488400
KAB. MANDAILING NATAL,DINAS KESEHATAN - 1.02.0.00.0.00.02.0000,3527672,41733260,2023,E-Katalog 5.0,APBD,PT. Safelock Medical,E-Purchasing,Pengadaan Barang,IV Catheter Non Injection Port 18 G,MELAKUKAN PENGIRIMAN DAN PENERIMAAN,39567000,39567000
KAB. MANDAILING NATAL,RUMAH SAKIT UMUM DAERAH PANYABUNGAN - 1.02.0.00.0.00.02.0001,7211462,42104658,2023,E-Katalog 5.0,BLUD,P.T. Dexa Medica,E-Purchasing,Pengadaan Barang,"Levofloxacin hemihydrate/ Levofloxacin/ Levofloksasin inf 5 mg/mL, 100 mL",MELAKUKAN PENGIRIMAN DAN PENERIMAAN,11025000,11025000
KAB. MANDAILING NATAL,DINAS PENDIDIKAN DAN KEBUDAYAAN - 1.01.2.22.0.00.02.0000,3578373,40966428,2023,Non Tender,APBD,CV SINAR,Pengadaan Langsung,Pekerjaan Konstruksi,Pembangunan Toilet (Jamban) Beserta Sanitasinya SD Negeri 211 Saba Dolok,SELESAI,141767000,141767000
KAB. MANDAILING NATAL,DINAS KESEHATAN - 1.02.0.00.0.00.02.0000,3929382,41733260,2023,E-Katalog 5.0,APBD,PT Abadi Kesling Indoneisa,E-Purchasing,Pengadaan Barang,SPESIFIKASI PAKET REAGENSIA BMHP SURVEILANS AIR MINUM/PAKET REAGENSIA SURVEILANS KUALITAS AIR MINUM RUMAH TANGGA (KAMRT),MELAKUKAN PENGIRIMAN DAN PENERIMAAN,358440000,358440000
KAB. MANDAILING NATAL,RUMAH SAKIT UMUM DAERAH PANYABUNGAN - 1.02.0.00.0.00.02.0001,3625647,42104658,2023,E-Katalog 5.0,BLUD,PT. Hexpharm Jaya Laboratories,E-Purchasing,Pengadaan Barang,Cefotaxime sodium/ Cefotaxime/ Sefotaksim serb inj 1.000 mg,MELAKUKAN PENGIRIMAN DAN PENERIMAAN,1530000,1530000
KAB. MANDAILING NATAL,DINAS PERTANIAN - 3.27.0.00.0.00.24.0000,4167766,43463657,2023,E-Katalog 5.0,APBD,CV. AULIA RIZKI PRATAMA,E-Purchasing,Pengadaan Barang,Bibi Aren,PROSES KONTRAK PPK,169104800,0
KAB. MANDAILING NATAL,DINAS PENDIDIKAN DAN KEBUDAYAAN - 1.01.2.22.0.00.02.0000,3490373,40966421,2023,Non Tender,APBD,CV. AMMAR MULIA,Pengadaan Langsung,Pekerjaan Konstruksi,Pembangunan Toilet (Jamban) Beserta Sanitasinya SD Negeri 220 Hutadangka,SELESAI,140200000,140200000
KAB. MANDAILING NATAL,BAGIAN KESEJAHTERAAN RAKYAT SETDAKAB MANDAILING NATAL - 4.01.5.06.0.00.26.0002,3589373,43740066,2023,Non Tender,APBD,CV. ANUGRAH KARYA ABADI,Pengadaan Langsung,Jasa Lainnya,Belanja Sewa Bus Pemulangan Jema'ah Haji,SELESAI,148495000,148495000
KAB. MANDAILING NATAL,DINAS PENDIDIKAN DAN KEBUDAYAAN - 1.01.2.22.0.00.02.0000,3671373,40966321,2023,Non Tender,APBD,CV. TIQA CEMERLANG,Pengadaan Langsung,Pekerjaan Konstruksi,Pembangunan Ruang Unit Kesehatan Sekolah SD Negeri 388 Hutaimbaru,SELESAI,79700000,79700000
KAB. MANDAILING NATAL,DINAS PENDIDIKAN DAN KEBUDAYAAN - 1.01.2.22.0.00.02.0000,3479373,40966433,2023,Non Tender,APBD,CV. ALDRICH PERDANA KARYA,Pengadaan Langsung,Pekerjaan Konstruksi,Pembangunan Toilet (Jamban) Beserta Sanitasinya SD Negeri 379 Sikara Kara III,SELESAI,140490000,140490000
KAB. MANDAILING NATAL,RUMAH SAKIT UMUM DAERAH PANYABUNGAN - 1.02.0.00.0.00.02.0001,7307358,42104658,2023,E-Katalog 5.0,BLUD,PT Pratapa Nirmala,E-Purchasing,Pengadaan Barang,Isosorbid dinitrat 10 mg,MELAKUKAN PENGIRIMAN DAN PENERIMAAN,2950000,2950000
KAB. MANDAILING NATAL,DINAS PENDIDIKAN DAN KEBUDAYAAN - 1.01.2.22.0.00.02.0000,2827373,40966374,2023,Tender,APBD,CV.MATIO NEW GENERATION CORPORATION,Tender,Pekerjaan Konstruksi,Pembangunan ruang laboratorium komputer beserta perabotnya SD Negeri 023 Siabu,SELESAI,213894290,213894290
KAB. MANDAILING NATAL,RUMAH SAKIT UMUM DAERAH PANYABUNGAN - 1.02.0.00.0.00.02.0001,7754961,42104658,2023,E-Katalog 5.0,BLUD,P.T. Dexa Medica,E-Purchasing,Pengadaan Barang,Ticagrelor/ Tikagrelor tablet/kapsul/kaplet 90 mg,MELAKUKAN PENGIRIMAN DAN PENERIMAAN,12000000,12000000
KAB. MANDAILING NATAL,DINAS KESEHATAN - 1.02.0.00.0.00.02.0000,8153600,41733351,2023,E-Katalog 5.0,APBD,PT.Bernofarm,E-Purchasing,Pengadaan Barang,Domperidon/ Domperidone maleate/ Domperidone sirup/suspensi 5 mg/5 ml,MELAKUKAN PENGIRIMAN DAN PENERIMAAN,785000,785000
KAB. MANDAILING NATAL,DINAS PENDIDIKAN DAN KEBUDAYAAN - 1.01.2.22.0.00.02.0000,3573373,40966356,2023,Non Tender,APBD,CV. FERDIAN PUTRA,Pengadaan Langsung,Pekerjaan Konstruksi,Pembangunan Ruang UKS Beserta Perabotnya SD Negeri 328 Sinunukan IV,SELESAI,84360000,84360000
KAB. MANDAILING NATAL,RUMAH SAKIT UMUM DAERAH PANYABUNGAN - 1.02.0.00.0.00.02.0001,7209390,42104658,2023,E-Katalog 5.0,BLUD,PT.Bernofarm,E-Purchasing,Pengadaan Barang,Metronidazole/ Metronidazol infus 5 mg/ ml (TD),MELAKUKAN PENGIRIMAN DAN PENERIMAAN,42000000,42000000
KAB. MANDAILING NATAL,DINAS KESEHATAN - 1.02.0.00.0.00.02.0000,3963193,41733351,2023,E-Katalog 5.0,APBD,PT. MARIN LIZA FARMASI,E-Purchasing,Pengadaan Barang,Fitomenadion/ Phytomenadion (Vitamin K1) tablet/kapsul/kaplet 10 mg,MELAKUKAN PENGIRIMAN DAN PENERIMAAN,16610000,16610000
KAB. MANDAILING NATAL,DINAS PEKERJAAN UMUM DAN PENATAAN RUANG - 1.03.0.00.0.00.03.0000,3705373,44801965,2023,Non Tender,APBDP,CV. TEAM CORE CONSULTANT,Pengadaan Langsung,Jasa Konsultansi Badan Usaha Konstruksi,Perencanaan kegiatan DAK 2024 SPAM Desa Banjar Maga - Desa Ranto Nalinjang - Desa SimaninggirKec. Ranto Baek,SELESAI,98000000,98000000
KAB. MANDAILING NATAL,RUMAH SAKIT UMUM DAERAH PANYABUNGAN - 1.02.0.00.0.00.02.0001,8300773,45589099,2023,E-Katalog 5.0,APBDP,PT.Elsyahfi Calibratech Mandiri,E-Purchasing,Pengadaan Barang,Electrosurgery,PAKET SELESAI,1555000,1555000
KAB. MANDAILING NATAL,DINAS KESEHATAN - 1.02.0.00.0.00.02.0000,3503372,41733260,2023,E-Katalog 5.0,APBD,PT. BUANA INTIPRIMA USAHA,E-Purchasing,Pengadaan Barang,CHRONA LIFE Bandage Crepe 6 Inch,MELAKUKAN PENGIRIMAN DAN PENERIMAAN,30060000,30060000
KAB. MANDAILING NATAL,DINAS KESEHATAN - 1.02.0.00.0.00.02.0000,3527672,41733260,2023,E-Katalog 5.0,APBD,PT. Safelock Medical,E-Purchasing,Pengadaan Barang,Blood Lancet,MELAKUKAN PENGIRIMAN DAN PENERIMAAN,56932920,56932920
KAB. MANDAILING NATAL,DINAS PERTANIAN - 3.27.0.00.0.00.24.0000,3352373,41383996,2023,Non Tender,APBD,CV. NABILA,Pengadaan Langsung,Pekerjaan Konstruksi,Pembangunan/Rehabilitasi Jalan Usaha Tani Desa Huta Pungkut Tonga Kec. Kotanopan,SELESAI,124800000,124800000
KAB. MANDAILING NATAL,DINAS PERPUSTAKAAN DAN KEARSIPAN - 2.23.2.24.0.00.21.0000,3175373,41553627;41553628;41553629,2023,Non Tender,APBD,CV. KREASI KENANGA,Pengadaan Langsung,Pengadaan Barang,Belanja Modal Bahan Perpustakaan Tercetak,SELESAI,90280000,0
KAB. MANDAILING NATAL,RUMAH SAKIT UMUM DAERAH PANYABUNGAN - 1.02.0.00.0.00.02.0001,8075392,42104658,2023,E-Katalog 5.0,BLUD,Andreas Karya Terbesar,E-Purchasing,Pengadaan Barang,"BICARBONAT BUBUK HEMODIALISE, AMICAL",PAKET SELESAI,19314000,0
KAB. MANDAILING NATAL,RUMAH SAKIT UMUM DAERAH PANYABUNGAN - 1.02.0.00.0.00.02.0001,6967654,42104658,2023,E-Katalog 5.0,BLUD,PT Boehringer Ingelheim Indonesia,E-Purchasing,Pengadaan Barang,"Kombinasi : Tiotropium bromide 3,124 mcg - Tiotropium 2,5 mcg ; Olodaterol hydrochloride 2,736 mcg - Olodaterol 2,5 mcg",MELAKUKAN PENGIRIMAN DAN PENERIMAAN,1417359,0
KAB. MANDAILING NATAL,DINAS PERTANIAN - 3.27.0.00.0.00.24.0000,4167781,43463664,2023,E-Katalog 5.0,APBD,CV. AULIA RIZKI PRATAMA,E-Purchasing,Pengadaan Barang,BIBIT Bibit Rambutan,PROSES KONTRAK PPK,92160000,92160000
KAB. MANDAILING NATAL,RUMAH SAKIT UMUM DAERAH PANYABUNGAN - 1.02.0.00.0.00.02.0001,3272154,42104658,2023,E-Katalog 5.0,BLUD,PT Glaxo Wellcome Indonesia,E-Purchasing,Pengadaan Barang,"Salmeterol 25 mcg  + Flutikason Propionat 50 mcg ih""",MELAKUKAN PENGIRIMAN DAN PENERIMAAN,1190720,0
KAB. MANDAILING NATAL,RUMAH SAKIT UMUM DAERAH PANYABUNGAN - 1.02.0.00.0.00.02.0001,5080724,42104658,2023,E-Katalog 5.0,BLUD,PT. EMJEBE PHARMA,E-Purchasing,Pengadaan Barang,"Asetat Ringer / Ringer asetat, @ 500 mL",MELAKUKAN PENGIRIMAN DAN PENERIMAAN,2400000,2400000
KAB. MANDAILING NATAL,DINAS PENDIDIKAN DAN KEBUDAYAAN - 1.01.2.22.0.00.02.0000,2816373,40966411,2023,Tender,APBD,CV. JAKRONAH,Tender,Pekerjaan Konstruksi,Pembangunan ruang laboratorium komputer beserta perabotnya SD Negeri 321 Sidomakmur,SELESAI,227249994,227249994
KAB. MANDAILING NATAL,DINAS KESEHATAN - 1.02.0.00.0.00.02.0000,5440228,41736822,2023,E-Katalog 5.0,APBD,PT INOVASI MEDIK INDONESIA,E-Purchasing,Pengadaan Barang,"NEW PACKAGE 1 : BABY WEIGHING SCALE, DIGITAL WEIGHING  SCALE, INFANTOMETER, STADIOMETER DAN PITA LILA",PROSES KONTRAK PPK,2122975000,2122975000
KAB. MANDAILING NATAL,RUMAH SAKIT UMUM DAERAH PANYABUNGAN - 1.02.0.00.0.00.02.0001,4904274,42104658,2023,E-Katalog 5.0,BLUD,PT. Hexpharm Jaya Laboratories,E-Purchasing,Pengadaan Barang,Lansoprazole/ Lansoprazol tablet/kapsul/kaplet 30 mg,MELAKUKAN PENGIRIMAN DAN PENERIMAAN,11900000,11900000
KAB. MANDAILING NATAL,DINAS PEKERJAAN UMUM DAN PENATAAN RUANG - 1.03.0.00.0.00.03.0000,2682373,40378809,2023,Tender,APBD,CV.INTEK JPK,Tender,Pekerjaan Konstruksi,Peningkatan Jalan Bangun Purba - Sibanggor Jae,SELESAI,463600000,463600000
KAB. MANDAILING NATAL,DINAS PEMUDA DAN OLAHRAGA - 2.19.0.00.0.00.20.0000,3145373,41740105,2023,Non Tender,APBD,cv. bugis nauli,Pengadaan Langsung,Pengadaan Barang,Pengadaan Peralatan dan Perlengkapan Olahraga Silat dan Catur,SELESAI,58979000,58979000
KAB. MANDAILING NATAL,DINAS PERDAGANGAN - 3.30.3.31.0.00.25.0000,3453373,41667543,2023,Non Tender,APBD,CV. DAME LANGGENG,Pengadaan Langsung,Pengadaan Barang,Belanja Barang untuk dijual/Diserahkan kepada Masyarakat (Pengadaan Mesin Pengering Ikan dan Mesin Perajang Pisang),SELESAI,102663900,0
KAB. MANDAILING NATAL,DINAS PERTANIAN - 3.27.0.00.0.00.24.0000,3354373,43601839,2023,Non Tender,APBD,CV.Tunjung Biru,Pengadaan Langsung,Pekerjaan Konstruksi,Pembangunan/Rehabilitasi Jalan Usaha Tani Desa Pasar Hutabargot Kec. Hutabargot,SELESAI,125804000,125804000
KAB. MANDAILING NATAL,DINAS PENDIDIKAN DAN KEBUDAYAAN - 1.01.2.22.0.00.02.0000,2856373,40966257,2023,Tender,APBD,CV. TORKIS LUBIS GROUP,Tender,Pekerjaan Konstruksi,Pembangunan Ruang Perpustakaan Beserta Perabotnya SD Negeri 331 Pasir Putih,SELESAI,203349925,203349925
KAB. MANDAILING NATAL,DINAS KESEHATAN - 1.02.0.00.0.00.02.0000,6409000,44000543,2023,E-Katalog 5.0,APBD,PT MENARA PELITA MEDICA,E-Purchasing,Pengadaan Barang,LANSIA KIT 2,PROSES KONTRAK PPK,172560000,172560000
KAB. MANDAILING NATAL,RUMAH SAKIT UMUM DAERAH PANYABUNGAN - 1.02.0.00.0.00.02.0001,3625647,42104658,2023,E-Katalog 5.0,BLUD,PT. Hexpharm Jaya Laboratories,E-Purchasing,Pengadaan Barang,Azitromisin/Azithromycin dihydrate tablet salut selaput/kaplet salut selaput 500 mg,MELAKUKAN PENGIRIMAN DAN PENERIMAAN,1860000,1860000
KAB. MANDAILING NATAL,DINAS PEKERJAAN UMUM DAN PENATAAN RUANG - 1.03.0.00.0.00.03.0000,2660373,40375936,2023,Tender,APBD,PT. DIORI RIA RIA,Tender,Pekerjaan Konstruksi,Pembangunan Jembatan Gantung Aek Batang Gadis Desa Kampung Baru,SELESAI,4656941250,4656941250
KAB. MANDAILING NATAL,RUMAH SAKIT UMUM DAERAH PANYABUNGAN - 1.02.0.00.0.00.02.0001,8300773,45589099,2023,E-Katalog 5.0,APBDP,PT.Elsyahfi Calibratech Mandiri,E-Purchasing,Pengadaan Barang,Mikropipete,PAKET SELESAI,6725000,6725000
KAB. MANDAILING NATAL,RUMAH SAKIT UMUM DAERAH PANYABUNGAN - 1.02.0.00.0.00.02.0001,3781373,45589212,2023,Non Tender,APBDP,CV. Balakosa Consultant,Pengadaan Langsung,Jasa Konsultansi Badan Usaha Konstruksi,Review Lantai 3 Gedung BKIA Pada RSUD Panyabungan di Panatapan,SELESAI,49700250,49700250
KAB. MANDAILING NATAL,RUMAH SAKIT UMUM DAERAH PANYABUNGAN - 1.02.0.00.0.00.02.0001,8300773,45589099,2023,E-Katalog 5.0,APBDP,PT.Elsyahfi Calibratech Mandiri,E-Purchasing,Pengadaan Barang,Automatic External Defibrilator,PAKET SELESAI,895000,895000
KAB. MANDAILING NATAL,DINAS KESEHATAN - 1.02.0.00.0.00.02.0000,3606826,41733260,2023,E-Katalog 5.0,APBD,PT.MUKTI REJO ABADI,E-Purchasing,Pengadaan Barang,Alcohol Swabs,MELAKUKAN PENGIRIMAN DAN PENERIMAAN,1897500,1897500
KAB. MANDAILING NATAL,RUMAH SAKIT UMUM DAERAH PANYABUNGAN - 1.02.0.00.0.00.02.0001,4964674,42104658,2023,E-Katalog 5.0,BLUD,PT Yarindo Farmatama,E-Purchasing,Pengadaan Barang,Isosorbid Dinitrat/ Isosorbide dinitrate tablet/kapsul/kaplet 5 mg,MELAKUKAN PENGIRIMAN DAN PENERIMAAN,565000,565000
KAB. MANDAILING NATAL,DINAS KESEHATAN - 1.02.0.00.0.00.02.0000,6254434,41733260,2023,E-Katalog 5.0,APBD,PT Prodia Diagnostic Line,E-Purchasing,Pengadaan Barang,Triglycerides FS 10  157109910022,MELAKUKAN PENGIRIMAN DAN PENERIMAAN,40592000,40592000
KAB. MANDAILING NATAL,DINAS PENDIDIKAN DAN KEBUDAYAAN - 1.01.2.22.0.00.02.0000,3614373,44210276,2023,Non Tender,APBD,CV. RENDER CONSULTANT,Pengadaan Langsung,Jasa Konsultansi Badan Usaha Non Konstruksi,Belanja Jasa Konsultan Perencanaan PAUD,SELESAI,12449760,12449760
KAB. MANDAILING NATAL,DINAS PEKERJAAN UMUM DAN PENATAAN RUANG - 1.03.0.00.0.00.03.0000,2674373,40378818,2023,Tender,APBD,cv.delima,Pengadaan Langsung,Pekerjaan Konstruksi,Peningkatan Jalan Mompang Jae - Tanjung Mompang,SELESAI,1221961000,1221961000
KAB. MANDAILING NATAL,DINAS PENDIDIKAN DAN KEBUDAYAAN - 1.01.2.22.0.00.02.0000,3537373,40966340,2023,Non Tender,APBD,CV. AGUNG SRIWIJAYA,Pengadaan Langsung,Pekerjaan Konstruksi,Pembangunan Ruang UKS Beserta Perabotnya SD Negeri 115 Gunung Tua,SELESAI,84120000,84120000
KAB. MANDAILING NATAL,RUMAH SAKIT UMUM DAERAH PANYABUNGAN - 1.02.0.00.0.00.02.0001,3117782,42104658,2023,E-Katalog 5.0,BLUD,P.T. Dexa Medica,E-Purchasing,Pengadaan Barang,Valsartan tablet/kapsul/kaplet 160 mg,MELAKUKAN PENGIRIMAN DAN PENERIMAAN,2598000,2598000
KAB. MANDAILING NATAL,DINAS PENDIDIKAN DAN KEBUDAYAAN - 1.01.2.22.0.00.02.0000,2830373,40966379,2023,Tender,APBD,CV. BERKAH QYMERA,Tender,Pekerjaan Konstruksi,Pembangunan ruang laboratorium komputer beserta perabotnya SD Negeri 051 Bange,SELESAI,222452477,222452477
KAB. MANDAILING NATAL,DINAS PEKERJAAN UMUM DAN PENATAAN RUANG - 1.03.0.00.0.00.03.0000,3742373,45090289,2023,Non Tender,APBDP,HQ PRATAMA CONSULTANT,Pengadaan Langsung,Jasa Konsultansi Badan Usaha Konstruksi,Penyusunan Dokumen Perencanaan Preservasi Jalan Bukit Mas - Kubangan Tompek,SELESAI,49800000,49800000
KAB. MANDAILING NATAL,DINAS KEPENDUDUKAN DAN PENCATATAN SIPIL - 2.12.0.00.0.00.13.0000,3968903,41552974,2023,E-Katalog 5.0,APBD,PT. TRIKREASINDO MANDIRI SENTOSA,E-Purchasing,Pengadaan Barang,Biomorf B-Scan Tenprint 1051,PROSES KONTRAK PPK,91677000,91677000
KAB. MANDAILING NATAL,DINAS PERTANIAN - 3.27.0.00.0.00.24.0000,3359373,41384055,2023,Non Tender,APBD,CV MAHARI PRATAMA,Pengadaan Langsung,Pekerjaan Konstruksi,Pembangunan/Rehabilitasi Jaringan Irigasi Desa Pagaran Tonga Kec. Panyabungan,SELESAI,110208000,110208000
KAB. MANDAILING NATAL,DINAS PENDIDIKAN DAN KEBUDAYAAN - 1.01.2.22.0.00.02.0000,8289717,46103932,2023,E-Katalog 5.0,APBD,cv. bugis nauli,E-Purchasing,Pengadaan Barang,KURSI LIPAT BL-5AB-550x550,PROSES KONTRAK PPK,83000000,83000000
KAB. MANDAILING NATAL,BADAN PENGELOLAAN KEUANGAN DAN ASET DAERAH - 5.02.0.00.0.00.28.0000,3227373,43377145,2023,Non Tender,APBD,CV. KREATIFITAS CEMERLANG,Pengadaan Langsung,Pengadaan Barang,Belanja Alat/Bahan untuk Kegiatan Kantor- Bahan Cetak,SELESAI,195138000,0
KAB. MANDAILING NATAL,DINAS KESEHATAN - 1.02.0.00.0.00.02.0000,3960092,41733351,2023,E-Katalog 5.0,APBD,PT. Hexpharm Jaya Laboratories,E-Purchasing,Pengadaan Barang,Domperidon/ Domperidone/ Domperidone Maleate tablet/kapsul/kaplet 10 mg,MELAKUKAN PENGIRIMAN DAN PENERIMAAN,37975000,37975000
KAB. MANDAILING NATAL,DINAS KESEHATAN - 1.02.0.00.0.00.02.0000,3960092,41733351,2023,E-Katalog 5.0,APBD,PT. Hexpharm Jaya Laboratories,E-Purchasing,Pengadaan Barang,Metformin Hydrochloride/ Metformin tablet/kapsul/kaplet 500 mg,MELAKUKAN PENGIRIMAN DAN PENERIMAAN,75240000,75240000
KAB. MANDAILING NATAL,DINAS KESEHATAN - 1.02.0.00.0.00.02.0000,8078344,41733351,2023,E-Katalog 5.0,APBD,PT.Bernofarm,E-Purchasing,Pengadaan Barang,AMBROXOL HCl 30 mg TABLET,MELAKUKAN PENGIRIMAN DAN PENERIMAAN,970000,970000
KAB. MANDAILING NATAL,DINAS PENDIDIKAN DAN KEBUDAYAAN - 1.01.2.22.0.00.02.0000,2807373,40966398,2023,Tender,APBD,CV. KARYA ANAK BANGSA,Tender,Pekerjaan Konstruksi,Pembangunan ruang laboratorium komputer beserta perabotnya SD Negeri 348 Banjar Aur,SELESAI,227288750,227288750
KAB. MANDAILING NATAL,DINAS PERUMAHAN RAKYAT DAN KAWASAN PERMUKIMAN SERTA PERTANAHAN - 1.04.2.10.0.00.04.0000,3421373,41341705,2023,Non Tender,APBD,CV. ZIHANS BROTHER,Pengadaan Langsung,Pekerjaan Konstruksi,Pembangunan Jalan Lingkungan di Jalan Bakti Abri Kel. Panyabungan II Kec. Panyabungan,SELESAI,132500000,132500000
KAB. MANDAILING NATAL,DINAS PERDAGANGAN - 3.30.3.31.0.00.25.0000,3220373,41667218,2023,Non Tender,APBD,KJPP Abdullah Fitriantoro & Rekan,Pengadaan Langsung,Jasa Konsultansi Badan Usaha Non Konstruksi,Belanja Jasa Konsultansi Jasa Penilai Publik (KJPP) Sewa Lahan Pasar Baru Panyabungan,SELESAI,59895000,59895000
KAB. MANDAILING NATAL,RUMAH SAKIT UMUM DAERAH PANYABUNGAN - 1.02.0.00.0.00.02.0001,7784520,42104658,2023,E-Katalog 5.0,BLUD,PT. Hexpharm Jaya Laboratories,E-Purchasing,Pengadaan Barang,Gabapentin tablet/kapsul/kaplet 300 mg,MELAKUKAN PENGIRIMAN DAN PENERIMAAN,2760000,2760000
KAB. MANDAILING NATAL,DINAS LINGKUNGAN HIDUP - 2.11.0.00.0.00.12.0000,2770373,41701782,2023,Tender,APBD,CV. PELITA BUANA,Seleksi,Jasa Konsultansi Badan Usaha Konstruksi,Penyusunan Dokumen Perencanaan Teknis Dan Manajemen Persampahan (PTMP) TPA Panyabungan,SELESAI,394400000,394400000
KAB. MANDAILING NATAL,DINAS PENDIDIKAN DAN KEBUDAYAAN - 1.01.2.22.0.00.02.0000,2791373,41023184,2023,Tender,APBD,CV. Tamaro Rejeki,Tender,Pekerjaan Konstruksi,Pembangunan Ruang UKS Beserta Perabotnya SMP Negeri 1 Panyabungan Barat,SELESAI,229568456,229568456
KAB. MANDAILING NATAL,DINAS KESEHATAN - 1.02.0.00.0.00.02.0000,3972543,41733351,2023,E-Katalog 5.0,APBD,PT.Phapros Tbk,E-Purchasing,Pengadaan Barang,Dexamethason Sodium Phosphate/ Deksamethason/ Deksametason injeksi 5 mg/mL,MELAKUKAN PENGIRIMAN DAN PENERIMAAN,30212000,30212000
KAB. MANDAILING NATAL,RUMAH SAKIT UMUM DAERAH PANYABUNGAN - 1.02.0.00.0.00.02.0001,3773085,42104658,2023,E-Katalog 5.0,BLUD,"PT. PYRIDAM FARMA, Tbk.",E-Purchasing,Pengadaan Barang,Analog Insulin: insulin prandial inj 100 IU/mL,MELAKUKAN PENGIRIMAN DAN PENERIMAAN,8950000,0
KAB. MANDAILING NATAL,DINAS PEKERJAAN UMUM DAN PENATAAN RUANG - 1.03.0.00.0.00.03.0000,2713373,40403619,2023,Tender,APBD,CV. IKHWAN FIRDAUS,Tender,Pekerjaan Konstruksi,Peningkatan SPAM Jaringan Perpipaan di Desa Panjaringan Kec. Tambangan,SELESAI,794820847,794820847
KAB. MANDAILING NATAL,DINAS PENDIDIKAN DAN KEBUDAYAAN - 1.01.2.22.0.00.02.0000,3516373,40966322,2023,Non Tender,APBD,CV. ALYA PERDANA KARYA,Pengadaan Langsung,Pekerjaan Konstruksi,Pembangunan Ruang UKS Beserta Perabotnya SD Negeri 346 Kampung Kapas,SELESAI,84436000,84436000
KAB. MANDAILING NATAL,DINAS PEMUDA DAN OLAHRAGA - 2.19.0.00.0.00.20.0000,3143373,41740171,2023,Non Tender,APBD,KENANGA MULTI TRADE,Pengadaan Langsung,Pengadaan Barang,"Pengadaan Perlengkapan Olahraga Bola Kaki, Bola Volly dan Tinju",SELESAI,153618000,153618000
KAB. MANDAILING NATAL,DINAS PENDIDIKAN DAN KEBUDAYAAN - 1.01.2.22.0.00.02.0000,3477373,41023211,2023,Non Tender,APBD,CV. BINTANG JAYA,Pengadaan Langsung,Pekerjaan Konstruksi,Pembangunan Toilet (Jamban) Beserta Sanitasinya SMP Negeri 2 Siabu,SELESAI,179980000,179980000
KAB. MANDAILING NATAL,DINAS PERTANIAN - 3.27.0.00.0.00.24.0000,3212373,41412941,2023,Non Tender,APBD,CV.RIZKI KARYA,Pengadaan Langsung,Pengadaan Barang,Belanja Barang untuk Dijual/Diserahkan kepada Pihak Ketiga/Pihak Lain,SELESAI,123950000,123950000
KAB. MANDAILING NATAL,RUMAH SAKIT UMUM DAERAH PANYABUNGAN - 1.02.0.00.0.00.02.0001,8188124,42104658,2023,E-Katalog 5.0,BLUD,PT AstraZeneca Indonesia,E-Purchasing,Pengadaan Barang,"Budesonid cairan inhalasi 0,25mg/mL, respoules 2 mL",MELAKUKAN PENGIRIMAN DAN PENERIMAAN,696000,0
KAB. MANDAILING NATAL,RUMAH SAKIT UMUM DAERAH PANYABUNGAN - 1.02.0.00.0.00.02.0001,4834236,42104658,2023,E-Katalog 5.0,BLUD,P.T. Dexa Medica,E-Purchasing,Pengadaan Barang,Sodium Valproate/ Valproat/ Valproic acid sirup 250 mg/5 ml,MELAKUKAN PENGIRIMAN DAN PENERIMAAN,2960000,2960000
KAB. MANDAILING NATAL,DINAS PEKERJAAN UMUM DAN PENATAAN RUANG - 1.03.0.00.0.00.03.0000,2667373,40378851,2023,Tender,APBD,cv.bintang buana,Tender,Pekerjaan Konstruksi,Peningkatan Jalan Jln Keliling Pasar Singkuang,SELESAI,690605000,690605000
KAB. MANDAILING NATAL,DINAS PEKERJAAN UMUM DAN PENATAAN RUANG - 1.03.0.00.0.00.03.0000,2701373,40403798,2023,Tender,APBD,CV HARTAP,Tender,Pekerjaan Konstruksi,Perluasan SPAM Jaringan Perpipaan di Desa Hutaimbaru Kec. Panyabungan Timur,SELESAI,662830838,662830838
KAB. MANDAILING NATAL,DINAS PERTANIAN - 3.27.0.00.0.00.24.0000,3210373,41412637,2023,Non Tender,APBD,CV. ANUGRAH KARYA ABADI,Pengadaan Langsung,Pengadaan Barang,Belanja Pakaian Peserta PENAS,SELESAI,142357000,142357000
KAB. MANDAILING NATAL,RUMAH SAKIT UMUM DAERAH PANYABUNGAN - 1.02.0.00.0.00.02.0001,8300773,45589099,2023,E-Katalog 5.0,APBDP,PT.Elsyahfi Calibratech Mandiri,E-Purchasing,Pengadaan Barang,NIBP / Blood Pressure Monitor / Sphygmomanometer Digital / Tensimeter Digital,PAKET SELESAI,3690263,3690263
KAB. MANDAILING NATAL,DINAS PERTANIAN - 3.27.0.00.0.00.24.0000,4167766,43463657,2023,E-Katalog 5.0,APBD,CV. AULIA RIZKI PRATAMA,E-Purchasing,Pengadaan Barang,Bibit Kopi Robusta,PROSES KONTRAK PPK,99199500,99199500
KAB. MANDAILING NATAL,DINAS PENDIDIKAN DAN KEBUDAYAAN - 1.01.2.22.0.00.02.0000,3632373,44142238,2023,Non Tender,APBD,CV. NABILA,Pengadaan Langsung,Pekerjaan Konstruksi,Pembangunan Gedung Kantor Korwil V Dinas Pendidikan,SELESAI,199299997,199299997
KAB. MANDAILING NATAL,RUMAH SAKIT UMUM DAERAH PANYABUNGAN - 1.02.0.00.0.00.02.0001,2749373,42555519,2023,Tender,BLUD,CV. KREATIF CIPTA PRATAMA,Seleksi,Jasa Konsultansi Badan Usaha Konstruksi,Belanja Modal Gedung dan Bangunan - Jasa Konsultansi Pembuatan DED IPAL RSUD Panyabungan,SELESAI,194300000,194300000
KAB. MANDAILING NATAL,DINAS PENDIDIKAN DAN KEBUDAYAAN - 1.01.2.22.0.00.02.0000,3194373,40966317,2023,Non Tender,APBD,cv.citra pramatra,Pengadaan Langsung,Jasa Konsultansi Badan Usaha Konstruksi,Jasa Konsultan Perencanaan Pembangunan Ruang UKS Beserta Perabotnya (DAK),SELESAI,49778000,49778000
KAB. MANDAILING NATAL,RUMAH SAKIT UMUM DAERAH PANYABUNGAN - 1.02.0.00.0.00.02.0001,7735311,42104658,2023,E-Katalog 5.0,BLUD,PT. Mahakam Beta Farma,E-Purchasing,Pengadaan Barang,Amlodipin/ Amlodipine/ Amlodipine besilate tablet/kapsul/kaplet 10 mg,MELAKUKAN PENGIRIMAN DAN PENERIMAAN,4800000,4800000
KAB. MANDAILING NATAL,BAGIAN UMUM SETDAKAB MANDAILING NATAL - 4.01.5.06.0.00.26.0009,3768373,45563505,2023,Non Tender,APBDP,KENANGA MULTI TRADE,Pengadaan Langsung,Pengadaan Barang,Belanja Modal Peralatan Studio Audio,SELESAI,198623400,0
KAB. MANDAILING NATAL,RUMAH SAKIT UMUM DAERAH PANYABUNGAN - 1.02.0.00.0.00.02.0001,3407497,42104658,2023,E-Katalog 5.0,BLUD,PT Pratapa Nirmala,E-Purchasing,Pengadaan Barang,Ticagrelor/ Tikagrelor tablet/kapsul/kaplet 90 mg,MELAKUKAN PENGIRIMAN DAN PENERIMAAN,7492500,7492500
KAB. MANDAILING NATAL,RUMAH SAKIT UMUM DAERAH PANYABUNGAN - 1.02.0.00.0.00.02.0001,6493792,42104658,2023,E-Katalog 5.0,BLUD,P.T. Dexa Medica,E-Purchasing,Pengadaan Barang,Kandesartan/ Candesartan/ Candesartan Cilexetil  tablet/kapsul/kaplet 8 mg,MELAKUKAN PENGIRIMAN DAN PENERIMAAN,1794000,1794000
KAB. MANDAILING NATAL,BADAN PENGELOLAAN KEUANGAN DAN ASET DAERAH - 5.02.0.00.0.00.28.0000,3269373,42358953,2023,Non Tender,APBD,CV. KREATIFITAS CEMERLANG,Pengadaan Langsung,Pengadaan Barang,Belanja Pakaian Batik Tradisional,SELESAI,63736000,63736000
KAB. MANDAILING NATAL,RUMAH SAKIT UMUM DAERAH PANYABUNGAN - 1.02.0.00.0.00.02.0001,7375104,42104658,2023,E-Katalog 5.0,BLUD,PT Glaxo Wellcome Indonesia,E-Purchasing,Pengadaan Barang,"Salmeterol 25 mcg  + Flutikason Propionat 50 mcg ih""",MELAKUKAN PENGIRIMAN DAN PENERIMAAN,628410,0
KAB. MANDAILING NATAL,RUMAH SAKIT UMUM DAERAH PANYABUNGAN - 1.02.0.00.0.00.02.0001,4828128,42104658,2023,E-Katalog 5.0,BLUD,PT.Bernofarm,E-Purchasing,Pengadaan Barang,Ranitidine hydrochloride (HCl)/ Ranitidin injeksi 25 mg/ml,MELAKUKAN PENGIRIMAN DAN PENERIMAAN,13790000,13790000
KAB. MANDAILING NATAL,RUMAH SAKIT UMUM DAERAH PANYABUNGAN - 1.02.0.00.0.00.02.0001,6667855,42104658,2023,E-Katalog 5.0,BLUD,PT. Interbat,E-Purchasing,Pengadaan Barang,Ondansetron hydrochloride (HCl)/ Ondansetron HCl dihydrate /Ondansetron 4 mg tablet salut selaput,MELAKUKAN PENGIRIMAN DAN PENERIMAAN,750000,750000
KAB. MANDAILING NATAL,RUMAH SAKIT UMUM DAERAH PANYABUNGAN - 1.02.0.00.0.00.02.0001,4857438,42104658,2023,E-Katalog 5.0,BLUD,PT. Merck Tbk,E-Purchasing,Pengadaan Barang,"Bisoprolol tablet/kapsul/kaplet 1,25 mg",MELAKUKAN PENGIRIMAN DAN PENERIMAAN,3043500,3043500
KAB. MANDAILING NATAL,DINAS PENDIDIKAN DAN KEBUDAYAAN - 1.01.2.22.0.00.02.0000,2789373,41023160,2023,Tender,APBD,CV. BERKAH QYMERA,Tender,Pekerjaan Konstruksi,Pembangunan Ruang Tata Usaha Beserta Perabotnya SMP Berkat Panyabungan,SELESAI,512070577,512070577
KAB. MANDAILING NATAL,RUMAH SAKIT UMUM DAERAH PANYABUNGAN - 1.02.0.00.0.00.02.0001,6991179,42104658,2023,E-Katalog 5.0,BLUD,PT. Hexpharm Jaya Laboratories,E-Purchasing,Pengadaan Barang,Lansoprazole/ Lansoprazol tablet/kapsul/kaplet 30 mg,MELAKUKAN PENGIRIMAN DAN PENERIMAAN,17850000,17850000
KAB. MANDAILING NATAL,DINAS PEKERJAAN UMUM DAN PENATAAN RUANG - 1.03.0.00.0.00.03.0000,3592373,42267906,2023,Non Tender,APBD,CV. Penus Graphindo Consultant,Pengadaan Langsung,Jasa Konsultansi Badan Usaha Konstruksi,Jasa Konsultansi Pengawasan Kegiatan Lanjutan Pembangunan Pasar Eks Bioskop Tapanuli Kec. Panyabungan,SELESAI,49783000,49783000
KAB. MANDAILING NATAL,RUMAH SAKIT UMUM DAERAH PANYABUNGAN - 1.02.0.00.0.00.02.0001,3205554,42104658,2023,E-Katalog 5.0,BLUD,P.T. Dexa Medica,E-Purchasing,Pengadaan Barang,Kandesartan/ Candesartan/ Candesartan Cilexetil  tablet/kapsul/kaplet 8 mg,MELAKUKAN PENGIRIMAN DAN PENERIMAAN,1794000,1794000
KAB. MANDAILING NATAL,RUMAH SAKIT UMUM DAERAH PANYABUNGAN - 1.02.0.00.0.00.02.0001,5704193,42104658,2023,E-Katalog 5.0,BLUD,PT. Hexpharm Jaya Laboratories,E-Purchasing,Pengadaan Barang,Metformin Hydrochloride/ Metformin tablet/kapsul/kaplet 500 mg,MELAKUKAN PENGIRIMAN DAN PENERIMAAN,3800000,3800000
KAB. MANDAILING NATAL,DINAS PENDIDIKAN DAN KEBUDAYAAN - 1.01.2.22.0.00.02.0000,2838373,40966370,2023,Tender,APBD,CV.MULTI KENCANA,Tender,Pekerjaan Konstruksi,Pembangunan ruang laboratorium komputer beserta perabotnya SD Negeri 011 Hutapuli,SELESAI,226819999,226819999
KAB. MANDAILING NATAL,DINAS PENDIDIKAN DAN KEBUDAYAAN - 1.01.2.22.0.00.02.0000,3639373,41023187,2023,Non Tender,APBD,CV. OLIVIA KARYA UTAMA,Pengadaan Langsung,Pekerjaan Konstruksi,Pembangunan Ruang Unit Kesehatan Sekolah SMP Negeri 4 Linggabayu,SELESAI,149350173,149350173
KAB. MANDAILING NATAL,DINAS PERUMAHAN RAKYAT DAN KAWASAN PERMUKIMAN SERTA PERTANAHAN - 1.04.2.10.0.00.04.0000,3378373,41341714,2023,Non Tender,APBD,CV. BUANA PERKASA,Pengadaan Langsung,Pekerjaan Konstruksi,Pembangunan/ Rehabilitasi Jalan Lingkungan di Desa Bonan Dolok Kec. Siabu,SELESAI,117460000,117460000
KAB. MANDAILING NATAL,DINAS KESEHATAN - 1.02.0.00.0.00.02.0000,5620110,41733260,2023,E-Katalog 5.0,APBD,PT Sinaraya Nugraha Ahmadaris Medika,E-Purchasing,Pengadaan Barang,10 cm x 5 m,MELAKUKAN PENGIRIMAN DAN PENERIMAAN,82368000,82368000
KAB. MANDAILING NATAL,DINAS PENDIDIKAN DAN KEBUDAYAAN - 1.01.2.22.0.00.02.0000,3533373,40966344,2023,Non Tender,APBD,CV.BAITANG KONTRAKTOR,Pengadaan Langsung,Pekerjaan Konstruksi,Pembangunan Ruang UKS Beserta Perabotnya SD Negeri 166 Purba Lamo,SELESAI,84290000,84290000
KAB. MANDAILING NATAL,DINAS KESEHATAN - 1.02.0.00.0.00.02.0000,4316017,41733351,2023,E-Katalog 5.0,APBD,PT. Kimia Farma Tbk,E-Purchasing,Pengadaan Barang,Hidroklorotiazid/ Hydrochlorothiazide tablet/kapsul/kaplet 25 mg,MELAKUKAN PENGIRIMAN DAN PENERIMAAN,1550000,1550000
KAB. MANDAILING NATAL,DINAS PERHUBUNGAN - 2.15.0.00.0.00.16.0000,3331373,40881867,2023,Non Tender,APBD,CV. RENDER CONSULTANT,Pengadaan Langsung,Jasa Konsultansi Badan Usaha Non Konstruksi,Penyusunan Dokumen Materisasi Lampu Penerangan Jalan Umum (LPJU) di Kabupaten Mandailing Natal,SELESAI,99789000,99789000
KAB. MANDAILING NATAL,DINAS PENDIDIKAN DAN KEBUDAYAAN - 1.01.2.22.0.00.02.0000,2866373,40966256,2023,Tender,APBD,CV. PODA PADANTUA,Tender,Pekerjaan Konstruksi,Pembangunan Ruang Perpustakaan Beserta Perabotnya SD Negeri 296 Lobung,SELESAI,200735000,200735000
KAB. MANDAILING NATAL,DINAS PENDIDIKAN DAN KEBUDAYAAN - 1.01.2.22.0.00.02.0000,2803373,40966372,2023,Tender,APBD,CV. DWI LESTARI,Tender,Pekerjaan Konstruksi,Pembangunan ruang laboratorium komputer beserta perabotnya SD Negeri 016 Simangambat,SELESAI,227670000,227670000
KAB. MANDAILING NATAL,RUMAH SAKIT UMUM DAERAH PANYABUNGAN - 1.02.0.00.0.00.02.0001,6667855,42104658,2023,E-Katalog 5.0,BLUD,PT. Interbat,E-Purchasing,Pengadaan Barang,Metoclopramide hydrochloride (HCl)/ Metoclopramide/ Metoklopramid inj 5 mg/mL,MELAKUKAN PENGIRIMAN DAN PENERIMAAN,2495000,2495000
KAB. MANDAILING NATAL,BAGIAN UMUM SETDAKAB MANDAILING NATAL - 4.01.5.06.0.00.26.0009,3759373,45532321,2023,Non Tender,APBDP,cv. bugis nauli,Pengadaan Langsung,Pekerjaan Konstruksi,Rehab dan Pengecatan Pos Jaga Perkantoran Payaloting,SELESAI,74930000,74930000
KAB. MANDAILING NATAL,DINAS PERUMAHAN RAKYAT DAN KAWASAN PERMUKIMAN SERTA PERTANAHAN - 1.04.2.10.0.00.04.0000,3372373,41341692,2023,Non Tender,APBD,CV. BIAN JAYA KONSTRUKSI,Pengadaan Langsung,Pekerjaan Konstruksi,Pembangunan/ Rehabilitasi Jalan Lingkungan Menuju SMP 1 Batang Natal Kec. Batang Natal,SELESAI,139800000,139800000
KAB. MANDAILING NATAL,DINAS KESEHATAN - 1.02.0.00.0.00.02.0000,3625336,41733260,2023,E-Katalog 5.0,APBD,PT. ERA MEDIKA ALKESINDO,E-Purchasing,Pengadaan Barang,KN95 5 Layer Surgical Face Mask,MELAKUKAN PENGIRIMAN DAN PENERIMAAN,109350000,109350000
KAB. MANDAILING NATAL,RUMAH SAKIT UMUM DAERAH PANYABUNGAN - 1.02.0.00.0.00.02.0001,4829693,42104658,2023,E-Katalog 5.0,BLUD,PT Boehringer Ingelheim Indonesia,E-Purchasing,Pengadaan Barang,"Tiotropium bromide 3,124 mcg - Tiotropium 2,5 mcg Refill",MELAKUKAN PENGIRIMAN DAN PENERIMAAN,2123625,0
KAB. MANDAILING NATAL,BADAN PENDAPATAN DAERAH - 5.02.0.00.0.00.30.0000,3161373,41210729,2023,Non Tender,APBD,CV. KREATIFITAS CEMERLANG,Pengadaan Langsung,Pengadaan Barang,Belanja Alat/Bahan untuk Kegiatan Kantor-Alat Tulis Kantor,SELESAI,134542000,0
KAB. MANDAILING NATAL,DINAS PENDIDIKAN DAN KEBUDAYAAN - 1.01.2.22.0.00.02.0000,3642373,41023162,2023,Non Tender,APBD,CV. NABILA,Pengadaan Langsung,Pekerjaan Konstruksi,Pembangunan Ruang Guru SMP Negeri 5 Batahan Satu Atap,SELESAI,199499998,199499998
KAB. MANDAILING NATAL,DINAS KESEHATAN - 1.02.0.00.0.00.02.0000,3963193,41733351,2023,E-Katalog 5.0,APBD,PT. MARIN LIZA FARMASI,E-Purchasing,Pengadaan Barang,Tiamin (Vitamin B1) tablet/kapsul/kaplet 50 mg,MELAKUKAN PENGIRIMAN DAN PENERIMAAN,3060000,3060000
KAB. MANDAILING NATAL,DINAS PEKERJAAN UMUM DAN PENATAAN RUANG - 1.03.0.00.0.00.03.0000,3395373,40815474,2023,Non Tender,APBD,CV. MATAHARI ABADI,Pengadaan Langsung,Pekerjaan Konstruksi,Rehabilitasi Tanggul Sungai Batang Gadis Desa Saba Dolok Kec. Kotanopan (DBH 2023),SELESAI,198000000,198000000
KAB. MANDAILING NATAL,DINAS PEKERJAAN UMUM DAN PENATAAN RUANG - 1.03.0.00.0.00.03.0000,3684373,44801981,2023,Non Tender,APBDP,CV. RENDER CONSULTANT,Pengadaan Langsung,Jasa Konsultansi Badan Usaha Konstruksi,Perencanaan Kegiatan DAK 2024 SPAM Desa Simpang Durian Kec. Lingga Bayu,SELESAI,38500000,38500000
KAB. MANDAILING NATAL,DINAS KEPENDUDUKAN DAN PENCATATAN SIPIL - 2.12.0.00.0.00.13.0000,3731373,45335844,2023,Non Tender,APBDP,CV. KREASI KENANGA,Pengadaan Langsung,Pengadaan Barang,Belanja Pakaian Batik Tradisional,SELESAI,55640970,0
KAB. MANDAILING NATAL,DINAS PEKERJAAN UMUM DAN PENATAAN RUANG - 1.03.0.00.0.00.03.0000,3254373,40815468,2023,Non Tender,APBD,CV. HABIBI PRATAMA,Pengadaan Langsung,Pekerjaan Konstruksi,Rehabilitasi Tanggul Sungai Aek Batang Natal Desa Ampung Padang Kec. Batang Natal (DBH 2023),SELESAI,195000000,195000000
KAB. MANDAILING NATAL,RUMAH SAKIT UMUM DAERAH PANYABUNGAN - 1.02.0.00.0.00.02.0001,7781815,42104658,2023,E-Katalog 5.0,BLUD,PT. B.BRAUN MEDICAL INDONESIA,E-Purchasing,Pengadaan Barang,SPINOCAN 25GX3 1/2 (0.53X88 MM),MELAKUKAN PENGIRIMAN DAN PENERIMAAN,34748000,0
KAB. MANDAILING NATAL,DINAS PERTANIAN - 3.27.0.00.0.00.24.0000,3322373,41384053,2023,Non Tender,APBD,CV. KREATIFITAS CEMERLANG,Pengadaan Langsung,Pekerjaan Konstruksi,Pembangunan/Rehabilitasi Jaringan Irigasi Desa Muara Bangko Kec. Ranto Baek,SELESAI,110158000,110158000
KAB. MANDAILING NATAL,RUMAH SAKIT UMUM DAERAH PANYABUNGAN - 1.02.0.00.0.00.02.0001,3117782,42104658,2023,E-Katalog 5.0,BLUD,P.T. Dexa Medica,E-Purchasing,Pengadaan Barang,Ketokonazol/ Ketoconazole tablet/kapsul/kaplet 200 mg,MELAKUKAN PENGIRIMAN DAN PENERIMAAN,2375000,2375000
KAB. MANDAILING NATAL,DINAS PEKERJAAN UMUM DAN PENATAAN RUANG - 1.03.0.00.0.00.03.0000,2669373,40378827,2023,Tender,APBD,CV. MUBDI RN,Tender,Pekerjaan Konstruksi,Peningkatan Jalan Dalam Kota Natal,SELESAI,468712100,468712100
KAB. MANDAILING NATAL,DINAS PEKERJAAN UMUM DAN PENATAAN RUANG - 1.03.0.00.0.00.03.0000,3661373,44503183,2023,Non Tender,APBDP,CV. TEAM CORE CONSULTANT,Pengadaan Langsung,Jasa Konsultansi Badan Usaha Konstruksi,Jasa Konsultansi Perencanaan Program Penataan Bangunan Gedung Kegiatan TA. 2024,SELESAI,99317250,99317250
KAB. MANDAILING NATAL,RUMAH SAKIT UMUM DAERAH PANYABUNGAN - 1.02.0.00.0.00.02.0001,3625647,42104658,2023,E-Katalog 5.0,BLUD,PT. Hexpharm Jaya Laboratories,E-Purchasing,Pengadaan Barang,Glimepiride/ Glimepirid tablet/kapsul/kaplet 2 mg,MELAKUKAN PENGIRIMAN DAN PENERIMAAN,1500000,1500000
KAB. MANDAILING NATAL,DINAS KESEHATAN - 1.02.0.00.0.00.02.0000,8078757,41733351,2023,E-Katalog 5.0,APBD,PT.Bernofarm,E-Purchasing,Pengadaan Barang,AMBROXOL HCl 30 mg TABLET,MELAKUKAN PENGIRIMAN DAN PENERIMAAN,970000,970000
KAB. MANDAILING NATAL,RUMAH SAKIT UMUM DAERAH PANYABUNGAN - 1.02.0.00.0.00.02.0001,6968064,42104658,2023,E-Katalog 5.0,BLUD,PT. Kimia Farma Tbk,E-Purchasing,Pengadaan Barang,Ketoprofen supositoria 100 mg KF,MELAKUKAN PENGIRIMAN DAN PENERIMAAN,701100,701100
KAB. MANDAILING NATAL,DINAS KESEHATAN - 1.02.0.00.0.00.02.0000,4163517,41733351,2023,E-Katalog 5.0,APBD,3M INDONESIA IMPORTAMA,E-Purchasing,Pengadaan Barang,61108 KETAC UNIVERSAL A3,MELAKUKAN PENGIRIMAN DAN PENERIMAAN,26236700,0
KAB. MANDAILING NATAL,DINAS PARIWISATA - 3.26.0.00.0.00.23.0000,2887373,41237746,2023,Tender,APBD,CV NAURAH UTAMA,Tender,Pekerjaan Konstruksi,Pembangunan Sarana dan Prasarana OW. Aek Milas Dano Desa Hutaraja,SELESAI,532853652,532853652
KAB. MANDAILING NATAL,RUMAH SAKIT UMUM DAERAH PANYABUNGAN - 1.02.0.00.0.00.02.0001,7611530,42104658,2023,E-Katalog 5.0,BLUD,P.T. Dexa Medica,E-Purchasing,Pengadaan Barang,Alprazolam tablet/kapsul/kaplet 1 mg,MELAKUKAN PENGIRIMAN DAN PENERIMAAN,2961000,2961000
KAB. MANDAILING NATAL,DINAS KESEHATAN - 1.02.0.00.0.00.02.0000,8078344,41733351,2023,E-Katalog 5.0,APBD,PT.Bernofarm,E-Purchasing,Pengadaan Barang,Clindamycin hydrochloride (HCl)/ Clindamycin/ Klindamisin tablet/kapsul/kaplet 300 mg,MELAKUKAN PENGIRIMAN DAN PENERIMAAN,3720000,3720000
KAB. MANDAILING NATAL,DINAS PERUMAHAN RAKYAT DAN KAWASAN PERMUKIMAN SERTA PERTANAHAN - 1.04.2.10.0.00.04.0000,3434373,41341719,2023,Non Tender,APBD,CV. TIQA CEMERLANG,Pengadaan Langsung,Pekerjaan Konstruksi,Pembangunan/ Rehabilitasi Jalan Lingkungan di Dusun Pulo Padang Desa Simpang Durian Kec. Lingga Bayu,SELESAI,143600000,143600000
KAB. MANDAILING NATAL,DINAS PENDIDIKAN DAN KEBUDAYAAN - 1.01.2.22.0.00.02.0000,3655373,40966705,2023,Non Tender,APBD,CV. TORKIS LUBIS GROUP,Pengadaan Langsung,Pekerjaan Konstruksi,Pembangunan Ruang Kelas Baru SD Negeri 394 Singkuang,SELESAI,199550000,199550000
KAB. MANDAILING NATAL,DINAS PERUMAHAN RAKYAT DAN KAWASAN PERMUKIMAN SERTA PERTANAHAN - 1.04.2.10.0.00.04.0000,3755373,45498377,2023,Non Tender,APBDP,PT. MARGA BHUANA JAYA CONSULTANT,Pengadaan Langsung,Jasa Konsultansi Badan Usaha Non Konstruksi,konsultan pengawasan pembangunan /rehabilitasi jalan lingkungan,SELESAI,19800000,19800000
KAB. MANDAILING NATAL,RUMAH SAKIT UMUM DAERAH PANYABUNGAN - 1.02.0.00.0.00.02.0001,7611907,42104658,2023,E-Katalog 5.0,BLUD,PT Ethica Industri Farmasi,E-Purchasing,Pengadaan Barang,"Neostigmin injeksi 0,5 mg/ml",MELAKUKAN PENGIRIMAN DAN PENERIMAAN,600000,600000
KAB. MANDAILING NATAL,DINAS PERTANIAN - 3.27.0.00.0.00.24.0000,3346373,41384013,2023,Non Tender,APBD,CV MAHARI PRATAMA,Pengadaan Langsung,Pekerjaan Konstruksi,Pembangunan/Rehabilitasi Jalan Usaha Tani/Jalan Produksi Desa Simpang Banyak Julu Kec. Ulu Pungkut,SELESAI,125200000,125200000
KAB. MANDAILING NATAL,DINAS PENDIDIKAN DAN KEBUDAYAAN - 1.01.2.22.0.00.02.0000,3488246,41223459,2023,E-Katalog 5.0,APBD,CV. NATANGKANG CERDAS UTAMA,E-Purchasing,Pengadaan Barang,Percobaan Papan Luncur,MELAKUKAN PENGIRIMAN DAN PENERIMAAN,78400000,78400000
KAB. MANDAILING NATAL,DINAS PENDIDIKAN DAN KEBUDAYAAN - 1.01.2.22.0.00.02.0000,3535373,40966342,2023,Non Tender,APBD,CV. WIKASA,Pengadaan Langsung,Pekerjaan Konstruksi,Pembangunan Ruang UKS Beserta Perabotnya SD Negeri 144 Longat,SELESAI,85150000,85150000
KAB. MANDAILING NATAL,RUMAH SAKIT UMUM DAERAH PANYABUNGAN - 1.02.0.00.0.00.02.0001,6493792,42104658,2023,E-Katalog 5.0,BLUD,P.T. Dexa Medica,E-Purchasing,Pengadaan Barang,Nifedipine/ Nifedipin tablet/kapsul/kaplet 10 mg,MELAKUKAN PENGIRIMAN DAN PENERIMAAN,157000,157000
KAB. MANDAILING NATAL,RUMAH SAKIT UMUM DAERAH PANYABUNGAN - 1.02.0.00.0.00.02.0001,5704193,42104658,2023,E-Katalog 5.0,BLUD,PT. Hexpharm Jaya Laboratories,E-Purchasing,Pengadaan Barang,Levofloxacin hemihydrate/ Levofloxacin/Levofloksasin tablet salut selaput/kaplet salut selaput/ kaptab salut selaput 500 mg,MELAKUKAN PENGIRIMAN DAN PENERIMAAN,8800000,8800000
KAB. MANDAILING NATAL,RUMAH SAKIT UMUM DAERAH PANYABUNGAN - 1.02.0.00.0.00.02.0001,3458737,42104658,2023,E-Katalog 5.0,BLUD,PT.Phapros Tbk,E-Purchasing,Pengadaan Barang,"Anestetik lokal gigi, kombinasi KDT/FDC mengandung: lidokain 2% + epinefrin 1:80.000",MELAKUKAN PENGIRIMAN DAN PENERIMAAN,431700,431700
KAB. MANDAILING NATAL,DINAS KESEHATAN - 1.02.0.00.0.00.02.0000,5419700,41733351,2023,E-Katalog 5.0,APBD,PT. Interbat,E-Purchasing,Pengadaan Barang,Interdoxin 100 / Doksisiklin / Doxycycline 100 mg kapsul,MELAKUKAN PENGIRIMAN DAN PENERIMAAN,133365000,133365000
KAB. MANDAILING NATAL,RUMAH SAKIT UMUM DAERAH PANYABUNGAN - 1.02.0.00.0.00.02.0001,8075392,42104658,2023,E-Katalog 5.0,BLUD,Andreas Karya Terbesar,E-Purchasing,Pengadaan Barang,DIAFLUID ACID,PAKET SELESAI,19314000,0
KAB. MANDAILING NATAL,RUMAH SAKIT UMUM DAERAH PANYABUNGAN - 1.02.0.00.0.00.02.0001,7686071,42104658,2023,E-Katalog 5.0,BLUD,PT AstraZeneca Indonesia,E-Purchasing,Pengadaan Barang,"kombinasi, setiap dosis mengandung : Budesonid 160 mcg Formoterol 4,5 mcg (inhalasi), 120 dosis kemasan turbuhaler",MELAKUKAN PENGIRIMAN DAN PENERIMAAN,16684000,0
KAB. MANDAILING NATAL,DINAS PERTANIAN - 3.27.0.00.0.00.24.0000,4167766,43463657,2023,E-Katalog 5.0,APBD,CV. AULIA RIZKI PRATAMA,E-Purchasing,Pengadaan Barang,Bibit Kopi Arabika,PROSES KONTRAK PPK,168608400,168608400
KAB. MANDAILING NATAL,DINAS PENDIDIKAN DAN KEBUDAYAAN - 1.01.2.22.0.00.02.0000,2842373,40966408,2023,Tender,APBD,CV. FAOMASI,Tender,Pekerjaan Konstruksi,Pembangunan ruang laboratorium komputer beserta perabotnya SD Negeri 279 Simanguntong,SELESAI,223589159,223589159
KAB. MANDAILING NATAL,DINAS PERIKANAN - 3.25.0.00.0.00.21.0000,3616373,41546068,2023,Non Tender,APBD,CV. SINAR JAYA ABADI,Pengadaan Langsung,Pengadaan Barang,Belanja Barang untuk Dijual/Diserahkan kepada Masyarakat,SELESAI,66906000,66906000
KAB. MANDAILING NATAL,DINAS KESEHATAN - 1.02.0.00.0.00.02.0000,8128803,41733351,2023,E-Katalog 5.0,APBD,P.T. Dexa Medica,E-Purchasing,Pengadaan Barang,Omeprazol/Omeprazole tablet/kapsul/kaplet 20 mg,MELAKUKAN PENGIRIMAN DAN PENERIMAAN,24540000,24540000
KAB. MANDAILING NATAL,DINAS KEPENDUDUKAN DAN PENCATATAN SIPIL - 2.12.0.00.0.00.13.0000,3171373,41552901,2023,Non Tender,APBD,CV. KREASI KENANGA,Pengadaan Langsung,Pengadaan Barang,Belanja Alat/Bahan untuk Kegiatan Kantor-Alat Tulis Kantor,SELESAI,48644000,48644000
KAB. MANDAILING NATAL,DINAS PENDIDIKAN DAN KEBUDAYAAN - 1.01.2.22.0.00.02.0000,3634373,41023202,2023,Non Tender,APBD,CV.RIZKI KARYA,Pengadaan Langsung,Pekerjaan Konstruksi,Pembangunan Laboratorium SMP Negeri 2 Muara Sipongi,SELESAI,199399998,199399998
KAB. MANDAILING NATAL,DINAS PENDIDIKAN DAN KEBUDAYAAN - 1.01.2.22.0.00.02.0000,3488246,41223459,2023,E-Katalog 5.0,APBD,CV. NATANGKANG CERDAS UTAMA,E-Purchasing,Pengadaan Barang,Garputala,MELAKUKAN PENGIRIMAN DAN PENERIMAAN,17000000,17000000
KAB. MANDAILING NATAL,DINAS KESEHATAN - 1.02.0.00.0.00.02.0000,8156028,41733351,2023,E-Katalog 5.0,APBD,PT. Kimia Farma Tbk,E-Purchasing,Pengadaan Barang,Permethrin/ Permetrin Krim 5%,MELAKUKAN PENGIRIMAN DAN PENERIMAAN,4538100,4538100
KAB. MANDAILING NATAL,RUMAH SAKIT UMUM DAERAH PANYABUNGAN - 1.02.0.00.0.00.02.0001,3444977,42104658,2023,E-Katalog 5.0,BLUD,P.T. Dexa Medica,E-Purchasing,Pengadaan Barang,Valsartan tablet/kapsul/kaplet 80 mg,MELAKUKAN PENGIRIMAN DAN PENERIMAAN,1296000,1296000
KAB. MANDAILING NATAL,DINAS PEKERJAAN UMUM DAN PENATAAN RUANG - 1.03.0.00.0.00.03.0000,2681373,40378853,2023,Tender,APBD,cv.bintang buana,Tender,Pekerjaan Konstruksi,Peningkatan Jalan Huta Namale - Huta Baringin,SELESAI,643900000,643900000
KAB. MANDAILING NATAL,BADAN PENGELOLAAN KEUANGAN DAN ASET DAERAH - 5.02.0.00.0.00.28.0000,3707373,44982614,2023,Non Tender,APBDP,CV. KREATIFITAS CEMERLANG,Pengadaan Langsung,Pengadaan Barang,Belanja Pakaian Sipil Harian (PSH),SELESAI,55902000,55902000
KAB. MANDAILING NATAL,DINAS PENDIDIKAN DAN KEBUDAYAAN - 1.01.2.22.0.00.02.0000,2850373,40966297,2023,Tender,APBD,CV SINAR,Tender,Pekerjaan Konstruksi,Pembangunan Ruang Guru Beserta Perabotnya SD Negeri 220 Hutadangka,SELESAI,223844764,223844764
KAB. MANDAILING NATAL,DINAS PENDIDIKAN DAN KEBUDAYAAN - 1.01.2.22.0.00.02.0000,3192373,40966446,2023,Non Tender,APBD,CV. Balakosa Consultant,Pengadaan Langsung,Jasa Konsultansi Badan Usaha Konstruksi,Jasa Konsultan Perencanaan Pembangunan Ruang Laboratorium Komputer Beserta Perabotnya (DAK),SELESAI,99800000,99800000
KAB. MANDAILING NATAL,DINAS PERTANIAN - 3.27.0.00.0.00.24.0000,3318373,41384050,2023,Non Tender,APBD,CV. KREATIFITAS CEMERLANG,Pengadaan Langsung,Pekerjaan Konstruksi,Pembangunan/Rehabilitasi Jaringan Irigasi Desa Simpang Talap Kec. Ranto Baek,SELESAI,110158000,110158000
KAB. MANDAILING NATAL,DINAS PENDIDIKAN DAN KEBUDAYAAN - 1.01.2.22.0.00.02.0000,3221373,41023169,2023,Non Tender,APBD,CV. RAJAWALI ENGINEERING CONSULTANT,Pengadaan Langsung,Jasa Konsultansi Badan Usaha Konstruksi,Jasa Konsultan Perencanaan Pembangunan Ruang Guru SD (DAU),SELESAI,49950000,49950000
KAB. MANDAILING NATAL,DINAS KESEHATAN - 1.02.0.00.0.00.02.0000,3206373,43088448,2023,Non Tender,APBD,CV. TERMINAL PRINT,Pengadaan Langsung,Jasa Lainnya,Pengadaan Baju Media Promosi Kesehatan,SELESAI,99150750,99150750
KAB. MANDAILING NATAL,RUMAH SAKIT UMUM DAERAH PANYABUNGAN - 1.02.0.00.0.00.02.0001,7307358,42104658,2023,E-Katalog 5.0,BLUD,PT Pratapa Nirmala,E-Purchasing,Pengadaan Barang,Warfarin sodium clathrate/ Warfarin tablet 2 mg,MELAKUKAN PENGIRIMAN DAN PENERIMAAN,1992000,1992000
KAB. MANDAILING NATAL,RUMAH SAKIT UMUM DAERAH PANYABUNGAN - 1.02.0.00.0.00.02.0001,7611336,42104658,2023,E-Katalog 5.0,BLUD,PT. IFARS PHARMACEUTICAL LABORATORIES,E-Purchasing,Pengadaan Barang,Metronidazole/Metronidazol tablet/kapsul/kaplet 500 mg,MELAKUKAN PENGIRIMAN DAN PENERIMAAN,2470000,2470000
KAB. MANDAILING NATAL,DINAS PENGENDALIAN PENDUDUK DAN KELUARGA BERENCANA - 2.14.0.00.0.00.15.0000,4934513,43714038,2023,E-Katalog 5.0,APBD,cv. bugis nauli,E-Purchasing,Pengadaan Barang,LEMARI ARSIP,MELAKUKAN PENGIRIMAN DAN PENERIMAAN,164285000,164285000
KAB. MANDAILING NATAL,DINAS PERIKANAN - 3.25.0.00.0.00.21.0000,3697373,41546041,2023,Non Tender,APBD,cv. bugis nauli,Pengadaan Langsung,Pengadaan Barang,Belanja Barang untuk Dijual/Diserahkan kepada Pihak Ketiga/Pihak Lain,SELESAI,71750400,0
KAB. MANDAILING NATAL,RUMAH SAKIT UMUM DAERAH PANYABUNGAN - 1.02.0.00.0.00.02.0001,5708486,42104658,2023,E-Katalog 5.0,BLUD,PT Otsuka Indonesia,E-Purchasing,Pengadaan Barang,"Larutan mengandung Asam Amino (Asam Amino 15 g, Glukosa 37,5 g, Tiamin HCl 0,75 mg, elektrolit), @ 500 mL",MELAKUKAN PENGIRIMAN DAN PENERIMAAN,2934000,2934000
KAB. MANDAILING NATAL,DINAS KESEHATAN - 1.02.0.00.0.00.02.0000,5537466,41733260,2023,E-Katalog 5.0,APBD,PT INTISUMBER  HASILSEMPURNA,E-Purchasing,Pengadaan Barang,Surgical Blade 10,MELAKUKAN PENGIRIMAN DAN PENERIMAAN,6089904,0
KAB. MANDAILING NATAL,RUMAH SAKIT UMUM DAERAH PANYABUNGAN - 1.02.0.00.0.00.02.0001,8300773,45589099,2023,E-Katalog 5.0,APBDP,PT.Elsyahfi Calibratech Mandiri,E-Purchasing,Pengadaan Barang,Otoscope,PAKET SELESAI,675000,675000
KAB. MANDAILING NATAL,DINAS PEKERJAAN UMUM DAN PENATAAN RUANG - 1.03.0.00.0.00.03.0000,3746373,44503377,2023,Non Tender,APBDP,cv. bugis nauli,Pengadaan Langsung,Pekerjaan Konstruksi,Rehabilitasi Kantor Dinas Pekerjaan Umum dan Penataan Ruang Kab. Mandailing Natal,SELESAI,149200998,149200998
KAB. MANDAILING NATAL,DINAS KESEHATAN - 1.02.0.00.0.00.02.0000,4163517,41733351,2023,E-Katalog 5.0,APBD,3M INDONESIA IMPORTAMA,E-Purchasing,Pengadaan Barang,61111 KETAC UNIVERSAL LIQUID,MELAKUKAN PENGIRIMAN DAN PENERIMAAN,21025900,0
KAB. MANDAILING NATAL,RUMAH SAKIT UMUM DAERAH PANYABUNGAN - 1.02.0.00.0.00.02.0001,8300773,45589099,2023,E-Katalog 5.0,APBDP,PT.Elsyahfi Calibratech Mandiri,E-Purchasing,Pengadaan Barang,Jasa Pengujian dan/atau Kalibrasi Timbangan Dewasa - Mekanik dan Digital,PAKET SELESAI,4100000,4100000
KAB. MANDAILING NATAL,DINAS PERUMAHAN RAKYAT DAN KAWASAN PERMUKIMAN SERTA PERTANAHAN - 1.04.2.10.0.00.04.0000,3761373,45529561,2023,Non Tender,APBD,CV. AULIA RIZKI PRATAMA,Pengadaan Langsung,Pekerjaan Konstruksi,Pembangunan Jalan Lingkungan di Lintas Timur Seberang Banjar Sedikit Kec. Panyabungan,SELESAI,98770000,98770000
KAB. MANDAILING NATAL,DINAS PERUMAHAN RAKYAT DAN KAWASAN PERMUKIMAN SERTA PERTANAHAN - 1.04.2.10.0.00.04.0000,3762373,45529584,2023,Non Tender,APBDP,Bejana Utama,Pengadaan Langsung,Pekerjaan Konstruksi,Pembangunan Jalan Lingkungan di Masjid Syuhada Sipolu-Polu Kec. Panyabungan,SELESAI,98680000,98680000
KAB. MANDAILING NATAL,RUMAH SAKIT UMUM DAERAH PANYABUNGAN - 1.02.0.00.0.00.02.0001,8300773,45589099,2023,E-Katalog 5.0,APBDP,PT.Elsyahfi Calibratech Mandiri,E-Purchasing,Pengadaan Barang,JASA PENGUJIAN DAN/ATAU KALIBRASI SPHYGMOMANOMETER NON-OTOMATIS / TENSIMETER ANEROID - ANAK DAN DEWASA,PAKET SELESAI,4230000,4230000
KAB. MANDAILING NATAL,DINAS PENDIDIKAN DAN KEBUDAYAAN - 1.01.2.22.0.00.02.0000,3511373,40966325,2023,Non Tender,APBD,CV. R.A.S,Pengadaan Langsung,Pekerjaan Konstruksi,Pembangunan Ruang UKS Beserta Perabotnya SD Negeri 376 Sikara Kara III,SELESAI,83767000,83767000
KAB. MANDAILING NATAL,DINAS PENDIDIKAN DAN KEBUDAYAAN - 1.01.2.22.0.00.02.0000,3576373,40966442,2023,Non Tender,APBD,CV. RIMBA NUSANTARA,Pengadaan Langsung,Pekerjaan Konstruksi,Pembangunan Toilet (Jamban) Beserta Sanitasinya SD Negeri 105 Adian Jior,SELESAI,140400000,140400000
KAB. MANDAILING NATAL,DINAS KESEHATAN - 1.02.0.00.0.00.02.0000,3833441,41733260,2023,E-Katalog 5.0,APBD,PT. Setia Anugrah Medika,E-Purchasing,Pengadaan Barang,dBEST One Step Rapid HCG  Strip Test,PROSES KONTRAK PPK,34965000,0
KAB. MANDAILING NATAL,DINAS KESEHATAN - 1.02.0.00.0.00.02.0000,7329186,41733260,2023,E-Katalog 5.0,APBD,PT RAFA TOPAZ UTAMA,E-Purchasing,Pengadaan Barang,"NormaCont3+ KIT K1 (2L, 2N, 2H)",PROSES KONTRAK PPK,11725000,0
KAB. MANDAILING NATAL,DINAS KESEHATAN - 1.02.0.00.0.00.02.0000,5420005,41733351,2023,E-Katalog 5.0,APBD,PT ACTAVIS INDONESIA,E-Purchasing,Pengadaan Barang,"Diazepam enema 10 mg/2,5mL",MELAKUKAN PENGIRIMAN DAN PENERIMAAN,59610000,59610000
KAB. MANDAILING NATAL,RUMAH SAKIT UMUM DAERAH PANYABUNGAN - 1.02.0.00.0.00.02.0001,7511512,42104658,2023,E-Katalog 5.0,BLUD,PT. Indofarma (Persero) Tbk,E-Purchasing,Pengadaan Barang,Amlodipine 10 mg,MELAKUKAN PENGIRIMAN DAN PENERIMAAN,2700000,2700000
KAB. MANDAILING NATAL,DINAS KESEHATAN - 1.02.0.00.0.00.02.0000,3960201,41733351,2023,E-Katalog 5.0,APBD,PT Yarindo Farmatama,E-Purchasing,Pengadaan Barang,Asiklovir/Acyclovir/Aciclovir tablet/kapsul/kaplet 400 mg,MELAKUKAN PENGIRIMAN DAN PENERIMAAN,416760000,416760000
KAB. MANDAILING NATAL,DINAS PERTANIAN - 3.27.0.00.0.00.24.0000,3588373,41383921,2023,Non Tender,APBD,CV. BERSAMA,Pengadaan Langsung,Pekerjaan Konstruksi,Renovasi/Perbaikan BPP di Kec. Panyabungan Barat,SELESAI,47300000,47300000
KAB. MANDAILING NATAL,DINAS PERUMAHAN RAKYAT DAN KAWASAN PERMUKIMAN SERTA PERTANAHAN - 1.04.2.10.0.00.04.0000,3603373,41341673,2023,Non Tender,APBD,CV. KEMBAR BONAHARTO,Pengadaan Langsung,Pekerjaan Konstruksi,Pembangunan/ Rehabilitasi Jalan Lingkungan di Kelurahan Simpang Gambir Kec. Lingga Bayu,SELESAI,143500000,143500000
KAB. MANDAILING NATAL,DINAS PEKERJAAN UMUM DAN PENATAAN RUANG - 1.03.0.00.0.00.03.0000,3706373,44801977,2023,Non Tender,APBDP,CV. TEAM CORE CONSULTANT,Pengadaan Langsung,Jasa Konsultansi Badan Usaha Konstruksi,Perencanaan kegiatan DAK 2024 SPAM Desa Mompang Julu Kec. Panyabungan Utara,SELESAI,80000000,80000000
KAB. MANDAILING NATAL,DINAS PEKERJAAN UMUM DAN PENATAAN RUANG - 1.03.0.00.0.00.03.0000,2676373,40378843,2023,Tender,APBD,CV. TORKIS LUBIS GROUP,Tender,Pekerjaan Konstruksi,Peningkatan Jalan Padang Kemuning - Barbaran - Huta Tonga,SELESAI,698005982,698005982
KAB. MANDAILING NATAL,DINAS PENDIDIKAN DAN KEBUDAYAAN - 1.01.2.22.0.00.02.0000,2804373,40966369,2023,Tender,APBD,CV. AGUNG SRIWIJAYA,Tender,Pekerjaan Konstruksi,Pembangunan ruang laboratorium komputer beserta perabotnya SD Negeri 329 Sukadamai,SELESAI,226869997,226869997
KAB. MANDAILING NATAL,BADAN PENGELOLAAN KEUANGAN DAN ASET DAERAH - 5.02.0.00.0.00.28.0000,3713373,44982296,2023,Non Tender,APBDP,CV. TEGUH MANDALA,Pengadaan Langsung,Pekerjaan Konstruksi,Pemeliharaan Bangunan Gedung Kantor,SELESAI,197407771,197407771
KAB. MANDAILING NATAL,DINAS PERHUBUNGAN - 2.15.0.00.0.00.16.0000,3345373,40882265,2023,Non Tender,APBD,CV. DWI PUTERA ADIYASA,Pengadaan Langsung,Jasa Konsultansi Badan Usaha Non Konstruksi,Penyusunan Dokumen FS (Study Kelayakan Feasibility Study) Terminal Panyabungan,SELESAI,99949000,99949000
KAB. MANDAILING NATAL,RUMAH SAKIT UMUM DAERAH PANYABUNGAN - 1.02.0.00.0.00.02.0001,6967359,42555566,2023,E-Katalog 5.0,BLUD,PT. OMRON HEALTHCARE INDONESIA,E-Purchasing,Pengadaan Barang,Tensimeter Digital,MELAKUKAN PENGIRIMAN DAN PENERIMAAN,27435303,0
KAB. MANDAILING NATAL,BADAN PENGELOLAAN KEUANGAN DAN ASET DAERAH - 5.02.0.00.0.00.28.0000,4307442,43519543,2023,E-Katalog 5.0,APBD,PT. INDAKO TRADING COY,E-Purchasing,Pengadaan Barang,CRF 150L,MELAKUKAN PENGIRIMAN DAN PENERIMAAN,443560000,443560000
KAB. MANDAILING NATAL,DINAS PENDIDIKAN DAN KEBUDAYAAN - 1.01.2.22.0.00.02.0000,3133081,42339034,2023,E-Katalog 5.0,APBD,PT. Trisolah Suvarna Indonesia,E-Purchasing,Pengadaan Barang,Proyektor VS16909,MELAKUKAN PENGIRIMAN DAN PENERIMAAN,400000000,400000000
KAB. MANDAILING NATAL,RUMAH SAKIT UMUM DAERAH PANYABUNGAN - 1.02.0.00.0.00.02.0001,7512144,42104658,2023,E-Katalog 5.0,BLUD,PT IDS MEDICAL SYSTEMS INDONESIA,E-Purchasing,Pengadaan Barang,PORTEX Percutaneous Tracheostomy Kit PDT 8.0 mm ID,MELAKUKAN PENGIRIMAN DAN PENERIMAAN,4175000,0
KAB. MANDAILING NATAL,DINAS KESEHATAN - 1.02.0.00.0.00.02.0000,3972882,41733351,2023,E-Katalog 5.0,APBD,NOVAPHARIN,E-Purchasing,Pengadaan Barang,Simvastatin tablet/kapsul/kaplet 20 mg,MELAKUKAN PENGIRIMAN DAN PENERIMAAN,2595500,2595500
KAB. MANDAILING NATAL,RUMAH SAKIT UMUM DAERAH PANYABUNGAN - 1.02.0.00.0.00.02.0001,7511512,42104658,2023,E-Katalog 5.0,BLUD,PT. Indofarma (Persero) Tbk,E-Purchasing,Pengadaan Barang,"captopril 12,5 mg",MELAKUKAN PENGIRIMAN DAN PENERIMAAN,351000,351000
KAB. MANDAILING NATAL,DINAS PERUMAHAN RAKYAT DAN KAWASAN PERMUKIMAN SERTA PERTANAHAN - 1.04.2.10.0.00.04.0000,3428373,41341699,2023,Non Tender,APBD,cv. abadi karya,Pengadaan Langsung,Pekerjaan Konstruksi,Pembangunan Jalan Lingkungan di Desa Panyabungan Jae Kec. Panyabungan,SELESAI,85000000,85000000
KAB. MANDAILING NATAL,DINAS PEKERJAAN UMUM DAN PENATAAN RUANG - 1.03.0.00.0.00.03.0000,3738373,44503345,2023,Non Tender,APBDP,CV. ALDRICH PERDANA KARYA,Pengadaan Langsung,Pekerjaan Konstruksi,Rehabilitasi Gedung Dinas PMD Eks Gedung Dinas Kehutanan,SELESAI,149091566,149091566
KAB. MANDAILING NATAL,DINAS PERUMAHAN RAKYAT DAN KAWASAN PERMUKIMAN SERTA PERTANAHAN - 1.04.2.10.0.00.04.0000,3426373,41341684,2023,Non Tender,APBD,NARAMON FAJRI,Pengadaan Langsung,Pekerjaan Konstruksi,Pembangunan/ Rehabilitasi Jalan Lingkungan di Desa Simpang Mandepo Kec. Muarasipongi,SELESAI,113601000,113601000
KAB. MANDAILING NATAL,DINAS PERHUBUNGAN - 2.15.0.00.0.00.16.0000,3714373,44943679,2023,Non Tender,APBD,CV. MANUNGGAL RIAMERTA DEV. CONSULTANT,Pengadaan Langsung,Jasa Konsultansi Badan Usaha Non Konstruksi,Penyusunan Dokumen Detail Engineering Design (DED) Terminal Panyabungan,SELESAI,99705750,99705750
KAB. MANDAILING NATAL,DINAS PERTANIAN - 3.27.0.00.0.00.24.0000,4167766,43463657,2023,E-Katalog 5.0,APBD,CV. AULIA RIZKI PRATAMA,E-Purchasing,Pengadaan Barang,Bibit Pinang Unggul,PROSES KONTRAK PPK,136155000,136155000
KAB. MANDAILING NATAL,RUMAH SAKIT UMUM DAERAH PANYABUNGAN - 1.02.0.00.0.00.02.0001,3907233,42104658,2023,E-Katalog 5.0,BLUD,P.T. Dexa Medica,E-Purchasing,Pengadaan Barang,Propranolol hydrochloride (HCl)/ Propranolol tablet/kapsul/kaplet 10 mg,MELAKUKAN PENGIRIMAN DAN PENERIMAAN,75000,75000
KAB. MANDAILING NATAL,DINAS PEKERJAAN UMUM DAN PENATAAN RUANG - 1.03.0.00.0.00.03.0000,3685373,44801979,2023,Non Tender,APBDP,CV. RENDER CONSULTANT,Pengadaan Langsung,Jasa Konsultansi Badan Usaha Konstruksi,Perencanaan Kegiatan DAK 2024 SPAM Desa Muara Potan Kec. Kotanopan,SELESAI,44000000,44000000
