Nama Instansi,Nama Satuan Kerja,Kode Paket,Kode RUP,Tahun Anggaran,Sumber Transaksi,Sumber Dana,Nama Penyedia,Metode Pengadaan,Jenis Pengadaan,Nama Paket,Status Paket,Total Nilai (Rp),Nilai PDN (Rp)
KAB. MANDAILING NATAL,DINAS PEKERJAAN UMUM DAN PENATAAN RUANG - ,2827373,34698005,2022,Non Tender,APBD,CV. AULIA RIZKI PRATAMA,Pengadaan Langsung,Pekerjaan Konstruksi,Pembangunan Drainase dan Gorong - Gorong di Desa Muaramais Jambur Kec. Tambangan,SELESAI,198500000,198500000
KAB. MANDAILING NATAL,DINAS KESEHATAN - ,671972,34281017,2022,E-Katalog 5.0,APBD,PT. Mersifarma Tirmaku Mercusana,E-Purchasing,Pengadaan Barang,Trihexyphenidyl hydrochloride (HCl)/ Triheksifenidil tablet/kapsul/kaplet 2 mg,MELAKUKAN PENGIRIMAN DAN PENERIMAAN,50400000,50400000
KAB. MANDAILING NATAL,DINAS KESEHATAN - ,822204,34279496,2022,E-Katalog 5.0,APBD,PT.Surya Khatulistiwa Nusantara,E-Purchasing,Pengadaan Barang,"vaginal specula, GRAVE Fig.3,115x35mm",MELAKUKAN PENGIRIMAN DAN PENERIMAAN,4629600,0
KAB. MANDAILING NATAL,DINAS PEKERJAAN UMUM DAN PENATAAN RUANG - ,2553373,34696700,2022,Tender,APBD,CV. FARIZ PRATAMA,Tender,Pekerjaan Konstruksi,Pembangunan Baru SPAM Jaringan Perpipaan Desa Tolang,SELESAI,735591750,735591750
KAB. MANDAILING NATAL,DINAS KESEHATAN - ,809126,34279202,2022,E-Katalog 5.0,APBD,PT. Emiindo Jaya Bersama,E-Purchasing,Pengadaan Barang,Blood Pressure Monitor/ Tensimeter Digital Powerbank Plus  Adaptor,MELAKUKAN PENGIRIMAN DAN PENERIMAAN,5455600,5455600
KAB. MANDAILING NATAL,BAGIAN PENGADAAN BARANG DAN JASA SETDAKAB MANDAILING NATAL - 4.01.5.06.0.00.26.0005,1825370,36366302,2022,E-Katalog 5.0,APBD,CV. KREASI KENANGA,E-Purchasing,Pengadaan Barang,Binder Klip No. 105,PROSES KONTRAK PPK,252000,252000
KAB. MANDAILING NATAL,DINAS KESEHATAN - ,741574,34281017,2022,E-Katalog 5.0,APBD,P.T. Dexa Medica,E-Purchasing,Pengadaan Barang,Spironolactone/ Spironolakton tablet/kapsul/kaplet 25 mg,MELAKUKAN PENGIRIMAN DAN PENERIMAAN,6000000,6000000
KAB. MANDAILING NATAL,DINAS PENDIDIKAN - ,2814373,35573727,2022,Non Tender,APBD,CV. BERKAH QYMERA,Pengadaan Langsung,Pekerjaan Konstruksi,Pembangunan Ruang Kelas Baru - SD Negeri 109 Siobon,SELESAI,194000000,194000000
KAB. MANDAILING NATAL,DINAS PENDIDIKAN DAN KEUBUDAYAAN - 1.01.2.22.0.00.00.0000,919937,36087609,2022,E-Katalog 5.0,APBD,PT Sentra Kriya Edukasi,E-Purchasing,Pengadaan Barang,Peralatan Laboratorium IPA Biologi SMP,PROSES KONTRAK PPK,287760000,287760000
KAB. MANDAILING NATAL,DINAS PERUMAHAN DAN KAWASAN PERMUKIMAN - 1.04.0.00.0.00.04.0000,2493373,35538498,2022,Non Tender,APBD,CV. WIKASA,Pengadaan Langsung,Pekerjaan Konstruksi,Pembangunan Jalan Lingkungan di Desa Dalan Lidang Kec. lingga Bayu,SELESAI,133500000,133500000
KAB. MANDAILING NATAL,RUMAH SAKIT UMUM DAERAH PANYABUNGAN - 1.02.0.00.0.00.02.0001,1543755,35761991,2022,E-Katalog 5.0,BLUD,PT. Mahakam Beta Farma,E-Purchasing,Pengadaan Barang,"Fentanil/ Fentanyl injeksi 0,05 mg/ml (i.m/i.v), Dus, 5 ampul @ 2 mL",MELAKUKAN PENGIRIMAN DAN PENERIMAAN,5654800,5654800
KAB. MANDAILING NATAL,BAGIAN PENGADAAN BARANG DAN JASA SETDAKAB MANDAILING NATAL - 4.01.5.06.0.00.26.0005,1270685,36366301,2022,E-Katalog 5.0,APBD,CV. KREASI KENANGA,E-Purchasing,Pengadaan Barang,Plastik Sampul,PROSES KONTRAK PPK,110250,110250
KAB. MANDAILING NATAL,DINAS PERUMAHAN DAN KAWASAN PERMUKIMAN - 1.04.0.00.0.00.04.0000,3051373,37516507,2022,Non Tender,APBDP,CV. MATAHARI ABADI,Pengadaan Langsung,Pekerjaan Konstruksi,Pembangunan/ Rehabilitasi Jalan Lingkungan di Desa Muara Potan Kec. Kotanopan,SELESAI,140297000,140297000
KAB. MANDAILING NATAL,DINAS PENDIDIKAN - ,2812373,35573770,2022,Non Tender,APBD,CV.LANGGA SARI,Pengadaan Langsung,Pekerjaan Konstruksi,Pembangunan Ruang Kelas Baru - SD Negeri 289 Lancat,SELESAI,194288000,194288000
KAB. MANDAILING NATAL,DINAS PERUMAHAN DAN KAWASAN PERMUKIMAN - 1.04.0.00.0.00.04.0000,2519373,35538521,2022,Non Tender,APBD,CV. RAYA SEI RAYA,Pengadaan Langsung,Pekerjaan Konstruksi,Pembangunan Jalan Lingkungan di Desa Simpang Duku Kec. Lingga Bayu,SELESAI,147100000,147100000
KAB. MANDAILING NATAL,DINAS PENDIDIKAN - ,2610373,35573854,2022,Tender,APBD,CV. MUTIARA MUTIARA ABADI,Tender,Pekerjaan Konstruksi,Pembangunan Ruang Laboratorium Komputer Beserta Perabotnya (DAK) - SD Negeri 143 Barbaran,SELESAI,207666358,207666358
KAB. MANDAILING NATAL,DINAS PERUMAHAN DAN KAWASAN PERMUKIMAN - 1.04.0.00.0.00.04.0000,2529373,35538504,2022,Non Tender,APBD,cv. riski nauli,Pengadaan Langsung,Pekerjaan Konstruksi,Pembangunan Jalan Lingkungan di Lingkungan IV Banjar Bolak Promosi Kel. Kota Siantar Kec. Panyabungan,SELESAI,134750000,134750000
KAB. MANDAILING NATAL,RUMAH SAKIT UMUM DAERAH PANYABUNGAN - 1.02.0.00.0.00.02.0001,1480839,35761991,2022,E-Katalog 5.0,BLUD,PT. Hexpharm Jaya Laboratories,E-Purchasing,Pengadaan Barang,Simvastatin tablet/kapsul/kaplet/tablet salut selaput/kaplet salut selaput 10 mg,MELAKUKAN PENGIRIMAN DAN PENERIMAAN,34000,34000
KAB. MANDAILING NATAL,DINAS PEKERJAAN UMUM DAN PENATAAN RUANG - ,2713373,36093971,2022,Non Tender,APBD,CV. RAJAWALI ENGINEERING CONSULTANT,Pengadaan Langsung,Jasa Konsultansi Badan Usaha Konstruksi,Konsultan Pengawasan dan Perencanaan - Penyusunan RISPAM,SELESAI,99500000,99500000
KAB. MANDAILING NATAL,DINAS PEKERJAAN UMUM DAN PENATAAN RUANG - ,3039373,37048644,2022,Non Tender,APBDP,CV. AULIA RIZKI PRATAMA,Pengadaan Langsung,Pekerjaan Konstruksi,Rehabilitasi Jaringan Irigasi Bondar Saba Bariang Desa Gunung Tua MS Kecamatan Kotanopan,SELESAI,124000000,124000000
KAB. MANDAILING NATAL,DINAS PENDIDIKAN - ,2612373,35573917,2022,Tender,APBD,CV. KENZO MAHAGANI,Tender,Pekerjaan Konstruksi,Pembangunan Ruang Laboratorium Komputer Beserta Perabotnya (DAK) - SD Negeri 072 Sibaung Baung,SELESAI,207216585,207216585
KAB. MANDAILING NATAL,RUMAH SAKIT UMUM DAERAH PANYABUNGAN - 1.02.0.00.0.00.02.0001,1874347,35761991,2022,E-Katalog 5.0,BLUD,PT Bayer Indonesia,E-Purchasing,Pengadaan Barang,"Analog insulin mix insulin inj 100 IU/mL (kemasan vial, cartridge disposible, penfill cartridge)",MELAKUKAN PENGIRIMAN DAN PENERIMAAN,3360000,0
KAB. MANDAILING NATAL,DINAS KESEHATAN - ,704084,34281017,2022,E-Katalog 5.0,APBD,PT.Phapros Tbk,E-Purchasing,Pengadaan Barang,"Kaptopril/ Captopril tablet/kapsul/kaplet 12,5 mg",MELAKUKAN PENGIRIMAN DAN PENERIMAAN,25160000,25160000
KAB. MANDAILING NATAL,DINAS PERTANIAN - 3.27.0.00.0.00.24.0000,2695373,35064776,2022,Non Tender,APBD,CV. PUTRA PRATAMA,Pengadaan Langsung,Pekerjaan Konstruksi,Rehabilitasi Lantai Gedung Dinas Pertanian,SELESAI,149782000,149782000
KAB. MANDAILING NATAL,DINAS PENDIDIKAN - ,2799373,35574053,2022,Non Tender,APBD,CV. BANGKIT BERSAMA GROUP,Pengadaan Langsung,Pekerjaan Konstruksi,Pembangunan Ruang Kelas Baru - SD Negeri 399 Gunung Godang,SELESAI,194249000,194249000
KAB. MANDAILING NATAL,RUMAH SAKIT UMUM DAERAH PANYABUNGAN - 1.02.0.00.0.00.02.0001,1482588,35761991,2022,E-Katalog 5.0,BLUD,P.T. Dexa Medica,E-Purchasing,Pengadaan Barang,Levofloxacin hemihydrate/ Levofloxacin/ Levofloksasin inf 5 mg/mL,MELAKUKAN PENGIRIMAN DAN PENERIMAAN,3485200,3485200
KAB. MANDAILING NATAL,SATUAN POLISI PAMONG PRAJA - 1.05.0.00.0.00.05.0000,2307963,38065970,2022,E-Katalog 5.0,APBDP,UNTUNG INDAH JAYA,E-Purchasing,Pengadaan Barang,Seragam Pakaian Linmas,PROSES KONTRAK PPK,34410000,34410000
KAB. MANDAILING NATAL,RUMAH SAKIT UMUM DAERAH PANYABUNGAN - 1.02.0.00.0.00.02.0001,741471,35761950,2022,E-Katalog 5.0,APBD,GE OPERATIONS INDONESIA,E-Purchasing,Pengadaan Barang,GE Vivid IQ Ultrasonic pulsed doppler imaging system 2D,MELAKUKAN PENGIRIMAN DAN PENERIMAAN,1495000000,0
KAB. MANDAILING NATAL,DINAS PERTANIAN - 3.27.0.00.0.00.24.0000,3016373,37533849,2022,Non Tender,APBDP,CV. RAJA AKBAR,Pengadaan Langsung,Pengadaan Barang,Belanja Bibit Padi Untuk Wilayah Mandailing Godang,SELESAI,198829500,198829500
KAB. MANDAILING NATAL,DINAS PERUMAHAN DAN KAWASAN PERMUKIMAN - 1.04.0.00.0.00.04.0000,2480373,35538467,2022,Non Tender,APBD,CV. ZAQKIH ALAWI,Pengadaan Langsung,Pekerjaan Konstruksi,Pembangunan Jalan Lingkungan Desa Pagaran Tonga Kecamatan Panyabungan,SELESAI,128200000,128200000
KAB. MANDAILING NATAL,DINAS LINGKUNGAN HIDUP - 2.11.0.00.0.00.12.0000,845002,35760354,2022,E-Katalog 5.0,APBD,PT. Honoris Industry,E-Purchasing,Pengadaan Barang,Street Light HLS-LDL-2D 90 W,MELAKUKAN PENGIRIMAN DAN PENERIMAAN,520440000,520440000
KAB. MANDAILING NATAL,DINAS KESEHATAN - ,696548,34281017,2022,E-Katalog 5.0,APBD,PT.Imfarmind Farmasi Industri,E-Purchasing,Pengadaan Barang,Salbutamol sulfate/ Salbutamol tablet/kapsul/kaplet 2 mg,MELAKUKAN PENGIRIMAN DAN PENERIMAAN,5000000,5000000
KAB. MANDAILING NATAL,RUMAH SAKIT UMUM DAERAH PANYABUNGAN - 1.02.0.00.0.00.02.0001,1349096,35761991,2022,E-Katalog 5.0,BLUD,PT ANUGERAH RUMAH BESAR,E-Purchasing,Pengadaan Barang,JASMINE Premium Disposable Surgical Mask 3 Ply Earloop,MELAKUKAN PENGIRIMAN DAN PENERIMAAN,11100000,11100000
KAB. MANDAILING NATAL,DINAS PEKERJAAN UMUM DAN PENATAAN RUANG - ,2925373,37021589,2022,Non Tender,APBDP,CV. PUTRA PRATAMA,Pengadaan Langsung,Pekerjaan Konstruksi,Rehabilitasi/Pemeliharaan Jembatan Gantung/Rambin Saba Pasir Kec.Kotanopan,SELESAI,198750000,198750000
KAB. MANDAILING NATAL,DINAS PENDIDIKAN - ,2595373,35598093,2022,Tender,APBD,cv. andalas raya,Tender,Pekerjaan Konstruksi,Pembangunan Ruang Laboratorium Komputer Beserta Perabotnya - SMP Negeri 6 Siabu,SELESAI,412399390,412399390
KAB. MANDAILING NATAL,DINAS PERUMAHAN DAN KAWASAN PERMUKIMAN - 1.04.0.00.0.00.04.0000,2515373,35538560,2022,Non Tender,APBD,CV. IKHWAN FIRDAUS,Pengadaan Langsung,Pekerjaan Konstruksi,Pembangunan Jalan Lingkungan di Desa Muara Bangko Kec. Ranto Baek,SELESAI,134480000,134480000
KAB. MANDAILING NATAL,DINAS PENDIDIKAN - ,2659373,35573677,2022,Non Tender,APBD,CV. NABILA,Pengadaan Langsung,Pekerjaan Konstruksi,Pembangunan Ruang UKS Beserta Perabotnya - SD Negeri 344 Bintungan Bejangkar,SELESAI,80269000,80269000
KAB. MANDAILING NATAL,DINAS PEKERJAAN UMUM DAN PENATAAN RUANG - ,2711373,36033992,2022,Non Tender,APBD,CV. EFOD DESIGN CONSULTANT,Pengadaan Langsung,Jasa Konsultansi Badan Usaha Konstruksi,Jasa Konsultanasi Pengawasan Program Penataan Bangunan Gedung,SELESAI,49870635,49870635
KAB. MANDAILING NATAL,DINAS PENDIDIKAN - ,2596373,35598026,2022,Tender,APBD,CV. WIRA BUANA,Tender,Pekerjaan Konstruksi,Pembangunan Ruang Laboratorium Komputer Beserta Perabotnya - SMP Negeri 2 Natal,SELESAI,508831694,508831694
KAB. MANDAILING NATAL,DINAS PEKERJAAN UMUM DAN PENATAAN RUANG - ,2472373,34699620,2022,Tender,APBD,CV. DALIHAN NATOLU,Tender,Pekerjaan Konstruksi,Peningkatan Jalan Jambur Padang Matinggi ‐ Tambiski,SELESAI,3942775888,3942775888
KAB. MANDAILING NATAL,DINAS PEMUDA DAN OLAHRAGA - 2.19.0.00.0.00.20.0000,2446373,35769713,2022,Non Tender,APBD,CV. DAME LANGGENG,Pengadaan Langsung,Pengadaan Barang,Belanja Barang Untuk Diserahkan Kepada Masyarakat - Lapangan Tenis Meja,SELESAI,131768000,131768000
KAB. MANDAILING NATAL,DINAS KESEHATAN - ,2615373,36185217,2022,Non Tender,APBD,PT KIMIA FARMA TRADING& DISTRIBTION CABANG PEMATANGSIANTAR,Pengadaan Langsung,Pengadaan Barang,Belanja Obat-Obatan-Obat,SELESAI,185534700,185534700
KAB. MANDAILING NATAL,DINAS KESEHATAN - ,670828,34281017,2022,E-Katalog 5.0,APBD,PT. AFIFARMA,E-Purchasing,Pengadaan Barang,Domperidon/ Domperidone maleate/ Domperidone sirup/suspensi 5 mg/5 ml,MELAKUKAN PENGIRIMAN DAN PENERIMAAN,47180000,47180000
KAB. MANDAILING NATAL,RUMAH SAKIT UMUM DAERAH PANYABUNGAN - 1.02.0.00.0.00.02.0001,1295226,35761991,2022,E-Katalog 5.0,BLUD,PT Ethica Industri Farmasi,E-Purchasing,Pengadaan Barang,Hiosin butilbromid/Hyoscine butylbromide/Hyoscine N Butylbromide inj 20 mg/ml ,MELAKUKAN PENGIRIMAN DAN PENERIMAAN,5778000,5778000
KAB. MANDAILING NATAL,DINAS PENDIDIKAN - ,2796373,35573561,2022,Non Tender,APBD,CV. ANUGERAH AZKA WAHANA,Pengadaan Langsung,Pekerjaan Konstruksi,Rehabilitasi Sedang/Berat Ruang Kelas Sekolah - SD Negeri 018 Lumban Pinasa,SELESAI,125334000,125334000
KAB. MANDAILING NATAL,DINAS KESEHATAN - ,938467,34281364,2022,E-Katalog 5.0,APBD,PT. Likuid Pharmalab Indonesia,E-Purchasing,Pengadaan Barang,Masker,MELAKUKAN PENGIRIMAN DAN PENERIMAAN,99676605,99676605
KAB. MANDAILING NATAL,DINAS PEKERJAAN UMUM DAN PENATAAN RUANG - ,2969373,37048291,2022,Non Tender,APBDP,CV.Tunjung Biru,Pengadaan Langsung,Pekerjaan Konstruksi,Normalisasi Sungai Aek Mata Kecamatan Panyabungan,SELESAI,149000000,149000000
KAB. MANDAILING NATAL,DINAS PENDIDIKAN - ,2662373,35573607,2022,Non Tender,APBD,CV. HABIBI PRATAMA,Pengadaan Langsung,Pekerjaan Konstruksi,Pembangunan Ruang UKS Beserta Perabotnya - SD Negeri 244 Simpang Mandepo,SELESAI,80248000,80248000
KAB. MANDAILING NATAL,DINAS PENDIDIKAN - ,2793373,35573535,2022,Non Tender,APBD,cv. abadi karya,Pengadaan Langsung,Pekerjaan Konstruksi,Rehabilitasi Sedang/Berat Ruang Kelas Sekolah (DAU) - SD Negeri 174 Purba Lamo,SELESAI,125386000,125386000
KAB. MANDAILING NATAL,SEKRETARIAT DPRD KABUPATEN - 4.02.0.00.0.00.27.0000,2708373,35792965,2022,Non Tender,APBD,CV. SINAR JAYA ABADI,Pengadaan Langsung,Pengadaan Barang,Biaya Pengadaan Pakaian Dinas Pimpinan dan Anggota DPRD Pakaian Dinas Lengan Panjang,SELESAI,78366000,78366000
KAB. MANDAILING NATAL,DINAS KESEHATAN - ,939891,34281364,2022,E-Katalog 5.0,APBD,PT Jayamas Medica Industri,E-Purchasing,Pengadaan Barang,Cotton Swab steril L,MELAKUKAN PENGIRIMAN DAN PENERIMAAN,5804600,5804600
KAB. MANDAILING NATAL,DINAS PEKERJAAN UMUM DAN PENATAAN RUANG - ,2872373,37006691,2022,Non Tender,APBDP,CV. MEDTAN CIPTA UTAMA,Pengadaan Langsung,Jasa Konsultansi Badan Usaha Non Konstruksi,Penyusunan Dokumen Perencanaan Jembatan Wil. II,SELESAI,99222900,99222900
KAB. MANDAILING NATAL,DINAS KESEHATAN - ,941449,34280635,2022,E-Katalog 5.0,APBD,PT RAFA TOPAZ UTAMA,E-Purchasing,Pengadaan Barang,SMART Tube Roller,MELAKUKAN PENGIRIMAN DAN PENERIMAAN,77235000,0
KAB. MANDAILING NATAL,RUMAH SAKIT UMUM DAERAH PANYABUNGAN - 1.02.0.00.0.00.02.0001,1921391,35761991,2022,E-Katalog 5.0,BLUD,PT. Kimia Farma Tbk,E-Purchasing,Pengadaan Barang,Metoclopramide hydrochloride (HCl)/ Metoclopramida HCl/ Metoclopramide/ Metoklopramid tablet/kapsul/kaplet 5 mg (G),MELAKUKAN PENGIRIMAN DAN PENERIMAAN,585000,585000
KAB. MANDAILING NATAL,DINAS PERTANIAN - 3.27.0.00.0.00.24.0000,2783373,35071158,2022,Non Tender,APBD,CV. PUTRI LESTARI,Pengadaan Langsung,Pengadaan Barang,Belanja Bahan - Bahan Kimia,SELESAI,81600000,81600000
KAB. MANDAILING NATAL,RUMAH SAKIT UMUM DAERAH PANYABUNGAN - 1.02.0.00.0.00.02.0001,717620,35761991,2022,E-Katalog 5.0,BLUD,PT Jayamas Medica Industri,E-Purchasing,Pengadaan Barang,Kasa Steril 16 cm x 16 cm,MELAKUKAN PENGIRIMAN DAN PENERIMAAN,8800000,8800000
KAB. MANDAILING NATAL,RUMAH SAKIT UMUM DAERAH PANYABUNGAN - 1.02.0.00.0.00.02.0001,968272,35761991,2022,E-Katalog 5.0,BLUD,P.T. Dexa Medica,E-Purchasing,Pengadaan Barang,Divalproex sodium / Valproat tablet lepas lambat/kapsul lepas lambat 500 mg,MELAKUKAN PENGIRIMAN DAN PENERIMAAN,7105000,7105000
KAB. MANDAILING NATAL,DINAS KESEHATAN - ,704240,34281017,2022,E-Katalog 5.0,APBD,NOVAPHARIN,E-Purchasing,Pengadaan Barang,Vitamin B Kompleks/ Vitamin B complex tablet,MELAKUKAN PENGIRIMAN DAN PENERIMAAN,11800000,11800000
KAB. MANDAILING NATAL,DINAS PEKERJAAN UMUM DAN PENATAAN RUANG - ,2781373,34686200,2022,Non Tender,APBD,CV. SORIK MERAPI,Pengadaan Langsung,Pekerjaan Konstruksi,Rehabilitasi Jaringan Irigasi Desa Manuncang Kecamatan Muara Batang Gadis,SELESAI,198000000,198000000
KAB. MANDAILING NATAL,RUMAH SAKIT UMUM DAERAH PANYABUNGAN - 1.02.0.00.0.00.02.0001,1362457,35761991,2022,E-Katalog 5.0,BLUD,PT INTI MEDIKA ALKESINDO,E-Purchasing,Pengadaan Barang,OGAN Surgical Mask - Head Loop (Hijab),MELAKUKAN PENGIRIMAN DAN PENERIMAAN,6776950,6776950
KAB. MANDAILING NATAL,RUMAH SAKIT UMUM DAERAH PANYABUNGAN - 1.02.0.00.0.00.02.0001,2263309,35761991,2022,E-Katalog 5.0,BLUD,PT. Merck Tbk,E-Purchasing,Pengadaan Barang,Kalium Klorida tablet lepas lambat/kaplet lepas lambat 600 mg,PROSES KONTRAK PPK,5526000,5526000
KAB. MANDAILING NATAL,DINAS PEKERJAAN UMUM DAN PENATAAN RUANG - ,2950373,37402891,2022,Non Tender,APBDP,CV. PUTRA PRATAMA,Pengadaan Langsung,Pekerjaan Konstruksi,Penambahan Ruangan Kantor Camat Naga Juang,SELESAI,179330000,179330000
KAB. MANDAILING NATAL,DINAS PEKERJAAN UMUM DAN PENATAAN RUANG - ,3064373,37046326,2022,Non Tender,APBDP,CV.Tunjung Biru,Pengadaan Langsung,Pekerjaan Konstruksi,Rehabilitasi SPAM di Desa Bulu Soma,SELESAI,99400000,99400000
KAB. MANDAILING NATAL,DINAS KESEHATAN - ,792233,34279202,2022,E-Katalog 5.0,APBD,PT. Putra Nusa Logistindo,E-Purchasing,Pengadaan Barang,AR-MED STETHOSCOPE DEWASA,MELAKUKAN PENGIRIMAN DAN PENERIMAAN,404000,404000
KAB. MANDAILING NATAL,DINAS PENDIDIKAN DAN KEUBUDAYAAN - 1.01.2.22.0.00.00.0000,936315,36028154,2022,E-Katalog 5.0,APBD,PT Sentra Kriya Edukasi,E-Purchasing,Pengadaan Barang,PA503X,PROSES KONTRAK PPK,19200000,0
KAB. MANDAILING NATAL,RUMAH SAKIT UMUM DAERAH PANYABUNGAN - 1.02.0.00.0.00.02.0001,1119748,35761991,2022,E-Katalog 5.0,BLUD,P.T. Dexa Medica,E-Purchasing,Pengadaan Barang,Levofloxacin hemihydrate/ Levofloxacin/ Levofloksasin inf 5 mg/mL,MELAKUKAN PENGIRIMAN DAN PENERIMAAN,1742600,1742600
KAB. MANDAILING NATAL,DINAS PENDIDIKAN - ,2794373,35573583,2022,Non Tender,APBD,CV.LANGGA SARI,Pengadaan Langsung,Pekerjaan Konstruksi,Rehabilitasi Sedang/Berat Ruang Kelas Sekolah (DAU) - SD Negeri 156 Maga Lombang,SELESAI,125340000,125340000
KAB. MANDAILING NATAL,DINAS PEKERJAAN UMUM DAN PENATAAN RUANG - ,2825373,34698024,2022,Non Tender,APBD,cv. bugis nauli,Pengadaan Langsung,Pekerjaan Konstruksi,Pembangunan Drainase di Aek Galoga Desa Pidoli Lombang Kec. Panyabungan,SELESAI,158400000,158400000
KAB. MANDAILING NATAL,BADAN PENGELOLAAN KEUANGAN PENDAPATAN DAN ASET DAERAH - ,2918373,37236969,2022,Non Tender,APBD,CV. KREATIFITAS CEMERLANG,Pengadaan Langsung,Pengadaan Barang,Belanja Modal Peralatan Jaringan,SELESAI,77311000,0
KAB. MANDAILING NATAL,DINAS PEKERJAAN UMUM DAN PENATAAN RUANG - ,2765373,36488509,2022,Non Tender,APBD,CV. GAPURA ALAM PERSADA,Pengadaan Langsung,Pekerjaan Konstruksi,Peningkatan SPAM Jaringan Perpipaan Air Minum Perdesaan Desa Padang Laru,SELESAI,96997000,96997000
KAB. MANDAILING NATAL,DINAS PEKERJAAN UMUM DAN PENATAAN RUANG - ,2936373,36033994,2022,Non Tender,APBD,PT. WINARA JAYA KONSULTAN,Pengadaan Langsung,Jasa Konsultansi Badan Usaha Konstruksi,Penyusunan Detail Engineering Design (DED) Wisata Sawah,SELESAI,49839000,49839000
KAB. MANDAILING NATAL,DINAS PERUMAHAN DAN KAWASAN PERMUKIMAN - 1.04.0.00.0.00.04.0000,2491373,35538487,2022,Non Tender,APBD,CV. KENZO MAHAGANI,Pengadaan Langsung,Pekerjaan Konstruksi,Pembangunan Jalan Lingkungan di Desa Aek Mual Kec. Siabu,SELESAI,127290000,127290000
KAB. MANDAILING NATAL,RUMAH SAKIT UMUM DAERAH PANYABUNGAN - 1.02.0.00.0.00.02.0001,718092,35761991,2022,E-Katalog 5.0,BLUD,PT Pratapa Nirmala,E-Purchasing,Pengadaan Barang,"Timolol maleate 0,25%",PROSES KONTRAK PPK,222200,222200
KAB. MANDAILING NATAL,RUMAH SAKIT UMUM DAERAH PANYABUNGAN - 1.02.0.00.0.00.02.0001,2186792,35761991,2022,E-Katalog 5.0,BLUD,PT Frismed Hoslab Indonesia,E-Purchasing,Pengadaan Barang,DG Gel Sol,PROSES KONTRAK PPK,1198800,0
KAB. MANDAILING NATAL,DINAS KESEHATAN - ,899834,34281017,2022,E-Katalog 5.0,APBD,PT.Phapros Tbk,E-Purchasing,Pengadaan Barang,Fitomenadion/ Phytomenadion (vitamin K1) inj 10 mg/mL,MELAKUKAN PENGIRIMAN DAN PENERIMAAN,64602000,64602000
KAB. MANDAILING NATAL,DINAS KESEHATAN - ,830534,34279496,2022,E-Katalog 5.0,APBD,PT. SINKO PRIMA ALLOY,E-Purchasing,Pengadaan Barang,LAMPU PERIKSA LED MEL-02,MELAKUKAN PENGIRIMAN DAN PENERIMAAN,16514000,16514000
KAB. MANDAILING NATAL,DINAS PEKERJAAN UMUM DAN PENATAAN RUANG - ,2546373,34686132,2022,Non Tender,APBD,CV. BINA FAJAR,Pengadaan Langsung,Pekerjaan Konstruksi,Rehabilitasi Jaringan Irigasi Singadodap Desa Hutarimbaru Kecamatan Panyabungan Timur,SELESAI,97490000,97490000
KAB. MANDAILING NATAL,DINAS PENDIDIKAN - ,3090373,37842344,2022,Non Tender,APBDP,cv sinar jaya,Pengadaan Langsung,Pengadaan Barang,Pengadaan Mebel Paud Kecamatan Lingga Bayu,SELESAI,94949000,0
KAB. MANDAILING NATAL,DINAS PEKERJAAN UMUM DAN PENATAAN RUANG - ,2758373,36033976,2022,Non Tender,APBD,PT. WINARA JAYA KONSULTAN,Pengadaan Langsung,Jasa Konsultansi Badan Usaha Konstruksi,Penyusunan Detail Engineering Design (DED) Wisata Batu Bedaun,SELESAI,49916700,49916700
KAB. MANDAILING NATAL,DINAS KESEHATAN - ,939891,34281364,2022,E-Katalog 5.0,APBD,PT Jayamas Medica Industri,E-Purchasing,Pengadaan Barang,Safety Syringe With Needle 1ml,MELAKUKAN PENGIRIMAN DAN PENERIMAAN,5340000,5340000
KAB. MANDAILING NATAL,DINAS PEKERJAAN UMUM DAN PENATAAN RUANG - ,3027373,37030964,2022,Non Tender,APBDP,cv. riski nauli,Pengadaan Langsung,Pekerjaan Konstruksi,Pembangunan Drainase di Desa Parmompang Kec. Panyabungan Timur,SELESAI,198200000,198200000
KAB. MANDAILING NATAL,DINAS PEKERJAAN UMUM DAN PENATAAN RUANG - ,2949373,37401467,2022,Non Tender,APBDP,CV. NABILA,Pengadaan Langsung,Pekerjaan Konstruksi,Rehabilitasi Mess Muara Batang Gadis,SELESAI,148903226,148903226
KAB. MANDAILING NATAL,RUMAH SAKIT UMUM DAERAH PANYABUNGAN - 1.02.0.00.0.00.02.0001,840402,35761991,2022,E-Katalog 5.0,BLUD,PT Widatra Bhakti,E-Purchasing,Pengadaan Barang,"Nacl 0,9% / Sodium Chloride 0,9%, 500 mL",MELAKUKAN PENGIRIMAN DAN PENERIMAAN,34500000,34500000
KAB. MANDAILING NATAL,BAGIAN PEREKONOMIAN DAN SUMBER DAYA ALAM SETDAKAB MANDAILING NATAL - 4.01.5.06.0.00.26.0006,3068373,37797939,2022,Non Tender,APBDP,cv. bugis nauli,Pengadaan Langsung,Pengadaan Barang,Belanja Bahan - Bahan Lainnya,SELESAI,35964000,35964000
KAB. MANDAILING NATAL,DINAS KESEHATAN - ,941438,34281364,2022,E-Katalog 5.0,APBD,PT.MEGA PRATAMA MEDICALINDO,E-Purchasing,Pengadaan Barang,Uric Acid Test Strip,MELAKUKAN PENGIRIMAN DAN PENERIMAAN,57721000,0
KAB. MANDAILING NATAL,RUMAH SAKIT UMUM DAERAH PANYABUNGAN - 1.02.0.00.0.00.02.0001,707948,35761991,2022,E-Katalog 5.0,BLUD,P.T. Dexa Medica,E-Purchasing,Pengadaan Barang,"Methylergometrine Maleate/ Methylergometrine/ Metilergometrin inj 0,2 mg/ml",MELAKUKAN PENGIRIMAN DAN PENERIMAAN,511500,511500
KAB. MANDAILING NATAL,DINAS PERPUSTAKAAN DAN KEARSIPAN - 2.23.2.24.0.00.21.0000,3120373,37951190,2022,Non Tender,APBDP,CV. KREASI KENANGA,Pengadaan Langsung,Pengadaan Barang,Belanja Modal Bahan Perpustakaan Tercetak,SELESAI,197280000,197280000
KAB. MANDAILING NATAL,RUMAH SAKIT UMUM DAERAH PANYABUNGAN - 1.02.0.00.0.00.02.0001,1280161,35761991,2022,E-Katalog 5.0,BLUD,PT. SOHO Industri Pharmasi,E-Purchasing,Pengadaan Barang,CURCUMA FORCE,MELAKUKAN PENGIRIMAN DAN PENERIMAAN,8177400,8177400
KAB. MANDAILING NATAL,RUMAH SAKIT UMUM DAERAH PANYABUNGAN - 1.02.0.00.0.00.02.0001,1161926,35761991,2022,E-Katalog 5.0,BLUD,PT. ETERCON PHARMA,E-Purchasing,Pengadaan Barang,Isosorbid dinitrat inj 1 mg/mL,MELAKUKAN PENGIRIMAN DAN PENERIMAAN,875000,875000
KAB. MANDAILING NATAL,DINAS PENDIDIKAN DAN KEUBUDAYAAN - 1.01.2.22.0.00.00.0000,936315,36028154,2022,E-Katalog 5.0,APBD,PT Sentra Kriya Edukasi,E-Purchasing,Pengadaan Barang,PROLINK DL-7303 Smart 4G LTE Fixed Wi-fi Router,PROSES KONTRAK PPK,6615000,0
KAB. MANDAILING NATAL,DINAS PEKERJAAN UMUM DAN PENATAAN RUANG - ,2503373,34716360,2022,Tender,APBD,CV. SYAHARANI BERSAUDARA,Tender,Pekerjaan Konstruksi,Pembangunan Jembatan Aek Pulogos Ruas Jalan Kayu Laut - Sirambas,SELESAI,737764000,737764000
KAB. MANDAILING NATAL,DINAS PENDIDIKAN - ,2657373,35573721,2022,Non Tender,APBD,CV. MUTIARA MUTIARA ABADI,Pengadaan Langsung,Pekerjaan Konstruksi,Pembangunan Ruang UKS Beserta Perabotnya - SD Negeri 386 Manuncang,SELESAI,80265000,80265000
KAB. MANDAILING NATAL,RUMAH SAKIT UMUM DAERAH PANYABUNGAN - 1.02.0.00.0.00.02.0001,708624,35761991,2022,E-Katalog 5.0,BLUD,PT. Mersifarma Tirmaku Mercusana,E-Purchasing,Pengadaan Barang,"Alprazolam tablet/kapsul/kaplet 0,5 mg	",MELAKUKAN PENGIRIMAN DAN PENERIMAAN,390000,390000
KAB. MANDAILING NATAL,BAGIAN PENGADAAN BARANG DAN JASA SETDAKAB MANDAILING NATAL - 4.01.5.06.0.00.26.0005,1825370,36366302,2022,E-Katalog 5.0,APBD,CV. KREASI KENANGA,E-Purchasing,Pengadaan Barang,Klip Segi Tiga,PROSES KONTRAK PPK,112000,112000
KAB. MANDAILING NATAL,RUMAH SAKIT UMUM DAERAH PANYABUNGAN - 1.02.0.00.0.00.02.0001,1187591,35761991,2022,E-Katalog 5.0,BLUD,PT Bayer Indonesia,E-Purchasing,Pengadaan Barang,"Analog insulin rapid acting inj 100 IU/mL (cartridge disposible, penfill cartridge)",MELAKUKAN PENGIRIMAN DAN PENERIMAAN,13425000,0
KAB. MANDAILING NATAL,DINAS PEKERJAAN UMUM DAN PENATAAN RUANG - ,2874373,37020941,2022,Non Tender,APBDP,CV. FERDIAN PUTRA,Pengadaan Langsung,Pekerjaan Konstruksi,Pembangunan Jembatan/Plat Beton Huta Siantar - Sigalapang Julu,SELESAI,198499000,198499000
KAB. MANDAILING NATAL,RUMAH SAKIT UMUM DAERAH PANYABUNGAN - 1.02.0.00.0.00.02.0001,1295226,35761991,2022,E-Katalog 5.0,BLUD,PT Ethica Industri Farmasi,E-Purchasing,Pengadaan Barang,Efedrin/ Ephedrine HCl Inj 50 mg/ml,MELAKUKAN PENGIRIMAN DAN PENERIMAAN,648600,648600
KAB. MANDAILING NATAL,DINAS PERUMAHAN DAN KAWASAN PERMUKIMAN - 1.04.0.00.0.00.04.0000,2465373,35538579,2022,Non Tender,APBD,CV. TORKIS LUBIS GROUP,Pengadaan Langsung,Pekerjaan Konstruksi,Pembangunan Jalan Lingkungan di Desa Sihepeng Sada Kec. Siabu,SELESAI,135020000,135020000
KAB. MANDAILING NATAL,DINAS PERUMAHAN DAN KAWASAN PERMUKIMAN - 1.04.0.00.0.00.04.0000,2530373,35538512,2022,Non Tender,APBD,CV. PUTRA BARINGIN GROUP,Pengadaan Langsung,Pekerjaan Konstruksi,embangunan Jalan Lingkungan TPU Pidoli Dolok Kec. Panyabungan,SELESAI,134170000,134170000
KAB. MANDAILING NATAL,DINAS PENDIDIKAN DAN KEUBUDAYAAN - 1.01.2.22.0.00.00.0000,2164209,37502618,2022,E-Katalog 5.0,APBDP,CV.MAJU JAYA,E-Purchasing,Pengadaan Barang,KURSI SISWA SD,MELAKUKAN PENGIRIMAN DAN PENERIMAAN,881216000,881216000
KAB. MANDAILING NATAL,DINAS PENDIDIKAN - ,2652373,35573639,2022,Non Tender,APBD,CV. TIQA CEMERLANG,Pengadaan Langsung,Pekerjaan Konstruksi,Pembangunan Ruang Perpustakaan Beserta Perabotnya (DAK) - SD Negeri 387 Ranto Panjang,SELESAI,199933000,199933000
KAB. MANDAILING NATAL,DINAS PEKERJAAN UMUM DAN PENATAAN RUANG - ,2571373,34699497,2022,Non Tender,APBD,cv. riski nauli,Pengadaan Langsung,Pekerjaan Konstruksi,Peningkatan Jalan Ranjo Batu - Silogun,SELESAI,199000000,199000000
KAB. MANDAILING NATAL,RUMAH SAKIT UMUM DAERAH PANYABUNGAN - 1.02.0.00.0.00.02.0001,1057546,35761991,2022,E-Katalog 5.0,BLUD,PT. Hexpharm Jaya Laboratories,E-Purchasing,Pengadaan Barang,"Asam Mefenamat/Mefenamic acid tablet/kapsul/kaplet/kaptab 500 mg, kemasan strip/blister (G)",MELAKUKAN PENGIRIMAN DAN PENERIMAAN,5550000,5550000
KAB. MANDAILING NATAL,DINAS KESEHATAN - ,741574,34281017,2022,E-Katalog 5.0,APBD,P.T. Dexa Medica,E-Purchasing,Pengadaan Barang,Divalproex sodium / Valproat tabet lepas lambat/kaplet lepas lambat 250 mg,MELAKUKAN PENGIRIMAN DAN PENERIMAAN,14750000,14750000
KAB. MANDAILING NATAL,RUMAH SAKIT UMUM DAERAH PANYABUNGAN - 1.02.0.00.0.00.02.0001,1238063,35761991,2022,E-Katalog 5.0,BLUD,PT AstraZeneca Indonesia,E-Purchasing,Pengadaan Barang,Ticagrelor/ Tikagrelor tablet/kapsul/kaplet 90 mg,MELAKUKAN PENGIRIMAN DAN PENERIMAAN,9412480,0
KAB. MANDAILING NATAL,DINAS KESEHATAN - ,855953,34279202,2022,E-Katalog 5.0,APBD,PT. Emiindo Jaya Bersama,E-Purchasing,Pengadaan Barang,Blood Pressure Monitor/ Tensimeter Digital Powerbank Plus  Adaptor,MELAKUKAN PENGIRIMAN DAN PENERIMAAN,3620400,3620400
KAB. MANDAILING NATAL,RUMAH SAKIT UMUM DAERAH PANYABUNGAN - 1.02.0.00.0.00.02.0001,1119748,35761991,2022,E-Katalog 5.0,BLUD,P.T. Dexa Medica,E-Purchasing,Pengadaan Barang,Risperidone/ Risperidon tablet/kapsul/kaplet 2 mg,MELAKUKAN PENGIRIMAN DAN PENERIMAAN,1230000,1230000
KAB. MANDAILING NATAL,DINAS PENDIDIKAN DAN KEUBUDAYAAN - 1.01.2.22.0.00.00.0000,2164562,37502830,2022,E-Katalog 5.0,APBDP,CV.MAJU JAYA,E-Purchasing,Pengadaan Barang,LEMARI ARSIP/RAK 1,MELAKUKAN PENGIRIMAN DAN PENERIMAAN,107410000,107410000
KAB. MANDAILING NATAL,RUMAH SAKIT UMUM DAERAH PANYABUNGAN - 1.02.0.00.0.00.02.0001,708524,35761991,2022,E-Katalog 5.0,BLUD,PT Otsuka Indonesia,E-Purchasing,Pengadaan Barang,"Sodium bicarbonate/Natrium Bikarbonat inj 8,4% (i.v.)",MELAKUKAN PENGIRIMAN DAN PENERIMAAN,405000,405000
KAB. MANDAILING NATAL,DINAS PERUMAHAN DAN KAWASAN PERMUKIMAN - 1.04.0.00.0.00.04.0000,2470373,35538574,2022,Non Tender,APBD,CV. TORKIS LUBIS GROUP,Pengadaan Langsung,Pekerjaan Konstruksi,Pembangunan Jalan Lingkungan di Desa Lancat Kec. Lingga Bayu,SELESAI,134700000,134700000
KAB. MANDAILING NATAL,BAGIAN PENGADAAN BARANG DAN JASA SETDAKAB MANDAILING NATAL - 4.01.5.06.0.00.26.0005,1825370,36366302,2022,E-Katalog 5.0,APBD,CV. KREASI KENANGA,E-Purchasing,Pengadaan Barang,Buku Expedisi Surat,PROSES KONTRAK PPK,46200,46200
KAB. MANDAILING NATAL,DINAS PENDIDIKAN - ,3101373,37502658,2022,Non Tender,APBDP,CV. RENDER CONSULTANT,Pengadaan Langsung,Jasa Konsultansi Badan Usaha Konstruksi,Belanja Jasa Konsultan Pengawasan dan Perencanaan Bidang PAUD APBDP,SELESAI,24975000,24975000
KAB. MANDAILING NATAL,DINAS PENDIDIKAN - ,2584373,35572821,2022,Non Tender,APBD,CV. RENDER CONSULTANT,Pengadaan Langsung,Jasa Konsultansi Badan Usaha Konstruksi,Belanja Jasa Konsultan Pengawasan Kegiatan Fisik PAUD,SELESAI,49964000,49964000
KAB. MANDAILING NATAL,BADAN PENANGGULANGAN BENCANA DAERAH - 1.05.0.00.0.00.06.0000,2497373,35685653,2022,Non Tender,APBD,PT. MARGA BHUANA JAYA CONSULTANT,Pengadaan Langsung,Jasa Konsultansi Badan Usaha Non Konstruksi,BELANJA JASA KONSULTANSI KONSTRUKSI,SELESAI,74860000,74860000
KAB. MANDAILING NATAL,RUMAH SAKIT UMUM DAERAH PANYABUNGAN - 1.02.0.00.0.00.02.0001,1585692,35761991,2022,E-Katalog 5.0,BLUD,P.T. Dexa Medica,E-Purchasing,Pengadaan Barang,Human tetanus imunoglobulin inj 250 IU (i.m.),MELAKUKAN PENGIRIMAN DAN PENERIMAAN,14680000,0
KAB. MANDAILING NATAL,DINAS PEKERJAAN UMUM DAN PENATAAN RUANG - ,2924373,37021029,2022,Non Tender,APBDP,CV. ASTRY TRY PUTRA,Pengadaan Langsung,Pekerjaan Konstruksi,Penggantian Jembatan Lubuk Samboa Kec. Batang Natal,SELESAI,199000000,199000000
KAB. MANDAILING NATAL,DINAS PERUMAHAN DAN KAWASAN PERMUKIMAN - 1.04.0.00.0.00.04.0000,2627373,35538370,2022,Tender,APBD,cv.hosmap,Seleksi,Jasa Konsultansi Badan Usaha Non Konstruksi,Konsultan Penyusunan Rencana Tapak (Site Plan) dan Detail Engineering Design (DED) Peremajaan / Pemugaran Permukiman Kumuh,SELESAI,184704000,184704000
KAB. MANDAILING NATAL,RUMAH SAKIT UMUM DAERAH PANYABUNGAN - 1.02.0.00.0.00.02.0001,708714,35761991,2022,E-Katalog 5.0,BLUD,PT.Phapros Tbk,E-Purchasing,Pengadaan Barang,Fitomenadion/ Phytomenadione/ Phytomenadion (Vitamin K1) injeksi 2 mg/ml (i.m.),MELAKUKAN PENGIRIMAN DAN PENERIMAAN,217800,217800
KAB. MANDAILING NATAL,DINAS KESEHATAN - ,696548,34281017,2022,E-Katalog 5.0,APBD,PT.Imfarmind Farmasi Industri,E-Purchasing,Pengadaan Barang,Salbutamol sulfate/ Salbutamol sir 2 mg/5 mL,MELAKUKAN PENGIRIMAN DAN PENERIMAAN,20345000,20345000
KAB. MANDAILING NATAL,DINAS KESEHATAN - ,941438,34281364,2022,E-Katalog 5.0,APBD,PT.MEGA PRATAMA MEDICALINDO,E-Purchasing,Pengadaan Barang,Blood Glucose Test Strip,MELAKUKAN PENGIRIMAN DAN PENERIMAAN,91631000,0
KAB. MANDAILING NATAL,DINAS PENDIDIKAN DAN KEUBUDAYAAN - 1.01.2.22.0.00.00.0000,857824,36028154,2022,E-Katalog 5.0,APBD,CV. NEGERI PERTIWI JAYA,E-Purchasing,Pengadaan Barang,CB311_9HT Celeron N4020 4G 32G UMA WiFi ChromeOS + Chrome EDU Upgrade 11.6inch Touch Garansi 1/1/0 (P/L/O) (Hanya berfungsi optimal jika ada jaringan internet),PROSES KONTRAK PPK,2639250000,2639250000
KAB. MANDAILING NATAL,DINAS KESEHATAN - ,671972,34281017,2022,E-Katalog 5.0,APBD,PT. Mersifarma Tirmaku Mercusana,E-Purchasing,Pengadaan Barang,Asam Asetilsalisilat (asetosal) tablet/kapsul/kaplet 80 mg	,MELAKUKAN PENGIRIMAN DAN PENERIMAAN,534000,534000
KAB. MANDAILING NATAL,DINAS KEPENDUDUKAN DAN PENCATATAN SIPIL - 2.12.0.00.0.00.13.0000,1295482,35591702,2022,E-Katalog 5.0,APBD,Mitra Tech Sejahtera,E-Purchasing,Pengadaan Barang,Ribbon Color YMCKO R5FP00308,PROSES KONTRAK PPK,199260000,0
KAB. MANDAILING NATAL,DINAS PEKERJAAN UMUM DAN PENATAAN RUANG - ,2820373,34687194,2022,Non Tender,APBD,cv. winda utama,Pengadaan Langsung,Pekerjaan Konstruksi,Rehabilitasi Bendungan Saba Bolak Desa Manisak Kec. Ranto Baek,SELESAI,147360000,147360000
KAB. MANDAILING NATAL,RUMAH SAKIT UMUM DAERAH PANYABUNGAN - 1.02.0.00.0.00.02.0001,784989,35761991,2022,E-Katalog 5.0,BLUD,PT Sinaraya Nugraha Ahmadaris Medika,E-Purchasing,Pengadaan Barang,"Pembalut Elastis 15 cm x 4,55 m",MELAKUKAN PENGIRIMAN DAN PENERIMAAN,2231400,2231400
KAB. MANDAILING NATAL,RUMAH SAKIT UMUM DAERAH PANYABUNGAN - 1.02.0.00.0.00.02.0001,708714,35761991,2022,E-Katalog 5.0,BLUD,PT.Phapros Tbk,E-Purchasing,Pengadaan Barang,Aminofilin/Aminophylline inj 24 mg/ml,MELAKUKAN PENGIRIMAN DAN PENERIMAAN,194688,194688
KAB. MANDAILING NATAL,DINAS PERUMAHAN DAN KAWASAN PERMUKIMAN - 1.04.0.00.0.00.04.0000,2520373,35538541,2022,Non Tender,APBD,CV. PARADISE PARK,Pengadaan Langsung,Pekerjaan Konstruksi,Pembangunan Jalan Lingkungan di Desa Tabuyung Wilayah Takana Juo Kec. Muara Batang Gadis,SELESAI,146800000,146800000
KAB. MANDAILING NATAL,BADAN PENGELOLAAN KEUANGAN PENDAPATAN DAN ASET DAERAH - ,2447373,34422851,2022,Non Tender,APBD,CV. KREASI KENANGA,Pengadaan Langsung,Pengadaan Barang,Belanja Alat/Bahan untuk Kegiatan Kantor- Bahan Cetak,SELESAI,194805000,0
KAB. MANDAILING NATAL,RUMAH SAKIT UMUM DAERAH PANYABUNGAN - 1.02.0.00.0.00.02.0001,707948,35761991,2022,E-Katalog 5.0,BLUD,P.T. Dexa Medica,E-Purchasing,Pengadaan Barang,Kandesartan/ Candesartan/ Candesartan Cilexetil tablet/kapsul/kaplet 8 mg,MELAKUKAN PENGIRIMAN DAN PENERIMAAN,1272000,1272000
KAB. MANDAILING NATAL,BAGIAN PENGADAAN BARANG DAN JASA SETDAKAB MANDAILING NATAL - 4.01.5.06.0.00.26.0005,1825370,36366302,2022,E-Katalog 5.0,APBD,CV. KREASI KENANGA,E-Purchasing,Pengadaan Barang,Penghapus Papan Tulis Whiteboard,PROSES KONTRAK PPK,10500,10500
KAB. MANDAILING NATAL,DINAS KESEHATAN - ,704084,34281017,2022,E-Katalog 5.0,APBD,PT.Phapros Tbk,E-Purchasing,Pengadaan Barang,Dexamethason Sodium Phosphate/ Deksamethason/ Deksametason injeksi 5 mg/mL,MELAKUKAN PENGIRIMAN DAN PENERIMAAN,48400000,48400000
KAB. MANDAILING NATAL,DINAS PEKERJAAN UMUM DAN PENATAAN RUANG - ,3080373,37048328,2022,Non Tender,APBDP,PT. MARGA BHUANA JAYA CONSULTANT,Pengadaan Langsung,Jasa Konsultansi Badan Usaha Konstruksi,Konsultansi SID (Survey Investigasi Desain) dan DED (Detail Engineering Design) Irigasi Desa Hutarimbaru Kec. Kotanopan,SELESAI,99000000,99000000
KAB. MANDAILING NATAL,DINAS PEKERJAAN UMUM DAN PENATAAN RUANG - ,2548373,34696809,2022,Tender,APBD,CV.Tunjung Biru,Tender,Pekerjaan Konstruksi,Pembangunan Baru SPAM Jaringan Perpipaan Desa Sukaramai,SELESAI,438300327,438300327
KAB. MANDAILING NATAL,DINAS KESEHATAN - ,672299,34281017,2022,E-Katalog 5.0,APBD,PT. Kimia Farma Tbk,E-Purchasing,Pengadaan Barang,"Betametason/Betamethasone Valerate krim 0,1%",MELAKUKAN PENGIRIMAN DAN PENERIMAAN,15200000,15200000
KAB. MANDAILING NATAL,DINAS KESEHATAN - ,1139816,34279997,2022,E-Katalog 5.0,APBD,PT. TESENA INOVINDO,E-Purchasing,Pengadaan Barang,Tesena Infant Warmer,PROSES KONTRAK PPK,169320000,169320000
KAB. MANDAILING NATAL,DINAS PEKERJAAN UMUM DAN PENATAAN RUANG - ,3041373,37048698,2022,Non Tender,APBDP,CV. RADEN SALEH,Pengadaan Langsung,Pekerjaan Konstruksi,Rehabilitasi Jaringan Irigasi Bondar Saba Bariba Desa Alahankae Kecamatan Ulu Pungkut,SELESAI,98500000,98500000
KAB. MANDAILING NATAL,DINAS PEKERJAAN UMUM DAN PENATAAN RUANG - ,3077373,37401927,2022,Non Tender,APBDP,CV. RENDER CONSULTANT,Pengadaan Langsung,Jasa Konsultansi Badan Usaha Konstruksi,Penyusunan Detail Engineering Design (DED) Kantor Camat Kotanopan,SELESAI,99733500,99733500
KAB. MANDAILING NATAL,DINAS KESEHATAN - ,908261,34279202,2022,E-Katalog 5.0,APBD,PT. SINKO PRIMA ALLOY,E-Purchasing,Pengadaan Barang,DIGITAL SCALE / TIMBANGAN DIGITAL BMI + BODY FAT DIGIT-PRO BMI + BODY FAT,MELAKUKAN PENGIRIMAN DAN PENERIMAAN,2184000,2184000
KAB. MANDAILING NATAL,DINAS PERTANIAN - 3.27.0.00.0.00.24.0000,3015373,37533935,2022,Non Tender,APBDP,CV. RAFLI AKBAR,Pengadaan Langsung,Pengadaan Barang,Belanja Bibit Padi Untuk Wilayah Mandailing Jae,SELESAI,198829500,198829500
KAB. MANDAILING NATAL,DINAS KESEHATAN - ,672043,34281017,2022,E-Katalog 5.0,APBD,"PT Tempo Scan Pacific,  Tbk",E-Purchasing,Pengadaan Barang,Zinc sulfate/ Zinc sulfate monohydrate/ Zinc/ Zink sir 20 mg/5 ml.,MELAKUKAN PENGIRIMAN DAN PENERIMAAN,124450000,124450000
KAB. MANDAILING NATAL,RUMAH SAKIT UMUM DAERAH PANYABUNGAN - 1.02.0.00.0.00.02.0001,2120538,35761991,2022,E-Katalog 5.0,BLUD,PT. Kimia Farma Tbk,E-Purchasing,Pengadaan Barang,"Gliseril trinitrat/ Glyceryl trinitrate kapsul lepas lambat 2,5 mg",MELAKUKAN PENGIRIMAN DAN PENERIMAAN,16400000,16400000
KAB. MANDAILING NATAL,DINAS PERUMAHAN DAN KAWASAN PERMUKIMAN - 1.04.0.00.0.00.04.0000,2750373,35538417,2022,Non Tender,APBD,CV. EMESI NATAMA CONSULTANT,Pengadaan Langsung,Jasa Konsultansi Badan Usaha Non Konstruksi,Penyusunan Data Capaian Jalan Lingkungan,SELESAI,99567000,99567000
KAB. MANDAILING NATAL,DINAS KESEHATAN - ,671244,34281017,2022,E-Katalog 5.0,APBD,PT. BIO FARMA,E-Purchasing,Pengadaan Barang,Serum anti bisa ular A.B.U. I inj (i.m./i.v),MELAKUKAN PENGIRIMAN DAN PENERIMAAN,25856600,25856600
KAB. MANDAILING NATAL,DINAS PEKERJAAN UMUM DAN PENATAAN RUANG - ,2902373,37046086,2022,Non Tender,APBDP,CV. BILLINDO ENGINEERING CONSULTANT,Pengadaan Langsung,Jasa Konsultansi Badan Usaha Konstruksi,Konsultan Perencanaan Kegiatan Pengelolaan dan Pengembangan Sistem air Limbah PAPBD 2022,SELESAI,18000000,18000000
KAB. MANDAILING NATAL,RUMAH SAKIT UMUM DAERAH PANYABUNGAN - 1.02.0.00.0.00.02.0001,717620,35761991,2022,E-Katalog 5.0,BLUD,PT Jayamas Medica Industri,E-Purchasing,Pengadaan Barang,U-Pad 60cm x 60cm,MELAKUKAN PENGIRIMAN DAN PENERIMAAN,2299000,2299000
KAB. MANDAILING NATAL,DINAS KESEHATAN - ,2619373,36185217,2022,Non Tender,APBD,PT. Rajawali Nusindo Cabang Pematang Siantar,Pengadaan Langsung,Pengadaan Barang,Belanja Obat-Obatan-Obat,SELESAI,199820369,0
KAB. MANDAILING NATAL,DINAS PENDIDIKAN - ,2800373,35574091,2022,Non Tender,APBD,CV. GORDANG SAMBILAN MANDAILING,Pengadaan Langsung,Pekerjaan Konstruksi,Pembangunan Ruang Kelas Baru - SD Negeri 398 Aek Bulangge,SELESAI,194248000,194248000
KAB. MANDAILING NATAL,DINAS KESEHATAN - ,671905,34281017,2022,E-Katalog 5.0,APBD,PT. Hexpharm Jaya Laboratories,E-Purchasing,Pengadaan Barang,Simvastatin tablet/kapsul/kaplet/tablet salut selaput/kaplet salut selaput 10 mg,MELAKUKAN PENGIRIMAN DAN PENERIMAAN,13600000,13600000
KAB. MANDAILING NATAL,DINAS KESEHATAN - ,938936,34281364,2022,E-Katalog 5.0,APBD,PT. Safelock Medical,E-Purchasing,Pengadaan Barang,Nasal Cannula Anak,MELAKUKAN PENGIRIMAN DAN PENERIMAAN,10599052,10599052
KAB. MANDAILING NATAL,RUMAH SAKIT UMUM DAERAH PANYABUNGAN - 1.02.0.00.0.00.02.0001,2263530,35761991,2022,E-Katalog 5.0,BLUD,PT Yarindo Farmatama,E-Purchasing,Pengadaan Barang,Isosorbid Dinitrat/ Isosorbide dinitrate tablet/kaplet 5 mg,PROSES KONTRAK PPK,880000,880000
KAB. MANDAILING NATAL,DINAS PERUMAHAN DAN KAWASAN PERMUKIMAN - 1.04.0.00.0.00.04.0000,2479373,35538414,2022,Non Tender,APBD,cv. bugis nauli,Pengadaan Langsung,Pekerjaan Konstruksi,Pembangunan Jalan Lingkungan Desa Sopo Sorik Kec. Kotanopan,SELESAI,134700000,134700000
KAB. MANDAILING NATAL,DINAS PENDIDIKAN - ,2815373,35573702,2022,Non Tender,APBD,CV.LANGGA SARI,Pengadaan Langsung,Pekerjaan Konstruksi,Pembangunan Ruang Kelas Baru - SD Negeri 099 Proyek Batang Gadis,SELESAI,194289000,194289000
KAB. MANDAILING NATAL,DINAS PEKERJAAN UMUM DAN PENATAAN RUANG - ,2991373,37048555,2022,Non Tender,APBDP,CV. KENZO MAHAGANI,Pengadaan Langsung,Pekerjaan Konstruksi,Rehabilitasi Jaringan Irigasi Desa Roburan Lombang Kecamatan Panyabungan Selatan,SELESAI,98200000,98200000
KAB. MANDAILING NATAL,DINAS PEKERJAAN UMUM DAN PENATAAN RUANG - ,2822373,36033988,2022,Non Tender,APBD,CV. MANUNGGAL RIAMERTA DEV. CONSULTANT,Pengadaan Langsung,Jasa Konsultansi Badan Usaha Konstruksi,Konsultan Pengawasan Air Limbah Domestik,SELESAI,49800000,49800000
KAB. MANDAILING NATAL,BAGIAN UMUM SETDAKAB MANDAILING NATAL - 4.01.5.06.0.00.26.0009,2704373,36279821,2022,Non Tender,APBD,CV. GORDANG SAMBILAN MANDAILING,Pengadaan Langsung,Pekerjaan Konstruksi,Rehab di Lingkungan Rumah Dinas Wakil Bupati,SELESAI,149550000,149550000
KAB. MANDAILING NATAL,DINAS KESEHATAN - ,671905,34281017,2022,E-Katalog 5.0,APBD,PT. Hexpharm Jaya Laboratories,E-Purchasing,Pengadaan Barang,Metformin Hydrochloride/ Metformin tablet/kapsul/kaplet 500 mg,MELAKUKAN PENGIRIMAN DAN PENERIMAAN,7700000,7700000
KAB. MANDAILING NATAL,RUMAH SAKIT UMUM DAERAH PANYABUNGAN - 1.02.0.00.0.00.02.0001,1386568,35761991,2022,E-Katalog 5.0,BLUD,PT Widatra Bhakti,E-Purchasing,Pengadaan Barang,"D5 1/4NS - Larutan mengandung karbohidrat+elektrolit, kemasan 500 mL",MELAKUKAN PENGIRIMAN DAN PENERIMAAN,3121500,3121500
KAB. MANDAILING NATAL,DINAS KESEHATAN - ,791691,34279740,2022,E-Katalog 5.0,APBD,PT. Abadinusa Usahasemesta,E-Purchasing,Pengadaan Barang,Otoscope,MELAKUKAN PENGIRIMAN DAN PENERIMAAN,3759000,0
KAB. MANDAILING NATAL,DINAS PEKERJAAN UMUM DAN PENATAAN RUANG - ,2875373,37020963,2022,Non Tender,APBDP,CV. FERDIAN PUTRA,Pengadaan Langsung,Pekerjaan Konstruksi,Lanjutan Pembangunan Jembatan Sabarangan Aek Mata Kelurahan  Kotasiantar,SELESAI,198500000,198500000
KAB. MANDAILING NATAL,DINAS KESEHATAN - ,938936,34281364,2022,E-Katalog 5.0,APBD,PT. Safelock Medical,E-Purchasing,Pengadaan Barang,Infusion set Type Y Air Vent Luer Slip,MELAKUKAN PENGIRIMAN DAN PENERIMAAN,21681000,21681000
KAB. MANDAILING NATAL,DINAS KESEHATAN - ,2616373,36185217,2022,Non Tender,APBD,PT.MERAPI UTAMA PHARMA CABANG MEDAN,Pengadaan Langsung,Pengadaan Barang,Belanja Obat-Obatan-Obat,SELESAI,199800000,199800000
KAB. MANDAILING NATAL,RUMAH SAKIT UMUM DAERAH PANYABUNGAN - 1.02.0.00.0.00.02.0001,1920402,35761991,2022,E-Katalog 5.0,BLUD,P.T. Dexa Medica,E-Purchasing,Pengadaan Barang,"Bisoprolol/Bisoprolol Fumarate tablet/kapsul/kaplet 2,5 mg",MELAKUKAN PENGIRIMAN DAN PENERIMAAN,645000,645000
KAB. MANDAILING NATAL,DINAS KESEHATAN - ,670929,34281017,2022,E-Katalog 5.0,APBD,PT Bufa Aneka,E-Purchasing,Pengadaan Barang,Chloramphenicol/ Kloramfenikol salep 2%	,MELAKUKAN PENGIRIMAN DAN PENERIMAAN,17209896,17209896
KAB. MANDAILING NATAL,DINAS KESEHATAN - ,820355,34279496,2022,E-Katalog 5.0,APBD,PT. SINKO PRIMA ALLOY,E-Purchasing,Pengadaan Barang,LAMPU PERIKSA LED MEL-02,MELAKUKAN PENGIRIMAN DAN PENERIMAAN,24771000,24771000
KAB. MANDAILING NATAL,DINAS PERTANIAN - 3.27.0.00.0.00.24.0000,2676373,35250620,2022,Non Tender,APBD,CV. PUTRI LESTARI,Pengadaan Langsung,Pekerjaan Konstruksi,Pembangunan / Rehabilitasi Jalan Usaha Tani Desa Lumban Pinasa Kec. Siabu,SELESAI,128898000,128898000
KAB. MANDAILING NATAL,DINAS PERTANIAN - 3.27.0.00.0.00.24.0000,2678373,35250452,2022,Non Tender,APBD,CV. R.A.S,Pengadaan Langsung,Pekerjaan Konstruksi,Pembangunan / Rehabilitasi Jalan Usaha Tani Desa Huta Padang Kec. Ulu Pungkut,SELESAI,64151000,64151000
KAB. MANDAILING NATAL,DINAS PEKERJAAN UMUM DAN PENATAAN RUANG - ,2851373,37020230,2022,Non Tender,APBDP,CV. AULIA RIZKI PRATAMA,Pengadaan Langsung,Pekerjaan Konstruksi,Rehabilitasi/Pemeliharaan Jalan Saba Dolok - Hutarimbaru,SELESAI,149000000,149000000
KAB. MANDAILING NATAL,BADAN PENGELOLAAN KEUANGAN PENDAPATAN DAN ASET DAERAH - ,2441373,34110041,2022,Non Tender,APBD,CV. CHAYA MURNI,Pengadaan Langsung,Pengadaan Barang,Belanja Modal Peralatan Personal Computer,SELESAI,153513000,0
KAB. MANDAILING NATAL,RUMAH SAKIT UMUM DAERAH PANYABUNGAN - 1.02.0.00.0.00.02.0001,1119918,35761991,2022,E-Katalog 5.0,BLUD,PT.TOP POINT MEDICAL,E-Purchasing,Pengadaan Barang,DISPOSABLE SYRINGE WITH NEEDLE 3 ML,MELAKUKAN PENGIRIMAN DAN PENERIMAAN,18832000,18832000
KAB. MANDAILING NATAL,DINAS PENDIDIKAN - ,2631373,35572857,2022,Non Tender,APBD,CV. GANDATAMA KONSTRUKSI,Pengadaan Langsung,Pekerjaan Konstruksi,Pembangunan Ruang UKS (DAK) - TK Satu Atap SDN 331 Sinunukan Desa Pasir Putih Kecamatan Sinunukan,SELESAI,95929000,95929000
KAB. MANDAILING NATAL,RUMAH SAKIT UMUM DAERAH PANYABUNGAN - 1.02.0.00.0.00.02.0001,2133913,35761991,2022,E-Katalog 5.0,BLUD,P.T. Dexa Medica,E-Purchasing,Pengadaan Barang,Divalproex sodium / Valproat tablet lepas lambat/kapsul lepas lambat 500 mg,MELAKUKAN PENGIRIMAN DAN PENERIMAAN,7105000,7105000
KAB. MANDAILING NATAL,DINAS LINGKUNGAN HIDUP - 2.11.0.00.0.00.12.0000,1943023,37180096,2022,E-Katalog 5.0,APBDP,CV.Fajar Rimba,E-Purchasing,Pengadaan Barang,Kontainer Sampah 6 M3 Terbuka,MELAKUKAN PENGIRIMAN DAN PENERIMAAN,183500000,183500000
KAB. MANDAILING NATAL,DINAS PEKERJAAN UMUM DAN PENATAAN RUANG - ,2971373,37048497,2022,Non Tender,APBDP,CV. AUR LAS,Pengadaan Langsung,Pekerjaan Konstruksi,Rehabilitasi Jaringan Irigasi Bondar Katapang Desa Huta Baringin Kecamatan Panyabungan Barat,SELESAI,98580000,98580000
KAB. MANDAILING NATAL,BADAN PERENCANAAN PEMBANGUNAN RISET DAN INOVASI DAERAH - 5.01.5.05.0.00.28.0000,2830373,36245266,2022,Non Tender,APBD,CV. BINA FAJAR,Pengadaan Langsung,Pengadaan Barang,Belanja Modal Bangunan Gedung Kantor,SELESAI,93600000,93600000
KAB. MANDAILING NATAL,BAGIAN PENGADAAN BARANG DAN JASA SETDAKAB MANDAILING NATAL - 4.01.5.06.0.00.26.0005,1825370,36366302,2022,E-Katalog 5.0,APBD,CV. KREASI KENANGA,E-Purchasing,Pengadaan Barang,Pelobang Kertas Uk. Besar,PROSES KONTRAK PPK,115500,115500
KAB. MANDAILING NATAL,RUMAH SAKIT UMUM DAERAH PANYABUNGAN - 1.02.0.00.0.00.02.0001,708576,35761991,2022,E-Katalog 5.0,BLUD,PT. Hexpharm Jaya Laboratories,E-Purchasing,Pengadaan Barang,Metilprednisolon/Methylprednisolone tablet/kapsul/kaplet 4 mg,MELAKUKAN PENGIRIMAN DAN PENERIMAAN,1020000,1020000
KAB. MANDAILING NATAL,RUMAH SAKIT UMUM DAERAH PANYABUNGAN - 1.02.0.00.0.00.02.0001,708524,35761991,2022,E-Katalog 5.0,BLUD,PT Otsuka Indonesia,E-Purchasing,Pengadaan Barang,"Magnesium sulfate/ Magnesium sulfate heptahydrate/ Magnesium sulfat injeksi 20%v (i.v.), @ 25 mL",MELAKUKAN PENGIRIMAN DAN PENERIMAAN,451200,451200
KAB. MANDAILING NATAL,DINAS PENDIDIKAN - ,2698373,35573567,2022,Non Tender,APBD,CV.BAITANG KONTRAKTOR,Pengadaan Langsung,Pekerjaan Konstruksi,Pembangunan Toilet (Jamban) Beserta Sanitasinya (DAK) - SD Negeri 103 Panyabungan,SELESAI,99800000,99800000
KAB. MANDAILING NATAL,DINAS LINGKUNGAN HIDUP - 2.11.0.00.0.00.12.0000,3109373,35760337,2022,Non Tender,APBD,CV. IKHWAN FIRDAUS,Pengadaan Langsung,Pekerjaan Konstruksi,Biaya Pemasangan lampu Asmaul Husna,SELESAI,129500000,129500000
KAB. MANDAILING NATAL,RUMAH SAKIT UMUM DAERAH PANYABUNGAN - 1.02.0.00.0.00.02.0001,1057926,35761991,2022,E-Katalog 5.0,BLUD,PT. MEPROFARM,E-Purchasing,Pengadaan Barang,METRONIDAZOLE BENZOATE Suspensi 125 mg/5 mL,MELAKUKAN PENGIRIMAN DAN PENERIMAAN,753000,753000
KAB. MANDAILING NATAL,DINAS PEKERJAAN UMUM DAN PENATAAN RUANG - ,2963373,37403101,2022,Non Tender,APBDP,cv sinar jaya,Pengadaan Langsung,Pekerjaan Konstruksi,Rehabilitasi Kantor Penanaman Modal Dan Pelayanan Perizinan Satu Pintu Kab. Mandailing Natal,SELESAI,199110000,199110000
KAB. MANDAILING NATAL,DINAS PERTANIAN - 3.27.0.00.0.00.24.0000,3002373,37533245,2022,Non Tender,APBDP,CV. AULIA RIZKI PRATAMA,Pengadaan Langsung,Pengadaan Barang,Belanja Obat - Obatan Lainnya,SELESAI,149828000,149828000
KAB. MANDAILING NATAL,DINAS KESEHATAN - ,671905,34281017,2022,E-Katalog 5.0,APBD,PT. Hexpharm Jaya Laboratories,E-Purchasing,Pengadaan Barang,Glimepiride/ Glimepirid tablet/kapsul/kaplet 2 mg,MELAKUKAN PENGIRIMAN DAN PENERIMAAN,4920000,4920000
KAB. MANDAILING NATAL,DINAS KESEHATAN - ,807694,34279202,2022,E-Katalog 5.0,APBD,PT. Putra Nusa Logistindo,E-Purchasing,Pengadaan Barang,AR-MED STETHOSCOPE DEWASA,MELAKUKAN PENGIRIMAN DAN PENERIMAAN,404000,404000
KAB. MANDAILING NATAL,RUMAH SAKIT UMUM DAERAH PANYABUNGAN - 1.02.0.00.0.00.02.0001,718092,35761991,2022,E-Katalog 5.0,BLUD,PT Pratapa Nirmala,E-Purchasing,Pengadaan Barang,"Heparin, Na injeksi 5000 IU/ml (i.v./s.k.) (G) (2)",PROSES KONTRAK PPK,4663500,4663500
KAB. MANDAILING NATAL,BAGIAN PENGADAAN BARANG DAN JASA SETDAKAB MANDAILING NATAL - 4.01.5.06.0.00.26.0005,1825370,36366302,2022,E-Katalog 5.0,APBD,CV. KREASI KENANGA,E-Purchasing,Pengadaan Barang,Tinta Stempel,PROSES KONTRAK PPK,31500,31500
KAB. MANDAILING NATAL,DINAS PENDIDIKAN - ,2651373,35573666,2022,Non Tender,APBD,CV. TIQA CEMERLANG,Pengadaan Langsung,Pekerjaan Konstruksi,Pembangunan Ruang Perpustakaan Beserta Perabotnya (DAK) - SD Negeri 388 Hutaimbaru,SELESAI,199831000,199831000
KAB. MANDAILING NATAL,RUMAH SAKIT UMUM DAERAH PANYABUNGAN - 1.02.0.00.0.00.02.0001,892635,35761991,2022,E-Katalog 5.0,BLUD,PT. SOHO Industri Pharmasi,E-Purchasing,Pengadaan Barang,CURCUMA FORCE,MELAKUKAN PENGIRIMAN DAN PENERIMAAN,8177400,8177400
KAB. MANDAILING NATAL,RUMAH SAKIT UMUM DAERAH PANYABUNGAN - 1.02.0.00.0.00.02.0001,910720,35761991,2022,E-Katalog 5.0,BLUD,PT. Hexpharm Jaya Laboratories,E-Purchasing,Pengadaan Barang,Omeprazol/Omeprazole tablet/kapsul/kaplet 20 mg,MELAKUKAN PENGIRIMAN DAN PENERIMAAN,1290000,1290000
KAB. MANDAILING NATAL,RUMAH SAKIT UMUM DAERAH PANYABUNGAN - 1.02.0.00.0.00.02.0001,785815,35761991,2022,E-Katalog 5.0,BLUD,PT Novartis Indonesia,E-Purchasing,Pengadaan Barang,Galvus,PROSES KONTRAK PPK,232680,0
KAB. MANDAILING NATAL,BAGIAN PENGADAAN BARANG DAN JASA SETDAKAB MANDAILING NATAL - 4.01.5.06.0.00.26.0005,1825370,36366302,2022,E-Katalog 5.0,APBD,CV. KREASI KENANGA,E-Purchasing,Pengadaan Barang,Stapler No. 50,PROSES KONTRAK PPK,157500,157500
KAB. MANDAILING NATAL,RUMAH SAKIT UMUM DAERAH PANYABUNGAN - 1.02.0.00.0.00.02.0001,708714,35761991,2022,E-Katalog 5.0,BLUD,PT.Phapros Tbk,E-Purchasing,Pengadaan Barang,Omeprazol/Omeprazole/ Omeoprazole Sodium serb injeksi 40 mg,MELAKUKAN PENGIRIMAN DAN PENERIMAAN,26730000,26730000
KAB. MANDAILING NATAL,DINAS PENDIDIKAN - ,2637373,35572910,2022,Non Tender,APBD,CV. NEOSOFT ART,Pengadaan Langsung,Pekerjaan Konstruksi,Pembangunan Gedung Bermain Beserta APE Luar Ruangan (DAK) - TK Pembina Negeri Natal Desa Sasaran Kecamatan Natal,SELESAI,149900000,149900000
KAB. MANDAILING NATAL,DINAS PEKERJAAN UMUM DAN PENATAAN RUANG - ,2757373,36033975,2022,Non Tender,APBD,PT. WINARA JAYA KONSULTAN,Pengadaan Langsung,Jasa Konsultansi Badan Usaha Konstruksi,Penyusunan Detail Engineering Design (DED) Wisata Pulau Tamang,SELESAI,49916700,49916700
KAB. MANDAILING NATAL,RUMAH SAKIT UMUM DAERAH PANYABUNGAN - 1.02.0.00.0.00.02.0001,707948,35761991,2022,E-Katalog 5.0,BLUD,P.T. Dexa Medica,E-Purchasing,Pengadaan Barang,Spironolactone/ Spironolakton tablet/kapsul/kaplet 100 mg,MELAKUKAN PENGIRIMAN DAN PENERIMAAN,53000,53000
KAB. MANDAILING NATAL,DINAS KESEHATAN - ,2598373,36185217,2022,Non Tender,APBD,PT. KARYA DAVIN NUSANTARA,Pengadaan Langsung,Pengadaan Barang,Belanja Obat-Obatan-Obat,SELESAI,164172000,0
KAB. MANDAILING NATAL,DINAS PEKERJAAN UMUM DAN PENATAAN RUANG - ,2913373,36033974,2022,Non Tender,APBD,CV. CIKAS NUSANTARA,Pengadaan Langsung,Jasa Konsultansi Badan Usaha Konstruksi,Penyusunan Detail Engineering Design (DED) Balai Latihan Kerja (BLK),SELESAI,49959000,49959000
KAB. MANDAILING NATAL,DINAS PERTANIAN - 3.27.0.00.0.00.24.0000,2677373,35250534,2022,Non Tender,APBD,CV. HABIBI PRATAMA,Pengadaan Langsung,Pekerjaan Konstruksi,Pembangunan / Rehabilitasi Jalan Usaha Tani Desa Lumban Dolok Kec. Siabu,SELESAI,128898000,128898000
KAB. MANDAILING NATAL,DINAS PERTANIAN - 3.27.0.00.0.00.24.0000,3003373,37532987,2022,Non Tender,APBDP,CV. AULIA RIZKI PRATAMA,Pengadaan Langsung,Pengadaan Barang,Pengadaan Bibit Cabe Merah,SELESAI,88777000,88777000
KAB. MANDAILING NATAL,DINAS KESEHATAN - ,671487,34281017,2022,E-Katalog 5.0,APBD,PT. Sampharindo Perdana,E-Purchasing,Pengadaan Barang,Domperidon/ Domperidone/ Domperidone Maleate tablet/kapsul/kaplet 10 mg,MELAKUKAN PENGIRIMAN DAN PENERIMAAN,14600000,14600000
KAB. MANDAILING NATAL,DINAS KESEHATAN - ,939117,34281364,2022,E-Katalog 5.0,APBD,PT. Mitra Bahagia Citra Medika,E-Purchasing,Pengadaan Barang,Hb Hemoglobin Test Strips,MELAKUKAN PENGIRIMAN DAN PENERIMAAN,83336400,0
KAB. MANDAILING NATAL,RUMAH SAKIT UMUM DAERAH PANYABUNGAN - 1.02.0.00.0.00.02.0001,1387490,35761991,2022,E-Katalog 5.0,BLUD,PT.GLOBAL DISPOMEDIKA,E-Purchasing,Pengadaan Barang,Surgical Glove Sterile Size 7.5,MELAKUKAN PENGIRIMAN DAN PENERIMAAN,4356500,0
KAB. MANDAILING NATAL,DINAS PENDIDIKAN - ,3091373,37842351,2022,Non Tender,APBDP,cv sinar jaya,Pengadaan Langsung,Pengadaan Barang,Pengadaan Mebel Paud Kecamatan Kotanopan,SELESAI,94949000,0
KAB. MANDAILING NATAL,DINAS PEKERJAAN UMUM DAN PENATAAN RUANG - ,2987373,37048026,2022,Non Tender,APBDP,CV. MUTIARA MUTIARA ABADI,Pengadaan Langsung,Pekerjaan Konstruksi,Rehabilitasi Tanggul Sungai Aek Sianggunan Kelurahan Mompang Jae Kecamatan Panyabungan Utara,SELESAI,147500000,147500000
KAB. MANDAILING NATAL,RUMAH SAKIT UMUM DAERAH PANYABUNGAN - 1.02.0.00.0.00.02.0001,1921391,35761991,2022,E-Katalog 5.0,BLUD,PT. Kimia Farma Tbk,E-Purchasing,Pengadaan Barang,"Hidrokortison/ Hydrocortisone/ Hydrocortisone acetate krim 2,5 %",MELAKUKAN PENGIRIMAN DAN PENERIMAAN,116250,116250
KAB. MANDAILING NATAL,BAGIAN PENGADAAN BARANG DAN JASA SETDAKAB MANDAILING NATAL - 4.01.5.06.0.00.26.0005,1825370,36366302,2022,E-Katalog 5.0,APBD,CV. KREASI KENANGA,E-Purchasing,Pengadaan Barang,Tip-X Cair,PROSES KONTRAK PPK,157500,157500
KAB. MANDAILING NATAL,DINAS PERTANIAN - 3.27.0.00.0.00.24.0000,2689373,35247775,2022,Non Tender,APBD,CV.PUTRA BATANG NATAL UTAMA,Pengadaan Langsung,Pekerjaan Konstruksi,Pembangunan / Rehabilitasi Jaringan irigasi Desa Kampung Baru Kecamatan Lingga Bayu,SELESAI,158775000,158775000
KAB. MANDAILING NATAL,RUMAH SAKIT UMUM DAERAH PANYABUNGAN - 1.02.0.00.0.00.02.0001,1574128,35761991,2022,E-Katalog 5.0,BLUD,PT.GLOBAL DISPOMEDIKA,E-Purchasing,Pengadaan Barang,Non Absorbable Blu Polypropylene Monofilament Type 2/0 USP 3 MET 3/8 Cutting 26 mm 75 cm thread (20S30B),MELAKUKAN PENGIRIMAN DAN PENERIMAAN,3305880,0
KAB. MANDAILING NATAL,DINAS PEKERJAAN UMUM DAN PENATAAN RUANG - ,2858373,37007421,2022,Non Tender,APBDP,CV AEK KAPIAS,Pengadaan Langsung,Pekerjaan Konstruksi,Peningkatan Jalan Muara Sipongi - Bandar Panjang Tuo,SELESAI,149000000,149000000
KAB. MANDAILING NATAL,DINAS KESEHATAN - ,938467,34281364,2022,E-Katalog 5.0,APBD,PT. Likuid Pharmalab Indonesia,E-Purchasing,Pengadaan Barang,Alkohol Swab,MELAKUKAN PENGIRIMAN DAN PENERIMAAN,5747748,5747748
KAB. MANDAILING NATAL,RUMAH SAKIT UMUM DAERAH PANYABUNGAN - 1.02.0.00.0.00.02.0001,718092,35761991,2022,E-Katalog 5.0,BLUD,PT Pratapa Nirmala,E-Purchasing,Pengadaan Barang,N(2)-L-Alanyl-L-Glutamine/ N(2)-L-Alanyl-L-Glutamine 20%  (Larutan mengandung Asam Amino) (2),PROSES KONTRAK PPK,7350000,7350000
KAB. MANDAILING NATAL,DINAS KESEHATAN - ,939891,34281364,2022,E-Katalog 5.0,APBD,PT Jayamas Medica Industri,E-Purchasing,Pengadaan Barang,Dermafix T 10x12 cm,MELAKUKAN PENGIRIMAN DAN PENERIMAAN,3858660,3858660
KAB. MANDAILING NATAL,RUMAH SAKIT UMUM DAERAH PANYABUNGAN - 1.02.0.00.0.00.02.0001,1098385,35761991,2022,E-Katalog 5.0,BLUD,P.T. Dexa Medica,E-Purchasing,Pengadaan Barang,Asam ursodeoksikolat/Ursodeoxycholic acid tablet/kapsul/kaplet 250 mg,MELAKUKAN PENGIRIMAN DAN PENERIMAAN,1007400,1007400
KAB. MANDAILING NATAL,DINAS PENDIDIKAN - ,2589373,35598100,2022,Tender,APBD,CV. RAPTAMADA,Tender,Pekerjaan Konstruksi,Pembangunan Ruang Laboratorium Komputer Beserta Perabotnya - SMP Negeri 7 Natal Satu Atap,SELESAI,508881363,508881363
KAB. MANDAILING NATAL,BAGIAN PENGADAAN BARANG DAN JASA SETDAKAB MANDAILING NATAL - 4.01.5.06.0.00.26.0005,1270685,36366301,2022,E-Katalog 5.0,APBD,CV. KREASI KENANGA,E-Purchasing,Pengadaan Barang,Kertas HVS F4,PROSES KONTRAK PPK,1495000,1495000
KAB. MANDAILING NATAL,DINAS PEKERJAAN UMUM DAN PENATAAN RUANG - ,2498373,34974354,2022,Tender,APBD,CV. FERDIAN PUTRA,Tender,Pekerjaan Konstruksi,Pembangunan Jalan Simp. Batu Mundom - Batu Mundom,SELESAI,375825000,375825000
KAB. MANDAILING NATAL,DINAS PERDAGANGAN - 3.30.3.31.0.00.25.0000,3105373,37865938,2022,Non Tender,APBDP,CV.Tunjung Biru,Pengadaan Langsung,Pekerjaan Konstruksi,Rehab Gedung Dekranasda,SELESAI,51300000,51300000
KAB. MANDAILING NATAL,DINAS KESEHATAN - ,939995,34281364,2022,E-Katalog 5.0,APBD,PT Jayamas Medica Industri,E-Purchasing,Pengadaan Barang,Povidone Iodine Larutan Antiseptik 30 ml,MELAKUKAN PENGIRIMAN DAN PENERIMAAN,466200,466200
KAB. MANDAILING NATAL,RUMAH SAKIT UMUM DAERAH PANYABUNGAN - 1.02.0.00.0.00.02.0001,784684,35761991,2022,E-Katalog 5.0,BLUD,PT. Mahakam Beta Farma,E-Purchasing,Pengadaan Barang,"Fentanil/ Fentanyl injeksi 0,05 mg/ml (i.m/i.v), Dus, 5 ampul @ 2 mL",PROSES KONTRAK PPK,8482200,8482200
KAB. MANDAILING NATAL,DINAS PEKERJAAN UMUM DAN PENATAAN RUANG - ,2855373,37020541,2022,Non Tender,APBDP,CV. PATRICIA ADISTY,Pengadaan Langsung,Pekerjaan Konstruksi,Rehabilitasi/Pemeliharaan Jalan Tanobato - Roburan,SELESAI,198500000,198500000
KAB. MANDAILING NATAL,DINAS PEMUDA DAN OLAHRAGA - 2.19.0.00.0.00.20.0000,2705373,35669615,2022,Non Tender,APBD,CV. CAHAYA,Pengadaan Langsung,Pengadaan Barang,Belanja Pakaian Paskibraka,SELESAI,106992000,106992000
KAB. MANDAILING NATAL,RUMAH SAKIT UMUM DAERAH PANYABUNGAN - 1.02.0.00.0.00.02.0001,717620,35761991,2022,E-Katalog 5.0,BLUD,PT Jayamas Medica Industri,E-Purchasing,Pengadaan Barang,Nebulizer Mask Set Dewasa,MELAKUKAN PENGIRIMAN DAN PENERIMAAN,6425100,6425100
KAB. MANDAILING NATAL,DINAS PERTANIAN - 3.27.0.00.0.00.24.0000,2442373,35070968,2022,Non Tender,APBD,CV. PUTRA PRATAMA,Pengadaan Langsung,Pengadaan Barang,Belanja Persediaan untuk Dijual/Diserahkan-Persediaan untuk Dijual/Diserahkan kepada Masyarakat,SELESAI,190920000,0
KAB. MANDAILING NATAL,RUMAH SAKIT UMUM DAERAH PANYABUNGAN - 1.02.0.00.0.00.02.0001,969623,35761991,2022,E-Katalog 5.0,BLUD,PT Jayamas Medica Industri,E-Purchasing,Pengadaan Barang,"Endotracheal Tube No.7,5",MELAKUKAN PENGIRIMAN DAN PENERIMAAN,254100,254100
KAB. MANDAILING NATAL,SEKRETARIAT DPRD KABUPATEN - 4.02.0.00.0.00.27.0000,2931373,35792900,2022,Non Tender,APBD,CV. DAME LANGGENG,Pengadaan Langsung,Pengadaan Barang,Belanja Laptop Bagian Umum dan Keuangan,SELESAI,199356000,199356000
KAB. MANDAILING NATAL,RUMAH SAKIT UMUM DAERAH PANYABUNGAN - 1.02.0.00.0.00.02.0001,2355558,35761991,2022,E-Katalog 5.0,BLUD,PT.GLOBAL DISPOMEDIKA,E-Purchasing,Pengadaan Barang,Surgical Glove Sterile Size  7.0,PROSES KONTRAK PPK,4356500,0
KAB. MANDAILING NATAL,SEKRETARIAT DPRD KABUPATEN - 4.02.0.00.0.00.27.0000,2533373,35792941,2022,Non Tender,APBD,CV. PUTRA PRATAMA,Pengadaan Langsung,Pekerjaan Konstruksi,Rehab Rumah Dinas Ketua DPRD,SELESAI,194000000,194000000
KAB. MANDAILING NATAL,DINAS PENDIDIKAN DAN KEUBUDAYAAN - 1.01.2.22.0.00.00.0000,2164562,37502830,2022,E-Katalog 5.0,APBDP,CV.MAJU JAYA,E-Purchasing,Pengadaan Barang,MEJA SISWA SMP A,MELAKUKAN PENGIRIMAN DAN PENERIMAAN,510600000,510600000
KAB. MANDAILING NATAL,DINAS PEKERJAAN UMUM DAN PENATAAN RUANG - ,2509373,34699397,2022,Tender,APBD,CV. ANUGRAH PERMAI,Tender,Pekerjaan Konstruksi,Peningkatan Jalan Komplek Perkantoran Pemda ‐ Sipalangka,SELESAI,3487578000,3487578000
KAB. MANDAILING NATAL,RUMAH SAKIT UMUM DAERAH PANYABUNGAN - 1.02.0.00.0.00.02.0001,1098385,35761991,2022,E-Katalog 5.0,BLUD,P.T. Dexa Medica,E-Purchasing,Pengadaan Barang,Human tetanus imunoglobulin inj 250 IU (i.m.),MELAKUKAN PENGIRIMAN DAN PENERIMAAN,14680000,0
KAB. MANDAILING NATAL,DINAS PERTANIAN - 3.27.0.00.0.00.24.0000,2749373,36390128,2022,Non Tender,APBD,CV. RADEN SALEH,Pengadaan Langsung,Pekerjaan Konstruksi,Pembangunan Jalan Usaha Tani (JUT) di Desa Angin Barat Kec. Tambangan Kab. Mandailing Natal (BKP),SELESAI,199365000,199365000
KAB. MANDAILING NATAL,DINAS PERTANIAN - 3.27.0.00.0.00.24.0000,2577373,36053938,2022,Non Tender,APBD,CV. RAJAWALI ENGINEERING CONSULTANT,Pengadaan Langsung,Jasa Konsultansi Badan Usaha Non Konstruksi,Belanja Jasa Konsultan Perencanaan dan Pengawasan,SELESAI,99622500,99622500
KAB. MANDAILING NATAL,DINAS PENDIDIKAN - ,2642373,35573731,2022,Non Tender,APBD,CV. TIQA CEMERLANG,Pengadaan Langsung,Pekerjaan Konstruksi,Pembangunan Toilet (Jamban) Beserta Sanitasinya (DAK) - SD Negeri 387 Ranto Panjang,SELESAI,99879000,99879000
KAB. MANDAILING NATAL,DINAS PEKERJAAN UMUM DAN PENATAAN RUANG - ,3062373,37043542,2022,Non Tender,APBDP,CV. TIQA CEMERLANG,Pengadaan Langsung,Pekerjaan Konstruksi,Pembangunan MCK di Desa Lubuk Kapundung Kec. Muara Batang Gadis,SELESAI,197800000,197800000
KAB. MANDAILING NATAL,DINAS PENDIDIKAN - ,2609373,35573821,2022,Tender,APBD,cv. winda utama,Tender,Pekerjaan Konstruksi,Pembangunan Ruang Laboratorium Komputer Beserta Perabotnya (DAK) - SD Negeri 124 Binanga,SELESAI,207466400,207466400
KAB. MANDAILING NATAL,DINAS PENDIDIKAN - ,2581373,35597999,2022,Tender,APBD,CV. ZAQKIH ALAWI,Tender,Pekerjaan Konstruksi,Pembangunan Ruang UKS Beserta Perabotnya (DAK) - SMP Negeri 8 Natal,SELESAI,219277708,219277708
KAB. MANDAILING NATAL,RUMAH SAKIT UMUM DAERAH PANYABUNGAN - 1.02.0.00.0.00.02.0001,707948,35761991,2022,E-Katalog 5.0,BLUD,P.T. Dexa Medica,E-Purchasing,Pengadaan Barang,Salbutamol/ Salbutamol Sulphate MDI/aerosol 100mcg/dosis,MELAKUKAN PENGIRIMAN DAN PENERIMAAN,440000,0
KAB. MANDAILING NATAL,DINAS PENDIDIKAN - ,2801373,35573979,2022,Non Tender,APBD,CV. PUTRI LESTARI,Pengadaan Langsung,Pekerjaan Konstruksi,Pembangunan Ruang Kelas Baru - SD Negeri 393 Tagilang,SELESAI,194198000,194198000
KAB. MANDAILING NATAL,RUMAH SAKIT UMUM DAERAH PANYABUNGAN - 1.02.0.00.0.00.02.0001,1482040,35761991,2022,E-Katalog 5.0,BLUD,PT Otsuka Indonesia,E-Purchasing,Pengadaan Barang,"NaCl / Sodium Chloride  0,9%, @ 100 mL",MELAKUKAN PENGIRIMAN DAN PENERIMAAN,2705600,2705600
KAB. MANDAILING NATAL,RUMAH SAKIT UMUM DAERAH PANYABUNGAN - 1.02.0.00.0.00.02.0001,1098385,35761991,2022,E-Katalog 5.0,BLUD,P.T. Dexa Medica,E-Purchasing,Pengadaan Barang,Cefixime trihydrate/ Cefixime/ Sefiksim tablet/kapsul/kaplet/tablet salut selaput/kaplet salut selaput 200,MELAKUKAN PENGIRIMAN DAN PENERIMAAN,7490000,7490000
KAB. MANDAILING NATAL,DINAS PEKERJAAN UMUM DAN PENATAAN RUANG - ,2857373,37007103,2022,Non Tender,APBDP,CV. TORKIS LUBIS GROUP,Pengadaan Langsung,Pekerjaan Konstruksi,Lanjutan Peningkatan Jalan Keliling Pesantren Mustafawiyah Desa Purba Baru,SELESAI,198365000,198365000
KAB. MANDAILING NATAL,DINAS KESEHATAN - ,671033,34281017,2022,E-Katalog 5.0,APBD,PT. MEPROFARM,E-Purchasing,Pengadaan Barang,"Kombinasi: Ipratropium bromida 0,5 mg + Salbutamol 2,5 mg cairan inhalasi",MELAKUKAN PENGIRIMAN DAN PENERIMAAN,55155000,55155000
KAB. MANDAILING NATAL,RUMAH SAKIT UMUM DAERAH PANYABUNGAN - 1.02.0.00.0.00.02.0001,1355165,35761991,2022,E-Katalog 5.0,BLUD,PT AstraZeneca Indonesia,E-Purchasing,Pengadaan Barang,"kombinasi, setiap dosis mengandung :   Budesonid 160 mcg  Formoterol 4,5 mcg  (inhalasi), 120 dosis kemasan turbuhaler",MELAKUKAN PENGIRIMAN DAN PENERIMAAN,9042240,0
KAB. MANDAILING NATAL,DINAS LINGKUNGAN HIDUP - 2.11.0.00.0.00.12.0000,2633373,36250936,2022,Tender,APBD,CV. TIGA PERMATA,Tender Cepat,Pengadaan Barang,Pengadaan Tiang PJU Oktagonal Dan Kelengkapannya,SELESAI,370551319,0
KAB. MANDAILING NATAL,RUMAH SAKIT UMUM DAERAH PANYABUNGAN - 1.02.0.00.0.00.02.0001,1386568,35761991,2022,E-Katalog 5.0,BLUD,PT Widatra Bhakti,E-Purchasing,Pengadaan Barang,Glukosa larutan infus 5 % 500 mL,MELAKUKAN PENGIRIMAN DAN PENERIMAAN,1988100,1988100
KAB. MANDAILING NATAL,DINAS PEKERJAAN UMUM DAN PENATAAN RUANG - ,2496373,34720051,2022,Tender,APBD,CV. DEDDY KURNIA,Tender,Pekerjaan Konstruksi,Pembangunan Pasar Eks Bioskop Tapanuli Kec. Panyabungan,SELESAI,1609187559,1609187559
KAB. MANDAILING NATAL,DINAS KESEHATAN - ,704084,34281017,2022,E-Katalog 5.0,APBD,PT.Phapros Tbk,E-Purchasing,Pengadaan Barang,Lidocaine Hydrochloride/ Lidocaine/ Lidocain/ Lidokain injeksi 2%,MELAKUKAN PENGIRIMAN DAN PENERIMAAN,8910000,8910000
KAB. MANDAILING NATAL,DINAS PENDIDIKAN DAN KEUBUDAYAAN - 1.01.2.22.0.00.00.0000,857824,36028154,2022,E-Katalog 5.0,APBD,CV. NEGERI PERTIWI JAYA,E-Purchasing,Pengadaan Barang,Pineri  Type C Connector ,PROSES KONTRAK PPK,4600000,4600000
KAB. MANDAILING NATAL,DINAS PEKERJAAN UMUM DAN PENATAAN RUANG - ,2730373,34657498,2022,Non Tender,APBD,CV. AUR LAS,Pengadaan Langsung,Pekerjaan Konstruksi,Rehabilitasi Bantaran dan Tanggul Sungai Desa Pasar Batahan Kec. Batahan,SELESAI,195640000,195640000
KAB. MANDAILING NATAL,BAGIAN PENGADAAN BARANG DAN JASA SETDAKAB MANDAILING NATAL - 4.01.5.06.0.00.26.0005,1825370,36366302,2022,E-Katalog 5.0,APBD,CV. KREASI KENANGA,E-Purchasing,Pengadaan Barang,Lakban Hitam Jilid 2 Inc,PROSES KONTRAK PPK,214200,214200
KAB. MANDAILING NATAL,DINAS KESEHATAN - ,672299,34281017,2022,E-Katalog 5.0,APBD,PT. Kimia Farma Tbk,E-Purchasing,Pengadaan Barang,Miconazole nitrate/ Miconazole/ Mikonazol krim 2 %,MELAKUKAN PENGIRIMAN DAN PENERIMAAN,95030400,95030400
KAB. MANDAILING NATAL,RUMAH SAKIT UMUM DAERAH PANYABUNGAN - 1.02.0.00.0.00.02.0001,1385036,35761991,2022,E-Katalog 5.0,BLUD,P.T. Dexa Medica,E-Purchasing,Pengadaan Barang,Cefixime trihydrate/ Cefixime/ Sefiksim sirup/ sirup kering 100 mg/ 5 ml,MELAKUKAN PENGIRIMAN DAN PENERIMAAN,1484100,1484100
KAB. MANDAILING NATAL,DINAS PENDIDIKAN - ,2699373,35597971,2022,Non Tender,APBD,CV. PATEN,Pengadaan Langsung,Pekerjaan Konstruksi,Pembangunan Toilet (Jamban) Beserta Sanitasinya (DAK) - SMP Negeri 1 Linggabayu,SELESAI,177180000,177180000
KAB. MANDAILING NATAL,DINAS PENDIDIKAN - ,2584373,35597959,2022,Tender,APBD,CV. DEDDY KURNIA,Tender,Pekerjaan Konstruksi,Pembangunan Ruang UKS Beserta Perabotnya (DAK) - SMP Negeri 1 Panyabungan,SELESAI,217033980,217033980
KAB. MANDAILING NATAL,DINAS PERTANIAN - 3.27.0.00.0.00.24.0000,2755373,36390131,2022,Non Tender,APBD,CV. BUNGA BONDAR GROUP,Pengadaan Langsung,Pekerjaan Konstruksi,Pembangunan Jalan Usaha Tani (JUT) di Desa Manambin Kec. Kotanopn Kab. Mandailing Natal (BKP),SELESAI,199367000,199367000
KAB. MANDAILING NATAL,DINAS KESEHATAN - ,939891,34281364,2022,E-Katalog 5.0,APBD,PT Jayamas Medica Industri,E-Purchasing,Pengadaan Barang,Glucose  Protein Test Strip,MELAKUKAN PENGIRIMAN DAN PENERIMAAN,2290000,2290000
KAB. MANDAILING NATAL,DINAS PENDIDIKAN - ,2797373,35573992,2022,Non Tender,APBD,CV. ANUGERAH AZKA WAHANA,Pengadaan Langsung,Pekerjaan Konstruksi,Pembangunan Ruang Kelas Baru - SD Negeri 405 Simpang Bambu,SELESAI,194248000,194248000
KAB. MANDAILING NATAL,KECAMATAN LEMBAH SORIK MARAPI - 7.01.0.00.0.00.48.0000,3115373,37902132,2022,Non Tender,APBDP,KENANGA MULTI TRADE,Pengadaan Langsung,Pengadaan Barang,Penyediaan Peralatan dan Perlengkapan Kantor,SELESAI,199190000,199190000
KAB. MANDAILING NATAL,DINAS PEKERJAAN UMUM DAN PENATAAN RUANG - ,2474373,34716219,2022,Tender,APBD,CV. BINA SARANA,Tender,Pekerjaan Konstruksi,Rehabilitasi/Pemeliharaan Jalan Aek Godang ‐ Hutabargot ( Watas Kec. Panyabungan Barat ),SELESAI,4939874000,4939874000
KAB. MANDAILING NATAL,DINAS PEKERJAAN UMUM DAN PENATAAN RUANG - ,2977373,37048097,2022,Non Tender,APBDP,CV. BANGKIT BERSAMA GROUP,Pengadaan Langsung,Pekerjaan Konstruksi,Rehabilitasi Tanggul Sungai Desa Kuala Batahan Kecamatan Batahan,SELESAI,148580000,148580000
KAB. MANDAILING NATAL,DINAS PERUMAHAN DAN KAWASAN PERMUKIMAN - 1.04.0.00.0.00.04.0000,2476373,35538422,2022,Non Tender,APBD,CV. TEGUH MANDALA,Pengadaan Langsung,Pekerjaan Konstruksi,Pembangunan Jalan Lingkungan di Desa Bandar Limabung Kec. Lingga Bayu,SELESAI,134700000,134700000
KAB. MANDAILING NATAL,RUMAH SAKIT UMUM DAERAH PANYABUNGAN - 1.02.0.00.0.00.02.0001,1557145,35761991,2022,E-Katalog 5.0,BLUD,PT.GLOBAL DISPOMEDIKA,E-Purchasing,Pengadaan Barang,Surgical Gloves Size 7.0,MELAKUKAN PENGIRIMAN DAN PENERIMAAN,4105800,0
KAB. MANDAILING NATAL,DINAS KESEHATAN - ,672299,34281017,2022,E-Katalog 5.0,APBD,PT. Kimia Farma Tbk,E-Purchasing,Pengadaan Barang,Griseofulvin (micronized) tablet/kapsul/kaplet 125 mg,MELAKUKAN PENGIRIMAN DAN PENERIMAAN,4200000,4200000
KAB. MANDAILING NATAL,DINAS PEKERJAAN UMUM DAN PENATAAN RUANG - ,2990373,37048546,2022,Non Tender,APBDP,CV. PUTRA BARINGIN GROUP,Pengadaan Langsung,Pekerjaan Konstruksi,Rehabilitasi Jaringan Irigasi Desa Hutarimbaru Kecamatan Panyabungan Selatan,SELESAI,98200000,98200000
KAB. MANDAILING NATAL,DINAS PENDIDIKAN DAN KEUBUDAYAAN - 1.01.2.22.0.00.00.0000,936593,36028002,2022,E-Katalog 5.0,APBD,PT Sentra Kriya Edukasi,E-Purchasing,Pengadaan Barang,CB311_9HT Celeron N4020 4G 32G UMA WiFi ChromeOS + Chrome EDU Upgrade 11.6inch Touch Garansi 1/1/0 (P/L/O) (Hanya berfungsi optimal jika ada jaringan internet),PROSES KONTRAK PPK,35300000,35300000
KAB. MANDAILING NATAL,RUMAH SAKIT UMUM DAERAH PANYABUNGAN - 1.02.0.00.0.00.02.0001,708524,35761991,2022,E-Katalog 5.0,BLUD,PT Otsuka Indonesia,E-Purchasing,Pengadaan Barang,Dextrose monohydrat - Dextrose anhydrat 40%,MELAKUKAN PENGIRIMAN DAN PENERIMAAN,840000,840000
KAB. MANDAILING NATAL,DINAS PERTANIAN - 3.27.0.00.0.00.24.0000,2683373,35247736,2022,Non Tender,APBD,CV. PATEN,Pengadaan Langsung,Pekerjaan Konstruksi,Pembangunan / Rehabilitasi Jaringan irigasi Bondar Saba Tonga Desa Kumpulan Setia Kec. Hutabargot,SELESAI,97141000,97141000
KAB. MANDAILING NATAL,DINAS PERTANIAN - 3.27.0.00.0.00.24.0000,2756373,36390129,2022,Non Tender,APBD,CV. RADEN SALEH,Pengadaan Langsung,Pekerjaan Konstruksi,Pembangunan Jalan Usaha tani (JUT) di Desa Huraba Siabu Kec. Siabu Kab. Mandailing Natal (BKP),SELESAI,199536000,199536000
KAB. MANDAILING NATAL,DINAS KESEHATAN - ,3116373,37527344,2022,Non Tender,APBD,CV. PERMATA KASIH,Pengadaan Langsung,Pekerjaan Konstruksi,belanja bahan bangunandan kontruksi (Penimbunan) PEMATANGAN LAHAN PERTAPAKAN PUSKESMAS GUNUNG TUA,SELESAI,199817000,199817000
KAB. MANDAILING NATAL,DINAS PENDIDIKAN - ,2585373,35764180,2022,Tender,APBD,CV. DEDDY KURNIA,Tender,Pekerjaan Konstruksi,Pembangunan Ruang Tata Usaha Beserta Perabotnya (DAK) - SMP Negeri 3 Ranto Baek Satu Atap,SELESAI,416833050,416833050
KAB. MANDAILING NATAL,RUMAH SAKIT UMUM DAERAH PANYABUNGAN - 1.02.0.00.0.00.02.0001,1110736,35761991,2022,E-Katalog 5.0,BLUD,PT Ethica Industri Farmasi,E-Purchasing,Pengadaan Barang,Oxytocin/ Oksitosin inj 10 IU/ml ,MELAKUKAN PENGIRIMAN DAN PENERIMAAN,2252000,2252000
KAB. MANDAILING NATAL,DINAS PEKERJAAN UMUM DAN PENATAAN RUANG - ,2467373,34716228,2022,Tender,APBD,cv.prima duta,Tender,Pekerjaan Konstruksi,Rehabilitasi/Pemeliharaan Jalan Sinonoan ‐ Muara Batang Angkola,SELESAI,3012657000,3012657000
KAB. MANDAILING NATAL,RUMAH SAKIT UMUM DAERAH PANYABUNGAN - 1.02.0.00.0.00.02.0001,1395847,35761991,2022,E-Katalog 5.0,BLUD,PT Jayamas Medica Industri,E-Purchasing,Pengadaan Barang,Urine Bag,MELAKUKAN PENGIRIMAN DAN PENERIMAAN,1863400,1863400
KAB. MANDAILING NATAL,DINAS KESEHATAN - ,938336,34281364,2022,E-Katalog 5.0,APBD,Abhimata Manunggal,E-Purchasing,Pengadaan Barang,AMA Anti-B Monoclonal Antibodies,MELAKUKAN PENGIRIMAN DAN PENERIMAAN,11352250,11352250
KAB. MANDAILING NATAL,DINAS KESEHATAN - ,854161,34279202,2022,E-Katalog 5.0,APBD,PT. Emiindo Jaya Bersama,E-Purchasing,Pengadaan Barang,Blood Pressure Monitor/ Tensimeter Digital Powerbank Plus  Adaptor,MELAKUKAN PENGIRIMAN DAN PENERIMAAN,7240800,7240800
KAB. MANDAILING NATAL,RUMAH SAKIT UMUM DAERAH PANYABUNGAN - 1.02.0.00.0.00.02.0001,969623,35761991,2022,E-Katalog 5.0,BLUD,PT Jayamas Medica Industri,E-Purchasing,Pengadaan Barang,Endotracheal Tube No.7,MELAKUKAN PENGIRIMAN DAN PENERIMAAN,254100,254100
KAB. MANDAILING NATAL,BADAN KESATUAN BANGSA DAN POLITIK - 8.01.0.00.0.00.56.0000,98373,34015318,2022,Pencatatan,APBD,MUHAMMAD AL ANSYARI NASUTION ST,Pengadaan Langsung,Pekerjaan Konstruksi,Belanja Jasa Konsultan Perencanaan.,PAKET SELESAI,13440000,13440000
KAB. MANDAILING NATAL,DINAS PERUMAHAN DAN KAWASAN PERMUKIMAN - 1.04.0.00.0.00.04.0000,2629373,35538518,2022,Non Tender,APBD,CV. ANUGERAH AZKA WAHANA,Pengadaan Langsung,Pekerjaan Konstruksi,Pembangunan Jalan Lingkungan di Desa Sikara Kara I Kec. Natal,SELESAI,147000000,147000000
KAB. MANDAILING NATAL,DINAS PEKERJAAN UMUM DAN PENATAAN RUANG - ,3061373,37046136,2022,Non Tender,APBDP,CV. PARADISE PARK,Pengadaan Langsung,Pekerjaan Konstruksi,Perluasan Jaringan Perpiaan di Kelurahan Dalan Lidang,SELESAI,147800000,147800000
KAB. MANDAILING NATAL,DINAS PENDIDIKAN - ,2645373,35573662,2022,Non Tender,APBD,CV. NABILA,Pengadaan Langsung,Pekerjaan Konstruksi,Pembangunan Toilet (Jamban) Beserta Sanitasinya (DAK) - SD Negeri 343 Kubangan Tompek,SELESAI,99829000,99829000
KAB. MANDAILING NATAL,DINAS PERUMAHAN DAN KAWASAN PERMUKIMAN - 1.04.0.00.0.00.04.0000,2511373,35538462,2022,Non Tender,APBD,CV. KENZO MAHAGANI,Pengadaan Langsung,Pekerjaan Konstruksi,Pembangunan Jalan Lingkungan di Desa Huta Puli Kec. Siabu,SELESAI,134000000,134000000
KAB. MANDAILING NATAL,BADAN PENGELOLAAN KEUANGAN PENDAPATAN DAN ASET DAERAH - ,2979373,37243427,2022,Non Tender,APBDP,CV. PUTRA BARINGIN GROUP,Pengadaan Langsung,Pekerjaan Konstruksi,Belanja Pemeliharaan Bangunan Gedung - Bangunan Gedung Tempat Kerja - Bangunan Gedung Kantor,SELESAI,199872000,199872000
KAB. MANDAILING NATAL,DINAS PERUMAHAN DAN KAWASAN PERMUKIMAN - 1.04.0.00.0.00.04.0000,2525373,35538470,2022,Non Tender,APBD,cv. winda utama,Pengadaan Langsung,Pekerjaan Konstruksi,Pembangunan Jalan Lingkungan di Kel. Simangambat Kec. Siabu,SELESAI,133800000,133800000
KAB. MANDAILING NATAL,DINAS PENDIDIKAN DAN KEUBUDAYAAN - 1.01.2.22.0.00.00.0000,2164562,37502830,2022,E-Katalog 5.0,APBDP,CV.MAJU JAYA,E-Purchasing,Pengadaan Barang,PAPAN TULIS GANTUNG,MELAKUKAN PENGIRIMAN DAN PENERIMAAN,30590000,30590000
KAB. MANDAILING NATAL,DINAS PENDIDIKAN - ,2655373,35573572,2022,Non Tender,APBD,CV. PARADISE PARK,Pengadaan Langsung,Pekerjaan Konstruksi,Pembangunan Ruang Perpustakaan Beserta Perabotnya (DAK) - SD Negeri 315 Simpang Talap,SELESAI,199873000,199873000
KAB. MANDAILING NATAL,DINAS PENDIDIKAN DAN KEUBUDAYAAN - 1.01.2.22.0.00.00.0000,857824,36028154,2022,E-Katalog 5.0,APBD,CV. NEGERI PERTIWI JAYA,E-Purchasing,Pengadaan Barang,IN114XV,PROSES KONTRAK PPK,175950000,0
KAB. MANDAILING NATAL,DINAS KESEHATAN - ,1101616,34281364,2022,E-Katalog 5.0,APBD,PT Medquest Jaya Global,E-Purchasing,Pengadaan Barang,Xpert MTB/RIF Assay Kit,MELAKUKAN PENGIRIMAN DAN PENERIMAAN,254400000,0
KAB. MANDAILING NATAL,DINAS PEKERJAAN UMUM DAN PENATAAN RUANG - ,2960373,37403001,2022,Non Tender,APBDP,CV. GAPURA ALAM PERSADA,Pengadaan Langsung,Pekerjaan Konstruksi,Rehabilitasi Aula dan Kantor Camat Lembah Sorik Marapi,SELESAI,149250000,149250000
KAB. MANDAILING NATAL,DINAS PEKERJAAN UMUM DAN PENATAAN RUANG - ,2984373,37045549,2022,Non Tender,APBDP,CV. MANUNGGAL RIAMERTA DEV. CONSULTANT,Pengadaan Langsung,Jasa Konsultansi Badan Usaha Konstruksi,Konsultan Pengawasan Kegiatan SPAM P.APBD 2022,SELESAI,28000000,28000000
KAB. MANDAILING NATAL,DINAS PERTANIAN - 3.27.0.00.0.00.24.0000,2682373,35250708,2022,Non Tender,APBD,CV. AUR LAS,Pengadaan Langsung,Pekerjaan Konstruksi,Pembangunan / Rehabilitasi Jalan Usaha Tani Desa Banjar Aur Kec. Batahan,SELESAI,128901000,128901000
KAB. MANDAILING NATAL,RUMAH SAKIT UMUM DAERAH PANYABUNGAN - 1.02.0.00.0.00.02.0001,888314,35761991,2022,E-Katalog 5.0,BLUD,PT Sinaraya Nugraha Ahmadaris Medika,E-Purchasing,Pengadaan Barang,15 cm x 5 m,MELAKUKAN PENGIRIMAN DAN PENERIMAAN,5415500,5415500
KAB. MANDAILING NATAL,RUMAH SAKIT UMUM DAERAH PANYABUNGAN - 1.02.0.00.0.00.02.0001,1118062,35761991,2022,E-Katalog 5.0,BLUD,PT. Kimia Farma Tbk,E-Purchasing,Pengadaan Barang,Pethidine hydrochloride/ Petidin inj 50 mg/mL (i.m./i.v.) ,MELAKUKAN PENGIRIMAN DAN PENERIMAAN,6650000,0
KAB. MANDAILING NATAL,DINAS PEKERJAAN UMUM DAN PENATAAN RUANG - ,2558373,34697257,2022,Tender,APBD,MANDIRI TORIDA,Tender,Pekerjaan Konstruksi,Perluasan SPAM Jaringan Perpipaan Desa Panggorengan,SELESAI,286009749,286009749
KAB. MANDAILING NATAL,RUMAH SAKIT UMUM DAERAH PANYABUNGAN - 1.02.0.00.0.00.02.0001,1295197,35761991,2022,E-Katalog 5.0,BLUD,PT. Hexpharm Jaya Laboratories,E-Purchasing,Pengadaan Barang,Metilprednisolon/Methylprednisolone tablet/kapsul/kaplet 4 mg,MELAKUKAN PENGIRIMAN DAN PENERIMAAN,2040000,2040000
KAB. MANDAILING NATAL,BAGIAN PENGADAAN BARANG DAN JASA SETDAKAB MANDAILING NATAL - 4.01.5.06.0.00.26.0005,1825370,36366302,2022,E-Katalog 5.0,APBD,CV. KREASI KENANGA,E-Purchasing,Pengadaan Barang,Pita Mesik Tik,PROSES KONTRAK PPK,116550,116550
KAB. MANDAILING NATAL,SEKRETARIAT DPRD KABUPATEN - 4.02.0.00.0.00.27.0000,2933373,35792904,2022,Non Tender,APBD,CV. SINAR JAYA ABADI,Pengadaan Langsung,Pengadaan Barang,Belanja Laptop Bagian Fasilitasi Penganggaran dan Pengawasan,SELESAI,99678000,99678000
KAB. MANDAILING NATAL,DINAS PEKERJAAN UMUM DAN PENATAAN RUANG - ,2563373,34697241,2022,Non Tender,APBD,CV. PARADISE PARK,Pengadaan Langsung,Pekerjaan Konstruksi,Perluasan SPAM Jaringan Perpipaan Kel. Kayu Jati,SELESAI,196500000,196500000
KAB. MANDAILING NATAL,DINAS KESEHATAN - ,2620373,36185217,2022,Non Tender,APBD,PT KIMIA FARMA TRADING& DISTRIBTION CABANG PEMATANGSIANTAR,Pengadaan Langsung,Pengadaan Barang,Belanja Obat-Obatan-Obat,SELESAI,199753000,199753000
KAB. MANDAILING NATAL,RUMAH SAKIT UMUM DAERAH PANYABUNGAN - 1.02.0.00.0.00.02.0001,1099836,35761991,2022,E-Katalog 5.0,BLUD,PT. B.BRAUN MEDICAL INDONESIA,E-Purchasing,Pengadaan Barang,SPINOCAN 25GX3 1/2 (0.53X88 MM),MELAKUKAN PENGIRIMAN DAN PENERIMAAN,16797755,0
KAB. MANDAILING NATAL,DINAS KESEHATAN - ,820391,34279496,2022,E-Katalog 5.0,APBD,PT. SINKO PRIMA ALLOY,E-Purchasing,Pengadaan Barang,LAMPU PERIKSA LED MEL-02,MELAKUKAN PENGIRIMAN DAN PENERIMAAN,41285000,41285000
KAB. MANDAILING NATAL,RUMAH SAKIT UMUM DAERAH PANYABUNGAN - 1.02.0.00.0.00.02.0001,1057546,35761991,2022,E-Katalog 5.0,BLUD,PT. Hexpharm Jaya Laboratories,E-Purchasing,Pengadaan Barang,Metformin Hydrochloride/ Metformin tablet/kapsul/kaplet 500 mg,MELAKUKAN PENGIRIMAN DAN PENERIMAAN,4620000,4620000
KAB. MANDAILING NATAL,DINAS KESEHATAN - ,2612373,36185217,2022,Non Tender,APBD,PT DOS NI ROHA,Pengadaan Langsung,Pengadaan Barang,Belanja Obat-Obatan-Obat,SELESAI,195360000,0
KAB. MANDAILING NATAL,RUMAH SAKIT UMUM DAERAH PANYABUNGAN - 1.02.0.00.0.00.02.0001,1482588,35761991,2022,E-Katalog 5.0,BLUD,P.T. Dexa Medica,E-Purchasing,Pengadaan Barang,Asam ursodeoksikolat/Ursodeoxycholic acid tablet/kapsul/kaplet 250 mg,MELAKUKAN PENGIRIMAN DAN PENERIMAAN,2518500,2518500
KAB. MANDAILING NATAL,DINAS PEKERJAAN UMUM DAN PENATAAN RUANG - ,2951373,37402941,2022,Non Tender,APBDP,CV. ONE FIZ,Pengadaan Langsung,Pekerjaan Konstruksi,Penambahan Ruang Kantor Camat Bukit Malintang,SELESAI,199239000,199239000
KAB. MANDAILING NATAL,RUMAH SAKIT UMUM DAERAH PANYABUNGAN - 1.02.0.00.0.00.02.0001,717620,35761991,2022,E-Katalog 5.0,BLUD,PT Jayamas Medica Industri,E-Purchasing,Pengadaan Barang,Disposable Colostomy Bag,MELAKUKAN PENGIRIMAN DAN PENERIMAAN,2640000,2640000
KAB. MANDAILING NATAL,DINAS PEKERJAAN UMUM DAN PENATAAN RUANG - ,2731373,34657511,2022,Non Tender,APBD,CV. CAHAYA MUTIARA,Pengadaan Langsung,Pekerjaan Konstruksi,Rehabilitasi Tanggul Sungai Aek Kitang Desa Gunung Manaon Kecamatan Panyabungan,SELESAI,97490000,97490000
KAB. MANDAILING NATAL,DINAS PERDAGANGAN - 3.30.3.31.0.00.25.0000,3106373,37865916,2022,Non Tender,APBDP,cv. abadi karya,Pengadaan Langsung,Pekerjaan Konstruksi,Pembangunan Dek dan Rehabilitasi Pasar Bangkelang Kecamatan Batang Natal,SELESAI,149183000,149183000
KAB. MANDAILING NATAL,RUMAH SAKIT UMUM DAERAH PANYABUNGAN - 1.02.0.00.0.00.02.0001,958212,35761991,2022,E-Katalog 5.0,BLUD,PT. Merck Tbk,E-Purchasing,Pengadaan Barang,"Bisoprolol tablet/kapsul/kaplet 1,25 mg",MELAKUKAN PENGIRIMAN DAN PENERIMAAN,4762500,4762500
KAB. MANDAILING NATAL,DINAS PEKERJAAN UMUM DAN PENATAAN RUANG - ,3040373,37048662,2022,Non Tender,APBDP,CV. KENZO MAHAGANI,Pengadaan Langsung,Pekerjaan Konstruksi,Rehabilitasi Jaringan Irigasi Bondar Tonga Desa Huta Pungkut Julu Kecamatan Kotanopan,SELESAI,123790000,123790000
KAB. MANDAILING NATAL,DINAS PENDIDIKAN - ,2602373,35597978,2022,Tender,APBD,cv. andalas raya,Tender,Pekerjaan Konstruksi,Pembangunan Ruang Laboratorium IPA Beserta Perabotnya (DAK) - SMP Negeri 4 Muara Batang Gadis,SELESAI,412299398,412299398
KAB. MANDAILING NATAL,RUMAH SAKIT UMUM DAERAH PANYABUNGAN - 1.02.0.00.0.00.02.0001,707948,35761991,2022,E-Katalog 5.0,BLUD,P.T. Dexa Medica,E-Purchasing,Pengadaan Barang,Ondansetron hydrochloride (HCl)/ Ondansetron HCl dihydrate /Ondansetron inj 2 mg/mL,MELAKUKAN PENGIRIMAN DAN PENERIMAAN,7857000,7857000
KAB. MANDAILING NATAL,RUMAH SAKIT UMUM DAERAH PANYABUNGAN - 1.02.0.00.0.00.02.0001,1921391,35761991,2022,E-Katalog 5.0,BLUD,PT. Kimia Farma Tbk,E-Purchasing,Pengadaan Barang,Pethidine hydrochloride/ Petidin inj 50 mg/mL (i.m./i.v.) ,MELAKUKAN PENGIRIMAN DAN PENERIMAAN,2660000,0
KAB. MANDAILING NATAL,RUMAH SAKIT UMUM DAERAH PANYABUNGAN - 1.02.0.00.0.00.02.0001,1387490,35761991,2022,E-Katalog 5.0,BLUD,PT.GLOBAL DISPOMEDIKA,E-Purchasing,Pengadaan Barang,Surgical Glove Sterile Size 6.5,MELAKUKAN PENGIRIMAN DAN PENERIMAAN,4356500,0
KAB. MANDAILING NATAL,DINAS PERTANIAN - 3.27.0.00.0.00.24.0000,3005373,37532663,2022,Non Tender,APBDP,CV. RAJA AKBAR,Pengadaan Langsung,Pengadaan Barang,Pengadaan Bibit Bawang Merah Untuk Wilayah Mandailing Julu dan Mandailing Jae,SELESAI,113274000,113274000
KAB. MANDAILING NATAL,RUMAH SAKIT UMUM DAERAH PANYABUNGAN - 1.02.0.00.0.00.02.0001,1736457,35761991,2022,E-Katalog 5.0,BLUD,PT AstraZeneca Indonesia,E-Purchasing,Pengadaan Barang,"kombinasi, setiap dosis mengandung :   Budesonid 160 mcg  Formoterol 4,5 mcg  (inhalasi), 120 dosis kemasan turbuhaler",MELAKUKAN PENGIRIMAN DAN PENERIMAAN,9042240,0
KAB. MANDAILING NATAL,DINAS PENDIDIKAN DAN KEUBUDAYAAN - 1.01.2.22.0.00.00.0000,857747,36028002,2022,E-Katalog 5.0,APBD,CV. NEGERI PERTIWI JAYA,E-Purchasing,Pengadaan Barang,IN114XV,PROSES KONTRAK PPK,374850000,0
KAB. MANDAILING NATAL,DINAS KESEHATAN - ,671536,34281017,2022,E-Katalog 5.0,APBD,PT KALBE FARMA Tbk,E-Purchasing,Pengadaan Barang,Kombinasi: Ampisilin 1000 mg + Sulbaktam 500 mg serb inj 1500 mg,MELAKUKAN PENGIRIMAN DAN PENERIMAAN,20010000,20010000
KAB. MANDAILING NATAL,RUMAH SAKIT UMUM DAERAH PANYABUNGAN - 1.02.0.00.0.00.02.0001,708576,35761991,2022,E-Katalog 5.0,BLUD,PT. Hexpharm Jaya Laboratories,E-Purchasing,Pengadaan Barang,Lansoprazole/ Lansoprazol tablet/kapsul/kaplet 30 mg,MELAKUKAN PENGIRIMAN DAN PENERIMAAN,4003200,4003200
KAB. MANDAILING NATAL,RUMAH SAKIT UMUM DAERAH PANYABUNGAN - 1.02.0.00.0.00.02.0001,1098385,35761991,2022,E-Katalog 5.0,BLUD,P.T. Dexa Medica,E-Purchasing,Pengadaan Barang,Ramipril tablet/kapsul/kaplet 5 mg,MELAKUKAN PENGIRIMAN DAN PENERIMAAN,438000,438000
KAB. MANDAILING NATAL,BAGIAN PENGADAAN BARANG DAN JASA SETDAKAB MANDAILING NATAL - 4.01.5.06.0.00.26.0005,1269989,36366275,2022,E-Katalog 5.0,APBD,CV. KREASI KENANGA,E-Purchasing,Pengadaan Barang,Tinta Printer Data Print EPSON,PROSES KONTRAK PPK,567000,567000
KAB. MANDAILING NATAL,DINAS PERTANIAN - 3.27.0.00.0.00.24.0000,3021373,37533334,2022,Non Tender,APBDP,CV. RAFLI AKBAR,Pengadaan Langsung,Pengadaan Barang,Belanja Bibit Jagung Untuk Wilayah Mandailing Godang,SELESAI,162048000,162048000
KAB. MANDAILING NATAL,DINAS KESEHATAN - ,808024,34279496,2022,E-Katalog 5.0,APBD,PT Jayamas Medica Industri,E-Purchasing,Pengadaan Barang,Resuscitator Dewasa,MELAKUKAN PENGIRIMAN DAN PENERIMAAN,2530000,2530000
KAB. MANDAILING NATAL,DINAS PEKERJAAN UMUM DAN PENATAAN RUANG - ,3042373,37048740,2022,Non Tender,APBDP,FUTURINDO MANDIRI SEJAHTERA,Pengadaan Langsung,Pekerjaan Konstruksi,Rehabilitasi Bendungan Desa Sibinail Kec. Muara Sipongi,SELESAI,148000000,148000000
KAB. MANDAILING NATAL,DINAS PERTANIAN - 3.27.0.00.0.00.24.0000,2670373,35250690,2022,Non Tender,APBD,CV. HABIBI PRATAMA,Pengadaan Langsung,Pekerjaan Konstruksi,Pembangunan / Rehabilitasi Jalan Usaha Tani Kel. Muara Soma Kec. Batang Batal,SELESAI,128901000,128901000
KAB. MANDAILING NATAL,RUMAH SAKIT UMUM DAERAH PANYABUNGAN - 1.02.0.00.0.00.02.0001,1057546,35761991,2022,E-Katalog 5.0,BLUD,PT. Hexpharm Jaya Laboratories,E-Purchasing,Pengadaan Barang,Alopurinol/Allopurinol tablet/kapsul/kaplet 100 mg,MELAKUKAN PENGIRIMAN DAN PENERIMAAN,435000,435000
KAB. MANDAILING NATAL,DINAS PEKERJAAN UMUM DAN PENATAAN RUANG - ,2761373,36488576,2022,Non Tender,APBD,CV. GAPURA ALAM PERSADA,Pengadaan Langsung,Pekerjaan Konstruksi,Peningkatan SPAM Jaringan Perpipaan Air Minum Perdesaan Desa Sopo Sorik,SELESAI,39265000,39265000
KAB. MANDAILING NATAL,DINAS PEKERJAAN UMUM DAN PENATAAN RUANG - ,2964373,37400931,2022,Non Tender,APBDP,CV. WIKASA,Pengadaan Langsung,Pekerjaan Konstruksi,Pemasangan Sekat Ruang Rawat INAP Rumah Sakit Umum Komplek Perkantoran Payaloting,SELESAI,199500000,199500000
KAB. MANDAILING NATAL,DINAS PENDIDIKAN - ,3088373,37842364,2022,Non Tender,APBDP,CV. PUTRA BARINGIN GROUP,Pengadaan Langsung,Pengadaan Barang,Pengadaan Mebel Paud Kecamatan Panyabungan,SELESAI,94794000,0
KAB. MANDAILING NATAL,RUMAH SAKIT UMUM DAERAH PANYABUNGAN - 1.02.0.00.0.00.02.0001,1118062,35761991,2022,E-Katalog 5.0,BLUD,PT. Kimia Farma Tbk,E-Purchasing,Pengadaan Barang,Ketoprofen supositoria 100 mg,MELAKUKAN PENGIRIMAN DAN PENERIMAAN,399600,399600
KAB. MANDAILING NATAL,DINAS PENDIDIKAN - ,2660373,35573653,2022,Non Tender,APBD,CV. NABILA,Pengadaan Langsung,Pekerjaan Konstruksi,Pembangunan Ruang UKS Beserta Perabotnya - SD Negeri 343 Kubangan Tompek,SELESAI,79886000,79886000
KAB. MANDAILING NATAL,DINAS PEKERJAAN UMUM DAN PENATAAN RUANG - ,3108373,37047791,2022,Non Tender,APBDP,PT. WINARA JAYA KONSULTAN,Pengadaan Langsung,Jasa Konsultansi Badan Usaha Konstruksi,Konsultansi DED (Detail Engineering Design)   dan Soil Investigasi Tanggul Sungai Aek Sampuran Desa Sampuran Kec. Ranto Baek,SELESAI,69200000,69200000
KAB. MANDAILING NATAL,DINAS LINGKUNGAN HIDUP - 2.11.0.00.0.00.12.0000,2635373,35760334,2022,Tender,APBD,CV. SINGOLOT MANIKAM PERSADA,Tender,Pengadaan Barang,Pengadaan Lampu Asmaul Husna,SELESAI,308496750,308496750
KAB. MANDAILING NATAL,DINAS KESEHATAN - ,704084,34281017,2022,E-Katalog 5.0,APBD,PT.Phapros Tbk,E-Purchasing,Pengadaan Barang,Nystatin/ Nistatin vaginal tablet/kaplet 100.000 IU (G),MELAKUKAN PENGIRIMAN DAN PENERIMAAN,275000,275000
KAB. MANDAILING NATAL,DINAS PEKERJAAN UMUM DAN PENATAAN RUANG - ,2537373,34686181,2022,Non Tender,APBD,CV. GORDANG SAMBILAN MANDAILING,Pengadaan Langsung,Pekerjaan Konstruksi,Rehabilitasi Jaringan Irigasi Desa Sayur Maincat Kecamatan Kotanopan,SELESAI,197790000,197790000
KAB. MANDAILING NATAL,DINAS PENDIDIKAN - ,2656373,35573546,2022,Non Tender,APBD,CV. PARADISE PARK,Pengadaan Langsung,Pekerjaan Konstruksi,Pembangunan Ruang Perpustakaan Beserta Perabotnya (DAK) - SD Negeri 389 Panunggulan,SELESAI,199923000,199923000
KAB. MANDAILING NATAL,RUMAH SAKIT UMUM DAERAH PANYABUNGAN - 1.02.0.00.0.00.02.0001,1161926,35761991,2022,E-Katalog 5.0,BLUD,PT. ETERCON PHARMA,E-Purchasing,Pengadaan Barang,Permethrin/ Permetrin Krim 5% (G) (2),MELAKUKAN PENGIRIMAN DAN PENERIMAAN,573300,573300
KAB. MANDAILING NATAL,DINAS PEKERJAAN UMUM DAN PENATAAN RUANG - ,2882373,37007227,2022,Non Tender,APBDP,CV. GLOBAL MANDIRI,Pengadaan Langsung,Pekerjaan Konstruksi,Peningkatan Jalan Jl. Keramat Sakti,SELESAI,198499000,198499000
KAB. MANDAILING NATAL,DINAS PEKERJAAN UMUM DAN PENATAAN RUANG - ,2560373,36033987,2022,Non Tender,APBD,CV. MANUNGGAL RIAMERTA DEV. CONSULTANT,Pengadaan Langsung,Jasa Konsultansi Badan Usaha Konstruksi,Konsultansi Pengawasan SPAM,SELESAI,49800000,49800000
KAB. MANDAILING NATAL,DINAS SOSIAL - 1.06.0.00.0.00.07.0000,3026373,37683313,2022,Non Tender,APBDP,CV. KREASI KENANGA,Pengadaan Langsung,Pengadaan Barang,Belanja Persediaan Untuk Diserahkan Kepada Masyarakat,SELESAI,151322000,151322000
KAB. MANDAILING NATAL,DINAS PENGENDALIAN PENDUDUK DAN KELUARGA BERENCANA - 2.14.0.00.0.00.15.0000,1673323,36836333,2022,E-Katalog 5.0,APBD,PT. INDAKO TRADING COY,E-Purchasing,Pengadaan Barang,Genio CBS,MELAKUKAN PENGIRIMAN DAN PENERIMAAN,879980000,879980000
KAB. MANDAILING NATAL,DINAS PEKERJAAN UMUM DAN PENATAAN RUANG - ,2489373,34699516,2022,Tender,APBD,CV. PUTRA SULUNG,Tender,Pekerjaan Konstruksi,Peningkatan Jalan Laru ‐ Panjaringan,SELESAI,3369927194,3369927194
KAB. MANDAILING NATAL,DINAS PEKERJAAN UMUM DAN PENATAAN RUANG - ,2881373,37007293,2022,Non Tender,APBDP,CV. TUJUH RAJAWALI,Pengadaan Langsung,Pekerjaan Konstruksi,Peningkatan Jalan Jl. Pesantren Darul Ikhlas - Jl. Serasi (Jl. Mangga),SELESAI,99300000,99300000
KAB. MANDAILING NATAL,DINAS PEKERJAAN UMUM DAN PENATAAN RUANG - ,2559373,36033996,2022,Non Tender,APBD,CV. SPORTIF CITRA MANDIRI,Pengadaan Langsung,Jasa Konsultansi Badan Usaha Konstruksi,Konsultansi Perencanaan SPAM,SELESAI,48800000,48800000
KAB. MANDAILING NATAL,DINAS PEKERJAAN UMUM DAN PENATAAN RUANG - ,2762373,36488554,2022,Non Tender,APBD,CV.LANGGA SARI,Pengadaan Langsung,Pekerjaan Konstruksi,Peningkatan SPAM Jaringan Perpipaan Air Minum Perdesaan Desa Simpang Duku,SELESAI,39297000,39297000
KAB. MANDAILING NATAL,DINAS KESEHATAN - ,670319,34281017,2022,E-Katalog 5.0,APBD,PT Otsuka Indonesia,E-Purchasing,Pengadaan Barang,"Magnesium sulfate/ Magnesium sulfate heptahydrate/ Magnesium sulfat injeksi 20%v (i.v.), @ 25 mL",MELAKUKAN PENGIRIMAN DAN PENERIMAAN,3760000,3760000
KAB. MANDAILING NATAL,RUMAH SAKIT UMUM DAERAH PANYABUNGAN - 1.02.0.00.0.00.02.0001,1874347,35761991,2022,E-Katalog 5.0,BLUD,PT Bayer Indonesia,E-Purchasing,Pengadaan Barang,"Analog insulin rapid acting inj 100 IU/mL (cartridge disposible, penfill cartridge)",MELAKUKAN PENGIRIMAN DAN PENERIMAAN,13425000,0
KAB. MANDAILING NATAL,RUMAH SAKIT UMUM DAERAH PANYABUNGAN - 1.02.0.00.0.00.02.0001,1482588,35761991,2022,E-Katalog 5.0,BLUD,P.T. Dexa Medica,E-Purchasing,Pengadaan Barang,Kandesartan/ Candesartan/ Candesartan Cilexetil tablet/kapsul/kaplet 16 mg,MELAKUKAN PENGIRIMAN DAN PENERIMAAN,957000,957000
KAB. MANDAILING NATAL,DINAS PENDIDIKAN - ,2654373,35573594,2022,Non Tender,APBD,cv. winda utama,Pengadaan Langsung,Pekerjaan Konstruksi,Pembangunan Ruang Perpustakaan Beserta Perabotnya (DAK) - SD Negeri 369 Bintuas,SELESAI,199881000,199881000
KAB. MANDAILING NATAL,DINAS PERTANIAN - 3.27.0.00.0.00.24.0000,2639373,36359826,2022,Tender,APBD,cv. sitaut nauli sakti,Tender,Pekerjaan Konstruksi,Pembangunan Jaringan Irigasi Tersier Aek Karlan Desa Muara Pungkut Kec. Kotanopan Kab. Mandailing Natal (BKP),SELESAI,399468446,399468446
KAB. MANDAILING NATAL,DINAS PERUMAHAN DAN KAWASAN PERMUKIMAN - 1.04.0.00.0.00.04.0000,3053373,37516376,2022,Non Tender,APBDP,CV. MATAHARI ABADI,Pengadaan Langsung,Pekerjaan Konstruksi,Pembangunan Jalan Lingkungan di Desa Panyabungan Tonga Kec. Panyabungan,SELESAI,89150000,89150000
KAB. MANDAILING NATAL,DINAS PEKERJAAN UMUM DAN PENATAAN RUANG - ,2861373,37020872,2022,Non Tender,APBDP,CV. FERDIAN PUTRA,Pengadaan Langsung,Pekerjaan Konstruksi,Lanjutan Pembangunan Jembatan Gantung/Rambin Huta Julu Kec Huta Bargot,SELESAI,198500000,198500000
KAB. MANDAILING NATAL,DINAS PENDIDIKAN DAN KEUBUDAYAAN - 1.01.2.22.0.00.00.0000,857747,36028002,2022,E-Katalog 5.0,APBD,CV. NEGERI PERTIWI JAYA,E-Purchasing,Pengadaan Barang,HARVARD CPE20 PRO LTE CAT 6 Frequency 2.4GHz/5GHz Dual band,PROSES KONTRAK PPK,117600000,117600000
KAB. MANDAILING NATAL,DINAS PEKERJAAN UMUM DAN PENATAAN RUANG - ,2888373,37019663,2022,Non Tender,APBDP,cv.taufikprima putra,Pengadaan Langsung,Pekerjaan Konstruksi,Rehabilitasi/Pemeliharaan Jalan Jl. Sukaramai,SELESAI,198484000,198484000
KAB. MANDAILING NATAL,BADAN PENGELOLAAN KEUANGAN PENDAPATAN DAN ASET DAERAH - ,2496373,35978567,2022,Non Tender,APBD,CV. TIARA CIDORAS,Pengadaan Langsung,Pengadaan Barang,Belanja Alat/Bahan untuk Kegiatan Kantor- Bahan Cetak,SELESAI,77522000,0
KAB. MANDAILING NATAL,DINAS PERTANIAN - 3.27.0.00.0.00.24.0000,2672373,35250702,2022,Non Tender,APBD,CV. PUTRI LESTARI,Pengadaan Langsung,Pekerjaan Konstruksi,Pembangunan / Rehabilitasi Jalan Usaha Tani Desa Tebing Tinggi Kec. Panyabungan Timur,SELESAI,128899000,128899000
KAB. MANDAILING NATAL,DINAS PERTANIAN - 3.27.0.00.0.00.24.0000,2674373,35250650,2022,Non Tender,APBD,CV. TORKIS LUBIS GROUP,Pengadaan Langsung,Pekerjaan Konstruksi,Pembangunan / Rehabilitasi Jalan Usaha Tani Desa Sayur Matua Kec. Naga Juang,SELESAI,128898000,128898000
KAB. MANDAILING NATAL,DINAS PENDIDIKAN - ,3075373,37502707,2022,Non Tender,APBDP,CV.Tunjung Biru,Pengadaan Langsung,Pekerjaan Konstruksi,Pembangunan Pagar SMP Negeri 2 Panyabungan,SELESAI,199896000,199896000
KAB. MANDAILING NATAL,DINAS PERTANIAN - 3.27.0.00.0.00.24.0000,2751373,36390135,2022,Non Tender,APBD,FUTURINDO MANDIRI SEJAHTERA,Pengadaan Langsung,Pekerjaan Konstruksi,Pembangunan Jalan Usaha tani (JUT) Lingkungan II Apaper Kel. Simangambat Kec. Siabu Kab. Mandailing Natal (BKP),SELESAI,199461125,199461125
KAB. MANDAILING NATAL,DINAS PEKERJAAN UMUM DAN PENATAAN RUANG - ,2997373,37048278,2022,Non Tender,APBDP,CV. BINA FAJAR,Pengadaan Langsung,Pekerjaan Konstruksi,Normalisasi Sungai Aek Sibontar Desa Bonan Dolok Kecamatan Siabu,SELESAI,149000000,149000000
KAB. MANDAILING NATAL,DINAS PEKERJAAN UMUM DAN PENATAAN RUANG - ,2850373,37020198,2022,Non Tender,APBDP,CV. AULIA RIZKI PRATAMA,Pengadaan Langsung,Pekerjaan Konstruksi,Rehabilitasi/Pemeliharaan Jalan Singengu - Batahan,SELESAI,149000000,149000000
KAB. MANDAILING NATAL,DINAS PEKERJAAN UMUM DAN PENATAAN RUANG - ,2760373,36488604,2022,Non Tender,APBD,cv. riski nauli,Pengadaan Langsung,Pekerjaan Konstruksi,Peningkatan SPAM Jaringan Perpipaan Air Minum Perdesaan Desa Tebing Tinggi,SELESAI,33250000,33250000
KAB. MANDAILING NATAL,RUMAH SAKIT UMUM DAERAH PANYABUNGAN - 1.02.0.00.0.00.02.0001,841457,35761991,2022,E-Katalog 5.0,BLUD,PT. EMJEBE PHARMA,E-Purchasing,Pengadaan Barang,"Asetat Ringer / Ringer asetat, @ 500 mL",MELAKUKAN PENGIRIMAN DAN PENERIMAAN,1936000,1936000
KAB. MANDAILING NATAL,DINAS PEKERJAAN UMUM DAN PENATAAN RUANG - ,2986373,37047987,2022,Non Tender,APBDP,CV. ASTRY TRY PUTRA,Pengadaan Langsung,Pekerjaan Konstruksi,Rehabilitasi Tanggul Sungai Desa Tambiski Kecamatan Naga Juang,SELESAI,147490000,147490000
KAB. MANDAILING NATAL,DINAS PENGENDALIAN PENDUDUK DAN KELUARGA BERENCANA - 2.14.0.00.0.00.15.0000,873623,36041228,2022,E-Katalog 5.0,APBD,PT.DUTA ADYAKSA PRATAMA,E-Purchasing,Pengadaan Barang,Kit Siap Nikah Anti Stunting,MELAKUKAN PENGIRIMAN DAN PENERIMAAN,134000000,134000000
KAB. MANDAILING NATAL,DINAS KESEHATAN - ,705105,34281017,2022,E-Katalog 5.0,APBD,PT. COBRA DENTAL INDONESIA,E-Purchasing,Pengadaan Barang,ORAFIL PLUS Temporary Filling Material with Sodium Fluoride,MELAKUKAN PENGIRIMAN DAN PENERIMAAN,820500,0
KAB. MANDAILING NATAL,DINAS PEKERJAAN UMUM DAN PENATAAN RUANG - ,2741373,34658358,2022,Non Tender,APBD,CV. AULIA RIZKI PRATAMA,Pengadaan Langsung,Pekerjaan Konstruksi,Normalisasi Sungai Aek Jae Desa Lumban Dolok Kecamatan Siabu,SELESAI,197490000,197490000
KAB. MANDAILING NATAL,DINAS PEKERJAAN UMUM DAN PENATAAN RUANG - ,2860373,37007355,2022,Non Tender,APBDP,CV. FAMILY ARTA GRAHA MANDIRI,Pengadaan Langsung,Pekerjaan Konstruksi,Peningkatan Jalan Muara Mais - Huta Tinggi,SELESAI,149000000,149000000
KAB. MANDAILING NATAL,RUMAH SAKIT UMUM DAERAH PANYABUNGAN - 1.02.0.00.0.00.02.0001,2254620,35761991,2022,E-Katalog 5.0,BLUD,P.T. Dexa Medica,E-Purchasing,Pengadaan Barang,Valsartan tablet/kapsul/kaplet 80 mg,PROSES KONTRAK PPK,2382000,2382000
KAB. MANDAILING NATAL,DINAS PEKERJAAN UMUM DAN PENATAAN RUANG - ,2945373,37401623,2022,Non Tender,APBDP,CV. NABILA,Pengadaan Langsung,Pekerjaan Konstruksi,Rehabilitasi Mess Natal,SELESAI,99098915,99098915
KAB. MANDAILING NATAL,DINAS PERUMAHAN DAN KAWASAN PERMUKIMAN - 1.04.0.00.0.00.04.0000,2478373,35538460,2022,Non Tender,APBD,CV. PARADISE PARK,Pengadaan Langsung,Pekerjaan Konstruksi,Pembangunan Jalan Lingkungan Desa Tabuyung Kec. Muara Batang Gadis,SELESAI,145700000,145700000
KAB. MANDAILING NATAL,DINAS KESEHATAN - ,704084,34281017,2022,E-Katalog 5.0,APBD,PT.Phapros Tbk,E-Purchasing,Pengadaan Barang,Kaptopril/ Captopril tablet/kapsul/kaplet 25 mg (G),MELAKUKAN PENGIRIMAN DAN PENERIMAAN,15000000,15000000
KAB. MANDAILING NATAL,DINAS PENDIDIKAN - ,2641373,35597960,2022,Non Tender,APBD,NARAMON FAJRI,Pengadaan Langsung,Pekerjaan Konstruksi,Pembangunan Toilet (Jamban) Beserta Sanitasinya (DAK) - SMP Negeri 1 Batahan,SELESAI,177361000,177361000
KAB. MANDAILING NATAL,RUMAH SAKIT UMUM DAERAH PANYABUNGAN - 1.02.0.00.0.00.02.0001,1481572,35761991,2022,E-Katalog 5.0,BLUD,PT Bayer Indonesia,E-Purchasing,Pengadaan Barang,Nifedipine/ Nifedipin tablet lepas lambat/kaplet lepas lambat 30 mg,MELAKUKAN PENGIRIMAN DAN PENERIMAAN,11958000,11958000
KAB. MANDAILING NATAL,DINAS PEKERJAAN UMUM DAN PENATAAN RUANG - ,2547373,34686167,2022,Non Tender,APBD,CV. TRIGAMA JAYA KONSTRUKSI,Pengadaan Langsung,Pekerjaan Konstruksi,Rehabilitasi Jaringan Irigasi Desa Simpang Talap Kecamatan Rantobaek,SELESAI,196583000,196583000
KAB. MANDAILING NATAL,DINAS PEKERJAAN UMUM DAN PENATAAN RUANG - ,2742373,34686282,2022,Non Tender,APBD,CV. TUJUH RAJAWALI,Pengadaan Langsung,Pekerjaan Konstruksi,Rehabilitasi Jaringan Irigasi Desa Aek Nangali Kecamatan Batang Natal,SELESAI,198255000,198255000
KAB. MANDAILING NATAL,RUMAH SAKIT UMUM DAERAH PANYABUNGAN - 1.02.0.00.0.00.02.0001,1567429,35761991,2022,E-Katalog 5.0,BLUD,PT. Hexpharm Jaya Laboratories,E-Purchasing,Pengadaan Barang,Glimepiride/ Glimepirid tablet/kapsul/kaplet 2 mg,MELAKUKAN PENGIRIMAN DAN PENERIMAAN,615000,615000
KAB. MANDAILING NATAL,RUMAH SAKIT UMUM DAERAH PANYABUNGAN - 1.02.0.00.0.00.02.0001,708624,35761991,2022,E-Katalog 5.0,BLUD,PT. Mersifarma Tirmaku Mercusana,E-Purchasing,Pengadaan Barang,Alprazolam tablet/kapsul/kaplet 1 mg	,MELAKUKAN PENGIRIMAN DAN PENERIMAAN,495000,495000
KAB. MANDAILING NATAL,DINAS PERUMAHAN DAN KAWASAN PERMUKIMAN - 1.04.0.00.0.00.04.0000,2490373,35538429,2022,Non Tender,APBD,CV. ASTRY TRY PUTRA,Pengadaan Langsung,Pekerjaan Konstruksi,Pembangunan Jalan Lingkungan di Bintungan Bejangkar Kec. Batahan,SELESAI,147490000,147490000
KAB. MANDAILING NATAL,DINAS PEKERJAAN UMUM DAN PENATAAN RUANG - ,2630373,35900927,2022,Tender,APBD,CV. MUBDI RN,Tender,Pekerjaan Konstruksi,Peningkatan Jalan Muarasipongi - Sibinail,SELESAI,1369621188,1369621188
KAB. MANDAILING NATAL,DINAS PEKERJAAN UMUM DAN PENATAAN RUANG - ,2735373,34657528,2022,Non Tender,APBD,CV. ASTRY TRY PUTRA,Pengadaan Langsung,Pekerjaan Konstruksi,Rehabilitasi Tanggul Sungai Desa Tolang Kecamatan Ulu Pungkut,SELESAI,148485000,148485000
KAB. MANDAILING NATAL,DINAS PEKERJAAN UMUM DAN PENATAAN RUANG - ,2578373,36135214,2022,Non Tender,APBD,CV. PUTRA PRATAMA,Pengadaan Langsung,Pekerjaan Konstruksi,Rehabilitasi / Pemeliharaan Jembatan Desa Huraba Siabu Kec. Siabu Kab. Mandailing Natal (BKP),SELESAI,198600000,198600000
KAB. MANDAILING NATAL,DINAS PERTANIAN - 3.27.0.00.0.00.24.0000,2690373,35247867,2022,Non Tender,APBD,CV. R.A.S,Pengadaan Langsung,Pekerjaan Konstruksi,Pembangunan / Rehabilitasi Jaringan irigasi Desa Habincaran Kecamatan Ulu Pungkut,SELESAI,59529000,59529000
KAB. MANDAILING NATAL,RUMAH SAKIT UMUM DAERAH PANYABUNGAN - 1.02.0.00.0.00.02.0001,1386619,35761991,2022,E-Katalog 5.0,BLUD,PT Otsuka Indonesia,E-Purchasing,Pengadaan Barang,"Magnesium sulfate/ Magnesium sulfate heptahydrate/ Magnesium sulfat injeksi 40%v (i.v.), @ 25mL -1",MELAKUKAN PENGIRIMAN DAN PENERIMAAN,514800,514800
KAB. MANDAILING NATAL,DINAS KESEHATAN - ,806749,34279997,2022,E-Katalog 5.0,APBD,PT. Putra Nusa Logistindo,E-Purchasing,Pengadaan Barang,AR-MED STETHOSCOPE ANAK,MELAKUKAN PENGIRIMAN DAN PENERIMAAN,1212000,1212000
KAB. MANDAILING NATAL,RUMAH SAKIT UMUM DAERAH PANYABUNGAN - 1.02.0.00.0.00.02.0001,892635,35761991,2022,E-Katalog 5.0,BLUD,PT. SOHO Industri Pharmasi,E-Purchasing,Pengadaan Barang,FITBON,MELAKUKAN PENGIRIMAN DAN PENERIMAAN,710400,710400
KAB. MANDAILING NATAL,BAGIAN UMUM SETDAKAB MANDAILING NATAL - 4.01.5.06.0.00.26.0009,3121373,37951483,2022,Non Tender,APBDP,cv. bugis nauli,Pengadaan Langsung,Pekerjaan Konstruksi,Pembuatan Gazebo dan Kamar Mandi Rumah Dinas Wakil Bupati,SELESAI,119650000,119650000
KAB. MANDAILING NATAL,RUMAH SAKIT UMUM DAERAH PANYABUNGAN - 1.02.0.00.0.00.02.0001,1395847,35761991,2022,E-Katalog 5.0,BLUD,PT Jayamas Medica Industri,E-Purchasing,Pengadaan Barang,Infusion Set Anak,MELAKUKAN PENGIRIMAN DAN PENERIMAAN,3850000,3850000
KAB. MANDAILING NATAL,DINAS PEKERJAAN UMUM DAN PENATAAN RUANG - ,2893373,37006812,2022,Non Tender,APBDP,CV. BINTANG BUDI MANDIRI,Pengadaan Langsung,Pekerjaan Konstruksi,Lanjutan Pembangunan Jalan Huta Lombang Lubis ‐ Simp. Gunung Tua Panggorengan,SELESAI,199000000,199000000
KAB. MANDAILING NATAL,BAGIAN PENGADAAN BARANG DAN JASA SETDAKAB MANDAILING NATAL - 4.01.5.06.0.00.26.0005,1271417,36366297,2022,E-Katalog 5.0,APBD,CV. KREASI KENANGA,E-Purchasing,Pengadaan Barang,Map Snelhekter Plastik,PROSES KONTRAK PPK,147000,147000
KAB. MANDAILING NATAL,DINAS KESEHATAN - ,704084,34281017,2022,E-Katalog 5.0,APBD,PT.Phapros Tbk,E-Purchasing,Pengadaan Barang,"Anestetik lokal gigi, kombinasi KDT/FDC mengandung: lidokain 2% + epinefrin 1:80.000, inj 2 mL",MELAKUKAN PENGIRIMAN DAN PENERIMAAN,2541000,2541000
KAB. MANDAILING NATAL,DINAS PENDIDIKAN - ,2845373,35574108,2022,Non Tender,APBD,CV. HADITAMA,Pengadaan Langsung,Jasa Konsultansi Badan Usaha Konstruksi,Belanja Jasa Konsultan Pengawasan RKB Sekolah Dasar,SELESAI,99456000,99456000
KAB. MANDAILING NATAL,DINAS PEKERJAAN UMUM DAN PENATAAN RUANG - ,3035373,37048064,2022,Non Tender,APBDP,CV. RADEN SALEH,Pengadaan Langsung,Pekerjaan Konstruksi,Rehabilitasi Tanggul Sungai Aek Mais Desa Muara Mais Kecamatan Tambangan,SELESAI,148000000,148000000
KAB. MANDAILING NATAL,RUMAH SAKIT UMUM DAERAH PANYABUNGAN - 1.02.0.00.0.00.02.0001,707948,35761991,2022,E-Katalog 5.0,BLUD,P.T. Dexa Medica,E-Purchasing,Pengadaan Barang,Risperidone/ Risperidon tablet/kapsul/kaplet 2 mg,MELAKUKAN PENGIRIMAN DAN PENERIMAAN,615000,615000
KAB. MANDAILING NATAL,DINAS PEKERJAAN UMUM DAN PENATAAN RUANG - ,3047373,37045393,2022,Non Tender,APBDP,CV. RAJAWALI ENGINEERING CONSULTANT,Pengadaan Langsung,Jasa Konsultansi Badan Usaha Konstruksi,Dokumen Lingkungan Aek Sarir,SELESAI,99000000,99000000
KAB. MANDAILING NATAL,BAGIAN UMUM SETDAKAB MANDAILING NATAL - 4.01.5.06.0.00.26.0009,3128373,36279812,2022,Non Tender,APBD,cv. riski nauli,Pengadaan Langsung,Pekerjaan Konstruksi,Rehab di Lingkungan Rumah Dinas Bupati,SELESAI,149500000,149500000
KAB. MANDAILING NATAL,DINAS PEKERJAAN UMUM DAN PENATAAN RUANG - ,3065373,37043591,2022,Non Tender,APBDP,CV. BANGKIT BERSAMA GROUP,Pengadaan Langsung,Pekerjaan Konstruksi,Pembangunan MCK LK I Kelurahan Kotanopan Kec. Kotanopan,SELESAI,198700000,198700000
KAB. MANDAILING NATAL,DINAS PERUMAHAN DAN KAWASAN PERMUKIMAN - 1.04.0.00.0.00.04.0000,2467373,35538591,2022,Non Tender,APBD,NARAMON FAJRI,Pengadaan Langsung,Pekerjaan Konstruksi,Pembangunan Jalan Lingkungan di Desa Sihepeng Dua Kec. Siabu,SELESAI,107030000,107030000
KAB. MANDAILING NATAL,DINAS KELAUTAN DAN PERIKANAN - 3.25.0.00.0.00.22.0000,3098373,37851321,2022,Non Tender,APBDP,CV. SINAR JAYA ABADI,Pengadaan Langsung,Pengadaan Barang,Pengadaan Bibit Ikan Air Tawar dan Pakan Ikan,SELESAI,88128000,0
KAB. MANDAILING NATAL,DINAS PERTANIAN - 3.27.0.00.0.00.24.0000,2680373,35250606,2022,Non Tender,APBD,CV AEK KAPIAS,Pengadaan Langsung,Pekerjaan Konstruksi,Pembangunan / Rehabilitasi Jalan Usaha Tani Desa Gunung Barani Kec. Panyabungan,SELESAI,128849000,128849000
KAB. MANDAILING NATAL,RUMAH SAKIT UMUM DAERAH PANYABUNGAN - 1.02.0.00.0.00.02.0001,808438,35761991,2022,E-Katalog 5.0,BLUD,PT. Kimia Farma Tbk,E-Purchasing,Pengadaan Barang,"Gliseril trinitrat/ Glyceryl trinitrate kapsul lepas lambat 2,5 mg",PROSES KONTRAK PPK,16400000,16400000
KAB. MANDAILING NATAL,DINAS PEKERJAAN UMUM DAN PENATAAN RUANG - ,2880373,37007202,2022,Non Tender,APBDP,CV.GUNUNG KULABU,Pengadaan Langsung,Pekerjaan Konstruksi,Peningkatan Jalan Jl. Keliling Desa Parbangunan,SELESAI,199000000,199000000
KAB. MANDAILING NATAL,DINAS PERUMAHAN DAN KAWASAN PERMUKIMAN - 1.04.0.00.0.00.04.0000,2517373,35538577,2022,Non Tender,APBD,NARAMON FAJRI,Pengadaan Langsung,Pekerjaan Konstruksi,Pembangunan Jalan Lingkungan di Desa Sidojadi Kec. Bukit Malintang,SELESAI,134130000,134130000
KAB. MANDAILING NATAL,DINAS PEKERJAAN UMUM DAN PENATAAN RUANG - ,2916373,36033986,2022,Non Tender,APBD,CV. INDHOMA CONSULTANT,Pengadaan Langsung,Jasa Konsultansi Badan Usaha Konstruksi,Penyusunan Detail Engineering Design Kantor Bupati Lama,SELESAI,49972700,49972700
KAB. MANDAILING NATAL,BAGIAN PEREKONOMIAN DAN SUMBER DAYA ALAM SETDAKAB MANDAILING NATAL - 4.01.5.06.0.00.26.0006,3066373,37798049,2022,Non Tender,APBDP,cv. bugis nauli,Pengadaan Langsung,Pengadaan Barang,Belanja Modal Personal Computer,SELESAI,74758000,74758000
KAB. MANDAILING NATAL,RUMAH SAKIT UMUM DAERAH PANYABUNGAN - 1.02.0.00.0.00.02.0001,707948,35761991,2022,E-Katalog 5.0,BLUD,P.T. Dexa Medica,E-Purchasing,Pengadaan Barang,Ranitidine hydrochloride (HCl)/Ranitidin tablet/kapsul/kaplet 150 mg,MELAKUKAN PENGIRIMAN DAN PENERIMAAN,1700000,1700000
KAB. MANDAILING NATAL,DINAS KESEHATAN - ,671905,34281017,2022,E-Katalog 5.0,APBD,PT. Hexpharm Jaya Laboratories,E-Purchasing,Pengadaan Barang,Alopurinol/Allopurinol tablet/kapsul/kaplet 300 mg,MELAKUKAN PENGIRIMAN DAN PENERIMAAN,20000000,20000000
KAB. MANDAILING NATAL,RUMAH SAKIT UMUM DAERAH PANYABUNGAN - 1.02.0.00.0.00.02.0001,1480839,35761991,2022,E-Katalog 5.0,BLUD,PT. Hexpharm Jaya Laboratories,E-Purchasing,Pengadaan Barang,Lansoprazole/ Lansoprazol tablet/kapsul/kaplet 30 mg,MELAKUKAN PENGIRIMAN DAN PENERIMAAN,8340000,8340000
KAB. MANDAILING NATAL,BAGIAN PENGADAAN BARANG DAN JASA SETDAKAB MANDAILING NATAL - 4.01.5.06.0.00.26.0005,1825370,36366302,2022,E-Katalog 5.0,APBD,CV. KREASI KENANGA,E-Purchasing,Pengadaan Barang,Buku Tulis Standar,PROSES KONTRAK PPK,105000,105000
KAB. MANDAILING NATAL,DINAS PERUMAHAN DAN KAWASAN PERMUKIMAN - 1.04.0.00.0.00.04.0000,2523373,35538589,2022,Non Tender,APBD,CV. WIKASA,Pengadaan Langsung,Pekerjaan Konstruksi,Pembangunan Jalan Lingkungan di Gang Tahfis IV Kel. Kota Siantar Kec. Panyabungan,SELESAI,134890000,134890000
KAB. MANDAILING NATAL,RUMAH SAKIT UMUM DAERAH PANYABUNGAN - 1.02.0.00.0.00.02.0001,808438,35761991,2022,E-Katalog 5.0,BLUD,PT. Kimia Farma Tbk,E-Purchasing,Pengadaan Barang,Theophylline/ Teofilin tablet lepas lambat/kaplet lepas lambat 300 mg,PROSES KONTRAK PPK,5850000,5850000
KAB. MANDAILING NATAL,BADAN PENGELOLAAN KEUANGAN PENDAPATAN DAN ASET DAERAH - ,2919373,37235469,2022,Non Tender,APBDP,CV. INOVASI GEMILANG,Pengadaan Langsung,Pengadaan Barang,Belanja Modal Alat Kantor Lainnya,SELESAI,64990000,0
KAB. MANDAILING NATAL,DINAS PENDIDIKAN - ,3086373,37842386,2022,Non Tender,APBDP,CV. GANDATAMA KONSTRUKSI,Pengadaan Langsung,Pekerjaan Konstruksi,Lanjutan Pembangunan Gedung Negara Sederhana TK Negeri Pembina Sinunukan Kec. Sinunukan,SELESAI,62522000,62522000
KAB. MANDAILING NATAL,DINAS PENDIDIKAN DAN KEUBUDAYAAN - 1.01.2.22.0.00.00.0000,2164209,37502618,2022,E-Katalog 5.0,APBDP,CV.MAJU JAYA,E-Purchasing,Pengadaan Barang,LEMARI ARSIP/RAK 1,MELAKUKAN PENGIRIMAN DAN PENERIMAAN,228830000,228830000
KAB. MANDAILING NATAL,DINAS PENDIDIKAN - ,3072373,37502436,2022,Non Tender,APBDP,CV. BUNGA BONDAR GROUP,Pengadaan Langsung,Pekerjaan Konstruksi,Pembangunan Pagar (DAU) - SD Negeri 164 Pasar Maga,SELESAI,149891000,149891000
KAB. MANDAILING NATAL,DINAS PEKERJAAN UMUM DAN PENATAAN RUANG - ,3099373,37854216,2022,Non Tender,APBDP,PT. ATHAYA MANDIRI KONSULINDO,Pengadaan Langsung,Jasa Konsultansi Badan Usaha Konstruksi,Sinkronisasi Data IGT Daerah Irigasi (DI) Kewenangan Kabupaten Mandailing Natal,SELESAI,49200000,49200000
KAB. MANDAILING NATAL,RUMAH SAKIT UMUM DAERAH PANYABUNGAN - 1.02.0.00.0.00.02.0001,1209370,35761991,2022,E-Katalog 5.0,BLUD,P.T. Dexa Medica,E-Purchasing,Pengadaan Barang,Haloperidol inj 5 mg/mL (i.m.),MELAKUKAN PENGIRIMAN DAN PENERIMAAN,130000,130000
KAB. MANDAILING NATAL,DINAS PEKERJAAN UMUM DAN PENATAAN RUANG - ,2876373,37019426,2022,Non Tender,APBDP,CV. CENTRAL GRAFIKA PRINT,Pengadaan Langsung,Pekerjaan Konstruksi,Lanjutan Rehabilitasi/Pemeliharaan Jalan Prof. Andi Hakim Nasution,SELESAI,99342000,99342000
KAB. MANDAILING NATAL,DINAS KESEHATAN - ,939891,34281364,2022,E-Katalog 5.0,APBD,PT Jayamas Medica Industri,E-Purchasing,Pengadaan Barang,Ultra One (Test Kehamilan),MELAKUKAN PENGIRIMAN DAN PENERIMAAN,12655000,12655000
KAB. MANDAILING NATAL,DINAS KESEHATAN - ,671304,34281017,2022,E-Katalog 5.0,APBD,PT. Indofarma (Persero) Tbk,E-Purchasing,Pengadaan Barang,Acetyl cysteine/ N-asetil sistein tablet/kapsul/kaplet 200 mg,MELAKUKAN PENGIRIMAN DAN PENERIMAAN,55260000,55260000
KAB. MANDAILING NATAL,DINAS PERUMAHAN DAN KAWASAN PERMUKIMAN - 1.04.0.00.0.00.04.0000,3054373,37516313,2022,Non Tender,APBDP,CV. FERDIAN PUTRA,Pengadaan Langsung,Pekerjaan Konstruksi,Pembangunan Jalan Lingkungan di Desa Padang Laru Kec. Panyabungan Timur,SELESAI,88510000,88510000
KAB. MANDAILING NATAL,SEKRETARIAT DPRD KABUPATEN - 4.02.0.00.0.00.27.0000,2710373,35792972,2022,Non Tender,APBD,CV. DAME LANGGENG,Pengadaan Langsung,Pengadaan Barang,Biaya Pengadaan Pakaian Dinas Pimpinan dan Anggota DPRD Pakaian Sipil Harian,SELESAI,78543000,78543000
KAB. MANDAILING NATAL,DINAS PERPUSTAKAAN DAN KEARSIPAN - 2.23.2.24.0.00.21.0000,3119373,37951201,2022,Non Tender,APBDP,CV. KREASI KENANGA,Pengadaan Langsung,Pengadaan Barang,Belanja Modal Bahan Perpustakaan Tercetak,SELESAI,102420000,102420000
KAB. MANDAILING NATAL,RUMAH SAKIT UMUM DAERAH PANYABUNGAN - 1.02.0.00.0.00.02.0001,1057546,35761991,2022,E-Katalog 5.0,BLUD,PT. Hexpharm Jaya Laboratories,E-Purchasing,Pengadaan Barang,Glimepiride/ Glimepirid tablet/kapsul/kaplet 2 mg,MELAKUKAN PENGIRIMAN DAN PENERIMAAN,615000,615000
KAB. MANDAILING NATAL,DINAS PERUMAHAN DAN KAWASAN PERMUKIMAN - 1.04.0.00.0.00.04.0000,2524373,35538582,2022,Non Tender,APBD,CV. TEGUH MANDALA,Pengadaan Langsung,Pekerjaan Konstruksi,Pembangunan Jalan Lingkungan di Kampung Sedikit Kel. Kota Siantar Kec. Panyabungan,SELESAI,81500000,81500000
KAB. MANDAILING NATAL,DINAS PEKERJAAN UMUM DAN PENATAAN RUANG - ,3081373,37045268,2022,Non Tender,APBDP,CV. BILLINDO ENGINEERING CONSULTANT,Pengadaan Langsung,Jasa Konsultansi Badan Usaha Konstruksi,Detail Engineering Design (DED) Aek Sarir,SELESAI,99000000,99000000
KAB. MANDAILING NATAL,DINAS PEKERJAAN UMUM DAN PENATAAN RUANG - ,2992373,37048569,2022,Non Tender,APBDP,CV. PUTRA BARINGIN GROUP,Pengadaan Langsung,Pekerjaan Konstruksi,Rehabilitasi Jaringan Irigasi Bondar Pangapit Desa Maga dolok Kecamatan Lembah Sorik Marapi,SELESAI,98200000,98200000
KAB. MANDAILING NATAL,DINAS KESEHATAN - ,705138,34281017,2022,E-Katalog 5.0,APBD,3M INDONESIA IMPORTAMA,E-Purchasing,Pengadaan Barang,1370L ESPE FILTEK Z250 Universal Restorative,MELAKUKAN PENGIRIMAN DAN PENERIMAAN,31453000,0
KAB. MANDAILING NATAL,RUMAH SAKIT UMUM DAERAH PANYABUNGAN - 1.02.0.00.0.00.02.0001,1480839,35761991,2022,E-Katalog 5.0,BLUD,PT. Hexpharm Jaya Laboratories,E-Purchasing,Pengadaan Barang,Ceftriaxone/ Ceftriaxone Sodium/ Seftriakson inj 1.000 mg,MELAKUKAN PENGIRIMAN DAN PENERIMAAN,22800000,22800000
KAB. MANDAILING NATAL,RUMAH SAKIT UMUM DAERAH PANYABUNGAN - 1.02.0.00.0.00.02.0001,707948,35761991,2022,E-Katalog 5.0,BLUD,P.T. Dexa Medica,E-Purchasing,Pengadaan Barang,Sodium Valproate/ Valproat/ Valproic acid sirup 250 mg/5 ml,MELAKUKAN PENGIRIMAN DAN PENERIMAAN,2424600,2424600
KAB. MANDAILING NATAL,DINAS PEKERJAAN UMUM DAN PENATAAN RUANG - ,2552373,34696795,2022,Tender,APBD,CV.INTEK JPK,Tender,Pekerjaan Konstruksi,Pembangunan Baru SPAM Jaringan Perpipaan Desa Simpang Banyak Julu,SELESAI,352443482,352443482
KAB. MANDAILING NATAL,DINAS PEKERJAAN UMUM DAN PENATAAN RUANG - ,2938373,37402043,2022,Non Tender,APBDP,PT. ATHAYA MANDIRI KONSULINDO,Pengadaan Langsung,Jasa Konsultansi Badan Usaha Konstruksi,Studi Kelayakan Kantor Camat Panyabungan,SELESAI,99844500,99844500
KAB. MANDAILING NATAL,RUMAH SAKIT UMUM DAERAH PANYABUNGAN - 1.02.0.00.0.00.02.0001,2254874,35761991,2022,E-Katalog 5.0,BLUD,PT. Beta Pharmacon,E-Purchasing,Pengadaan Barang,"Analog insulin mix insulin inj 100 IU/mL (kemasan vial, cartridge disposible, penfill cartridge)",MELAKUKAN PENGIRIMAN DAN PENERIMAAN,5600000,0
KAB. MANDAILING NATAL,DINAS KESEHATAN - ,741574,34281017,2022,E-Katalog 5.0,APBD,P.T. Dexa Medica,E-Purchasing,Pengadaan Barang,Diclofenac sodium/ Natrium diklofenak tablet salut enterik/kaplet salut enterik 50 mg,MELAKUKAN PENGIRIMAN DAN PENERIMAAN,54000000,54000000
KAB. MANDAILING NATAL,DINAS PEKERJAAN UMUM DAN PENATAAN RUANG - ,3038373,37048515,2022,Non Tender,APBDP,FUTURINDO MANDIRI SEJAHTERA,Pengadaan Langsung,Pekerjaan Konstruksi,Rehabilitasi Jaringan Irigasi Desa Simangambat Tambangan Kecamatan Tambangan,SELESAI,98500000,98500000
KAB. MANDAILING NATAL,DINAS PEKERJAAN UMUM DAN PENATAAN RUANG - ,2572373,34716352,2022,Non Tender,APBD,CV. BINA FAJAR,Pengadaan Langsung,Pekerjaan Konstruksi,Lanjutan Pembangunan Jembatan Aek Gambir Ruas Jalan Muara Sipongi - Huta Julu,SELESAI,198700000,198700000
KAB. MANDAILING NATAL,DINAS PEKERJAAN UMUM DAN PENATAAN RUANG - ,3094373,37048319,2022,Non Tender,APBDP,PT. ATHAYA MANDIRI KONSULINDO,Pengadaan Langsung,Jasa Konsultansi Badan Usaha Konstruksi,Konsultansi Perencanaan Sumber Daya Air untuk usulan kegiatan DAK Tahun 2024,SELESAI,99000000,99000000
KAB. MANDAILING NATAL,BAGIAN PENGADAAN BARANG DAN JASA SETDAKAB MANDAILING NATAL - 4.01.5.06.0.00.26.0005,1825370,36366302,2022,E-Katalog 5.0,APBD,CV. KREASI KENANGA,E-Purchasing,Pengadaan Barang,Isi Hekter No. 10,PROSES KONTRAK PPK,37800,37800
KAB. MANDAILING NATAL,RUMAH SAKIT UMUM DAERAH PANYABUNGAN - 1.02.0.00.0.00.02.0001,1057546,35761991,2022,E-Katalog 5.0,BLUD,PT. Hexpharm Jaya Laboratories,E-Purchasing,Pengadaan Barang,"Amoksisilin/ Amoxicillin/ Amoxicillin Trihydrate tablet/kapsul/kaplet/kaptab 500 mg, kemasan strip/blister (G)",MELAKUKAN PENGIRIMAN DAN PENERIMAAN,211000,211000
KAB. MANDAILING NATAL,RUMAH SAKIT UMUM DAERAH PANYABUNGAN - 1.02.0.00.0.00.02.0001,1574128,35761991,2022,E-Katalog 5.0,BLUD,PT.GLOBAL DISPOMEDIKA,E-Purchasing,Pengadaan Barang,Non Absorbable Blu Polypropylene Monofilament Type 3/0 USP 2 MET 3/8 Cutting 19 mm 75 cm thread (20S20H),MELAKUKAN PENGIRIMAN DAN PENERIMAAN,3452544,0
KAB. MANDAILING NATAL,DINAS PENDIDIKAN - ,2632373,35572890,2022,Non Tender,APBD,CV. GANDATAMA KONSTRUKSI,Pengadaan Langsung,Pekerjaan Konstruksi,Pembangunan Ruang UKS (DAK) - TK Satu Atap SDN 122 Sayur Maincat Desa Sayur Maincat Kecamatan Huta Bargot,SELESAI,95929000,95929000
KAB. MANDAILING NATAL,RUMAH SAKIT UMUM DAERAH PANYABUNGAN - 1.02.0.00.0.00.02.0001,1482588,35761991,2022,E-Katalog 5.0,BLUD,P.T. Dexa Medica,E-Purchasing,Pengadaan Barang,Kandesartan/ Candesartan/ Candesartan Cilexetil tablet/kapsul/kaplet 8 mg,MELAKUKAN PENGIRIMAN DAN PENERIMAAN,636000,636000
KAB. MANDAILING NATAL,DINAS PEKERJAAN UMUM DAN PENATAAN RUANG - ,2835373,34719723,2022,Non Tender,APBD,cv. bugis nauli,Pengadaan Langsung,Pekerjaan Konstruksi,Pembangunan Kantor Kepala Desa Simangambat Tambangan,SELESAI,198200000,198200000
KAB. MANDAILING NATAL,BAGIAN PENGADAAN BARANG DAN JASA SETDAKAB MANDAILING NATAL - 4.01.5.06.0.00.26.0005,1271417,36366297,2022,E-Katalog 5.0,APBD,CV. KREASI KENANGA,E-Purchasing,Pengadaan Barang,Map Ordner Folio Pakar,PROSES KONTRAK PPK,477750,477750
KAB. MANDAILING NATAL,SEKRETARIAT DPRD KABUPATEN - 4.02.0.00.0.00.27.0000,2934373,35792910,2022,Non Tender,APBD,CV. SINAR JAYA ABADI,Pengadaan Langsung,Pengadaan Barang,Belanja Laptop Alat Kelengkapan,SELESAI,99678000,99678000
KAB. MANDAILING NATAL,RUMAH SAKIT UMUM DAERAH PANYABUNGAN - 1.02.0.00.0.00.02.0001,784989,35761991,2022,E-Katalog 5.0,BLUD,PT Sinaraya Nugraha Ahmadaris Medika,E-Purchasing,Pengadaan Barang,15 cm x 5 m,MELAKUKAN PENGIRIMAN DAN PENERIMAAN,5492500,5492500
KAB. MANDAILING NATAL,DINAS PEKERJAAN UMUM DAN PENATAAN RUANG - ,2904373,37045676,2022,Non Tender,APBDP,CV. RAJAWALI ENGINEERING CONSULTANT,Pengadaan Langsung,Jasa Konsultansi Badan Usaha Konstruksi,Konsultan Perencanaan Peningkatan dan Perluasan SPAM Wilayah Mandailing Julu TA. 2023,SELESAI,99000000,99000000
KAB. MANDAILING NATAL,RUMAH SAKIT UMUM DAERAH PANYABUNGAN - 1.02.0.00.0.00.02.0001,1385808,35761991,2022,E-Katalog 5.0,BLUD,PT. Kimia Farma Tbk,E-Purchasing,Pengadaan Barang,"Gliseril trinitrat/ Glyceryl trinitrate kapsul lepas lambat 2,5 mg",MELAKUKAN PENGIRIMAN DAN PENERIMAAN,32800000,32800000
KAB. MANDAILING NATAL,RUMAH SAKIT UMUM DAERAH PANYABUNGAN - 1.02.0.00.0.00.02.0001,1057926,35761991,2022,E-Katalog 5.0,BLUD,PT. MEPROFARM,E-Purchasing,Pengadaan Barang,Zinc Sulfate Monohydrate  Drops 10 mg/mL,MELAKUKAN PENGIRIMAN DAN PENERIMAAN,265400,265400
KAB. MANDAILING NATAL,DINAS PEKERJAAN UMUM DAN PENATAAN RUANG - ,2995373,37048283,2022,Non Tender,APBDP,CV. PUTRA BARINGIN GROUP,Pengadaan Langsung,Pekerjaan Konstruksi,Normalisasi Sungai Aek Badan Desa Sihepeng Induk Kecamatan Siabu,SELESAI,149000000,149000000
KAB. MANDAILING NATAL,DINAS PENDIDIKAN - ,2606373,35573809,2022,Tender,APBD,cv. bugis nauli,Tender,Pekerjaan Konstruksi,Pembangunan Ruang Laboratorium Komputer Beserta Perabotnya (DAK) - SD Negeri 103 Panyabungan,SELESAI,204866817,204866817
KAB. MANDAILING NATAL,RUMAH SAKIT UMUM DAERAH PANYABUNGAN - 1.02.0.00.0.00.02.0001,968272,35761991,2022,E-Katalog 5.0,BLUD,P.T. Dexa Medica,E-Purchasing,Pengadaan Barang,Betahistin/Betahistine Mesilate/Betahistine Mesylate tablet/kapsul/kaplet 6 mg,MELAKUKAN PENGIRIMAN DAN PENERIMAAN,440000,440000
KAB. MANDAILING NATAL,DINAS KESEHATAN - ,820318,34279202,2022,E-Katalog 5.0,APBD,PT. SINKO PRIMA ALLOY,E-Purchasing,Pengadaan Barang,LAMPU PERIKSA LED MEL-02,MELAKUKAN PENGIRIMAN DAN PENERIMAAN,24771000,24771000
KAB. MANDAILING NATAL,RUMAH SAKIT UMUM DAERAH PANYABUNGAN - 1.02.0.00.0.00.02.0001,2254620,35761991,2022,E-Katalog 5.0,BLUD,P.T. Dexa Medica,E-Purchasing,Pengadaan Barang,Norepinephrine bitartate/ Norepinephrine bitartate monohydrate / Norepinephrine/ Norepinephrine base/ Norepinefrin inj 1 mg/ml,PROSES KONTRAK PPK,629800,629800
KAB. MANDAILING NATAL,RUMAH SAKIT UMUM DAERAH PANYABUNGAN - 1.02.0.00.0.00.02.0001,784989,35761991,2022,E-Katalog 5.0,BLUD,PT Sinaraya Nugraha Ahmadaris Medika,E-Purchasing,Pengadaan Barang,"Pembalut Elastis 10 cm x 4,55 m",MELAKUKAN PENGIRIMAN DAN PENERIMAAN,2178600,2178600
KAB. MANDAILING NATAL,DINAS PENDIDIKAN - ,2795373,35573606,2022,Non Tender,APBD,CV.LANGGA SARI,Pengadaan Langsung,Pekerjaan Konstruksi,Rehabilitasi Sedang/Berat Ruang Kelas Sekolah (DAU) - SD Negeri 099 Proyek Batang Gadis,SELESAI,144140000,144140000
KAB. MANDAILING NATAL,RUMAH SAKIT UMUM DAERAH PANYABUNGAN - 1.02.0.00.0.00.02.0001,2186792,35761991,2022,E-Katalog 5.0,BLUD,PT Frismed Hoslab Indonesia,E-Purchasing,Pengadaan Barang,DG Gel Coombs,PROSES KONTRAK PPK,3729600,0
KAB. MANDAILING NATAL,DINAS KESEHATAN - ,671803,34281017,2022,E-Katalog 5.0,APBD,PT. SATORIA ANEKA INDUSTRI,E-Purchasing,Pengadaan Barang,Glukosa larutan infus 10% 500 mL,MELAKUKAN PENGIRIMAN DAN PENERIMAAN,36000000,36000000
KAB. MANDAILING NATAL,DINAS KESEHATAN - ,965187,34281364,2022,E-Katalog 5.0,APBD,PT. Safelock Medical,E-Purchasing,Pengadaan Barang,Infusion Set Pediatric Set Type Y with Airvent,MELAKUKAN PENGIRIMAN DAN PENERIMAAN,36540000,36540000
KAB. MANDAILING NATAL,DINAS PERUMAHAN DAN KAWASAN PERMUKIMAN - 1.04.0.00.0.00.04.0000,2483373,35538404,2022,Non Tender,APBD,CV. BANGKIT BERSAMA GROUP,Pengadaan Langsung,Pekerjaan Konstruksi,Pembangunan Jalan Kelurahan Pasar Baru Batahan Kec. Batahan,SELESAI,147010000,147010000
KAB. MANDAILING NATAL,DINAS PEKERJAAN UMUM DAN PENATAAN RUANG - ,2937373,37401992,2022,Non Tender,APBDP,PT. ATHAYA MANDIRI KONSULINDO,Pengadaan Langsung,Jasa Konsultansi Badan Usaha Konstruksi,Penyusunan Detail Enginering Design (DED) Pembangunan Kantor Perpustakaan dan Arsip Daerah Kabupaten Mandailing Natal,SELESAI,49894500,49894500
KAB. MANDAILING NATAL,DINAS PENGENDALIAN PENDUDUK DAN KELUARGA BERENCANA - 2.14.0.00.0.00.15.0000,3110373,37878969,2022,Non Tender,APBDP,CV. CHAYA MURNI,Pengadaan Langsung,Pengadaan Barang,Belanja Modal Personal Computer,SELESAI,106093000,106093000
KAB. MANDAILING NATAL,DINAS KESEHATAN - ,696351,34281017,2022,E-Katalog 5.0,APBD,PT. RAMA EMERALD MULTI SUKSES,E-Purchasing,Pengadaan Barang,Eritromisin/Erythromycin/Erythromycin stearate tablet/kapsul/kaplet 500 mg,MELAKUKAN PENGIRIMAN DAN PENERIMAAN,40500000,40500000
KAB. MANDAILING NATAL,DINAS KESEHATAN - ,791691,34279740,2022,E-Katalog 5.0,APBD,PT. Abadinusa Usahasemesta,E-Purchasing,Pengadaan Barang,Fiber Optic Macintosh Laryngoscope Set,MELAKUKAN PENGIRIMAN DAN PENERIMAAN,99052000,99052000
KAB. MANDAILING NATAL,DINAS PEKERJAAN UMUM DAN PENATAAN RUANG - ,2839373,36033982,2022,Non Tender,APBD,CV. ENCONARS INTI MANDIRI,Pengadaan Langsung,Jasa Konsultansi Badan Usaha Konstruksi,Penyusunan Detail Engineering Design (DED) RSUD Panyabungan,SELESAI,49937499,49937499
KAB. MANDAILING NATAL,DINAS KESEHATAN - ,671803,34281017,2022,E-Katalog 5.0,APBD,PT. SATORIA ANEKA INDUSTRI,E-Purchasing,Pengadaan Barang,"Air untuk injeksi, cairan inj 25 mL",MELAKUKAN PENGIRIMAN DAN PENERIMAAN,10600000,10600000
KAB. MANDAILING NATAL,DINAS PENDIDIKAN DAN KEUBUDAYAAN - 1.01.2.22.0.00.00.0000,936593,36028002,2022,E-Katalog 5.0,APBD,PT Sentra Kriya Edukasi,E-Purchasing,Pengadaan Barang,HARVARD CPE20 PRO LTE CAT 6 Frequency 2.4GHz/5GHz Dual band,PROSES KONTRAK PPK,2557000,2557000
KAB. MANDAILING NATAL,BADAN PENGELOLAAN KEUANGAN PENDAPATAN DAN ASET DAERAH - 5.02.0.00.0.00.29.0000,1698450,36866776,2022,E-Katalog 5.0,APBDP,PT Krama Yudha Tiga Berlian Motors,E-Purchasing,Pengadaan Barang,CANTER FE 74 HD N (6W) DALMAS PLAT - TUNAS BAHANA SPARTA,PROSES KONTRAK PPK,582019600,582019600
KAB. MANDAILING NATAL,RUMAH SAKIT UMUM DAERAH PANYABUNGAN - 1.02.0.00.0.00.02.0001,841457,35761991,2022,E-Katalog 5.0,BLUD,PT. EMJEBE PHARMA,E-Purchasing,Pengadaan Barang,"Nacl 0,9% / Sodium Chloride 0,9%, 500 mL",MELAKUKAN PENGIRIMAN DAN PENERIMAAN,34500000,34500000
KAB. MANDAILING NATAL,DINAS KESEHATAN - ,671905,34281017,2022,E-Katalog 5.0,APBD,PT. Hexpharm Jaya Laboratories,E-Purchasing,Pengadaan Barang,"Amoksisilin/ Amoxicillin/ Amoxicillin Trihydrate tablet/kapsul/kaplet/kaptab 500 mg, kemasan strip/blister (G)",MELAKUKAN PENGIRIMAN DAN PENERIMAAN,105500000,105500000
KAB. MANDAILING NATAL,RUMAH SAKIT UMUM DAERAH PANYABUNGAN - 1.02.0.00.0.00.02.0001,708524,35761991,2022,E-Katalog 5.0,BLUD,PT Otsuka Indonesia,E-Purchasing,Pengadaan Barang,"Kalium klorida / Potasium klorida injeksi 25 mg 7,46% 25 mL",MELAKUKAN PENGIRIMAN DAN PENERIMAAN,208320,208320
KAB. MANDAILING NATAL,DINAS PERUMAHAN DAN KAWASAN PERMUKIMAN - 1.04.0.00.0.00.04.0000,2512373,35538525,2022,Non Tender,APBD,CV. PUTRA PRATAMA,Pengadaan Langsung,Pekerjaan Konstruksi,Pembangunan Jalan Lingkungan di Desa Huta Pungkut Julu Kec. Kotanopan,SELESAI,134050000,134050000
KAB. MANDAILING NATAL,DINAS PENDIDIKAN - ,2816373,35574075,2022,Non Tender,APBD,CV. NAURA KARYA CONTRACTOR,Pengadaan Langsung,Pekerjaan Konstruksi,Pembangunan Ruang Kelas Baru - SD Negeri 070 Kampung Baru,SELESAI,194366000,194366000
KAB. MANDAILING NATAL,RUMAH SAKIT UMUM DAERAH PANYABUNGAN - 1.02.0.00.0.00.02.0001,1161955,35761991,2022,E-Katalog 5.0,BLUD,PT Glaxo Wellcome Indonesia,E-Purchasing,Pengadaan Barang,Kombinasi: Salmeterol 25 mcg + Flutikason propionat 50 mcg,MELAKUKAN PENGIRIMAN DAN PENERIMAAN,708000,0
KAB. MANDAILING NATAL,DINAS PERUMAHAN DAN KAWASAN PERMUKIMAN - 1.04.0.00.0.00.04.0000,2574373,36135155,2022,Non Tender,APBD,CV. ASTRY,Pengadaan Langsung,Pekerjaan Konstruksi,Pembangunan Jalan Lingkungan di Jalan Bakti Abri Kec. Panyabungan (BKP),SELESAI,198820000,198820000
KAB. MANDAILING NATAL,DINAS PERTANIAN - 3.27.0.00.0.00.24.0000,2754373,36390133,2022,Non Tender,APBD,CV. BUNGA BONDAR GROUP,Pengadaan Langsung,Pekerjaan Konstruksi,Pembangunan Jalan Usaha Tani (JUT) di Desa Muara Mais Jambur Kec. Tambangan Kab. Mandailing Natal (BKP),SELESAI,199635000,199635000
KAB. MANDAILING NATAL,DINAS PERUMAHAN DAN KAWASAN PERMUKIMAN - 1.04.0.00.0.00.04.0000,2667373,35538412,2022,Non Tender,APBD,CV. RAJAWALI ENGINEERING CONSULTANT,Pengadaan Langsung,Jasa Konsultansi Badan Usaha Non Konstruksi,Penyusunan Data Capaian Bidang Perumahan,SELESAI,99733500,99733500
KAB. MANDAILING NATAL,DINAS KESEHATAN - ,753622,34281017,2022,E-Katalog 5.0,APBD,PT. Kimia Farma Tbk,E-Purchasing,Pengadaan Barang,"Asam askorbat (vitamin C) tablet/kapsul/kaplet 50 mg, kemasan strip/blister ",MELAKUKAN PENGIRIMAN DAN PENERIMAAN,12900000,12900000
KAB. MANDAILING NATAL,RUMAH SAKIT UMUM DAERAH PANYABUNGAN - 1.02.0.00.0.00.02.0001,1557145,35761991,2022,E-Katalog 5.0,BLUD,PT.GLOBAL DISPOMEDIKA,E-Purchasing,Pengadaan Barang,Metrazyme Instrument Cleaner Disinfectant 25 sachet,MELAKUKAN PENGIRIMAN DAN PENERIMAAN,3062000,3062000
KAB. MANDAILING NATAL,DINAS PEKERJAAN UMUM DAN PENATAAN RUANG - ,2555373,36093968,2022,Non Tender,APBD,CV Rekayasa Geomatika Indonesia,Pengadaan Langsung,Jasa Konsultansi Badan Usaha Non Konstruksi,Belanja Jasa Konsultansi Perencanaan Rekayasa-Jasa Desain Rekayasa untuk Pekerjaan Teknik Sipil Air,SELESAI,69700000,69700000
KAB. MANDAILING NATAL,BAGIAN PENGADAAN BARANG DAN JASA SETDAKAB MANDAILING NATAL - 4.01.5.06.0.00.26.0005,1271417,36366297,2022,E-Katalog 5.0,APBD,CV. KREASI KENANGA,E-Purchasing,Pengadaan Barang,Map Plastik Bisnis,PROSES KONTRAK PPK,109560,109560
KAB. MANDAILING NATAL,RUMAH SAKIT UMUM DAERAH PANYABUNGAN - 1.02.0.00.0.00.02.0001,1053306,35761991,2022,E-Katalog 5.0,BLUD,PT. Likuid Pharmalab Indonesia,E-Purchasing,Pengadaan Barang,Medika Povidine 10% ukuran 1 L,MELAKUKAN PENGIRIMAN DAN PENERIMAAN,3926250,3926250
KAB. MANDAILING NATAL,DINAS PENDIDIKAN - ,2594373,36195659,2022,Non Tender,APBD,CV. CHAYA MURNI,Pengadaan Langsung,Pengadaan Barang,Belanja Modal Peralatan Komputer,SELESAI,128804000,0
KAB. MANDAILING NATAL,DINAS PEKERJAAN UMUM DAN PENATAAN RUANG - ,2897373,37007321,2022,Non Tender,APBDP,cv. riski nauli,Pengadaan Langsung,Pekerjaan Konstruksi,Peningkatan Jalan Mondan Julu - Pancinaran,SELESAI,98900000,98900000
KAB. MANDAILING NATAL,DINAS KESEHATAN - ,809097,34279202,2022,E-Katalog 5.0,APBD,PT. Emiindo Jaya Bersama,E-Purchasing,Pengadaan Barang,Blood Pressure Monitor/ Tensimeter Digital Powerbank Plus  Adaptor,MELAKUKAN PENGIRIMAN DAN PENERIMAAN,7340800,7340800
KAB. MANDAILING NATAL,DINAS PEKERJAAN UMUM DAN PENATAAN RUANG - ,3043373,37045470,2022,Non Tender,APBDP,CV. RAJAWALI ENGINEERING CONSULTANT,Pengadaan Langsung,Jasa Konsultansi Badan Usaha Konstruksi,Feasibility Study (FS) Aek Sarir,SELESAI,99000000,99000000
KAB. MANDAILING NATAL,RUMAH SAKIT UMUM DAERAH PANYABUNGAN - 1.02.0.00.0.00.02.0001,1586013,35761991,2022,E-Katalog 5.0,BLUD,"PT Tempo Scan Pacific,  Tbk",E-Purchasing,Pengadaan Barang,Zinc sulfate/ Zinc sulfate monohydrate/ Zinc/ Zink sir 20 mg/5 ml.,MELAKUKAN PENGIRIMAN DAN PENERIMAAN,497800,497800
KAB. MANDAILING NATAL,RUMAH SAKIT UMUM DAERAH PANYABUNGAN - 1.02.0.00.0.00.02.0001,1480839,35761991,2022,E-Katalog 5.0,BLUD,PT. Hexpharm Jaya Laboratories,E-Purchasing,Pengadaan Barang,"Asam Mefenamat/Mefenamic acid tablet/kapsul/kaplet/kaptab 500 mg, kemasan strip/blister (G)",MELAKUKAN PENGIRIMAN DAN PENERIMAAN,555000,555000
KAB. MANDAILING NATAL,DINAS KESEHATAN - ,891834,34280218,2022,E-Katalog 5.0,APBD,CV.NURITEKNIK,E-Purchasing,Pengadaan Barang,Examination Table NT 007-00B (Plus A),MELAKUKAN PENGIRIMAN DAN PENERIMAAN,11410000,11410000
KAB. MANDAILING NATAL,RUMAH SAKIT UMUM DAERAH PANYABUNGAN - 1.02.0.00.0.00.02.0001,919516,35761955,2022,E-Katalog 5.0,APBD,PT. Djembatan Dua,E-Purchasing,Pengadaan Barang,System,MELAKUKAN PENGIRIMAN DAN PENERIMAAN,707000000,0
KAB. MANDAILING NATAL,DINAS PENDIDIKAN - ,2806373,35573869,2022,Non Tender,APBD,CV. BINTANG BUDI MANDIRI,Pengadaan Langsung,Pekerjaan Konstruksi,Pembangunan Ruang Kelas Baru - SD Negeri 343 Kubangan Tompek,SELESAI,194299000,194299000
KAB. MANDAILING NATAL,DINAS PENDIDIKAN - ,2611373,35573870,2022,Tender,APBD,cv. bugis nauli,Tender,Pekerjaan Konstruksi,Pembangunan Ruang Laboratorium Komputer Beserta Perabotnya (DAK) - SD Negeri 369 Bintuas,SELESAI,207515768,207515768
KAB. MANDAILING NATAL,DINAS PEKERJAAN UMUM DAN PENATAAN RUANG - ,2558373,34699431,2022,Non Tender,APBD,CV.RIZKI KARYA,Pengadaan Langsung,Pengadaan Barang,Belanja Modal Peralatan Studio Pemetaan/Peralatan Ukur Tanah,SELESAI,72500000,72500000
KAB. MANDAILING NATAL,DINAS KESEHATAN - ,938336,34281364,2022,E-Katalog 5.0,APBD,Abhimata Manunggal,E-Purchasing,Pengadaan Barang,AMA Anti-AB Monoclonal Antibodies,MELAKUKAN PENGIRIMAN DAN PENERIMAAN,11352250,11352250
KAB. MANDAILING NATAL,DINAS PEKERJAAN UMUM DAN PENATAAN RUANG - ,3000373,37048412,2022,Non Tender,APBDP,CV. NABILA,Pengadaan Langsung,Pekerjaan Konstruksi,Rehabilitasi Jaringan Irigasi Aek Matondang Desa Pintu Padang Jae Kecamatan Siabu,SELESAI,98200000,98200000
KAB. MANDAILING NATAL,DINAS PENDIDIKAN - ,3071373,37502463,2022,Non Tender,APBDP,CV. BUNGA BONDAR GROUP,Pengadaan Langsung,Pekerjaan Konstruksi,Rehabilitasi Sedang/Berat Ruang Kelas Sekolah (DAU) - SD Negeri 166 Purba Lamo,SELESAI,199791000,199791000
KAB. MANDAILING NATAL,DINAS PENDIDIKAN - ,2455373,35573723,2022,Non Tender,APBD,CV. HADITAMA,Pengadaan Langsung,Jasa Konsultansi Badan Usaha Konstruksi,Belanja Jasa Konsultan Perencanaan Kegiatan Fisik SD,SELESAI,79920000,79920000
KAB. MANDAILING NATAL,DINAS KESEHATAN - ,939891,34281364,2022,E-Katalog 5.0,APBD,PT Jayamas Medica Industri,E-Purchasing,Pengadaan Barang,Safety Syringe With Needle 5ml,MELAKUKAN PENGIRIMAN DAN PENERIMAAN,3224000,3224000
KAB. MANDAILING NATAL,DINAS PEKERJAAN UMUM DAN PENATAAN RUANG - ,2732373,34657557,2022,Non Tender,APBD,CV. AULIA RIZKI PRATAMA,Pengadaan Langsung,Pekerjaan Konstruksi,Rehabilitasi Bantaran dan Tanggul Sungai Bondar Ambasang Desa Lumban Pasir Kec. Panyabungan,SELESAI,197280000,197280000
KAB. MANDAILING NATAL,DINAS KESEHATAN - ,670828,34281017,2022,E-Katalog 5.0,APBD,PT. AFIFARMA,E-Purchasing,Pengadaan Barang,"Paracetamol/ Parasetamol drops 100 mg/ml (60mg/0,6ml)",MELAKUKAN PENGIRIMAN DAN PENERIMAAN,25565000,25565000
KAB. MANDAILING NATAL,DINAS KESEHATAN - ,906367,34279202,2022,E-Katalog 5.0,APBD,PT. SINKO PRIMA ALLOY,E-Purchasing,Pengadaan Barang,DIGITAL SCALE / TIMBANGAN DIGITAL BMI + BODY FAT DIGIT-PRO BMI + BODY FAT,MELAKUKAN PENGIRIMAN DAN PENERIMAAN,88792880,88792880
KAB. MANDAILING NATAL,DINAS LINGKUNGAN HIDUP - 2.11.0.00.0.00.12.0000,2779373,35736269,2022,Non Tender,APBD,PT Syawalindo Pratama Rezeki,Pengadaan Langsung,Pengadaan Barang,Belanja Modal Alat Ukur Lainnya ( Alat Uji Kualitas Udara ),SELESAI,190698000,0
KAB. MANDAILING NATAL,RUMAH SAKIT UMUM DAERAH PANYABUNGAN - 1.02.0.00.0.00.02.0001,969623,35761991,2022,E-Katalog 5.0,BLUD,PT Jayamas Medica Industri,E-Purchasing,Pengadaan Barang,Oxyflow Bayi,MELAKUKAN PENGIRIMAN DAN PENERIMAAN,605000,605000
KAB. MANDAILING NATAL,DINAS PERTANIAN - 3.27.0.00.0.00.24.0000,2744373,36359789,2022,Non Tender,APBD,CV. CENDANA,Pengadaan Langsung,Pekerjaan Konstruksi,Pembangunan Irigasi Tersier Saba Aek Kandis Desa Manuncang Kec. Muara Batang Gadis Kab. Mandailing Natal (BKP),SELESAI,198950000,198950000
KAB. MANDAILING NATAL,BADAN PENGELOLAAN KEUANGAN PENDAPATAN DAN ASET DAERAH - ,3124373,34311082,2022,Non Tender,APBD,CV. KREASI KENANGA,Pengadaan Langsung,Pengadaan Barang,Belanja Alat/Bahan untuk Kegiatan Kantor- Bahan Cetak,SELESAI,98609000,0
KAB. MANDAILING NATAL,RUMAH SAKIT UMUM DAERAH PANYABUNGAN - 1.02.0.00.0.00.02.0001,1481797,35761991,2022,E-Katalog 5.0,BLUD,PT. Merck Tbk,E-Purchasing,Pengadaan Barang,"Bisoprolol tablet/kapsul/kaplet 1,25 mg",MELAKUKAN PENGIRIMAN DAN PENERIMAAN,5715000,5715000
KAB. MANDAILING NATAL,DINAS KESEHATAN - ,938936,34281364,2022,E-Katalog 5.0,APBD,PT. Safelock Medical,E-Purchasing,Pengadaan Barang,N95 Mask 5 Ply Particulate Respirator,MELAKUKAN PENGIRIMAN DAN PENERIMAAN,38325000,38325000
KAB. MANDAILING NATAL,DINAS PEKERJAAN UMUM DAN PENATAAN RUANG - ,2650373,36578342,2022,Tender,APBD,CV. MALINDO PERSADA,Tender,Pekerjaan Konstruksi,Pengembangan Tembok Pengendali Banjir Sungai Aek Singengu Lingkungan I Kel. Pasar Kotanopan Kec. Kotanopan Kab. Mandailing Natal (BKP),SELESAI,957059000,957059000
KAB. MANDAILING NATAL,SATUAN POLISI PAMONG PRAJA - 1.05.0.00.0.00.05.0000,2307963,38065970,2022,E-Katalog 5.0,APBDP,UNTUNG INDAH JAYA,E-Purchasing,Pengadaan Barang,Seragam PDL Damkar,PROSES KONTRAK PPK,82140000,82140000
KAB. MANDAILING NATAL,RUMAH SAKIT UMUM DAERAH PANYABUNGAN - 1.02.0.00.0.00.02.0001,1594309,35761991,2022,E-Katalog 5.0,BLUD,PT. EMJEBE PHARMA,E-Purchasing,Pengadaan Barang,"Nacl 0,9% / Sodium Chloride 0,9%, 500 mL",MELAKUKAN PENGIRIMAN DAN PENERIMAAN,34500000,34500000
KAB. MANDAILING NATAL,DINAS PEKERJAAN UMUM DAN PENATAAN RUANG - ,2740373,34658419,2022,Non Tender,APBD,CV. FERDIAN PUTRA,Pengadaan Langsung,Pekerjaan Konstruksi,Pengerukan Sungai Aek Tolang Kelurahan Kec. Panyabungan,SELESAI,198280000,198280000
KAB. MANDAILING NATAL,DINAS KESEHATAN - ,938336,34281364,2022,E-Katalog 5.0,APBD,Abhimata Manunggal,E-Purchasing,Pengadaan Barang,AMA Anti-A Monoclonal Antibodies,MELAKUKAN PENGIRIMAN DAN PENERIMAAN,13550050,13550050
KAB. MANDAILING NATAL,RUMAH SAKIT UMUM DAERAH PANYABUNGAN - 1.02.0.00.0.00.02.0001,1594931,35761991,2022,E-Katalog 5.0,BLUD,PT. EMJEBE PHARMA,E-Purchasing,Pengadaan Barang,"Ringer Laktat/ Ringer Lactate, @500 mL ",MELAKUKAN PENGIRIMAN DAN PENERIMAAN,38515000,38515000
KAB. MANDAILING NATAL,DINAS PERTANIAN - 3.27.0.00.0.00.24.0000,3122373,37532415,2022,Non Tender,APBD,CV. DAME LANGGENG,Pengadaan Langsung,Pengadaan Barang,Belanja Bahan - Bahan Kimia,SELESAI,110750000,110750000
KAB. MANDAILING NATAL,DINAS PENDIDIKAN - ,2803373,35573946,2022,Non Tender,APBD,cv sinar jaya,Pengadaan Langsung,Pekerjaan Konstruksi,Pembangunan Ruang Kelas Baru - SD Negeri 386 Manuncang,SELESAI,194200000,194200000
KAB. MANDAILING NATAL,DINAS PEKERJAAN UMUM DAN PENATAAN RUANG - ,2842373,34719867,2022,Non Tender,APBD,CV. IKHWAN FIRDAUS,Pengadaan Langsung,Pekerjaan Konstruksi,Lanjutan Pembangunan Markas PMI Panyabungan,SELESAI,198600000,198600000
KAB. MANDAILING NATAL,RUMAH SAKIT UMUM DAERAH PANYABUNGAN - 1.02.0.00.0.00.02.0001,969623,35761991,2022,E-Katalog 5.0,BLUD,PT Jayamas Medica Industri,E-Purchasing,Pengadaan Barang,Oxyflow Dewasa,MELAKUKAN PENGIRIMAN DAN PENERIMAAN,6050000,6050000
KAB. MANDAILING NATAL,DINAS PENDIDIKAN - ,3102373,37502645,2022,Non Tender,APBDP,CV. PELITA BUANA,Pengadaan Langsung,Jasa Konsultansi Badan Usaha Konstruksi,Belanja Jasa Konsultan Pengawasan SD - APBDP,SELESAI,24891000,24891000
KAB. MANDAILING NATAL,DINAS KESEHATAN - ,672299,34281017,2022,E-Katalog 5.0,APBD,PT. Kimia Farma Tbk,E-Purchasing,Pengadaan Barang,Fenobarbital/ Phenobarbital tablet/kapsul/kaplet 30 mg (G),MELAKUKAN PENGIRIMAN DAN PENERIMAAN,546000,546000
KAB. MANDAILING NATAL,DINAS KESEHATAN - ,704084,34281017,2022,E-Katalog 5.0,APBD,PT.Phapros Tbk,E-Purchasing,Pengadaan Barang,Nystatin/ Nistatin tablet/kapsul/kaplet 500.000 IU,MELAKUKAN PENGIRIMAN DAN PENERIMAAN,1738000,1738000
KAB. MANDAILING NATAL,DINAS PEKERJAAN UMUM DAN PENATAAN RUANG - ,2970373,37048460,2022,Non Tender,APBDP,CV. MUTIARA MUTIARA ABADI,Pengadaan Langsung,Pekerjaan Konstruksi,Rehabilitasi Jaringan Irigasi Bondar Godang Desa Gunung Barani Kecamatan Panyabungan,SELESAI,98534000,98534000
KAB. MANDAILING NATAL,DINAS PEKERJAAN UMUM DAN PENATAAN RUANG - ,2832373,36697636,2022,Non Tender,APBD,FUTURINDO MANDIRI SEJAHTERA,Pengadaan Langsung,Pekerjaan Konstruksi,Pembangunan Sarana Air Bersih Lingkungan I Keluarahan Pasar Kotanopan Kab. Mandailing Natal (BKP),SELESAI,197000000,197000000
KAB. MANDAILING NATAL,DINAS PENDIDIKAN DAN KEUBUDAYAAN - 1.01.2.22.0.00.00.0000,936593,36028002,2022,E-Katalog 5.0,APBD,PT Sentra Kriya Edukasi,E-Purchasing,Pengadaan Barang,PA503X,PROSES KONTRAK PPK,6400000,0
KAB. MANDAILING NATAL,DINAS PENDIDIKAN - ,3103373,37502658,2022,Non Tender,APBDP,CV. PELITA BUANA,Pengadaan Langsung,Jasa Konsultansi Badan Usaha Konstruksi,Belanja Jasa Konsultan Pengawasan SMP - APBDP,SELESAI,24891000,24891000
KAB. MANDAILING NATAL,DINAS KESEHATAN - ,891720,34279997,2022,E-Katalog 5.0,APBD,CV.NURITEKNIK,E-Purchasing,Pengadaan Barang,Baby Basket NT 013-00BSS,MELAKUKAN PENGIRIMAN DAN PENERIMAAN,24952000,24952000
KAB. MANDAILING NATAL,DINAS PEKERJAAN UMUM DAN PENATAAN RUANG - ,2546373,34696785,2022,Tender,APBD,CV. KARYA ANAK BANGSA,Tender,Pekerjaan Konstruksi,Pembangunan Baru SPAM Jaringan Perpipaan Desa Sayur Maincat,SELESAI,539095217,539095217
KAB. MANDAILING NATAL,DINAS KESEHATAN - ,705105,34281017,2022,E-Katalog 5.0,APBD,PT. COBRA DENTAL INDONESIA,E-Purchasing,Pengadaan Barang,BIODINAMICA Tricresolformalina,MELAKUKAN PENGIRIMAN DAN PENERIMAAN,915000,0
KAB. MANDAILING NATAL,DINAS PEKERJAAN UMUM DAN PENATAAN RUANG - ,2903373,37045704,2022,Non Tender,APBDP,CV. RAJAWALI ENGINEERING CONSULTANT,Pengadaan Langsung,Jasa Konsultansi Badan Usaha Konstruksi,Konsultan Perencanaan Peningkatan dan Perluasan SPAM Wilayah Pantai Barat TA. 2023,SELESAI,99000000,99000000
KAB. MANDAILING NATAL,RUMAH SAKIT UMUM DAERAH PANYABUNGAN - 1.02.0.00.0.00.02.0001,1053306,35761991,2022,E-Katalog 5.0,BLUD,PT. Likuid Pharmalab Indonesia,E-Purchasing,Pengadaan Barang,Medika Alkohol 70% ukuran 1 L,MELAKUKAN PENGIRIMAN DAN PENERIMAAN,7528500,7528500
KAB. MANDAILING NATAL,DINAS KESEHATAN - ,939250,34281364,2022,E-Katalog 5.0,APBD,PT Medihop,E-Purchasing,Pengadaan Barang,"C43 T-Chromic Catgut Chromic 3-0, 90 cm Round Bodied, 1/2 circle, 26 mm",MELAKUKAN PENGIRIMAN DAN PENERIMAAN,15568750,15568750
KAB. MANDAILING NATAL,DINAS PEKERJAAN UMUM DAN PENATAAN RUANG - ,2985373,37045066,2022,Non Tender,APBDP,CV. MANUNGGAL RIAMERTA DEV. CONSULTANT,Pengadaan Langsung,Jasa Konsultansi Badan Usaha Konstruksi,Konsultan Pengawasan Kegiatan Pembangunan Drainase P.APBD 2022,SELESAI,11500000,11500000
KAB. MANDAILING NATAL,DINAS KEPENDUDUKAN DAN PENCATATAN SIPIL - 2.12.0.00.0.00.13.0000,583403,35591702,2022,E-Katalog 5.0,APBD,PT. TRIKREASINDO MANDIRI SENTOSA,E-Purchasing,Pengadaan Barang,Cleaning Kit for Printer HDP5000/5600,MELAKUKAN PENGIRIMAN DAN PENERIMAAN,10774000,0
KAB. MANDAILING NATAL,DINAS PERUMAHAN DAN KAWASAN PERMUKIMAN - 1.04.0.00.0.00.04.0000,2582373,36135170,2022,Non Tender,APBD,CV. ASTRY,Pengadaan Langsung,Pekerjaan Konstruksi,Pembangunan Jalan Lingkungan di Kelurahan Mompang Jae Kec. Panyabugan Utara (BKP),SELESAI,198920000,198920000
KAB. MANDAILING NATAL,DINAS PERUMAHAN DAN KAWASAN PERMUKIMAN - 1.04.0.00.0.00.04.0000,3082373,37516440,2022,Non Tender,APBDP,CV. CENTRAL GRAFIKA PRINT,Pengadaan Langsung,Pekerjaan Konstruksi,Pembangunan/ Rehabilitasi Jalan Lingkungan di Desa Huta Pungkut Julu Kec. Kotanopan,SELESAI,141300000,141300000
KAB. MANDAILING NATAL,SATUAN POLISI PAMONG PRAJA - 1.05.0.00.0.00.05.0000,2501373,35474801,2022,Non Tender,APBD,CV. DAME LANGGENG,Pengadaan Langsung,Pengadaan Barang,Belanja Modal Alat Pemadam Kebakaran,SELESAI,109335000,0
KAB. MANDAILING NATAL,RUMAH SAKIT UMUM DAERAH PANYABUNGAN - 1.02.0.00.0.00.02.0001,910518,35761991,2022,E-Katalog 5.0,BLUD,PT. AFIFARMA,E-Purchasing,Pengadaan Barang,Domperidon/ Domperidone maleate/ Domperidone sirup/suspensi 5 mg/5 ml,MELAKUKAN PENGIRIMAN DAN PENERIMAAN,117950,117950
KAB. MANDAILING NATAL,DINAS KESEHATAN - ,973630,34280218,2022,E-Katalog 5.0,APBD,PT.BINTANG ANUGERAH CAHAYA ABADI,E-Purchasing,Pengadaan Barang,Oxygen Regulator / Y006,MELAKUKAN PENGIRIMAN DAN PENERIMAAN,4940000,0
KAB. MANDAILING NATAL,DINAS KESEHATAN - ,671560,34281017,2022,E-Katalog 5.0,APBD,PT. PHARMA LABORATORIES,E-Purchasing,Pengadaan Barang,"Amoksisilin/Amoxicillin/Amoxicillin trihydrate 100 mg/mL  drops/  sirup kering, botol 15 mL",MELAKUKAN PENGIRIMAN DAN PENERIMAAN,21000000,21000000
KAB. MANDAILING NATAL,RUMAH SAKIT UMUM DAERAH PANYABUNGAN - 1.02.0.00.0.00.02.0001,708624,35761991,2022,E-Katalog 5.0,BLUD,PT. Mersifarma Tirmaku Mercusana,E-Purchasing,Pengadaan Barang,Paracetamol/ Parasetamol sirup 120 mg / 5 ml,MELAKUKAN PENGIRIMAN DAN PENERIMAAN,696000,696000
KAB. MANDAILING NATAL,DINAS PERTANIAN - 3.27.0.00.0.00.24.0000,2607373,35264918,2022,Non Tender,APBD,CV. SINAR JAYA ABADI,Pengadaan Langsung,Pengadaan Barang,Belanja Obat - Obatan - Obat-Obatan Lainnya,SELESAI,199000000,199000000
KAB. MANDAILING NATAL,DINAS PEKERJAAN UMUM DAN PENATAAN RUANG - ,2854373,37020398,2022,Non Tender,APBDP,CV. GORDANG SAMBILAN MANDAILING,Pengadaan Langsung,Pekerjaan Konstruksi,Rehabilitasi/Pemeliharaan Jalan Maga - Tanobato,SELESAI,149350000,149350000
KAB. MANDAILING NATAL,DINAS PEKERJAAN UMUM DAN PENATAAN RUANG - ,2887373,37019624,2022,Non Tender,APBDP,CV AEK KAPIAS,Pengadaan Langsung,Pekerjaan Konstruksi,Rehabilitasi/Pemeliharaan Jalan Jl. Pilar Gn. Tua Panggorengan,SELESAI,99500000,99500000
KAB. MANDAILING NATAL,DINAS KESEHATAN - ,939891,34281364,2022,E-Katalog 5.0,APBD,PT Jayamas Medica Industri,E-Purchasing,Pengadaan Barang,Sarung Tangan Obgyn,MELAKUKAN PENGIRIMAN DAN PENERIMAAN,9890800,9890800
KAB. MANDAILING NATAL,DINAS PEKERJAAN UMUM DAN PENATAAN RUANG - ,2879373,37007552,2022,Non Tender,APBDP,cv.taufikprima putra,Pengadaan Langsung,Pekerjaan Konstruksi,Peningkatan Jalan Sigalapang Julu - Sopo Batu,SELESAI,198500000,198500000
KAB. MANDAILING NATAL,DINAS PEKERJAAN UMUM DAN PENATAAN RUANG - ,2852373,37020261,2022,Non Tender,APBDP,CV. GLOBAL MANDIRI,Pengadaan Langsung,Pekerjaan Konstruksi,Rehabilitasi/Pemeliharaan Jalan Maga - Siantona,SELESAI,198315000,198315000
KAB. MANDAILING NATAL,DINAS PERUMAHAN DAN KAWASAN PERMUKIMAN - 1.04.0.00.0.00.04.0000,2469373,35538555,2022,Non Tender,APBD,CV. HABIBI PRATAMA,Pengadaan Langsung,Pekerjaan Konstruksi,Pembangunan Jalan Lingkungan di Desa Lubuk Bondar Panjang Kec. Batang Natal,SELESAI,147000000,147000000
KAB. MANDAILING NATAL,RUMAH SAKIT UMUM DAERAH PANYABUNGAN - 1.02.0.00.0.00.02.0001,708624,35761991,2022,E-Katalog 5.0,BLUD,PT. Mersifarma Tirmaku Mercusana,E-Purchasing,Pengadaan Barang,Asam Asetilsalisilat (asetosal) tablet/kapsul/kaplet 80 mg	,MELAKUKAN PENGIRIMAN DAN PENERIMAAN,1780000,1780000
KAB. MANDAILING NATAL,DINAS PERUMAHAN DAN KAWASAN PERMUKIMAN - 1.04.0.00.0.00.04.0000,2462373,35538585,2022,Non Tender,APBD,CV. ZAQKIH ALAWI,Pengadaan Langsung,Pekerjaan Konstruksi,Pembangunan Jalan Lingkungan di Gang Mesjid Kel. Kayu Jati Kec. Panyabungan,SELESAI,134630000,134630000
KAB. MANDAILING NATAL,DINAS PEKERJAAN UMUM DAN PENATAAN RUANG - ,2652373,34696636,2022,Tender,APBD,CV. IKHWAN FIRDAUS,Tender,Pekerjaan Konstruksi,Pembangunan Baru SPAM Jaringan Perpipaan Desa Tambiski Nauli Kec. Naga Juang,SELESAI,340000000,340000000
KAB. MANDAILING NATAL,DINAS KESEHATAN - ,671905,34281017,2022,E-Katalog 5.0,APBD,PT. Hexpharm Jaya Laboratories,E-Purchasing,Pengadaan Barang,Ketokonazol/ Ketoconazole tablet/kapsul/kaplet 200 mg,MELAKUKAN PENGIRIMAN DAN PENERIMAAN,52000000,52000000
KAB. MANDAILING NATAL,DINAS KESEHATAN - ,741574,34281017,2022,E-Katalog 5.0,APBD,P.T. Dexa Medica,E-Purchasing,Pengadaan Barang,Propylthiouracil/ Propiltiourasil tablet/kapsul/kaplet 100 mg,MELAKUKAN PENGIRIMAN DAN PENERIMAAN,4050000,4050000
KAB. MANDAILING NATAL,RUMAH SAKIT UMUM DAERAH PANYABUNGAN - 1.02.0.00.0.00.02.0001,718092,35761991,2022,E-Katalog 5.0,BLUD,PT Pratapa Nirmala,E-Purchasing,Pengadaan Barang,"Timolol maleate 0,5%",PROSES KONTRAK PPK,605000,605000
KAB. MANDAILING NATAL,RUMAH SAKIT UMUM DAERAH PANYABUNGAN - 1.02.0.00.0.00.02.0001,717620,35761991,2022,E-Katalog 5.0,BLUD,PT Jayamas Medica Industri,E-Purchasing,Pengadaan Barang,Alcohol Swabs,MELAKUKAN PENGIRIMAN DAN PENERIMAAN,1953600,1953600
KAB. MANDAILING NATAL,DINAS PEKERJAAN UMUM DAN PENATAAN RUANG - ,2994373,37048621,2022,Non Tender,APBDP,CV. CENTRAL GRAFIKA PRINT,Pengadaan Langsung,Pekerjaan Konstruksi,Rehabilitasi Jaringan Irigasi Bondar Saba Padang Baringin Desa Sibanggor Jae Kecamatan Puncak Sorik Marapi,SELESAI,98300000,98300000
KAB. MANDAILING NATAL,DINAS LINGKUNGAN HIDUP - 2.11.0.00.0.00.12.0000,1924988,37296181,2022,E-Katalog 5.0,APBDP,PT Krama Yudha Tiga Berlian Motors,E-Purchasing,Pengadaan Barang,CANTER FE 75 SHDX N (6W) ARMROLL TERBUKA - SHI BTE PRAKARSA ENERGI,MELAKUKAN PENGIRIMAN DAN PENERIMAAN,648653600,648653600
KAB. MANDAILING NATAL,DINAS PENDIDIKAN - ,2485373,35574131,2022,Non Tender,APBD,CV. MAYSAH PERMATA,Pengadaan Langsung,Jasa Konsultansi Badan Usaha Konstruksi,Belanja Jasa Konsultan Perencanaan Kegiatan Fisik SMP,SELESAI,99789000,99789000
KAB. MANDAILING NATAL,DINAS PERUMAHAN DAN KAWASAN PERMUKIMAN - 1.04.0.00.0.00.04.0000,2527373,35538494,2022,Non Tender,APBD,CV. AUR LAS,Pengadaan Langsung,Pekerjaan Konstruksi,Pembangunan Jalan Lingkungan di Kelurahan Pidoli Dolok Gg. Sahabat Kec. Panyabungan,SELESAI,134000000,134000000
KAB. MANDAILING NATAL,RUMAH SAKIT UMUM DAERAH PANYABUNGAN - 1.02.0.00.0.00.02.0001,888314,35761991,2022,E-Katalog 5.0,BLUD,PT Sinaraya Nugraha Ahmadaris Medika,E-Purchasing,Pengadaan Barang,10 cm x 5 m,MELAKUKAN PENGIRIMAN DAN PENERIMAAN,19938500,19938500
KAB. MANDAILING NATAL,BADAN PENGELOLAAN KEUANGAN PENDAPATAN DAN ASET DAERAH - ,2920373,37237229,2022,Non Tender,APBDP,CV. KREATIFITAS CEMERLANG,Pengadaan Langsung,Pengadaan Barang,Belanja Modal Peralatan Komputer Lainnya,SELESAI,187190000,0
KAB. MANDAILING NATAL,DINAS KESEHATAN - ,939891,34281364,2022,E-Katalog 5.0,APBD,PT Jayamas Medica Industri,E-Purchasing,Pengadaan Barang,Dental Needle 30 G x 21 mm,MELAKUKAN PENGIRIMAN DAN PENERIMAAN,5388800,5388800
KAB. MANDAILING NATAL,DINAS PENDIDIKAN - ,2808373,35573833,2022,Non Tender,APBD,cv. abadi karya,Pengadaan Langsung,Pekerjaan Konstruksi,Pembangunan Ruang Kelas Baru - SD Negeri 336 Sinunukan V,SELESAI,194323000,194323000
KAB. MANDAILING NATAL,RUMAH SAKIT UMUM DAERAH PANYABUNGAN - 1.02.0.00.0.00.02.0001,1395847,35761991,2022,E-Katalog 5.0,BLUD,PT Jayamas Medica Industri,E-Purchasing,Pengadaan Barang,Infusion Set Dewasa ST01,MELAKUKAN PENGIRIMAN DAN PENERIMAAN,10560000,10560000
KAB. MANDAILING NATAL,DINAS KESEHATAN - ,741574,34281017,2022,E-Katalog 5.0,APBD,P.T. Dexa Medica,E-Purchasing,Pengadaan Barang,"Methylergometrine Maleate/ Methylergometrine/ Metilergometrin inj 0,2 mg/ml",MELAKUKAN PENGIRIMAN DAN PENERIMAAN,2046000,2046000
KAB. MANDAILING NATAL,BAGIAN PENGADAAN BARANG DAN JASA SETDAKAB MANDAILING NATAL - 4.01.5.06.0.00.26.0005,1825370,36366302,2022,E-Katalog 5.0,APBD,CV. KREASI KENANGA,E-Purchasing,Pengadaan Barang,Spidol,PROSES KONTRAK PPK,195500,195500
KAB. MANDAILING NATAL,DINAS PERUMAHAN DAN KAWASAN PERMUKIMAN - 1.04.0.00.0.00.04.0000,2528373,35538501,2022,Non Tender,APBD,CV. KENZO MAHAGANI,Pengadaan Langsung,Pekerjaan Konstruksi,Pembangunan Jalan Lingkungan di Kuala Batahan Kec. Batahan,SELESAI,134890000,134890000
KAB. MANDAILING NATAL,DINAS PEKERJAAN UMUM DAN PENATAAN RUANG - ,2922373,37020306,2022,Non Tender,APBDP,CV. AULIA RIZKI PRATAMA,Pengadaan Langsung,Pekerjaan Konstruksi,Rehabilitasi/Pemeliharaan Jalan Muarasipongi - Huta Julu,SELESAI,149000000,149000000
KAB. MANDAILING NATAL,DINAS KESEHATAN - ,807829,34279202,2022,E-Katalog 5.0,APBD,PT. Putra Nusa Logistindo,E-Purchasing,Pengadaan Barang,AR-MED STETHOSCOPE DEWASA,MELAKUKAN PENGIRIMAN DAN PENERIMAAN,808000,808000
KAB. MANDAILING NATAL,DINAS PERUMAHAN DAN KAWASAN PERMUKIMAN - 1.04.0.00.0.00.04.0000,2474373,35538435,2022,Non Tender,APBD,CV. PUTRA PRATAMA,Pengadaan Langsung,Pekerjaan Konstruksi,Pembangunan Jalan lingkungan di Desa Gunung Tua Panggorengan Kec. Panyabungan,SELESAI,134730000,134730000
KAB. MANDAILING NATAL,DINAS PENDIDIKAN - ,2798373,35574009,2022,Non Tender,APBD,cv. andalas raya,Pengadaan Langsung,Pekerjaan Konstruksi,Pembangunan Ruang Kelas Baru - SD Negeri 401 Panyabungan,SELESAI,194320000,194320000
KAB. MANDAILING NATAL,RUMAH SAKIT UMUM DAERAH PANYABUNGAN - 1.02.0.00.0.00.02.0001,1387490,35761991,2022,E-Katalog 5.0,BLUD,PT.GLOBAL DISPOMEDIKA,E-Purchasing,Pengadaan Barang,Surgical Glove Sterile Size 7.0,MELAKUKAN PENGIRIMAN DAN PENERIMAAN,4356500,0
KAB. MANDAILING NATAL,RUMAH SAKIT UMUM DAERAH PANYABUNGAN - 1.02.0.00.0.00.02.0001,708624,35761991,2022,E-Katalog 5.0,BLUD,PT. Mersifarma Tirmaku Mercusana,E-Purchasing,Pengadaan Barang,Cotrimoxazole/ Cotrimoksazole/ Kotrimoksazol (anak) kombinasi tiap 5 ml suspensi: sulfametoksazol 200 mg + trimetoprim 40 mg (susp 240 mg)	,MELAKUKAN PENGIRIMAN DAN PENERIMAAN,210000,210000
KAB. MANDAILING NATAL,DINAS KESEHATAN - ,649023,34281364,2022,E-Katalog 5.0,APBD,PT.MEGA PRATAMA MEDICALINDO,E-Purchasing,Pengadaan Barang,Blood Glucose Test Strip,MELAKUKAN PENGIRIMAN DAN PENERIMAAN,663438080,0
KAB. MANDAILING NATAL,DINAS KELAUTAN DAN PERIKANAN - 3.25.0.00.0.00.22.0000,3097373,37851270,2022,Non Tender,APBDP,CV. BANGKIT BERSAMA GROUP,Pengadaan Langsung,Pengadaan Barang,Pengadaan Bibit Ikan Air Tawar dan Pakan Ikan,SELESAI,108000000,0
KAB. MANDAILING NATAL,RUMAH SAKIT UMUM DAERAH PANYABUNGAN - 1.02.0.00.0.00.02.0001,1891849,35761991,2022,E-Katalog 5.0,BLUD,PT.GLOBAL DISPOMEDIKA,E-Purchasing,Pengadaan Barang,Non Absorbable Blu Polypropylene Monofilament Type 2/0 USP 3 MET 3/8 Cutting 26 mm 75 cm thread (20S30B),MELAKUKAN PENGIRIMAN DAN PENERIMAAN,2203920,0
KAB. MANDAILING NATAL,RUMAH SAKIT UMUM DAERAH PANYABUNGAN - 1.02.0.00.0.00.02.0001,1891849,35761991,2022,E-Katalog 5.0,BLUD,PT.GLOBAL DISPOMEDIKA,E-Purchasing,Pengadaan Barang,",3-Way Stop Cock",MELAKUKAN PENGIRIMAN DAN PENERIMAAN,3962700,0
KAB. MANDAILING NATAL,RUMAH SAKIT UMUM DAERAH PANYABUNGAN - 1.02.0.00.0.00.02.0001,1481177,35761991,2022,E-Katalog 5.0,BLUD,PT Widatra Bhakti,E-Purchasing,Pengadaan Barang,"Ringer Laktat/ Ringer Lactate, @500 mL",MELAKUKAN PENGIRIMAN DAN PENERIMAAN,38515000,38515000
KAB. MANDAILING NATAL,DINAS KESEHATAN - ,672299,34281017,2022,E-Katalog 5.0,APBD,PT. Kimia Farma Tbk,E-Purchasing,Pengadaan Barang,Simvastatin tablet/kapsul/kaplet/tablet salut selaput/kaplet salut selaput 20 mg,MELAKUKAN PENGIRIMAN DAN PENERIMAAN,30000000,30000000
KAB. MANDAILING NATAL,BAGIAN PENGADAAN BARANG DAN JASA SETDAKAB MANDAILING NATAL - 4.01.5.06.0.00.26.0005,1825370,36366302,2022,E-Katalog 5.0,APBD,CV. KREASI KENANGA,E-Purchasing,Pengadaan Barang,Lakban Hitam Jilid 1Inc,PROSES KONTRAK PPK,163800,163800
KAB. MANDAILING NATAL,RUMAH SAKIT UMUM DAERAH PANYABUNGAN - 1.02.0.00.0.00.02.0001,707948,35761991,2022,E-Katalog 5.0,BLUD,P.T. Dexa Medica,E-Purchasing,Pengadaan Barang,Dopamin / Dopamine hidrochloride injeksi 40 mg/ml,MELAKUKAN PENGIRIMAN DAN PENERIMAAN,339700,339700
KAB. MANDAILING NATAL,DINAS KESEHATAN - ,791844,34279202,2022,E-Katalog 5.0,APBD,PT Jayamas Medica Industri,E-Purchasing,Pengadaan Barang,Resuscitator Bayi,MELAKUKAN PENGIRIMAN DAN PENERIMAAN,2550000,2550000
KAB. MANDAILING NATAL,RUMAH SAKIT UMUM DAERAH PANYABUNGAN - 1.02.0.00.0.00.02.0001,2394517,35761991,2022,E-Katalog 5.0,BLUD,PT KALBE FARMA Tbk,E-Purchasing,Pengadaan Barang,Kombinasi: Ampisilin 1000 mg + Sulbaktam 500 mg serb inj 1500 mg,PROSES KONTRAK PPK,1000500,1000500
KAB. MANDAILING NATAL,DINAS PEKERJAAN UMUM DAN PENATAAN RUANG - ,2891373,37006912,2022,Non Tender,APBDP,cv. riski nauli,Pengadaan Langsung,Pekerjaan Konstruksi,Lanjutan Pembangunan Jalan Jl. Mesjid Nurul Yaqin,SELESAI,149000000,149000000
KAB. MANDAILING NATAL,RUMAH SAKIT UMUM DAERAH PANYABUNGAN - 1.02.0.00.0.00.02.0001,2254620,35761991,2022,E-Katalog 5.0,BLUD,P.T. Dexa Medica,E-Purchasing,Pengadaan Barang,Levofloxacin hemihydrate/ Levofloxacin/ Levofloksasin inf 5 mg/mL,PROSES KONTRAK PPK,1742600,1742600
KAB. MANDAILING NATAL,RUMAH SAKIT UMUM DAERAH PANYABUNGAN - 1.02.0.00.0.00.02.0001,717620,35761991,2022,E-Katalog 5.0,BLUD,PT Jayamas Medica Industri,E-Purchasing,Pengadaan Barang,Blood Tranfusion Set,MELAKUKAN PENGIRIMAN DAN PENERIMAAN,10890000,10890000
KAB. MANDAILING NATAL,RUMAH SAKIT UMUM DAERAH PANYABUNGAN - 1.02.0.00.0.00.02.0001,1574128,35761991,2022,E-Katalog 5.0,BLUD,PT.GLOBAL DISPOMEDIKA,E-Purchasing,Pengadaan Barang,Non Absorbable Blu Polypropylene Monofilament Type 3/0 USP 2 MET 1/2 Taper point 26 mm 75 cm thread (20S20E),MELAKUKAN PENGIRIMAN DAN PENERIMAAN,3341448,0
KAB. MANDAILING NATAL,DINAS PENDIDIKAN - ,2591373,35598021,2022,Tender,APBD,CV AEK KAPIAS,Tender,Pekerjaan Konstruksi,Pembangunan Ruang Laboratorium Komputer Beserta Perabotnya - SMP Negeri 1 Linggabayu,SELESAI,448385559,448385559
KAB. MANDAILING NATAL,DINAS PEKERJAAN UMUM DAN PENATAAN RUANG - ,2889373,37019492,2022,Non Tender,APBDP,CV. PATRICIA ADISTY,Pengadaan Langsung,Pekerjaan Konstruksi,Pemeliharaan Jalan Jl. Kemakmuran,SELESAI,198750000,198750000
KAB. MANDAILING NATAL,DINAS KESEHATAN - ,704084,34281017,2022,E-Katalog 5.0,APBD,PT.Phapros Tbk,E-Purchasing,Pengadaan Barang,"Garam Oralit kombinasi: Natrium klorida 0,52 g + kalium klorida 0,30 g + Trinatrium sitrat dihidrat 0,58 g + Glukosa Anhidrat 2,70 g, serb (G)",MELAKUKAN PENGIRIMAN DAN PENERIMAAN,1400000,1400000
KAB. MANDAILING NATAL,DINAS PERTANIAN - 3.27.0.00.0.00.24.0000,2685373,35248015,2022,Non Tender,APBD,CV. NABILA,Pengadaan Langsung,Pekerjaan Konstruksi,Pembangunan / Rehabilitasi Jaringan irigasi Desa Pidoli Lombang Kec. Panyabungan,SELESAI,59529000,59529000
KAB. MANDAILING NATAL,DINAS PEKERJAAN UMUM DAN PENATAAN RUANG - ,2538373,34686307,2022,Non Tender,APBD,cv. riski nauli,Pengadaan Langsung,Pekerjaan Konstruksi,Rehabilitasi Jaringan Irigasi Desa Singengu Jae Kecamatan Kotanopan,SELESAI,98880000,98880000
KAB. MANDAILING NATAL,DINAS PEKERJAAN UMUM DAN PENATAAN RUANG - ,2953373,37403079,2022,Non Tender,APBDP,Pemuda Baru,Pengadaan Langsung,Pekerjaan Konstruksi,Rehabilitasi Kantor Camat Sinunukan,SELESAI,169439900,169439900
KAB. MANDAILING NATAL,DINAS PEKERJAAN UMUM DAN PENATAAN RUANG - ,2563373,36071669,2022,Tender,APBD,CV AEK KAPIAS,Tender,Pekerjaan Konstruksi,Pembangunan Baru SPAM Jaringan Perpipaan Desa Tambangan Tonga,SELESAI,478658000,478658000
KAB. MANDAILING NATAL,DINAS PEKERJAAN UMUM DAN PENATAAN RUANG - ,2976373,37048207,2022,Non Tender,APBDP,cv. abadi karya,Pengadaan Langsung,Pekerjaan Konstruksi,Rehabilitasi Tanggul Sungai Aek Sarir Kel. Longat Kecamatan Panyabungan Barat,SELESAI,147540000,147540000
KAB. MANDAILING NATAL,DINAS PEKERJAAN UMUM DAN PENATAAN RUANG - ,2866373,37021569,2022,Non Tender,APBDP,CV. TUJUH RAJAWALI,Pengadaan Langsung,Pekerjaan Konstruksi,Rehabilitasi/Pemeliharaan Jembatan Gantung/Rambin Kel.Simpang Gambir Kec. Lingga Bayu,SELESAI,198750000,198750000
KAB. MANDAILING NATAL,RUMAH SAKIT UMUM DAERAH PANYABUNGAN - 1.02.0.00.0.00.02.0001,1566930,35761991,2022,E-Katalog 5.0,BLUD,PT. Beta Pharmacon,E-Purchasing,Pengadaan Barang,"Analog insulin mix insulin inj 100 IU/mL (kemasan vial, cartridge disposible, penfill cartridge)",MELAKUKAN PENGIRIMAN DAN PENERIMAAN,5600000,0
KAB. MANDAILING NATAL,DINAS PENDIDIKAN - ,2583373,35597970,2022,Tender,APBD,CV. RAPTAMADA,Tender,Pekerjaan Konstruksi,Pembangunan Ruang UKS Beserta Perabotnya (DAK) - SMP Negeri 2 Natal,SELESAI,236999830,236999830
KAB. MANDAILING NATAL,DINAS KESEHATAN - ,938936,34281364,2022,E-Katalog 5.0,APBD,PT. Safelock Medical,E-Purchasing,Pengadaan Barang,IV Catheter Non Injection Port 24 G,MELAKUKAN PENGIRIMAN DAN PENERIMAAN,19693575,19693575
KAB. MANDAILING NATAL,DINAS KESEHATAN - ,939250,34281364,2022,E-Katalog 5.0,APBD,PT Medihop,E-Purchasing,Pengadaan Barang,"C67 T-Chromic Catgut Chromic 3-0, 76 cm Reverse Cutting, 3/8 circle, 24 mm",MELAKUKAN PENGIRIMAN DAN PENERIMAAN,17150500,17150500
KAB. MANDAILING NATAL,DINAS PERTANIAN - 3.27.0.00.0.00.24.0000,2745373,36359802,2022,Non Tender,APBD,CV. CENDANA,Pengadaan Langsung,Pekerjaan Konstruksi,Pembangunan Irigasi Tersier Saba Aek Salian Desa Hutarimbaru Kec. Muara Batang Gadis Kab. Mandailing Natal (BKP),SELESAI,198830000,198830000
KAB. MANDAILING NATAL,BAGIAN PENGADAAN BARANG DAN JASA SETDAKAB MANDAILING NATAL - 4.01.5.06.0.00.26.0005,1825370,36366302,2022,E-Katalog 5.0,APBD,CV. KREASI KENANGA,E-Purchasing,Pengadaan Barang,Gunting Kertas,PROSES KONTRAK PPK,29400,29400
KAB. MANDAILING NATAL,DINAS PEKERJAAN UMUM DAN PENATAAN RUANG - ,2873373,37006720,2022,Non Tender,APBDP,CV. EMESI NATAMA CONSULTANT,Pengadaan Langsung,Jasa Konsultansi Badan Usaha Non Konstruksi,Penyusunan Dokumen Perencanaan Jembatan Wil. III,SELESAI,99222900,99222900
KAB. MANDAILING NATAL,RUMAH SAKIT UMUM DAERAH PANYABUNGAN - 1.02.0.00.0.00.02.0001,707948,35761991,2022,E-Katalog 5.0,BLUD,P.T. Dexa Medica,E-Purchasing,Pengadaan Barang,Doksisiklin/ Doxycycline/ Doxycycline hyclate tablet/kapsul/kaplet 100 mg,MELAKUKAN PENGIRIMAN DAN PENERIMAAN,289000,289000
KAB. MANDAILING NATAL,DINAS PENDIDIKAN - ,2802373,35573962,2022,Non Tender,APBD,CV. TIQA CEMERLANG,Pengadaan Langsung,Pekerjaan Konstruksi,Pembangunan Ruang Kelas Baru - SD Negeri 388 Hutaimbaru,SELESAI,194252000,194252000
KAB. MANDAILING NATAL,DINAS PERTANIAN - 3.27.0.00.0.00.24.0000,3023373,37532445,2022,Non Tender,APBDP,CV.RIZKI KARYA,Pengadaan Langsung,Pengadaan Barang,Belanja Bahan - Bahan Kimia,SELESAI,199996000,199996000
KAB. MANDAILING NATAL,DINAS PEKERJAAN UMUM DAN PENATAAN RUANG - ,2629373,34699482,2022,Tender,APBD,CV. JAGAD SUMATERA PERKASA,Tender,Pekerjaan Konstruksi,Peningkatan Jalan Simp. Jalan Negara - Simandolam,SELESAI,489460735,489460735
KAB. MANDAILING NATAL,RUMAH SAKIT UMUM DAERAH PANYABUNGAN - 1.02.0.00.0.00.02.0001,968272,35761991,2022,E-Katalog 5.0,BLUD,P.T. Dexa Medica,E-Purchasing,Pengadaan Barang,Atorvastatin/ Atorvastatin Calcium Trihydrate tablet salut selaputl/kaplet salut selaput 20 mg,MELAKUKAN PENGIRIMAN DAN PENERIMAAN,2802000,2802000
KAB. MANDAILING NATAL,DINAS PARIWISATA - 3.26.0.00.0.00.23.0000,2506373,36042807,2022,Non Tender,APBD,PT. CITA KREASI LATENA,Pengadaan Langsung,Jasa Konsultansi Badan Usaha Non Konstruksi,Jasa Konsultansi Penyusunan Detail Engeneering Desain (DED) Sektor Pariwisata di Wilayah Mandailing Julu,SELESAI,99345000,99345000
KAB. MANDAILING NATAL,DINAS KESEHATAN - ,938526,34281364,2022,E-Katalog 5.0,APBD,PT Sinaraya Nugraha Ahmadaris Medika,E-Purchasing,Pengadaan Barang,Kapas Pembalut 250 gr,MELAKUKAN PENGIRIMAN DAN PENERIMAAN,10528500,10528500
KAB. MANDAILING NATAL,RUMAH SAKIT UMUM DAERAH PANYABUNGAN - 1.02.0.00.0.00.02.0001,1386619,35761991,2022,E-Katalog 5.0,BLUD,PT Otsuka Indonesia,E-Purchasing,Pengadaan Barang,KA-EN 3B botol plastik - Larutan mengandung elektrolit *),MELAKUKAN PENGIRIMAN DAN PENERIMAAN,2300000,2300000
KAB. MANDAILING NATAL,RUMAH SAKIT UMUM DAERAH PANYABUNGAN - 1.02.0.00.0.00.02.0001,1295117,35761991,2022,E-Katalog 5.0,BLUD,PT. Merck Tbk,E-Purchasing,Pengadaan Barang,Kalium Klorida tablet lepas lambat/kaplet lepas lambat 600 mg,MELAKUKAN PENGIRIMAN DAN PENERIMAAN,5526000,5526000
KAB. MANDAILING NATAL,DINAS PENDIDIKAN DAN KEUBUDAYAAN - 1.01.2.22.0.00.00.0000,936593,36028002,2022,E-Katalog 5.0,APBD,PT Sentra Kriya Edukasi,E-Purchasing,Pengadaan Barang,Converter 2in1 Type C to HDMI+VGA,PROSES KONTRAK PPK,250000,250000
KAB. MANDAILING NATAL,DINAS PENDIDIKAN DAN KEUBUDAYAAN - 1.01.2.22.0.00.00.0000,2164209,37502618,2022,E-Katalog 5.0,APBDP,CV.MAJU JAYA,E-Purchasing,Pengadaan Barang,PAPAN TULIS GANTUNG,MELAKUKAN PENGIRIMAN DAN PENERIMAAN,65170000,65170000
KAB. MANDAILING NATAL,DINAS KESEHATAN - ,939590,34281364,2022,E-Katalog 5.0,APBD,PT. Mitra Rajawali Banjaran,E-Purchasing,Pengadaan Barang,Sterile Latex Surgical Glove Ukuran 7,MELAKUKAN PENGIRIMAN DAN PENERIMAAN,11000000,11000000
KAB. MANDAILING NATAL,DINAS PENDIDIKAN - ,2590373,35598086,2022,Tender,APBD,cv. abadi karya,Tender,Pekerjaan Konstruksi,Pembangunan Ruang Laboratorium Komputer Beserta Perabotnya - SMP Negeri 6 Muara Batang Gadis,SELESAI,412399390,412399390
KAB. MANDAILING NATAL,DINAS KESEHATAN - ,906367,34279202,2022,E-Katalog 5.0,APBD,PT. SINKO PRIMA ALLOY,E-Purchasing,Pengadaan Barang,TIMBANGAN BAYI DIGITAL DIGIT-ONE BABY + TAS,MELAKUKAN PENGIRIMAN DAN PENERIMAAN,317531060,317531060
KAB. MANDAILING NATAL,DINAS PEMUDA DAN OLAHRAGA - 2.19.0.00.0.00.20.0000,2940373,37488942,2022,Non Tender,APBDP,KENANGA MULTI TRADE,Pengadaan Langsung,Pengadaan Barang,Pengadaan Kustum Bola Volly,SELESAI,82717000,82717000
KAB. MANDAILING NATAL,DINAS PARIWISATA - 3.26.0.00.0.00.23.0000,2966373,37520929,2022,Non Tender,APBDP,CV. RENDER CONSULTANT,Pengadaan Langsung,Jasa Konsultansi Badan Usaha Non Konstruksi,Jasa Konsultansi Perencanaan dan Pengawasan Konstruksi,SELESAI,19957800,19957800
KAB. MANDAILING NATAL,DINAS PEKERJAAN UMUM DAN PENATAAN RUANG - ,2651373,34696653,2022,Tender,APBD,CV. FAMILY ARTA GRAHA MANDIRI,Tender,Pekerjaan Konstruksi,Pembangunan Baru SPAM Jaringan Perpipaan Desa Sayur Matua Kec. Naga Juang,SELESAI,339519994,339519994
KAB. MANDAILING NATAL,RUMAH SAKIT UMUM DAERAH PANYABUNGAN - 1.02.0.00.0.00.02.0001,1482588,35761991,2022,E-Katalog 5.0,BLUD,P.T. Dexa Medica,E-Purchasing,Pengadaan Barang,Ciprofloxacin hydrochloride(HCl)/ Ciprofloxacin Lactate/ Ciprofloxacin/ Siprofloksasin inf 2 mg/ml,MELAKUKAN PENGIRIMAN DAN PENERIMAAN,2314500,2314500
KAB. MANDAILING NATAL,DINAS PERUMAHAN DAN KAWASAN PERMUKIMAN - 1.04.0.00.0.00.04.0000,2482373,35538445,2022,Non Tender,APBD,CV. RAYA SEI RAYA,Pengadaan Langsung,Pekerjaan Konstruksi,Pembangunan Jalan Lingkungan Desa Ampung Padang Kecamatan Batang Natal,SELESAI,147070000,147070000
KAB. MANDAILING NATAL,RUMAH SAKIT UMUM DAERAH PANYABUNGAN - 1.02.0.00.0.00.02.0001,2120538,35761991,2022,E-Katalog 5.0,BLUD,PT. Kimia Farma Tbk,E-Purchasing,Pengadaan Barang,"Kombinasi: ferro fumarat 60 mg + as. Folat 0,4 mg tablet salut gula (tablet tambah darah) (G)",MELAKUKAN PENGIRIMAN DAN PENERIMAAN,714000,714000
KAB. MANDAILING NATAL,DINAS PENDIDIKAN - ,2604373,35573591,2022,Tender,APBD,CV. FAMILY ARTA GRAHA MANDIRI,Tender,Pekerjaan Konstruksi,Pembangunan Ruang Laboratorium Komputer Beserta Perabotnya (DAK) - SD Negeri 100 Gunung Tua,SELESAI,204566373,204566373
KAB. MANDAILING NATAL,DINAS PENDIDIKAN - ,2706373,35573651,2022,Non Tender,APBD,CV. MEDTAN CIPTA UTAMA,Pengadaan Langsung,Jasa Konsultansi Badan Usaha Konstruksi,Belanja Jasa Konsultan Perencanaan Rehabilitasi Gedung SD,SELESAI,24864000,24864000
KAB. MANDAILING NATAL,RUMAH SAKIT UMUM DAERAH PANYABUNGAN - 1.02.0.00.0.00.02.0001,708714,35761991,2022,E-Katalog 5.0,BLUD,PT.Phapros Tbk,E-Purchasing,Pengadaan Barang,Methylprednisolone Sodium Succinate/ Metilprednisolon/ Methylprednisolone inj 125 mg,MELAKUKAN PENGIRIMAN DAN PENERIMAAN,2444288,2444288
KAB. MANDAILING NATAL,DINAS KESEHATAN - ,741574,34281017,2022,E-Katalog 5.0,APBD,P.T. Dexa Medica,E-Purchasing,Pengadaan Barang,Ranitidine hydrochloride (HCl)/Ranitidin tablet/kapsul/kaplet 150 mg,MELAKUKAN PENGIRIMAN DAN PENERIMAAN,17000000,17000000
KAB. MANDAILING NATAL,DINAS PERUMAHAN DAN KAWASAN PERMUKIMAN - 1.04.0.00.0.00.04.0000,2531373,35538441,2022,Non Tender,APBD,CV. AUR LAS,Pengadaan Langsung,Pekerjaan Konstruksi,Pembangunan/Rehabilitasi Jalan Lingkungan di Desa Saba Dolok Kec. Kotanopan,SELESAI,130000000,130000000
KAB. MANDAILING NATAL,DINAS PENDIDIKAN - ,2597373,35598046,2022,Tender,APBD,CV. KASIH ANUGRAH PERKASA,Tender,Pekerjaan Konstruksi,Pembangunan Ruang Laboratorium Komputer Beserta Perabotnya - SMP Negeri 3 Natal,SELESAI,447896135,447896135
KAB. MANDAILING NATAL,RUMAH SAKIT UMUM DAERAH PANYABUNGAN - 1.02.0.00.0.00.02.0001,1057926,35761991,2022,E-Katalog 5.0,BLUD,PT. MEPROFARM,E-Purchasing,Pengadaan Barang,DIAZEPAM Injeksi 5 mg/ml,MELAKUKAN PENGIRIMAN DAN PENERIMAAN,463500,463500
KAB. MANDAILING NATAL,DINAS PEKERJAAN UMUM DAN PENATAAN RUANG - ,2843373,34720255,2022,Non Tender,APBD,CV. PUTRA BARINGIN GROUP,Pengadaan Langsung,Pekerjaan Konstruksi,Pembangunan Polsek Nagajuang,SELESAI,199425000,199425000
KAB. MANDAILING NATAL,RUMAH SAKIT UMUM DAERAH PANYABUNGAN - 1.02.0.00.0.00.02.0001,1395847,35761991,2022,E-Katalog 5.0,BLUD,PT Jayamas Medica Industri,E-Purchasing,Pengadaan Barang,Umbilical Cord Clamp,MELAKUKAN PENGIRIMAN DAN PENERIMAAN,99000,99000
KAB. MANDAILING NATAL,DINAS PEKERJAAN UMUM DAN PENATAAN RUANG - ,2869373,37006467,2022,Non Tender,APBDP,CV. Penus Graphindo Consultant,Pengadaan Langsung,Jasa Konsultansi Badan Usaha Non Konstruksi,Penyusunan Dokumen Perencanaan Jalan Wil. II,SELESAI,99222900,99222900
KAB. MANDAILING NATAL,DINAS KESEHATAN - ,671184,34281017,2022,E-Katalog 5.0,APBD,PT.ERELA,E-Purchasing,Pengadaan Barang,Gentamycin Sulfate Salep Mata,MELAKUKAN PENGIRIMAN DAN PENERIMAAN,56044800,56044800
KAB. MANDAILING NATAL,DINAS PEKERJAAN UMUM DAN PENATAAN RUANG - ,2884373,37019569,2022,Non Tender,APBDP,CV MAHARI PRATAMA,Pengadaan Langsung,Pekerjaan Konstruksi,Rehabilitasi/Pemeliharaan Jalan Jl. Perjuangan,SELESAI,99300000,99300000
KAB. MANDAILING NATAL,DINAS LINGKUNGAN HIDUP - 2.11.0.00.0.00.12.0000,3127373,37226631,2022,Non Tender,APBDP,cv. bugis nauli,Pengadaan Langsung,Pekerjaan Konstruksi,Perawatan / Rehab Taman Sepanjang Lintas Timur,SELESAI,138510000,138510000
KAB. MANDAILING NATAL,DINAS PEKERJAAN UMUM DAN PENATAAN RUANG - ,2856373,37007392,2022,Non Tender,APBDP,CV. GORDANG SAMBILAN MANDAILING,Pengadaan Langsung,Pekerjaan Konstruksi,Peningkatan Jalan Muara Siambak - Pagar Gunung,SELESAI,149000000,149000000
KAB. MANDAILING NATAL,BAGIAN PENGADAAN BARANG DAN JASA SETDAKAB MANDAILING NATAL - 4.01.5.06.0.00.26.0005,1849140,36366275,2022,E-Katalog 5.0,APBD,CV. KREASI KENANGA,E-Purchasing,Pengadaan Barang,Tinta Printer Data Print EPSON,PROSES KONTRAK PPK,283500,283500
KAB. MANDAILING NATAL,DINAS PENDIDIKAN DAN KEUBUDAYAAN - 1.01.2.22.0.00.00.0000,2164562,37502830,2022,E-Katalog 5.0,APBDP,CV.MAJU JAYA,E-Purchasing,Pengadaan Barang,KURSI SISWA SMP,MELAKUKAN PENGIRIMAN DAN PENERIMAAN,413816000,413816000
KAB. MANDAILING NATAL,BAGIAN PENGADAAN BARANG DAN JASA SETDAKAB MANDAILING NATAL - 4.01.5.06.0.00.26.0005,1270685,36366301,2022,E-Katalog 5.0,APBD,CV. KREASI KENANGA,E-Purchasing,Pengadaan Barang,Kertas Foto Art 100 gr,PROSES KONTRAK PPK,819000,819000
KAB. MANDAILING NATAL,RUMAH SAKIT UMUM DAERAH PANYABUNGAN - 1.02.0.00.0.00.02.0001,707948,35761991,2022,E-Katalog 5.0,BLUD,P.T. Dexa Medica,E-Purchasing,Pengadaan Barang,Clozapine/ Klozapin tablet/kapsul/kaplet 25 mg,MELAKUKAN PENGIRIMAN DAN PENERIMAAN,2365000,2365000
KAB. MANDAILING NATAL,RUMAH SAKIT UMUM DAERAH PANYABUNGAN - 1.02.0.00.0.00.02.0001,1216451,35761991,2022,E-Katalog 5.0,BLUD,PT Sinaraya Nugraha Ahmadaris Medika,E-Purchasing,Pengadaan Barang,"Pembalut Elastis 10 cm x 4,55 m",MELAKUKAN PENGIRIMAN DAN PENERIMAAN,1253160,1253160
KAB. MANDAILING NATAL,RUMAH SAKIT UMUM DAERAH PANYABUNGAN - 1.02.0.00.0.00.02.0001,910720,35761991,2022,E-Katalog 5.0,BLUD,PT. Hexpharm Jaya Laboratories,E-Purchasing,Pengadaan Barang,Paracetamol/ Parasetamol infus 10 mg/mL,MELAKUKAN PENGIRIMAN DAN PENERIMAAN,8880000,8880000
KAB. MANDAILING NATAL,DINAS PEKERJAAN UMUM DAN PENATAAN RUANG - ,2737373,34658395,2022,Non Tender,APBD,CV. SINGOLOT MANIKAM PERSADA,Pengadaan Langsung,Pekerjaan Konstruksi,Normalisasi Sungai Desa Hadangkahan Desa Hadangkahan Kecamatan Batang Natal,SELESAI,196700000,196700000
KAB. MANDAILING NATAL,DINAS PENDIDIKAN - ,2587373,35598067,2022,Tender,APBD,CV. BANGKIT JAYA,Tender,Pekerjaan Konstruksi,Pembangunan Ruang Laboratorium Komputer Beserta Perabotnya - SMP Negeri 4 Linggabayu,SELESAI,451563568,451563568
KAB. MANDAILING NATAL,RUMAH SAKIT UMUM DAERAH PANYABUNGAN - 1.02.0.00.0.00.02.0001,1921391,35761991,2022,E-Katalog 5.0,BLUD,PT. Kimia Farma Tbk,E-Purchasing,Pengadaan Barang,Codeine Phosphate Hemihydrate/ Codeine/ Kodein tablet/kapsul/kaplet 10 mg (G),MELAKUKAN PENGIRIMAN DAN PENERIMAAN,3000000,3000000
KAB. MANDAILING NATAL,DINAS KESEHATAN - ,671681,34281017,2022,E-Katalog 5.0,APBD,PT. Holi Pharma,E-Purchasing,Pengadaan Barang,Pirantel pamoat/ Pyrantel Pamoate tablet/kapsul/kaplet 125 mg,MELAKUKAN PENGIRIMAN DAN PENERIMAAN,6340000,6340000
KAB. MANDAILING NATAL,RUMAH SAKIT UMUM DAERAH PANYABUNGAN - 1.02.0.00.0.00.02.0001,1098385,35761991,2022,E-Katalog 5.0,BLUD,P.T. Dexa Medica,E-Purchasing,Pengadaan Barang,"Methylergometrine Maleate/ Methylergometrine/ Metilergometrin inj 0,2 mg/ml",MELAKUKAN PENGIRIMAN DAN PENERIMAAN,1023000,1023000
KAB. MANDAILING NATAL,DINAS PENDIDIKAN - ,2809373,35573818,2022,Non Tender,APBD,CV. BINTANG BUDI MANDIRI,Pengadaan Langsung,Pekerjaan Konstruksi,Pembangunan Ruang Kelas Baru - SD Negeri 333 Bintungan Bejangkar,SELESAI,194280000,194280000
KAB. MANDAILING NATAL,DINAS PENDIDIKAN - ,2561373,36053877,2022,Tender,APBD,PT. MARGA BHUANA JAYA,Seleksi,Jasa Konsultansi Badan Usaha Konstruksi,Belanja Jasa Konsultan Pengawasan Kegiatan Fisik SMP,SELESAI,138805500,138805500
KAB. MANDAILING NATAL,DINAS PEKERJAAN UMUM DAN PENATAAN RUANG - ,2544373,34686193,2022,Non Tender,APBD,Pemuda Baru,Pengadaan Langsung,Pekerjaan Konstruksi,Rehabilitasi Jaringan Irigasi Desa Perkebunan Simpang Gambir Kecamatan Lingga Bayu,SELESAI,197044000,197044000
KAB. MANDAILING NATAL,DINAS KESEHATAN - ,671487,34281017,2022,E-Katalog 5.0,APBD,PT. Sampharindo Perdana,E-Purchasing,Pengadaan Barang,Cetirizine hydrochloride(HCl)/ Cetirizine/ Setirizin sirup 5 mg/5 ml,MELAKUKAN PENGIRIMAN DAN PENERIMAAN,86120000,86120000
KAB. MANDAILING NATAL,DINAS KESEHATAN - ,671905,34281017,2022,E-Katalog 5.0,APBD,PT. Hexpharm Jaya Laboratories,E-Purchasing,Pengadaan Barang,Metilprednisolon/Methylprednisolone tablet/kapsul/kaplet 4 mg,MELAKUKAN PENGIRIMAN DAN PENERIMAAN,20400000,20400000
KAB. MANDAILING NATAL,DINAS PENDIDIKAN - ,2586373,35764185,2022,Tender,APBD,CV. BINTANG BUDI MANDIRI,Tender,Pekerjaan Konstruksi,Pembangunan Ruang Tata Usaha Beserta Perabotnya (DAK) - SMP Negeri 4 Batahan Satu Atap,SELESAI,478000806,478000806
KAB. MANDAILING NATAL,DINAS PENDIDIKAN DAN KEUBUDAYAAN - 1.01.2.22.0.00.00.0000,2164562,37502830,2022,E-Katalog 5.0,APBDP,CV.MAJU JAYA,E-Purchasing,Pengadaan Barang,KURSI GURU SD/SMP,MELAKUKAN PENGIRIMAN DAN PENERIMAAN,16445000,16445000
KAB. MANDAILING NATAL,RUMAH SAKIT UMUM DAERAH PANYABUNGAN - 1.02.0.00.0.00.02.0001,1482588,35761991,2022,E-Katalog 5.0,BLUD,P.T. Dexa Medica,E-Purchasing,Pengadaan Barang,Dobutamin/ Dobutamin HCl/ Dobutamine HCl injeksi 50 mg/mL,MELAKUKAN PENGIRIMAN DAN PENERIMAAN,849700,849700
KAB. MANDAILING NATAL,BAGIAN PENGADAAN BARANG DAN JASA SETDAKAB MANDAILING NATAL - 4.01.5.06.0.00.26.0005,1825370,36366302,2022,E-Katalog 5.0,APBD,CV. KREASI KENANGA,E-Purchasing,Pengadaan Barang,Stabillo,PROSES KONTRAK PPK,55440,55440
KAB. MANDAILING NATAL,DINAS PEKERJAAN UMUM DAN PENATAAN RUANG - ,2495373,34972837,2022,Tender,APBD,CV. EMESI NATAMA CONSULTANT,Seleksi,Jasa Konsultansi Badan Usaha Non Konstruksi,Jasa Konsultansi Perencanaan Kegiatan Bidang Bina Marga TA. 2022,SELESAI,331612500,331612500
KAB. MANDAILING NATAL,DINAS PERUMAHAN DAN KAWASAN PERMUKIMAN - 1.04.0.00.0.00.04.0000,2628373,35538408,2022,Non Tender,APBD,CV. ANUGERAH AZKA WAHANA,Pengadaan Langsung,Pekerjaan Konstruksi,Pembangunan Jalan Lingkungan Desa Banjar Aur Utara Kec. Sinunukan,SELESAI,134500000,134500000
KAB. MANDAILING NATAL,DINAS KESEHATAN - ,840040,34279496,2022,E-Katalog 5.0,APBD,PT.MEGA PRATAMA MEDICALINDO,E-Purchasing,Pengadaan Barang,Infant T-Piece Resuscitator NEO BREATH-I,MELAKUKAN PENGIRIMAN DAN PENERIMAAN,60930000,0
KAB. MANDAILING NATAL,DINAS PEKERJAAN UMUM DAN PENATAAN RUANG - ,2551373,34687180,2022,Non Tender,APBD,CV. FAMILY ARTA GRAHA MANDIRI,Pengadaan Langsung,Pekerjaan Konstruksi,Rehabilitasi Bendungan Irigasi Desa Manambin Kec. Kotanopan,SELESAI,197975000,197975000
KAB. MANDAILING NATAL,SATUAN POLISI PAMONG PRAJA - 1.05.0.00.0.00.05.0000,2449373,35803263,2022,Non Tender,APBD,CV. KREASI KENANGA,Pengadaan Langsung,Pengadaan Barang,Belanja Modal Personal Computer,SELESAI,141114000,141114000
KAB. MANDAILING NATAL,RUMAH SAKIT UMUM DAERAH PANYABUNGAN - 1.02.0.00.0.00.02.0001,1566786,35761991,2022,E-Katalog 5.0,BLUD,PT Otsuka Indonesia,E-Purchasing,Pengadaan Barang,KIDMIN - Larutan mengandung asam amino,MELAKUKAN PENGIRIMAN DAN PENERIMAAN,3277200,3277200
KAB. MANDAILING NATAL,DINAS PEKERJAAN UMUM DAN PENATAAN RUANG - ,2764373,36488526,2022,Non Tender,APBD,CV.LANGGA SARI,Pengadaan Langsung,Pekerjaan Konstruksi,Peningkatan SPAM Jaringan Perpipaan Air Minum Perdesaan Desa Sibanggor Jae,SELESAI,138200000,138200000
KAB. MANDAILING NATAL,BAGIAN PENGADAAN BARANG DAN JASA SETDAKAB MANDAILING NATAL - 4.01.5.06.0.00.26.0005,1825370,36366302,2022,E-Katalog 5.0,APBD,CV. KREASI KENANGA,E-Purchasing,Pengadaan Barang,Stapler No. 10,PROSES KONTRAK PPK,94500,94500
KAB. MANDAILING NATAL,DINAS KESEHATAN - ,670237,34281017,2022,E-Katalog 5.0,APBD,PT IPHA Laboratories,E-Purchasing,Pengadaan Barang,Cyanocobalamin/ Cyanocobalamine/ Sianokobalamin (vitamin B12) injeksi 500 mcg/mL,MELAKUKAN PENGIRIMAN DAN PENERIMAAN,10330000,10330000
KAB. MANDAILING NATAL,DINAS PEKERJAAN UMUM DAN PENATAAN RUANG - ,3044373,37045423,2022,Non Tender,APBDP,CV. RAJAWALI ENGINEERING CONSULTANT,Pengadaan Langsung,Jasa Konsultansi Badan Usaha Konstruksi,Feasibility Study (FS) Aek Pohon,SELESAI,99000000,99000000
KAB. MANDAILING NATAL,DINAS KESEHATAN - ,938936,34281364,2022,E-Katalog 5.0,APBD,PT. Safelock Medical,E-Purchasing,Pengadaan Barang,IV Catheter Non Injection Port 22 G,MELAKUKAN PENGIRIMAN DAN PENERIMAAN,19693575,19693575
KAB. MANDAILING NATAL,DINAS PEKERJAAN UMUM DAN PENATAAN RUANG - ,2508373,34716222,2022,Tender,APBD,CV. SINAR CAHAYA BERKAH,Tender,Pekerjaan Konstruksi,Rehabilitasi/Pemeliharaan Jalan Kayulaut ‐ Sirambas,SELESAI,3208343012,3208343012
KAB. MANDAILING NATAL,RUMAH SAKIT UMUM DAERAH PANYABUNGAN - 1.02.0.00.0.00.02.0001,2254773,35761991,2022,E-Katalog 5.0,BLUD,PT AstraZeneca Indonesia,E-Purchasing,Pengadaan Barang,"kombinasi, setiap dosis mengandung :   Budesonid 160 mcg  Formoterol 4,5 mcg  (inhalasi), 120 dosis kemasan turbuhaler",MELAKUKAN PENGIRIMAN DAN PENERIMAAN,15070400,0
KAB. MANDAILING NATAL,DINAS PEKERJAAN UMUM DAN PENATAAN RUANG - ,3036373,37048248,2022,Non Tender,APBDP,FUTURINDO MANDIRI SEJAHTERA,Pengadaan Langsung,Pekerjaan Konstruksi,Rehabilitasi Tanggul Sungai Desa Pangkat Kecamatan Lembah Sorik Marapi,SELESAI,148000000,148000000
KAB. MANDAILING NATAL,RUMAH SAKIT UMUM DAERAH PANYABUNGAN - 1.02.0.00.0.00.02.0001,2254828,35761991,2022,E-Katalog 5.0,BLUD,PT Glaxo Wellcome Indonesia,E-Purchasing,Pengadaan Barang,"Flutikason propionat cairan ih 0,5 mg/dosis",MELAKUKAN PENGIRIMAN DAN PENERIMAAN,1473800,0
KAB. MANDAILING NATAL,DINAS PENDIDIKAN - ,2636373,35572927,2022,Non Tender,APBD,CV. GANDATAMA KONSTRUKSI,Pengadaan Langsung,Pekerjaan Konstruksi,Pembangunan Gedung Bermain Beserta APE Luar Ruangan (DAK) - TK Pembina Negeri Sinunukan Desa Widodaren Kecamatan Sinunukan,SELESAI,149900000,149900000
KAB. MANDAILING NATAL,DINAS PENDIDIKAN - ,2588373,35598107,2022,Tender,APBD,CV. ARO BERKAH HIDAYAH,Tender,Pekerjaan Konstruksi,Pembangunan Ruang Laboratorium Komputer Beserta Perabotnya - SMP Negeri 8 Natal,SELESAI,510895001,510895001
KAB. MANDAILING NATAL,DINAS KESEHATAN - ,939891,34281364,2022,E-Katalog 5.0,APBD,PT Jayamas Medica Industri,E-Purchasing,Pengadaan Barang,Safety Syringe With Needle 3ml,MELAKUKAN PENGIRIMAN DAN PENERIMAAN,14587000,14587000
KAB. MANDAILING NATAL,DINAS LINGKUNGAN HIDUP - 2.11.0.00.0.00.12.0000,3126373,37226667,2022,Non Tender,APBDP,CV. Sinar Sukses Sempurna,Pengadaan Langsung,Pekerjaan Konstruksi,Pengadaan Dan Pemasangan Media Outdoor Kab. Mandailing Natal,SELESAI,102400000,102400000
KAB. MANDAILING NATAL,DINAS KESEHATAN - ,2614373,36185217,2022,Non Tender,APBD,PT.TRI SAPTA JAYA,Pengadaan Langsung,Pengadaan Barang,Belanja Obat-Obatan-Obat,SELESAI,181371118,0
KAB. MANDAILING NATAL,DINAS PEKERJAAN UMUM DAN PENATAAN RUANG - ,2739373,34658313,2022,Non Tender,APBD,CV. NAURA KARYA CONTRACTOR,Pengadaan Langsung,Pekerjaan Konstruksi,Normalisasi Sungai Desa Kampung Baru Kecamatan Panyabungan Utara,SELESAI,147500000,147500000
KAB. MANDAILING NATAL,RUMAH SAKIT UMUM DAERAH PANYABUNGAN - 1.02.0.00.0.00.02.0001,708524,35761991,2022,E-Katalog 5.0,BLUD,PT Otsuka Indonesia,E-Purchasing,Pengadaan Barang,KA-EN 3B botol plastik - Larutan mengandung elektrolit *),MELAKUKAN PENGIRIMAN DAN PENERIMAAN,2300000,2300000
KAB. MANDAILING NATAL,DINAS KESEHATAN - ,671972,34281017,2022,E-Katalog 5.0,APBD,PT. Mersifarma Tirmaku Mercusana,E-Purchasing,Pengadaan Barang,"Antasida, kombinasi: alumunium hidroksida 200 mg + magnesium hidroksida 200 mg, tab kunyah	",MELAKUKAN PENGIRIMAN DAN PENERIMAAN,5400000,5400000
KAB. MANDAILING NATAL,DINAS KESEHATAN - ,671033,34281017,2022,E-Katalog 5.0,APBD,PT. MEPROFARM,E-Purchasing,Pengadaan Barang,Zinc Sulfate Monohydrate  Drops 10 mg/mL,MELAKUKAN PENGIRIMAN DAN PENERIMAAN,26540000,26540000
KAB. MANDAILING NATAL,RUMAH SAKIT UMUM DAERAH PANYABUNGAN - 1.02.0.00.0.00.02.0001,717620,35761991,2022,E-Katalog 5.0,BLUD,PT Jayamas Medica Industri,E-Purchasing,Pengadaan Barang,Kasa Hydrofil 4 m x 10 cm,MELAKUKAN PENGIRIMAN DAN PENERIMAAN,1119250,1119250
KAB. MANDAILING NATAL,DINAS PEKERJAAN UMUM DAN PENATAAN RUANG - ,2541373,34686089,2022,Non Tender,APBD,CV. GAPURA ALAM PERSADA,Pengadaan Langsung,Pekerjaan Konstruksi,Rehabilitasi Jaringan Irigasi Saba Padang Desa Maga Dolok Kecamatan Lembah Sorik Marapi,SELESAI,194490000,194490000
KAB. MANDAILING NATAL,DINAS KESEHATAN - ,2618373,36185217,2022,Non Tender,APBD,PT. KARYA DAVIN NUSANTARA,Pengadaan Langsung,Pengadaan Barang,Belanja Obat-Obatan-Obat,SELESAI,101465000,0
KAB. MANDAILING NATAL,DINAS PEKERJAAN UMUM DAN PENATAAN RUANG - ,2908373,37047890,2022,Non Tender,APBDP,CV. POLO CONSULTANT,Pengadaan Langsung,Jasa Konsultansi Badan Usaha Konstruksi,Konsultansi Pengawasan Paket Kegiatan Yang Bersumber Dana Dari BKP Tahun 2022,SELESAI,69000000,69000000
KAB. MANDAILING NATAL,DINAS PERUMAHAN DAN KAWASAN PERMUKIMAN - 1.04.0.00.0.00.04.0000,2526373,35538489,2022,Non Tender,APBD,CV. IKHWAN FIRDAUS,Pengadaan Langsung,Pekerjaan Konstruksi,Pembangunan Jalan Lingkungan di Kelurahan Pasar Maga Kec. Lembah Sorik Marapi,SELESAI,134100000,134100000
KAB. MANDAILING NATAL,DINAS KESEHATAN - ,671033,34281017,2022,E-Katalog 5.0,APBD,PT. MEPROFARM,E-Purchasing,Pengadaan Barang,METRONIDAZOLE BENZOATE Suspensi 125 mg/5 mL,MELAKUKAN PENGIRIMAN DAN PENERIMAAN,75300000,75300000
KAB. MANDAILING NATAL,DINAS KESEHATAN - ,920043,34280476,2022,E-Katalog 5.0,APBD,PT.MEGA PRATAMA MEDICALINDO,E-Purchasing,Pengadaan Barang,KT 6390 Auto Hematology Analyzer and Accessories,MELAKUKAN PENGIRIMAN DAN PENERIMAAN,432000000,0
KAB. MANDAILING NATAL,RUMAH SAKIT UMUM DAERAH PANYABUNGAN - 1.02.0.00.0.00.02.0001,968272,35761991,2022,E-Katalog 5.0,BLUD,P.T. Dexa Medica,E-Purchasing,Pengadaan Barang,Kandesartan/ Candesartan/ Candesartan Cilexetil tablet/kapsul/kaplet 8 mg,MELAKUKAN PENGIRIMAN DAN PENERIMAAN,1908000,1908000
KAB. MANDAILING NATAL,BAGIAN PENGADAAN BARANG DAN JASA SETDAKAB MANDAILING NATAL - 4.01.5.06.0.00.26.0005,1825370,36366302,2022,E-Katalog 5.0,APBD,CV. KREASI KENANGA,E-Purchasing,Pengadaan Barang,"Lakban Hitam Jilid 1,5 Inc",PROSES KONTRAK PPK,189000,189000
KAB. MANDAILING NATAL,DINAS KESEHATAN - ,809193,34280386,2022,E-Katalog 5.0,APBD,PT. SINKO PRIMA ALLOY,E-Purchasing,Pengadaan Barang,ELECTROCARDIOGRAPH ECG-300G,MELAKUKAN PENGIRIMAN DAN PENERIMAAN,169170000,169170000
KAB. MANDAILING NATAL,DINAS KESEHATAN - ,938936,34281364,2022,E-Katalog 5.0,APBD,PT. Safelock Medical,E-Purchasing,Pengadaan Barang,Nasal Cannula Dewasa,MELAKUKAN PENGIRIMAN DAN PENERIMAAN,10599052,10599052
KAB. MANDAILING NATAL,DINAS PERUMAHAN DAN KAWASAN PERMUKIMAN - 1.04.0.00.0.00.04.0000,3045373,37516678,2022,Non Tender,APBDP,CV. CENTRAL GRAFIKA PRINT,Pengadaan Langsung,Pekerjaan Konstruksi,Pembangunan/ Rehabilitasi Jalan Lingkungan di Kecamatan Panyabungan,SELESAI,158600000,158600000
KAB. MANDAILING NATAL,DINAS PERUMAHAN DAN KAWASAN PERMUKIMAN - 1.04.0.00.0.00.04.0000,2514373,35538474,2022,Non Tender,APBD,CV. TORKIS LUBIS GROUP,Pengadaan Langsung,Pekerjaan Konstruksi,Pembangunan Jalan Lingkungan di Desa Kampung Sawah Kec. Natal,SELESAI,146850000,146850000
KAB. MANDAILING NATAL,RUMAH SAKIT UMUM DAERAH PANYABUNGAN - 1.02.0.00.0.00.02.0001,707948,35761991,2022,E-Katalog 5.0,BLUD,P.T. Dexa Medica,E-Purchasing,Pengadaan Barang,Ciprofloxacin hydrochloride(HCl)/ Ciprofloxacin Lactate/ Ciprofloxacin/ Siprofloksasin inf 2 mg/ml,MELAKUKAN PENGIRIMAN DAN PENERIMAAN,2314500,2314500
KAB. MANDAILING NATAL,DINAS KESEHATAN - ,704084,34281017,2022,E-Katalog 5.0,APBD,PT.Phapros Tbk,E-Purchasing,Pengadaan Barang,Fitomenadion/ Phytomenadione/ Phytomenadion (Vitamin K1) injeksi 2 mg/ml (i.m.),MELAKUKAN PENGIRIMAN DAN PENERIMAAN,7274520,7274520
KAB. MANDAILING NATAL,DINAS PEKERJAAN UMUM DAN PENATAAN RUANG - ,2557373,34697222,2022,Tender,APBD,CV. Dian Wira Putra,Tender,Pekerjaan Konstruksi,Perluasan SPAM Jaringan Perpipaan Desa Panyabungan Tonga,SELESAI,347140000,347140000
KAB. MANDAILING NATAL,BAGIAN PENGADAAN BARANG DAN JASA SETDAKAB MANDAILING NATAL - 4.01.5.06.0.00.26.0005,1825370,36366302,2022,E-Katalog 5.0,APBD,CV. KREASI KENANGA,E-Purchasing,Pengadaan Barang,Penghapus Karet Pelikan,PROSES KONTRAK PPK,19800,19800
KAB. MANDAILING NATAL,DINAS PEKERJAAN UMUM DAN PENATAAN RUANG - ,2926373,37021535,2022,Non Tender,APBDP,CV. PUTRA PRATAMA,Pengadaan Langsung,Pekerjaan Konstruksi,Rehabilitasi/Pemeliharaan Jembatan Gantung/Rambin Gunung Tua Jae Kec. Panyabungan,SELESAI,198750000,198750000
KAB. MANDAILING NATAL,RUMAH SAKIT UMUM DAERAH PANYABUNGAN - 1.02.0.00.0.00.02.0001,717620,35761991,2022,E-Katalog 5.0,BLUD,PT Jayamas Medica Industri,E-Purchasing,Pengadaan Barang,Infusion Set Anak,MELAKUKAN PENGIRIMAN DAN PENERIMAAN,3850000,3850000
KAB. MANDAILING NATAL,DINAS KESEHATAN - ,671972,34281017,2022,E-Katalog 5.0,APBD,PT. Mersifarma Tirmaku Mercusana,E-Purchasing,Pengadaan Barang,Paracetamol/ Parasetamol sirup 120 mg / 5 ml,MELAKUKAN PENGIRIMAN DAN PENERIMAAN,1160000,1160000
KAB. MANDAILING NATAL,DINAS PERTANIAN - 3.27.0.00.0.00.24.0000,2746373,36390168,2022,Non Tender,APBD,CV. CENDANA,Pengadaan Langsung,Pekerjaan Konstruksi,",Pembangunan Irigasi Tersier Saba Bolak Desa Lubuk Kapundung I Kec. Muara batang Gadis Kab. Mandailing Natal (BKP)",SELESAI,198700000,198700000
KAB. MANDAILING NATAL,DINAS KESEHATAN - ,671417,34281017,2022,E-Katalog 5.0,APBD,PT Yarindo Farmatama,E-Purchasing,Pengadaan Barang,Diazepam tablet/kapsul/kaplet 2 mg,MELAKUKAN PENGIRIMAN DAN PENERIMAAN,7000000,7000000
KAB. MANDAILING NATAL,DINAS KESEHATAN - ,938526,34281364,2022,E-Katalog 5.0,APBD,PT Sinaraya Nugraha Ahmadaris Medika,E-Purchasing,Pengadaan Barang,"Pembalut Elastis 15 cm x 4,55 m",MELAKUKAN PENGIRIMAN DAN PENERIMAAN,9055000,9055000
KAB. MANDAILING NATAL,RUMAH SAKIT UMUM DAERAH PANYABUNGAN - 1.02.0.00.0.00.02.0001,969026,35761991,2022,E-Katalog 5.0,BLUD,PT Ferron Par Pharmaceuticals,E-Purchasing,Pengadaan Barang," Moxifloxacin hydrochloride (HCl)/ Moxifloxacin/ Moksifloksasin tts mata 0,5% (G) ",MELAKUKAN PENGIRIMAN DAN PENERIMAAN,2443100,2443100
KAB. MANDAILING NATAL,DINAS PERTANIAN - 3.27.0.00.0.00.24.0000,2608373,35202609,2022,Non Tender,APBD,CV. AULIA RIZKI PRATAMA,Pengadaan Langsung,Pengadaan Barang,Belanja Bahan - Bahan / Bibit Tanaman,SELESAI,94250000,94250000
KAB. MANDAILING NATAL,BAGIAN PENGADAAN BARANG DAN JASA SETDAKAB MANDAILING NATAL - 4.01.5.06.0.00.26.0005,1825370,36366302,2022,E-Katalog 5.0,APBD,CV. KREASI KENANGA,E-Purchasing,Pengadaan Barang,Pensil 2B,PROSES KONTRAK PPK,55573,55573
KAB. MANDAILING NATAL,DINAS KESEHATAN - ,704084,34281017,2022,E-Katalog 5.0,APBD,PT.Phapros Tbk,E-Purchasing,Pengadaan Barang,Difenhidramin/ Diphenhydramine injeksi 10 mg/ml ( i.v./i.m.),MELAKUKAN PENGIRIMAN DAN PENERIMAAN,37125000,37125000
KAB. MANDAILING NATAL,DINAS PERUMAHAN DAN KAWASAN PERMUKIMAN - 1.04.0.00.0.00.04.0000,2492373,35538491,2022,Non Tender,APBD,CV. AUR LAS,Pengadaan Langsung,Pekerjaan Konstruksi,Pembangunan Jalan Lingkungan di Desa Banjar Aur Kec. Batahan,SELESAI,141290000,141290000
KAB. MANDAILING NATAL,DINAS PENDIDIKAN - ,2644373,35573687,2022,Non Tender,APBD,CV. KENZO MAHAGANI,Pengadaan Langsung,Pekerjaan Konstruksi,Pembangunan Toilet (Jamban) Beserta Sanitasinya (DAK) - SD Negeri 370 Taluk Balai,SELESAI,99929000,99929000
KAB. MANDAILING NATAL,DINAS KESEHATAN - ,908226,34279202,2022,E-Katalog 5.0,APBD,PT. SINKO PRIMA ALLOY,E-Purchasing,Pengadaan Barang,DIGITAL SCALE / TIMBANGAN DIGITAL BMI + BODY FAT DIGIT-PRO BMI + BODY FAT,MELAKUKAN PENGIRIMAN DAN PENERIMAAN,1092000,1092000
KAB. MANDAILING NATAL,DINAS PERTANIAN - 3.27.0.00.0.00.24.0000,3014373,37534050,2022,Non Tender,APBDP,CV. RAFLI AKBAR,Pengadaan Langsung,Pengadaan Barang,Belanja Bibit Padi Untuk Wilayah Mandailing Julu,SELESAI,198829000,198829000
KAB. MANDAILING NATAL,BAGIAN PENGADAAN BARANG DAN JASA SETDAKAB MANDAILING NATAL - 4.01.5.06.0.00.26.0005,1825370,36366302,2022,E-Katalog 5.0,APBD,CV. KREASI KENANGA,E-Purchasing,Pengadaan Barang,Penggaris Plastik Uk 30 cm,PROSES KONTRAK PPK,17325,17325
KAB. MANDAILING NATAL,RUMAH SAKIT UMUM DAERAH PANYABUNGAN - 1.02.0.00.0.00.02.0001,1386619,35761991,2022,E-Katalog 5.0,BLUD,PT Otsuka Indonesia,E-Purchasing,Pengadaan Barang,Dextrose monohydrat - Dextrose anhydrat 40%,MELAKUKAN PENGIRIMAN DAN PENERIMAAN,1680000,1680000
KAB. MANDAILING NATAL,DINAS PERUMAHAN DAN KAWASAN PERMUKIMAN - 1.04.0.00.0.00.04.0000,2460373,35538480,2022,Non Tender,APBD,CV. ASTRY TRY PUTRA,Pengadaan Langsung,Pekerjaan Konstruksi,Pembangunan Jalan Lingkungan di Lintas Barat Kec. Panyabungan,SELESAI,146990000,146990000
KAB. MANDAILING NATAL,BADAN KESATUAN BANGSA DAN POLITIK - 8.01.0.00.0.00.56.0000,363447,34015162,2022,E-Katalog 5.0,APBD,PT. ASTRA INTERNATIONAL TBK-TSO,E-Purchasing,Pengadaan Barang,NEW RUSH 1.5 S A/T GR SPORT VIN 2021,MELAKUKAN PENGIRIMAN DAN PENERIMAAN,294000000,294000000
KAB. MANDAILING NATAL,DINAS PENDIDIKAN - ,2600373,35597992,2022,Tender,APBD,CV. BANGKIT JAYA,Tender,Pekerjaan Konstruksi,Pembangunan Ruang Laboratorium IPA Beserta Perabotnya (DAK) - SMP Negeri 5 Sinunukan,SELESAI,452638392,452638392
KAB. MANDAILING NATAL,RUMAH SAKIT UMUM DAERAH PANYABUNGAN - 1.02.0.00.0.00.02.0001,1098385,35761991,2022,E-Katalog 5.0,BLUD,P.T. Dexa Medica,E-Purchasing,Pengadaan Barang,Valsartan tablet/kapsul/kaplet 80 mg,MELAKUKAN PENGIRIMAN DAN PENERIMAAN,1191000,1191000
KAB. MANDAILING NATAL,BAGIAN KESEJAHTERAAN RAKYAT SETDAKAB MANDAILING NATAL - 4.01.5.06.0.00.26.0002,2445373,35767055,2022,Non Tender,APBD,CV. KREATIFITAS CEMERLANG,Pengadaan Langsung,Pengadaan Barang,Belanja Barang Yang Akan Diserahkan Kepada Masyarakat,SELESAI,83916000,0
KAB. MANDAILING NATAL,DINAS KESEHATAN - ,671905,34281017,2022,E-Katalog 5.0,APBD,PT. Hexpharm Jaya Laboratories,E-Purchasing,Pengadaan Barang,Loratadine/ Loratadin tablet/kapsul/kaplet 10 mg,MELAKUKAN PENGIRIMAN DAN PENERIMAAN,22200000,22200000
KAB. MANDAILING NATAL,RUMAH SAKIT UMUM DAERAH PANYABUNGAN - 1.02.0.00.0.00.02.0001,2254874,35761991,2022,E-Katalog 5.0,BLUD,PT. Beta Pharmacon,E-Purchasing,Pengadaan Barang,"Analog insulin rapid acting inj 100 IU/mL (cartridge disposible, penfill cartridge)",MELAKUKAN PENGIRIMAN DAN PENERIMAAN,17900000,0
KAB. MANDAILING NATAL,RUMAH SAKIT UMUM DAERAH PANYABUNGAN - 1.02.0.00.0.00.02.0001,1557145,35761991,2022,E-Katalog 5.0,BLUD,PT.GLOBAL DISPOMEDIKA,E-Purchasing,Pengadaan Barang,Surgical Gloves Size 6.5,MELAKUKAN PENGIRIMAN DAN PENERIMAAN,4105800,0
KAB. MANDAILING NATAL,DINAS PENDIDIKAN - ,2592373,35598033,2022,Tender,APBD,cv. andalas raya,Tender,Pekerjaan Konstruksi,Pembangunan Ruang Laboratorium Komputer Beserta Perabotnya - SMP Negeri 3 Batang Natal,SELESAI,412399390,412399390
KAB. MANDAILING NATAL,DINAS PEKERJAAN UMUM DAN PENATAAN RUANG - ,2896373,37007520,2022,Non Tender,APBDP,CV. AULIA RIZKI PRATAMA,Pengadaan Langsung,Pekerjaan Konstruksi,Peningkatan Jalan Sidojadi - Malintang Julu,SELESAI,198700000,198700000
KAB. MANDAILING NATAL,DINAS PERTANIAN - 3.27.0.00.0.00.24.0000,2669373,35250585,2022,Non Tender,APBD,CV. NABILA,Pengadaan Langsung,Pekerjaan Konstruksi,Pembangunan / Rehabilitasi Jalan Usaha Tani Saba Hapesong Desa Malintang Kec. Bukit Malintang,SELESAI,64148000,64148000
KAB. MANDAILING NATAL,DINAS PERTANIAN - 3.27.0.00.0.00.24.0000,2687373,35247916,2022,Non Tender,APBD,CV. PUTRA PRATAMA,Pengadaan Langsung,Pekerjaan Konstruksi,Pembangunan / Rehabilitasi Jaringan irigasi Desa Muaramais Kec. Tambangan,SELESAI,158775000,158775000
KAB. MANDAILING NATAL,DINAS PERTANIAN - 3.27.0.00.0.00.24.0000,3009373,37532585,2022,Non Tender,APBDP,CV. SINAR JAYA ABADI,Pengadaan Langsung,Pengadaan Barang,Pengadaan Bibit Bawang Merah,SELESAI,179800000,179800000
KAB. MANDAILING NATAL,RUMAH SAKIT UMUM DAERAH PANYABUNGAN - 1.02.0.00.0.00.02.0001,2372571,35761991,2022,E-Katalog 5.0,BLUD,PT. EMJEBE PHARMA,E-Purchasing,Pengadaan Barang,"Asetat Ringer / Ringer asetat, @ 500 mL",PROSES KONTRAK PPK,1936000,1936000
KAB. MANDAILING NATAL,DINAS KESEHATAN - ,938526,34281364,2022,E-Katalog 5.0,APBD,PT Sinaraya Nugraha Ahmadaris Medika,E-Purchasing,Pengadaan Barang,"Kasa 55, 10 cm x 3,6 m",MELAKUKAN PENGIRIMAN DAN PENERIMAAN,13220000,13220000
KAB. MANDAILING NATAL,DINAS PERTANIAN - 3.27.0.00.0.00.24.0000,2694373,35247838,2022,Non Tender,APBD,cv. winda utama,Pengadaan Langsung,Pekerjaan Konstruksi,Pembangunan / Rehabilitasi Jaringan irigasi Bondat Saba Maino Desa Panyabungan Jae Kec. Panyabungan,SELESAI,103109000,103109000
KAB. MANDAILING NATAL,DINAS KESEHATAN - ,957683,36117099,2022,E-Katalog 5.0,APBD,PT. Kemika Karya Pratama,E-Purchasing,Pengadaan Barang,Biolarvasida Pembasmi Jentik Nyamuk,MELAKUKAN PENGIRIMAN DAN PENERIMAAN,319788700,319788700
KAB. MANDAILING NATAL,DINAS PEKERJAAN UMUM DAN PENATAAN RUANG - ,2914373,36033972,2022,Non Tender,APBD,CV. CIKAS NUSANTARA,Pengadaan Langsung,Jasa Konsultansi Badan Usaha Konstruksi,Penyusunan Detail Engineering Design (DED) Pasar Lintas Timur,SELESAI,49965000,49965000
KAB. MANDAILING NATAL,DINAS KESEHATAN - ,938526,34281364,2022,E-Katalog 5.0,APBD,PT Sinaraya Nugraha Ahmadaris Medika,E-Purchasing,Pengadaan Barang,10 cm x 5 m,MELAKUKAN PENGIRIMAN DAN PENERIMAAN,15894500,15894500
KAB. MANDAILING NATAL,RUMAH SAKIT UMUM DAERAH PANYABUNGAN - 1.02.0.00.0.00.02.0001,708624,35761991,2022,E-Katalog 5.0,BLUD,PT. Mersifarma Tirmaku Mercusana,E-Purchasing,Pengadaan Barang,Lorazepam tablet/kapsul/kaplet 2 mg,MELAKUKAN PENGIRIMAN DAN PENERIMAAN,1230000,1230000
KAB. MANDAILING NATAL,DINAS PENDIDIKAN - ,3074373,37502723,2022,Non Tender,APBDP,CV. WIKASA,Pengadaan Langsung,Pekerjaan Konstruksi,Pembangunan Pagar SMP Negeri 5 Siabu,SELESAI,99767000,99767000
KAB. MANDAILING NATAL,DINAS PEKERJAAN UMUM DAN PENATAAN RUANG - ,2952373,37403029,2022,Non Tender,APBDP,CV. HABIBI PRATAMA,Pengadaan Langsung,Pekerjaan Konstruksi,Rehabilitasi Aula Kantor Camat Batang Natal,SELESAI,199340000,199340000
KAB. MANDAILING NATAL,RUMAH SAKIT UMUM DAERAH PANYABUNGAN - 1.02.0.00.0.00.02.0001,1385036,35761991,2022,E-Katalog 5.0,BLUD,P.T. Dexa Medica,E-Purchasing,Pengadaan Barang,Cefazolin sodium/ Sefazolin serbuk injeksi 1.000 mg,MELAKUKAN PENGIRIMAN DAN PENERIMAAN,316150,316150
KAB. MANDAILING NATAL,DINAS KESEHATAN - ,671972,34281017,2022,E-Katalog 5.0,APBD,PT. Mersifarma Tirmaku Mercusana,E-Purchasing,Pengadaan Barang,Diazepam tablet/kapsul/kaplet 5 mg,MELAKUKAN PENGIRIMAN DAN PENERIMAAN,21600000,21600000
KAB. MANDAILING NATAL,RUMAH SAKIT UMUM DAERAH PANYABUNGAN - 1.02.0.00.0.00.02.0001,841457,35761991,2022,E-Katalog 5.0,BLUD,PT. EMJEBE PHARMA,E-Purchasing,Pengadaan Barang,"Ringer Laktat/ Ringer Lactate, @500 mL ",MELAKUKAN PENGIRIMAN DAN PENERIMAAN,38515000,38515000
KAB. MANDAILING NATAL,DINAS PEKERJAAN UMUM DAN PENATAAN RUANG - ,2906373,37045603,2022,Non Tender,APBDP,CV. BILLINDO ENGINEERING CONSULTANT,Pengadaan Langsung,Jasa Konsultansi Badan Usaha Konstruksi,Konsultan Perencanaan Kegiatan SPAM P.APBD 2022,SELESAI,46500000,46500000
KAB. MANDAILING NATAL,RUMAH SAKIT UMUM DAERAH PANYABUNGAN - 1.02.0.00.0.00.02.0001,1585692,35761991,2022,E-Katalog 5.0,BLUD,P.T. Dexa Medica,E-Purchasing,Pengadaan Barang,Betahistin/Betahistine Mesilate/Betahistine Mesylate tablet/kapsul/kaplet 6 mg,MELAKUKAN PENGIRIMAN DAN PENERIMAAN,440000,440000
KAB. MANDAILING NATAL,SEKRETARIAT DPRD KABUPATEN - 4.02.0.00.0.00.27.0000,2932373,35792896,2022,Non Tender,APBD,CV. DAME LANGGENG,Pengadaan Langsung,Pengadaan Barang,Belanja Laptop Bagian Persidangan dan Perundang - Undangan,SELESAI,74758000,74758000
KAB. MANDAILING NATAL,DINAS KESEHATAN - ,704685,34281364,2022,E-Katalog 5.0,APBD,PT Jayamas Medica Industri,E-Purchasing,Pengadaan Barang,Alcohol Swabs,MELAKUKAN PENGIRIMAN DAN PENERIMAAN,19704000,19704000
KAB. MANDAILING NATAL,DINAS PERUMAHAN DAN KAWASAN PERMUKIMAN - 1.04.0.00.0.00.04.0000,2624373,35538432,2022,Non Tender,APBD,CV. MATAHARI ABADI,Pengadaan Langsung,Pekerjaan Konstruksi,Pembangunan Jalan Lingkungan di Desa Bonda Kase Kec. Natal,SELESAI,134440000,134440000
KAB. MANDAILING NATAL,DINAS PEKERJAAN UMUM DAN PENATAAN RUANG - ,2939373,37401692,2022,Non Tender,APBDP,CV. RENDER CONSULTANT,Pengadaan Langsung,Jasa Konsultansi Badan Usaha Konstruksi,Konsultan Pengawasan Program Penataan Bangunan Gedung untuk kegiatan PAPBD,SELESAI,99723001,99723001
KAB. MANDAILING NATAL,DINAS PEKERJAAN UMUM DAN PENATAAN RUANG - ,3100373,37854194,2022,Non Tender,APBDP,PT. ATHAYA MANDIRI KONSULINDO,Pengadaan Langsung,Jasa Konsultansi Badan Usaha Konstruksi,Konsultansi Pendataan dan Penyusunan Data Teknis Daerah Irigasi melalui aplikasi e_ paksi,SELESAI,49200000,49200000
KAB. MANDAILING NATAL,DINAS PEKERJAAN UMUM DAN PENATAAN RUANG - ,2863373,37021023,2022,Non Tender,APBDP,cv. winda utama,Pengadaan Langsung,Pekerjaan Konstruksi,Pembangunan Jembatan/Plat Beton Ruas Jalan Tunas Karya - Sikara-Kara III,SELESAI,198750000,198750000
KAB. MANDAILING NATAL,DINAS PEKERJAAN UMUM DAN PENATAAN RUANG - ,2905373,37045649,2022,Non Tender,APBDP,CV. RAJAWALI ENGINEERING CONSULTANT,Pengadaan Langsung,Jasa Konsultansi Badan Usaha Konstruksi,Konsultan Perencanaan Peningkatan dan Perluasaan SPAM Wilayah Mandailing Godang TA. 2023,SELESAI,99000000,99000000
KAB. MANDAILING NATAL,DINAS KESEHATAN - ,921399,34280870,2022,E-Katalog 5.0,APBD,PT. RAJAWALI NUSINDO,E-Purchasing,Pengadaan Barang,CYBOW Reader 300 and Accessories,MELAKUKAN PENGIRIMAN DAN PENERIMAAN,52480000,0
KAB. MANDAILING NATAL,DINAS PERUMAHAN DAN KAWASAN PERMUKIMAN - 1.04.0.00.0.00.04.0000,3050373,37516587,2022,Non Tender,APBDP,CV. FERDIAN PUTRA,Pengadaan Langsung,Pekerjaan Konstruksi,Pembangunan/ Rehabilitasi Jalan Lingkungan di Desa Sayur Maincat Kec. Kotanopan,SELESAI,140760000,140760000
KAB. MANDAILING NATAL,RUMAH SAKIT UMUM DAERAH PANYABUNGAN - 1.02.0.00.0.00.02.0001,707948,35761991,2022,E-Katalog 5.0,BLUD,P.T. Dexa Medica,E-Purchasing,Pengadaan Barang,Furosemid/ Furosemide inj 10 mg/mL (i.v./i.m),MELAKUKAN PENGIRIMAN DAN PENERIMAAN,4615000,4615000
KAB. MANDAILING NATAL,DINAS PEKERJAAN UMUM DAN PENATAAN RUANG - ,2973373,37048709,2022,Non Tender,APBDP,cv. winda utama,Pengadaan Langsung,Pekerjaan Konstruksi,Rehabilitasi Jaringan Irigasi Desa Panyabungan Tonga Kecamatan Panyabungan,SELESAI,98500000,98500000
KAB. MANDAILING NATAL,DINAS PEKERJAAN UMUM DAN PENATAAN RUANG - ,2962373,37400870,2022,Non Tender,APBDP,CV. WIKASA,Pengadaan Langsung,Pekerjaan Konstruksi,Rehabilitasi dan Penambahan Aula Kantor Lurah Pasar Hilir,SELESAI,149365000,149365000
KAB. MANDAILING NATAL,DINAS LINGKUNGAN HIDUP - 2.11.0.00.0.00.12.0000,1924988,37296181,2022,E-Katalog 5.0,APBDP,PT Krama Yudha Tiga Berlian Motors,E-Purchasing,Pengadaan Barang,CANTER FE 74 HD N (6W) DUMP TRUCK SAMPAH - SHI BTE PRAKARSA ENERGI,MELAKUKAN PENGIRIMAN DAN PENERIMAAN,543457100,543457100
KAB. MANDAILING NATAL,DINAS PEKERJAAN UMUM DAN PENATAAN RUANG - ,2733373,34657571,2022,Non Tender,APBD,CV. BINA FAJAR,Pengadaan Langsung,Pekerjaan Konstruksi,Rehabilitasi Tanggul Sungai Aek Sirambas Kecamatan Panyabungan Barat,SELESAI,98200000,98200000
KAB. MANDAILING NATAL,DINAS PEKERJAAN UMUM DAN PENATAAN RUANG - ,2982373,37047928,2022,Non Tender,APBDP,CV. POLO CONSULTANT,Pengadaan Langsung,Jasa Konsultansi Badan Usaha Konstruksi,Konsultansi Pengawasan Paket P.APBD Kegiatan Pengelolaan SDA Dan Bangunan Pengaman Pantai Pada Wilayah Sungai (WS) Dalam 1 (Satu) Daerah Kabupaten Mandailing Natal,SELESAI,69500000,69500000
KAB. MANDAILING NATAL,DINAS KESEHATAN - ,671565,34281017,2022,E-Katalog 5.0,APBD,PT. Kalventis Sinergi Farma,E-Purchasing,Pengadaan Barang,Bisakodil suppositoria 10 mg,MELAKUKAN PENGIRIMAN DAN PENERIMAAN,6487500,6487500
KAB. MANDAILING NATAL,DINAS PERPUSTAKAAN DAN KEARSIPAN - 2.23.2.24.0.00.21.0000,2453373,35828415,2022,Non Tender,APBD,CV. KREASI KENANGA,Pengadaan Langsung,Pengadaan Barang,Belanja Modal Bahan Perpustakaan Tercetak,SELESAI,114000000,114000000
KAB. MANDAILING NATAL,RUMAH SAKIT UMUM DAERAH PANYABUNGAN - 1.02.0.00.0.00.02.0001,1057697,35761991,2022,E-Katalog 5.0,BLUD,PT. NOVELL PHARMACEUTICAL LABORATORIES,E-Purchasing,Pengadaan Barang,Warfarin sodium/ Warfarin sodium clathrate/ Warfarin tablet/kapsul/kaplet 2 mg,MELAKUKAN PENGIRIMAN DAN PENERIMAAN,2007000,2007000
KAB. MANDAILING NATAL,DINAS PEKERJAAN UMUM DAN PENATAAN RUANG - ,2562373,34695205,2022,Tender,APBD,cv.citra pramatra,Seleksi,Jasa Konsultansi Badan Usaha Konstruksi,Jasa Konsultansi Pengawasan Kegiatan Kontraktual ( Kegiatan Penunjang DAK 2022 ),SELESAI,148629000,148629000
KAB. MANDAILING NATAL,DINAS PEKERJAAN UMUM DAN PENATAAN RUANG - ,2482373,34003675,2022,Tender,APBD,CV .GADING MAS,Tender,Pekerjaan Konstruksi,Rehabilitasi/Pemeliharaan Jalan Prof. Andi Hakim Nasution,SELESAI,1818524200,1818524200
KAB. MANDAILING NATAL,DINAS KESEHATAN - ,822204,34279496,2022,E-Katalog 5.0,APBD,PT.Surya Khatulistiwa Nusantara,E-Purchasing,Pengadaan Barang,"vaginal specula, GRAVE Fig. 2, 95x35mm",MELAKUKAN PENGIRIMAN DAN PENERIMAAN,4357200,0
KAB. MANDAILING NATAL,DINAS PERTANIAN - 3.27.0.00.0.00.24.0000,2605373,35071359,2022,Non Tender,APBD,CV.RIZKI KARYA,Pengadaan Langsung,Pengadaan Barang,Belanja Bahan - Bahan / Bibit Ternak / Bibit Ikan - Bibit Ayam Kampung,SELESAI,150150000,150150000
KAB. MANDAILING NATAL,DINAS PEKERJAAN UMUM DAN PENATAAN RUANG - ,2974373,37048156,2022,Non Tender,APBDP,CV. KENZO MAHAGANI,Pengadaan Langsung,Pekerjaan Konstruksi,Rehabilitasi Tanggul Sungai Aek Mata Kel. Pasar Hilir Kecamatan Panyabungan,SELESAI,147700000,147700000
KAB. MANDAILING NATAL,DINAS PEKERJAAN UMUM DAN PENATAAN RUANG - ,2870373,37006513,2022,Non Tender,APBDP,CV. MEDTAN CIPTA UTAMA,Pengadaan Langsung,Jasa Konsultansi Badan Usaha Non Konstruksi,Penyusunan Dokumen Perencanaan Jalan Wil. III,SELESAI,99222900,99222900
KAB. MANDAILING NATAL,DINAS PENDIDIKAN - ,2805373,35573912,2022,Non Tender,APBD,CV. ANUGERAH AZKA WAHANA,Pengadaan Langsung,Pekerjaan Konstruksi,Pembangunan Ruang Kelas Baru - SD Negeri 383 Batu Mundom,SELESAI,194249000,194249000
KAB. MANDAILING NATAL,DINAS PERUMAHAN DAN KAWASAN PERMUKIMAN - 1.04.0.00.0.00.04.0000,2623373,35538537,2022,Non Tender,APBD,CV. MATAHARI ABADI,Pengadaan Langsung,Pekerjaan Konstruksi,Pembangunan Jalan Lingkungan di Desa Tombang Kaluang Kec. Batang Natal,SELESAI,134450000,134450000
KAB. MANDAILING NATAL,DINAS KESEHATAN - ,912728,34280552,2022,E-Katalog 5.0,APBD,PT. SINKO PRIMA ALLOY,E-Purchasing,Pengadaan Barang,PENGUKUR PANJANG BAYI MTR-BABY 001,MELAKUKAN PENGIRIMAN DAN PENERIMAAN,86862600,86862600
KAB. MANDAILING NATAL,RUMAH SAKIT UMUM DAERAH PANYABUNGAN - 1.02.0.00.0.00.02.0001,1482588,35761991,2022,E-Katalog 5.0,BLUD,P.T. Dexa Medica,E-Purchasing,Pengadaan Barang,Norepinephrine bitartate/ Norepinephrine bitartate monohydrate / Norepinephrine/ Norepinephrine base/ Norepinefrin inj 1 mg/ml,MELAKUKAN PENGIRIMAN DAN PENERIMAAN,629800,629800
KAB. MANDAILING NATAL,DINAS PEKERJAAN UMUM DAN PENATAAN RUANG - ,2824373,36578400,2022,Non Tender,APBD,FUTURINDO MANDIRI SEJAHTERA,Pengadaan Langsung,Pekerjaan Konstruksi,Pembangunan Jaringan Irigasi di Desa Saba Dolok Kec. Kotanopan Kab. Mandailing Natal (BKP),SELESAI,195000000,195000000
KAB. MANDAILING NATAL,DINAS PEKERJAAN UMUM DAN PENATAAN RUANG - ,2501373,34699553,2022,Tender,APBD,CV.ESHAN PRAKARSA,Tender,Pekerjaan Konstruksi,Peningkatan Jalan Dalam Kota Panyabungan,SELESAI,1112713000,1112713000
KAB. MANDAILING NATAL,DINAS KESEHATAN - ,907814,34278983,2022,E-Katalog 5.0,APBD,PT. Kemika Karya Pratama,E-Purchasing,Pengadaan Barang,IK VECTOR CONTROL SUPER,MELAKUKAN PENGIRIMAN DAN PENERIMAAN,179211000,0
KAB. MANDAILING NATAL,DINAS KESEHATAN - ,939891,34281364,2022,E-Katalog 5.0,APBD,PT Jayamas Medica Industri,E-Purchasing,Pengadaan Barang,Larutan Giemsa,MELAKUKAN PENGIRIMAN DAN PENERIMAAN,12659200,12659200
KAB. MANDAILING NATAL,RUMAH SAKIT UMUM DAERAH PANYABUNGAN - 1.02.0.00.0.00.02.0001,2254773,35761991,2022,E-Katalog 5.0,BLUD,PT AstraZeneca Indonesia,E-Purchasing,Pengadaan Barang,"Budesonid cairan inhalasi 0,25mg/mL, respoules 2 mL",MELAKUKAN PENGIRIMAN DAN PENERIMAAN,1047800,0
KAB. MANDAILING NATAL,DINAS PEKERJAAN UMUM DAN PENATAAN RUANG - ,2915373,36033983,2022,Non Tender,APBD,CV Rekayasa Geomatika Indonesia,Pengadaan Langsung,Jasa Konsultansi Badan Usaha Konstruksi,Penyusunan Detail Engineering Design (DED) Tata Kota,SELESAI,49978400,49978400
KAB. MANDAILING NATAL,DINAS PEKERJAAN UMUM DAN PENATAAN RUANG - ,3007373,37048369,2022,Non Tender,APBDP,CV. NABILA,Pengadaan Langsung,Pekerjaan Konstruksi,Rehabilitasi Jaringan Irigasi Bondar Saba Uduk Inpres Desa Tangga Bosi III Kecamatan Siabu,SELESAI,98000000,98000000
KAB. MANDAILING NATAL,RUMAH SAKIT UMUM DAERAH PANYABUNGAN - 1.02.0.00.0.00.02.0001,1295197,35761991,2022,E-Katalog 5.0,BLUD,PT. Hexpharm Jaya Laboratories,E-Purchasing,Pengadaan Barang,Omeprazol/Omeprazole tablet/kapsul/kaplet 20 mg,MELAKUKAN PENGIRIMAN DAN PENERIMAAN,2580000,2580000
KAB. MANDAILING NATAL,RUMAH SAKIT UMUM DAERAH PANYABUNGAN - 1.02.0.00.0.00.02.0001,1482588,35761991,2022,E-Katalog 5.0,BLUD,P.T. Dexa Medica,E-Purchasing,Pengadaan Barang,Ketorolak/ Ketorolac / Ketorolac trometamol/ Ketorolac tromethamine inj 30 mg/ml (3%),MELAKUKAN PENGIRIMAN DAN PENERIMAAN,8800000,8800000
KAB. MANDAILING NATAL,DINAS KESEHATAN - ,908289,34279202,2022,E-Katalog 5.0,APBD,PT. SINKO PRIMA ALLOY,E-Purchasing,Pengadaan Barang,DIGITAL SCALE / TIMBANGAN DIGITAL BMI + BODY FAT DIGIT-PRO BMI + BODY FAT,MELAKUKAN PENGIRIMAN DAN PENERIMAAN,3276000,3276000
KAB. MANDAILING NATAL,DINAS PEKERJAAN UMUM DAN PENATAAN RUANG - ,2616373,34699569,2022,Tender,APBD,CV. FAATHIR RIZKA,Tender,Pekerjaan Konstruksi,Peningkatan Jalan Huta Siantar ‐ Siobon Julu,SELESAI,3237435000,3237435000
KAB. MANDAILING NATAL,SATUAN POLISI PAMONG PRAJA - 1.05.0.00.0.00.05.0000,2307963,38065970,2022,E-Katalog 5.0,APBDP,UNTUNG INDAH JAYA,E-Purchasing,Pengadaan Barang,Pakaian Humas,PROSES KONTRAK PPK,1110000,1110000
KAB. MANDAILING NATAL,RUMAH SAKIT UMUM DAERAH PANYABUNGAN - 1.02.0.00.0.00.02.0001,708576,35761991,2022,E-Katalog 5.0,BLUD,PT. Hexpharm Jaya Laboratories,E-Purchasing,Pengadaan Barang,Asam traneksamat/Tranexamic acid injeksi 100 mg/ml,MELAKUKAN PENGIRIMAN DAN PENERIMAAN,5640000,5640000
KAB. MANDAILING NATAL,BAGIAN PENGADAAN BARANG DAN JASA SETDAKAB MANDAILING NATAL - 4.01.5.06.0.00.26.0005,1825370,36366302,2022,E-Katalog 5.0,APBD,CV. KREASI KENANGA,E-Purchasing,Pengadaan Barang,Penggaris Besi Uk 50 cm,PROSES KONTRAK PPK,63000,63000
KAB. MANDAILING NATAL,DINAS PEKERJAAN UMUM DAN PENATAAN RUANG - ,2542373,34686262,2022,Non Tender,APBD,CV. TUJUH RAJAWALI,Pengadaan Langsung,Pekerjaan Konstruksi,Rehabilitasi Jaringan Irigasi Desa Lobung Kec. Lingga Bayu,SELESAI,197520000,197520000
KAB. MANDAILING NATAL,DINAS KESEHATAN - ,2091360,37437790,2022,E-Katalog 5.0,APBD,CV. DANAR PUTRA,E-Purchasing,Pengadaan Barang,Lemari Besi 3 Pintu Tipe A,PROSES KONTRAK PPK,69750000,69750000
KAB. MANDAILING NATAL,BAGIAN PENGADAAN BARANG DAN JASA SETDAKAB MANDAILING NATAL - 4.01.5.06.0.00.26.0005,1825370,36366302,2022,E-Katalog 5.0,APBD,CV. KREASI KENANGA,E-Purchasing,Pengadaan Barang,Isi Hekter No. 3,PROSES KONTRAK PPK,69300,69300
KAB. MANDAILING NATAL,DINAS PENDIDIKAN DAN KEUBUDAYAAN - 1.01.2.22.0.00.00.0000,857824,36028154,2022,E-Katalog 5.0,APBD,CV. NEGERI PERTIWI JAYA,E-Purchasing,Pengadaan Barang,HARVARD CPE20 PRO LTE CAT 6 Frequency 2.4GHz/5GHz Dual band,PROSES KONTRAK PPK,55200000,55200000
KAB. MANDAILING NATAL,DINAS KESEHATAN - ,672299,34281017,2022,E-Katalog 5.0,APBD,PT. Kimia Farma Tbk,E-Purchasing,Pengadaan Barang,Cyanocobalamin/ Cyanocobalamine/ Sianokobalamin (vitamin B12) tablet/kapsul/kaplet 50 mcg,MELAKUKAN PENGIRIMAN DAN PENERIMAAN,6600000,6600000
KAB. MANDAILING NATAL,DINAS KESEHATAN - ,671454,34281017,2022,E-Katalog 5.0,APBD,PT Ethica Industri Farmasi,E-Purchasing,Pengadaan Barang,Epinefrin/ Epinephrine (Adrenalin) injeksi 1 mg/mL,MELAKUKAN PENGIRIMAN DAN PENERIMAAN,31800000,31800000
KAB. MANDAILING NATAL,DINAS PERUMAHAN DAN KAWASAN PERMUKIMAN - 1.04.0.00.0.00.04.0000,2703373,35538507,2022,Non Tender,APBD,CV. R.A.S,Pengadaan Langsung,Pekerjaan Konstruksi,Pembangunan Jalan Lingkungan di Lorong VI Desa Malintang Julu Kec. Bukit Malintang,SELESAI,134260000,134260000
KAB. MANDAILING NATAL,RUMAH SAKIT UMUM DAERAH PANYABUNGAN - 1.02.0.00.0.00.02.0001,2254620,35761991,2022,E-Katalog 5.0,BLUD,P.T. Dexa Medica,E-Purchasing,Pengadaan Barang,Ciprofloxacin hydrochloride(HCl)/ Ciprofloxacin Lactate/ Ciprofloxacin/ Siprofloksasin inf 2 mg/ml,PROSES KONTRAK PPK,1543000,1543000
KAB. MANDAILING NATAL,DINAS KESEHATAN - ,671417,34281017,2022,E-Katalog 5.0,APBD,PT Yarindo Farmatama,E-Purchasing,Pengadaan Barang,Isosorbid Dinitrat/ Isosorbide dinitrate tablet/kaplet 5 mg,MELAKUKAN PENGIRIMAN DAN PENERIMAAN,8800000,8800000
KAB. MANDAILING NATAL,RUMAH SAKIT UMUM DAERAH PANYABUNGAN - 1.02.0.00.0.00.02.0001,1891849,35761991,2022,E-Katalog 5.0,BLUD,PT.GLOBAL DISPOMEDIKA,E-Purchasing,Pengadaan Barang,Surgical Glove Sterile Size 7.0,MELAKUKAN PENGIRIMAN DAN PENERIMAAN,3485200,0
KAB. MANDAILING NATAL,RUMAH SAKIT UMUM DAERAH PANYABUNGAN - 1.02.0.00.0.00.02.0001,871356,35761991,2022,E-Katalog 5.0,BLUD,PT Ethica Industri Farmasi,E-Purchasing,Pengadaan Barang,Oxytocin/ Oksitosin inj 10 IU/ml ,MELAKUKAN PENGIRIMAN DAN PENERIMAAN,1126000,1126000
KAB. MANDAILING NATAL,RUMAH SAKIT UMUM DAERAH PANYABUNGAN - 1.02.0.00.0.00.02.0001,731459,35761991,2022,E-Katalog 5.0,BLUD,PT Bayer Indonesia,E-Purchasing,Pengadaan Barang,"Analog insulin mix insulin inj 100 IU/mL (kemasan vial, cartridge disposible, penfill cartridge)",PROSES KONTRAK PPK,8400000,0
KAB. MANDAILING NATAL,DINAS PEKERJAAN UMUM DAN PENATAAN RUANG - ,2736373,34658344,2022,Non Tender,APBD,CV. SINGOLOT MANIKAM PERSADA,Pengadaan Langsung,Pekerjaan Konstruksi,Normalisasi Sungai Aek Parsanggarahan Muara Soma Desa Muara Soma Kecamatan Batang Natal,SELESAI,198750000,198750000
KAB. MANDAILING NATAL,DINAS PEMUDA DAN OLAHRAGA - 2.19.0.00.0.00.20.0000,2941373,37488897,2022,Non Tender,APBDP,CV. PUTRA BARINGIN GROUP,Pengadaan Langsung,Pengadaan Barang,Pengadaan Lapangan Tenis Meja,SELESAI,96459000,0
KAB. MANDAILING NATAL,RUMAH SAKIT UMUM DAERAH PANYABUNGAN - 1.02.0.00.0.00.02.0001,910518,35761991,2022,E-Katalog 5.0,BLUD,PT. AFIFARMA,E-Purchasing,Pengadaan Barang,"Antasida, kombinasi: alumunium hidroksida 200 mg + magnesium hidroksida 200 mg, susp",MELAKUKAN PENGIRIMAN DAN PENERIMAAN,172500,172500
KAB. MANDAILING NATAL,DINAS PEKERJAAN UMUM DAN PENATAAN RUANG - ,2993373,37048607,2022,Non Tender,APBDP,CV. GAPURA ALAM PERSADA,Pengadaan Langsung,Pekerjaan Konstruksi,Rehabilitasi Jaringan Irigasi Desa Siantona Kecamatan Lembah Sorik Marapi,SELESAI,98275000,98275000
KAB. MANDAILING NATAL,DINAS PEKERJAAN UMUM DAN PENATAAN RUANG - ,2844373,34720175,2022,Non Tender,APBD,CV. PUTRA BARINGIN GROUP,Pengadaan Langsung,Pekerjaan Konstruksi,Lanjutan Pembangunan Kantor Polsek Panyabungan Timur,SELESAI,149305000,149305000
KAB. MANDAILING NATAL,DINAS PERPUSTAKAAN DAN KEARSIPAN - 2.23.2.24.0.00.21.0000,2452373,35828472,2022,Non Tender,APBD,CV. CHAYA MURNI,Pengadaan Langsung,Pengadaan Barang,Belanja Modal Peralatan Personal Computer,SELESAI,142235000,142235000
KAB. MANDAILING NATAL,DINAS PERTANIAN - 3.27.0.00.0.00.24.0000,2668373,35071320,2022,Non Tender,APBD,cv. riski nauli,Pengadaan Langsung,Pengadaan Barang,Bibit Ayam Kampung - Bibit Itik,SELESAI,152750000,152750000
KAB. MANDAILING NATAL,DINAS KESEHATAN - ,741574,34281017,2022,E-Katalog 5.0,APBD,P.T. Dexa Medica,E-Purchasing,Pengadaan Barang,Risperidone/ Risperidon tablet/kapsul/kaplet 2 mg,MELAKUKAN PENGIRIMAN DAN PENERIMAAN,6150000,6150000
KAB. MANDAILING NATAL,DINAS PERUMAHAN DAN KAWASAN PERMUKIMAN - 1.04.0.00.0.00.04.0000,2513373,35538484,2022,Non Tender,APBD,CV.PUTRA BATANG NATAL UTAMA,Pengadaan Langsung,Pekerjaan Konstruksi,Pembangunan Jalan Lingkungan di Desa Jambur Baru Kec. Batang Natal,SELESAI,146800000,146800000
KAB. MANDAILING NATAL,DINAS KESEHATAN - ,705138,34281017,2022,E-Katalog 5.0,APBD,3M INDONESIA IMPORTAMA,E-Purchasing,Pengadaan Barang,61111 Ketac Universal,MELAKUKAN PENGIRIMAN DAN PENERIMAAN,2806000,0
KAB. MANDAILING NATAL,DINAS KESEHATAN - ,672299,34281017,2022,E-Katalog 5.0,APBD,PT. Kimia Farma Tbk,E-Purchasing,Pengadaan Barang,"Methylergometrine Maleate/ Methylergometrine/ Metilergometrin tablet/kapsul/kaplet 0,125 mg",MELAKUKAN PENGIRIMAN DAN PENERIMAAN,4280000,4280000
KAB. MANDAILING NATAL,DINAS KESEHATAN - ,965207,34281364,2022,E-Katalog 5.0,APBD,PT. Safelock Medical,E-Purchasing,Pengadaan Barang,Infusion set Type Y Air Vent Luer Slip,MELAKUKAN PENGIRIMAN DAN PENERIMAAN,10840500,10840500
KAB. MANDAILING NATAL,RUMAH SAKIT UMUM DAERAH PANYABUNGAN - 1.02.0.00.0.00.02.0001,1053306,35761991,2022,E-Katalog 5.0,BLUD,PT. Likuid Pharmalab Indonesia,E-Purchasing,Pengadaan Barang,Medika Alkohol 70% ukuran 100 ml,MELAKUKAN PENGIRIMAN DAN PENERIMAAN,222800,222800
KAB. MANDAILING NATAL,RUMAH SAKIT UMUM DAERAH PANYABUNGAN - 1.02.0.00.0.00.02.0001,911078,35761991,2022,E-Katalog 5.0,BLUD,PT. Kimia Farma Tbk,E-Purchasing,Pengadaan Barang,Codeine Phosphate Hemihydrate/ Codeine/ Kodein tablet/kapsul/kaplet 10 mg (G),MELAKUKAN PENGIRIMAN DAN PENERIMAAN,6000000,6000000
KAB. MANDAILING NATAL,RUMAH SAKIT UMUM DAERAH PANYABUNGAN - 1.02.0.00.0.00.02.0001,911078,35761991,2022,E-Katalog 5.0,BLUD,PT. Kimia Farma Tbk,E-Purchasing,Pengadaan Barang,Simvastatin tablet/kapsul/kaplet/tablet salut selaput/kaplet salut selaput 20 mg,MELAKUKAN PENGIRIMAN DAN PENERIMAAN,450000,450000
KAB. MANDAILING NATAL,BAGIAN PENGADAAN BARANG DAN JASA SETDAKAB MANDAILING NATAL - 4.01.5.06.0.00.26.0005,1825370,36366302,2022,E-Katalog 5.0,APBD,CV. KREASI KENANGA,E-Purchasing,Pengadaan Barang,Bantalan Stempel,PROSES KONTRAK PPK,31500,31500
KAB. MANDAILING NATAL,BADAN KESATUAN BANGSA DAN POLITIK - 8.01.0.00.0.00.56.0000,99373,34015318,2022,Pencatatan,APBD,MUHAMMAD AL ANSYARI NASUTION ST,Pengadaan Langsung,Pekerjaan Konstruksi,Belanja jasa Konsultan Pengawasan/ Belanja Modal Bangunan Gedung Tempat Pertemuan,PAKET SELESAI,7400000,7400000
KAB. MANDAILING NATAL,DINAS PEKERJAAN UMUM DAN PENATAAN RUANG - ,2473373,34699533,2022,Tender,APBD,CV. FERDIAN PUTRA,Tender,Pekerjaan Konstruksi,Peningkatan Jalan H. Adam Malik ( Jl. Lingkar Barat ),SELESAI,4291188000,4291188000
KAB. MANDAILING NATAL,DINAS PEKERJAAN UMUM DAN PENATAAN RUANG - ,3059373,37030784,2022,Non Tender,APBDP,FUTURINDO MANDIRI SEJAHTERA,Pengadaan Langsung,Pekerjaan Konstruksi,Pembangunan SPAM di Desa Muara Pungkut Kec. Kotanopan,SELESAI,196790000,196790000
KAB. MANDAILING NATAL,DINAS PENDIDIKAN - ,3085373,37842401,2022,Non Tender,APBDP,CV. GANDATAMA KONSTRUKSI,Pengadaan Langsung,Pekerjaan Konstruksi,Lanjutan Pembangunan Gedung Negara Sederhana TK Satu Atap 122 Sayur Maincat Kec. Hutabargot,SELESAI,62522000,62522000
KAB. MANDAILING NATAL,RUMAH SAKIT UMUM DAERAH PANYABUNGAN - 1.02.0.00.0.00.02.0001,2254828,35761991,2022,E-Katalog 5.0,BLUD,PT Glaxo Wellcome Indonesia,E-Purchasing,Pengadaan Barang,Kombinasi: Salmeterol 25 mcg + Flutikason propionat 50 mcg,MELAKUKAN PENGIRIMAN DAN PENERIMAAN,295000,0
KAB. MANDAILING NATAL,RUMAH SAKIT UMUM DAERAH PANYABUNGAN - 1.02.0.00.0.00.02.0001,1385808,35761991,2022,E-Katalog 5.0,BLUD,PT. Kimia Farma Tbk,E-Purchasing,Pengadaan Barang,Ketoprofen supositoria 100 mg,MELAKUKAN PENGIRIMAN DAN PENERIMAAN,399600,399600
KAB. MANDAILING NATAL,RUMAH SAKIT UMUM DAERAH PANYABUNGAN - 1.02.0.00.0.00.02.0001,1557145,35761991,2022,E-Katalog 5.0,BLUD,PT.GLOBAL DISPOMEDIKA,E-Purchasing,Pengadaan Barang,Surgical Gloves Size 7.5,MELAKUKAN PENGIRIMAN DAN PENERIMAAN,4105800,0
KAB. MANDAILING NATAL,DINAS PEKERJAAN UMUM DAN PENATAAN RUANG - ,2490373,34699443,2022,Tender,APBD,cv.taufikprima putra,Tender,Pekerjaan Konstruksi,Peningkatan Jalan Simpang Tambiski ‐ Sayur Maincat,SELESAI,2947225000,2947225000
KAB. MANDAILING NATAL,DINAS PEKERJAAN UMUM DAN PENATAAN RUANG - ,2877373,37007169,2022,Non Tender,APBDP,CV.GUNUNG KULABU,Pengadaan Langsung,Pekerjaan Konstruksi,Peningkatan Jalan Jl. Huta Siantar (Jl. Binatama),SELESAI,198339000,198339000
KAB. MANDAILING NATAL,DINAS KESEHATAN - ,791844,34279202,2022,E-Katalog 5.0,APBD,PT Jayamas Medica Industri,E-Purchasing,Pengadaan Barang,Resuscitator Dewasa,MELAKUKAN PENGIRIMAN DAN PENERIMAAN,2550000,2550000
KAB. MANDAILING NATAL,DINAS KESEHATAN - ,672043,34281017,2022,E-Katalog 5.0,APBD,"PT Tempo Scan Pacific,  Tbk",E-Purchasing,Pengadaan Barang,"Salep 2-4, kombinasi: asam salisilat 2% + belerang edap 4%, salep",MELAKUKAN PENGIRIMAN DAN PENERIMAAN,124950000,124950000
KAB. MANDAILING NATAL,DINAS PEKERJAAN UMUM DAN PENATAAN RUANG - ,2566373,36114663,2022,Non Tender,APBD,cv. riski nauli,Pengadaan Langsung,Pekerjaan Konstruksi,Peningkatan Jalan Huta Godang Muda Banua Rakyat Kec. Naga Juang Kab. Mandailing Natal (BKP),SELESAI,198600000,198600000
KAB. MANDAILING NATAL,RUMAH SAKIT UMUM DAERAH PANYABUNGAN - 1.02.0.00.0.00.02.0001,1386568,35761991,2022,E-Katalog 5.0,BLUD,PT Widatra Bhakti,E-Purchasing,Pengadaan Barang,D5 NS - Larutan mengandung karbohidrat+elektrolit ,MELAKUKAN PENGIRIMAN DAN PENERIMAAN,1798400,1798400
KAB. MANDAILING NATAL,DINAS PENDIDIKAN DAN KEUBUDAYAAN - 1.01.2.22.0.00.00.0000,2164209,37502618,2022,E-Katalog 5.0,APBDP,CV.MAJU JAYA,E-Purchasing,Pengadaan Barang,MEJA SISWA SD A,MELAKUKAN PENGIRIMAN DAN PENERIMAAN,1078000000,1078000000
KAB. MANDAILING NATAL,DINAS PERTANIAN - 3.27.0.00.0.00.24.0000,3018373,37533573,2022,Non Tender,APBDP,CV. RAJA AKBAR,Pengadaan Langsung,Pengadaan Barang,Belanja Bibit Jagung Untuk Wilayah Mandailing Pesisir,SELESAI,162048000,162048000
KAB. MANDAILING NATAL,DINAS PEKERJAAN UMUM DAN PENATAAN RUANG - ,2959373,37401007,2022,Non Tender,APBDP,CV. PUTRA PRATAMA,Pengadaan Langsung,Pekerjaan Konstruksi,Rehabilitasi Kantor Cabang Kejaksaan Negeri Mandailing Natal di Kotanopan,SELESAI,99300000,99300000
KAB. MANDAILING NATAL,DINAS KEPENDUDUKAN DAN PENCATATAN SIPIL - 2.12.0.00.0.00.13.0000,583403,35591702,2022,E-Katalog 5.0,APBD,PT. TRIKREASINDO MANDIRI SENTOSA,E-Purchasing,Pengadaan Barang,HDP FILM HDP5000/5600 E-KTP 075203-056,MELAKUKAN PENGIRIMAN DAN PENERIMAAN,102552000,0
KAB. MANDAILING NATAL,RUMAH SAKIT UMUM DAERAH PANYABUNGAN - 1.02.0.00.0.00.02.0001,1395847,35761991,2022,E-Katalog 5.0,BLUD,PT Jayamas Medica Industri,E-Purchasing,Pengadaan Barang,Kasa Steril 16 cm x 16 cm,MELAKUKAN PENGIRIMAN DAN PENERIMAAN,17600000,17600000
KAB. MANDAILING NATAL,BADAN PENGELOLAAN KEUANGAN PENDAPATAN DAN ASET DAERAH - ,2495373,35978625,2022,Non Tender,APBD,CV. TIARA CIDORAS,Pengadaan Langsung,Pengadaan Barang,Belanja Alat/Bahan untuk Kegiatan Kantor- Bahan Cetak,SELESAI,63714000,0
KAB. MANDAILING NATAL,DINAS PEKERJAAN UMUM DAN PENATAAN RUANG - ,3060373,37046172,2022,Non Tender,APBDP,CV. MUTIARA MUTIARA ABADI,Pengadaan Langsung,Pekerjaan Konstruksi,Perluasan Jaringan Perpipaan di Pagaran Sigatal,SELESAI,97700000,97700000
KAB. MANDAILING NATAL,DINAS PEKERJAAN UMUM DAN PENATAAN RUANG - ,2894373,37007036,2022,Non Tender,APBDP,cv.taufikprima putra,Pengadaan Langsung,Pekerjaan Konstruksi,Pembangunan Jalan Jl. Rumah Sakit Umum Mandailing Natal,SELESAI,198500000,198500000
KAB. MANDAILING NATAL,DINAS KESEHATAN - ,671454,34281017,2022,E-Katalog 5.0,APBD,PT Ethica Industri Farmasi,E-Purchasing,Pengadaan Barang,"Atropin inj 0,25 mg/mL (i.v./s.k.) (G)",MELAKUKAN PENGIRIMAN DAN PENERIMAAN,3436000,3436000
KAB. MANDAILING NATAL,DINAS PEKERJAAN UMUM DAN PENATAAN RUANG - ,2921373,37007675,2022,Non Tender,APBDP,CV. PUTRA PRATAMA,Pengadaan Langsung,Pekerjaan Konstruksi,Peningkatan Jalan STAIN - Banggua,SELESAI,148900000,148900000
KAB. MANDAILING NATAL,DINAS PEMUDA DAN OLAHRAGA - 2.19.0.00.0.00.20.0000,2942373,37488871,2022,Non Tender,APBDP,KENANGA MULTI TRADE,Pengadaan Langsung,Pengadaan Barang,Pengadaan Kustum Bola Kaki,SELESAI,82251000,82251000
KAB. MANDAILING NATAL,RUMAH SAKIT UMUM DAERAH PANYABUNGAN - 1.02.0.00.0.00.02.0001,969289,35761991,2022,E-Katalog 5.0,BLUD,PT AstraZeneca Indonesia,E-Purchasing,Pengadaan Barang,Ticagrelor/ Tikagrelor tablet/kapsul/kaplet 90 mg,MELAKUKAN PENGIRIMAN DAN PENERIMAAN,4706240,0
KAB. MANDAILING NATAL,RUMAH SAKIT UMUM DAERAH PANYABUNGAN - 1.02.0.00.0.00.02.0001,840579,35761991,2022,E-Katalog 5.0,BLUD,P.T. Dexa Medica,E-Purchasing,Pengadaan Barang,Sodium Valproate/ Valproat/ Valproic acid sirup 250 mg/5 ml,MELAKUKAN PENGIRIMAN DAN PENERIMAAN,3636900,3636900
KAB. MANDAILING NATAL,DINAS PEKERJAAN UMUM DAN PENATAAN RUANG - ,2545373,34686141,2022,Non Tender,APBD,CV. CAHAYA MUTIARA,Pengadaan Langsung,Pekerjaan Konstruksi,Rehabilitasi Jaringan Irigasi Kelurahan Pidoli Dolok Kecamatan Panyabungan,SELESAI,97970000,97970000
KAB. MANDAILING NATAL,RUMAH SAKIT UMUM DAERAH PANYABUNGAN - 1.02.0.00.0.00.02.0001,1386568,35761991,2022,E-Katalog 5.0,BLUD,PT Widatra Bhakti,E-Purchasing,Pengadaan Barang,Glukosa larutan infus 10% 500 mL,MELAKUKAN PENGIRIMAN DAN PENERIMAAN,1440000,1440000
KAB. MANDAILING NATAL,DINAS PERUMAHAN DAN KAWASAN PERMUKIMAN - 1.04.0.00.0.00.04.0000,2463373,35538535,2022,Non Tender,APBD,cv. riski nauli,Pengadaan Langsung,Pekerjaan Konstruksi,Pembangunan Jalan Lingkungan di Desa Tarutung Panjang Kec. Naga Juang,SELESAI,134380000,134380000
KAB. MANDAILING NATAL,RUMAH SAKIT UMUM DAERAH PANYABUNGAN - 1.02.0.00.0.00.02.0001,1385036,35761991,2022,E-Katalog 5.0,BLUD,P.T. Dexa Medica,E-Purchasing,Pengadaan Barang,Spironolactone/ Spironolakton tablet/kapsul/kaplet 25 mg,MELAKUKAN PENGIRIMAN DAN PENERIMAAN,6000000,6000000
KAB. MANDAILING NATAL,RUMAH SAKIT UMUM DAERAH PANYABUNGAN - 1.02.0.00.0.00.02.0001,724752,35761991,2022,E-Katalog 5.0,BLUD,PT. Kimia Farma Tbk,E-Purchasing,Pengadaan Barang,Pethidine hydrochloride/ Petidin inj 50 mg/mL (i.m./i.v.) ,MELAKUKAN PENGIRIMAN DAN PENERIMAAN,3990000,0
KAB. MANDAILING NATAL,DINAS PERUMAHAN DAN KAWASAN PERMUKIMAN - 1.04.0.00.0.00.04.0000,2619373,35538364,2022,Tender,APBD,GECONS,Seleksi,Jasa Konsultansi Badan Usaha Non Konstruksi,Penetapan Kawasan Kumuh di Kabupaten Mandailing Natal,SELESAI,289432500,289432500
KAB. MANDAILING NATAL,BAGIAN PENGADAAN BARANG DAN JASA SETDAKAB MANDAILING NATAL - 4.01.5.06.0.00.26.0005,1825370,36366302,2022,E-Katalog 5.0,APBD,CV. KREASI KENANGA,E-Purchasing,Pengadaan Barang,Lem Kertas,PROSES KONTRAK PPK,44100,44100
KAB. MANDAILING NATAL,RUMAH SAKIT UMUM DAERAH PANYABUNGAN - 1.02.0.00.0.00.02.0001,1118062,35761991,2022,E-Katalog 5.0,BLUD,PT. Kimia Farma Tbk,E-Purchasing,Pengadaan Barang,Rifampicin/ Rifampisin tablet/kapsul/kaplet 450 mg,MELAKUKAN PENGIRIMAN DAN PENERIMAAN,4670000,4670000
KAB. MANDAILING NATAL,BAGIAN PENGADAAN BARANG DAN JASA SETDAKAB MANDAILING NATAL - 4.01.5.06.0.00.26.0005,1572256,36366301,2022,E-Katalog 5.0,APBD,CV. KREASI KENANGA,E-Purchasing,Pengadaan Barang,Map Plastik Bisnis,PROSES KONTRAK PPK,113212,113212
KAB. MANDAILING NATAL,RUMAH SAKIT UMUM DAERAH PANYABUNGAN - 1.02.0.00.0.00.02.0001,1428598,35761991,2022,E-Katalog 5.0,BLUD,PT.TOP POINT MEDICAL,E-Purchasing,Pengadaan Barang,DISPOSABLE SYRINGE WITH NEEDLE 3 ML,MELAKUKAN PENGIRIMAN DAN PENERIMAAN,18832000,18832000
KAB. MANDAILING NATAL,DINAS PENDIDIKAN - ,2813373,35573744,2022,Non Tender,APBD,CV. BERKAH QYMERA,Pengadaan Langsung,Pekerjaan Konstruksi,Pembangunan Ruang Kelas Baru - SD Negeri 240 Bandar Panjang,SELESAI,194198000,194198000
KAB. MANDAILING NATAL,DINAS KESEHATAN - ,704685,34281364,2022,E-Katalog 5.0,APBD,PT Jayamas Medica Industri,E-Purchasing,Pengadaan Barang,Blood Lancets 26G,MELAKUKAN PENGIRIMAN DAN PENERIMAAN,19704000,0
KAB. MANDAILING NATAL,DINAS KESEHATAN - ,892013,34280218,2022,E-Katalog 5.0,APBD,CV.NURITEKNIK,E-Purchasing,Pengadaan Barang,Hospital Bed NT 001-D2 (Prima Manual 2 Plus B5),PROSES KONTRAK PPK,141192000,141192000
KAB. MANDAILING NATAL,DINAS PENDIDIKAN - ,2598373,35598012,2022,Tender,APBD,CV.FALAH,Tender,Pekerjaan Konstruksi,Pembangunan Ruang Laboratorium Komputer Beserta Perabotnya - SMP Negeri 1 Batahan,SELESAI,509781312,509781312
KAB. MANDAILING NATAL,DINAS PERUMAHAN DAN KAWASAN PERMUKIMAN - 1.04.0.00.0.00.04.0000,2489373,35538418,2022,Non Tender,APBD,CV. ZAQKIH ALAWI,Pengadaan Langsung,Pekerjaan Konstruksi,Pembangunan Jalan Lingkungan di Aek Galoga Desa Pidoli Lombang Kec. Panyabungan,SELESAI,134800000,134800000
KAB. MANDAILING NATAL,DINAS PENDIDIKAN - ,2614373,35573676,2022,Tender,APBD,NARAMON FAJRI,Tender,Pekerjaan Konstruksi,Pembangunan Ruang Guru Beserta Perabotnya (DAK) - SD Negeri 369 Bintuas,SELESAI,217944774,217944774
KAB. MANDAILING NATAL,DINAS PEKERJAAN UMUM DAN PENATAAN RUANG - ,2631373,35900959,2022,Tender,APBD,CV. RURY ARISKA,Tender,Pekerjaan Konstruksi,Peningkatan Jalan Simpang Soposorik - Tomuan (Di Desa Soposorik Kec. Panyabungan Utara Kab. Mandailing Natal),SELESAI,1175454000,1175454000
KAB. MANDAILING NATAL,DINAS PERTANIAN - 3.27.0.00.0.00.24.0000,2748373,36359820,2022,Non Tender,APBD,CV. RAYA SEI RAYA,Pengadaan Langsung,Pekerjaan Konstruksi,Pembangunan Irigasi Tersier Saba Solok Jae Desa Suka Makmur Kec. Muara batang Gadis Kab. Mandailing Natal (BKP),SELESAI,198900000,198900000
KAB. MANDAILING NATAL,DINAS KESEHATAN - ,938467,34281364,2022,E-Katalog 5.0,APBD,PT. Likuid Pharmalab Indonesia,E-Purchasing,Pengadaan Barang,Chlorhexidine 0.5% 500 ml,MELAKUKAN PENGIRIMAN DAN PENERIMAAN,56900440,56900440
KAB. MANDAILING NATAL,DINAS PERHUBUNGAN - 2.15.0.00.0.00.16.0000,2653373,35841888,2022,Tender,APBD,KJPP MBPRU DAN REKAN,Seleksi,Jasa Konsultansi Badan Usaha Non Konstruksi,Belanja Jasa Penilai Publik (KJPP),SELESAI,228232650,228232650
KAB. MANDAILING NATAL,DINAS PENDIDIKAN DAN KEUBUDAYAAN - 1.01.2.22.0.00.00.0000,919927,36087607,2022,E-Katalog 5.0,APBD,PT Sentra Kriya Edukasi,E-Purchasing,Pengadaan Barang,Peralatan Laboratorium IPA Fisika SMP,PROSES KONTRAK PPK,286000000,286000000
KAB. MANDAILING NATAL,RUMAH SAKIT UMUM DAERAH PANYABUNGAN - 1.02.0.00.0.00.02.0001,840402,35761991,2022,E-Katalog 5.0,BLUD,PT Widatra Bhakti,E-Purchasing,Pengadaan Barang,"Ringer Laktat/ Ringer Lactate, @500 mL",MELAKUKAN PENGIRIMAN DAN PENERIMAAN,38515000,38515000
KAB. MANDAILING NATAL,DINAS PERUMAHAN DAN KAWASAN PERMUKIMAN - 1.04.0.00.0.00.04.0000,2477373,35538531,2022,Non Tender,APBD,CV. HABIBI PRATAMA,Pengadaan Langsung,Pekerjaan Konstruksi,Pembangunan Jalan Lingkungan di Depan Mesjid AL-ABROR Muara Soma Kec. Batang Natal,SELESAI,146800000,146800000
KAB. MANDAILING NATAL,DINAS PERTANIAN - 3.27.0.00.0.00.24.0000,2686373,35247985,2022,Non Tender,APBD,CV. R.A.S,Pengadaan Langsung,Pekerjaan Konstruksi,Pembangunan / Rehabilitasi Jaringan irigasi Desa Pagaran Tonga Kec. Panyabungan,SELESAI,59529000,59529000
KAB. MANDAILING NATAL,RUMAH SAKIT UMUM DAERAH PANYABUNGAN - 1.02.0.00.0.00.02.0001,708624,35761991,2022,E-Katalog 5.0,BLUD,PT. Mersifarma Tirmaku Mercusana,E-Purchasing,Pengadaan Barang,Haloperidol tablet/kapsul/kaplet 5 mg,MELAKUKAN PENGIRIMAN DAN PENERIMAAN,108000,108000
KAB. MANDAILING NATAL,RUMAH SAKIT UMUM DAERAH PANYABUNGAN - 1.02.0.00.0.00.02.0001,1480839,35761991,2022,E-Katalog 5.0,BLUD,PT. Hexpharm Jaya Laboratories,E-Purchasing,Pengadaan Barang,Asam traneksamat/Tranexamic acid injeksi 100 mg/ml,MELAKUKAN PENGIRIMAN DAN PENERIMAAN,3760000,3760000
KAB. MANDAILING NATAL,DINAS PEKERJAAN UMUM DAN PENATAAN RUANG - ,2917373,36033984,2022,Non Tender,APBD,PT. WINARA JAYA KONSULTAN,Pengadaan Langsung,Jasa Konsultansi Badan Usaha Konstruksi,Penyusunan Detail Engineering Design (DED) Wisata Aek Milas,SELESAI,49839000,49839000
KAB. MANDAILING NATAL,DINAS KESEHATAN - ,672299,34281017,2022,E-Katalog 5.0,APBD,PT. Kimia Farma Tbk,E-Purchasing,Pengadaan Barang,"Hidrokortison/ Hydrocortisone/ Hydrocortisone acetate krim 2,5 %",MELAKUKAN PENGIRIMAN DAN PENERIMAAN,116287200,116287200
KAB. MANDAILING NATAL,RUMAH SAKIT UMUM DAERAH PANYABUNGAN - 1.02.0.00.0.00.02.0001,2267985,35761991,2022,E-Katalog 5.0,BLUD,PT Ethica Industri Farmasi,E-Purchasing,Pengadaan Barang,"Atropin inj 0,25 mg/mL (i.v./s.k.) (G)",PROSES KONTRAK PPK,343600,343600
KAB. MANDAILING NATAL,BAGIAN PENGADAAN BARANG DAN JASA SETDAKAB MANDAILING NATAL - 4.01.5.06.0.00.26.0005,1825370,36366302,2022,E-Katalog 5.0,APBD,CV. KREASI KENANGA,E-Purchasing,Pengadaan Barang,Buku Agenda Surat Masuk Keluar,PROSES KONTRAK PPK,157500,157500
KAB. MANDAILING NATAL,DINAS PENDIDIKAN - ,2635373,35572945,2022,Non Tender,APBD,CV. NEOSOFT ART,Pengadaan Langsung,Pekerjaan Konstruksi,Pembangunan Gedung Bermain Beserta APE Luar Ruangan (DAK) - TK Satu Atap SDN 098 Pidoli Kecamatan Panyabungan Kota Desa Pidoli,SELESAI,149900000,149900000
KAB. MANDAILING NATAL,DINAS PEKERJAAN UMUM DAN PENATAAN RUANG - ,3037373,37048268,2022,Non Tender,APBDP,CV. RAYA SEI RAYA,Pengadaan Langsung,Pekerjaan Konstruksi,Rehabilitasi Tanggul Sungai Pasar Muara Sipongi Kecamatan Muarasipongi,SELESAI,147800000,147800000
KAB. MANDAILING NATAL,DINAS LINGKUNGAN HIDUP - 2.11.0.00.0.00.12.0000,2782373,35760335,2022,Non Tender,APBD,cv.ilhamjayamandiri,Pengadaan Langsung,Pekerjaan Konstruksi,Pemeliharaan Pulau Jalan Mandailing Natal,SELESAI,159665000,159665000
KAB. MANDAILING NATAL,RUMAH SAKIT UMUM DAERAH PANYABUNGAN - 1.02.0.00.0.00.02.0001,1385036,35761991,2022,E-Katalog 5.0,BLUD,P.T. Dexa Medica,E-Purchasing,Pengadaan Barang,Nicardipine hydrochloride (HCl)/ Nicardipine/ Nikardipin inj 1 mg/mL,MELAKUKAN PENGIRIMAN DAN PENERIMAAN,787200,787200
KAB. MANDAILING NATAL,SEKRETARIAT DPRD KABUPATEN - 4.02.0.00.0.00.27.0000,2935373,35792884,2022,Non Tender,APBD,KENANGA MULTI TRADE,Pengadaan Langsung,Pengadaan Barang,Belanja Modal Alat Pendingin,SELESAI,119630000,119630000
KAB. MANDAILING NATAL,RUMAH SAKIT UMUM DAERAH PANYABUNGAN - 1.02.0.00.0.00.02.0001,2133913,35761991,2022,E-Katalog 5.0,BLUD,P.T. Dexa Medica,E-Purchasing,Pengadaan Barang,Ondansetron hydrochloride (HCl)/ Ondansetron HCl dihydrate /Ondansetron inj 2 mg/mL,MELAKUKAN PENGIRIMAN DAN PENERIMAAN,17460000,17460000
KAB. MANDAILING NATAL,DINAS KESEHATAN - ,1254049,36359807,2022,E-Katalog 5.0,APBD,PT SUZUKI INDOMOBIL SALES,E-Purchasing,Pengadaan Barang,APV SGX LUXURY R17 M/T AMBULANCE PUSLING MEDIUM,MELAKUKAN PENGIRIMAN DAN PENERIMAAN,347000000,347000000
KAB. MANDAILING NATAL,RUMAH SAKIT UMUM DAERAH PANYABUNGAN - 1.02.0.00.0.00.02.0001,707948,35761991,2022,E-Katalog 5.0,BLUD,P.T. Dexa Medica,E-Purchasing,Pengadaan Barang,Diltiazem/ Diltiazem HCl tablet/kapsul/kaplet 30 mg,MELAKUKAN PENGIRIMAN DAN PENERIMAAN,270000,270000
KAB. MANDAILING NATAL,DINAS KESEHATAN - ,671290,34281017,2022,E-Katalog 5.0,APBD,PT. ETERCON PHARMA,E-Purchasing,Pengadaan Barang,Permethrin/ Permetrin Krim 5% (G) (2),MELAKUKAN PENGIRIMAN DAN PENERIMAAN,5733000,5733000
KAB. MANDAILING NATAL,RUMAH SAKIT UMUM DAERAH PANYABUNGAN - 1.02.0.00.0.00.02.0001,1385036,35761991,2022,E-Katalog 5.0,BLUD,P.T. Dexa Medica,E-Purchasing,Pengadaan Barang,Atorvastatin/ Atorvastatin Calcium Trihydrate tablet salut selaputl/kaplet salut selaput 20 mg,MELAKUKAN PENGIRIMAN DAN PENERIMAAN,2802000,2802000
KAB. MANDAILING NATAL,BAGIAN PENGADAAN BARANG DAN JASA SETDAKAB MANDAILING NATAL - 4.01.5.06.0.00.26.0005,1271417,36366297,2022,E-Katalog 5.0,APBD,CV. KREASI KENANGA,E-Purchasing,Pengadaan Barang,Map Folio Biasa,PROSES KONTRAK PPK,86625,86625
KAB. MANDAILING NATAL,DINAS PENDIDIKAN - ,2599373,35597964,2022,Tender,APBD,CV. BANGKIT JAYA,Tender,Pekerjaan Konstruksi,Pembangunan Ruang Laboratorium IPA Beserta Perabotnya (DAK) - SMP Negeri 4 Linggabayu,SELESAI,453465757,453465757
KAB. MANDAILING NATAL,DINAS PERTANIAN - 3.27.0.00.0.00.24.0000,2753373,36359814,2022,Non Tender,APBD,CV. RAYA SEI RAYA,Pengadaan Langsung,Pekerjaan Konstruksi,Pembangunan Irigasi Tersier Saba Kopi Desa Pidoli Dolok Kec. Panyabungan Kab. Mandailing Natal (BKP),SELESAI,198750000,198750000
KAB. MANDAILING NATAL,DINAS PENDIDIKAN - ,2804373,35573925,2022,Non Tender,APBD,CV. NABILA,Pengadaan Langsung,Pekerjaan Konstruksi,Pembangunan Ruang Kelas Baru - SD Negeri 384 Sikapas,SELESAI,194298000,194298000
KAB. MANDAILING NATAL,RUMAH SAKIT UMUM DAERAH PANYABUNGAN - 1.02.0.00.0.00.02.0001,889380,35761991,2022,E-Katalog 5.0,BLUD,PT Sinaraya Nugraha Ahmadaris Medika,E-Purchasing,Pengadaan Barang,POLIWASH Larutan Antiseptik 500 ml,MELAKUKAN PENGIRIMAN DAN PENERIMAAN,12965500,12965500
KAB. MANDAILING NATAL,DINAS PEKERJAAN UMUM DAN PENATAAN RUANG - ,3078373,37401823,2022,Non Tender,APBDP,CV. RENDER CONSULTANT,Pengadaan Langsung,Jasa Konsultansi Badan Usaha Konstruksi,Penyusunan Detai Engineering Design (DED) Rehab Aula Kantor Bupati Mandailing Natal,SELESAI,99844500,99844500
KAB. MANDAILING NATAL,DINAS PEKERJAAN UMUM DAN PENATAAN RUANG - ,2833373,34697763,2022,Non Tender,APBD,CV. PUTRA PRATAMA,Pengadaan Langsung,Pekerjaan Konstruksi,Pembangunan MCK di Desa Muara Pungkut Kec. Kotanopan,SELESAI,197000000,197000000
KAB. MANDAILING NATAL,DINAS PEKERJAAN UMUM DAN PENATAAN RUANG - ,2948373,37401432,2022,Non Tender,APBDP,CV. TORKIS LUBIS GROUP,Pengadaan Langsung,Pekerjaan Konstruksi,Rehabilitasi Mess Medan,SELESAI,198850000,198850000
KAB. MANDAILING NATAL,DINAS PENDIDIKAN - ,2582373,35597986,2022,Tender,APBD,CV. KENZO MAHAGANI,Tender,Pekerjaan Konstruksi,Pembangunan Ruang UKS Beserta Perabotnya (DAK) - SMP Negeri 7 Natal Satu Atap,SELESAI,239499843,239499843
KAB. MANDAILING NATAL,DINAS PENDIDIKAN - ,2601373,35598002,2022,Tender,APBD,CV. WIRA BUANA,Tender,Pekerjaan Konstruksi,Pembangunan Ruang Laboratorium IPA Beserta Perabotnya (DAK) - SMP Negeri 7 Natal Satu Atap,SELESAI,508834559,508834559
KAB. MANDAILING NATAL,RUMAH SAKIT UMUM DAERAH PANYABUNGAN - 1.02.0.00.0.00.02.0001,968272,35761991,2022,E-Katalog 5.0,BLUD,P.T. Dexa Medica,E-Purchasing,Pengadaan Barang,Kandesartan/ Candesartan/ Candesartan Cilexetil tablet/kapsul/kaplet 16 mg,MELAKUKAN PENGIRIMAN DAN PENERIMAAN,1914000,1914000
KAB. MANDAILING NATAL,RUMAH SAKIT UMUM DAERAH PANYABUNGAN - 1.02.0.00.0.00.02.0001,731459,35761991,2022,E-Katalog 5.0,BLUD,PT Bayer Indonesia,E-Purchasing,Pengadaan Barang,"Analog insulin rapid acting inj 100 IU/mL (cartridge disposible, penfill cartridge)",PROSES KONTRAK PPK,4475000,0
KAB. MANDAILING NATAL,DINAS PERUMAHAN DAN KAWASAN PERMUKIMAN - 1.04.0.00.0.00.04.0000,2620373,35538360,2022,Tender,APBD,cv.citra pramatra,Seleksi,Jasa Konsultansi Badan Usaha Non Konstruksi,Penyusunan Rencana Pencegahan dan Peningkatan Kualitas Permukiman Kumuh Perkotaan (RP2KPKP) di Kabupaten Mandailing Natal,SELESAI,390609000,390609000
KAB. MANDAILING NATAL,RUMAH SAKIT UMUM DAERAH PANYABUNGAN - 1.02.0.00.0.00.02.0001,1395847,35761991,2022,E-Katalog 5.0,BLUD,PT Jayamas Medica Industri,E-Purchasing,Pengadaan Barang,Nebulizer Mask Set Dewasa,MELAKUKAN PENGIRIMAN DAN PENERIMAAN,6425100,6425100
KAB. MANDAILING NATAL,DINAS PEKERJAAN UMUM DAN PENATAAN RUANG - ,2759373,34592428;36472695,2022,Non Tender,APBD,KENANGA MULTI TRADE,Pengadaan Langsung,Pengadaan Barang,Belanja Modal Komputer,SELESAI,96481200,0
KAB. MANDAILING NATAL,RUMAH SAKIT UMUM DAERAH PANYABUNGAN - 1.02.0.00.0.00.02.0001,1295117,35761991,2022,E-Katalog 5.0,BLUD,PT. Merck Tbk,E-Purchasing,Pengadaan Barang,"Oxymetazoline/ Oksimetazolin tetes hidung 0,05%",MELAKUKAN PENGIRIMAN DAN PENERIMAAN,388190,388190
KAB. MANDAILING NATAL,DINAS KESEHATAN - ,704240,34281017,2022,E-Katalog 5.0,APBD,NOVAPHARIN,E-Purchasing,Pengadaan Barang,Ibuprofen suspensi 200 mg/ 5ml	,MELAKUKAN PENGIRIMAN DAN PENERIMAAN,164800000,164800000
KAB. MANDAILING NATAL,RUMAH SAKIT UMUM DAERAH PANYABUNGAN - 1.02.0.00.0.00.02.0001,707948,35761991,2022,E-Katalog 5.0,BLUD,P.T. Dexa Medica,E-Purchasing,Pengadaan Barang,Rocuronium bromide/ Rokuronium inj 10 mg/ml (i.v.),MELAKUKAN PENGIRIMAN DAN PENERIMAAN,2799800,2799800
KAB. MANDAILING NATAL,DINAS PEKERJAAN UMUM DAN PENATAAN RUANG - ,2784373,34719985,2022,Non Tender,APBD,CV. TRIGAMA JAYA KONSTRUKSI,Pengadaan Langsung,Pekerjaan Konstruksi,Penambahan Ruang Kantor Camat Ulu Pungkut,SELESAI,198500000,198500000
KAB. MANDAILING NATAL,DINAS PENDIDIKAN - ,3087373,37842369,2022,Non Tender,APBDP,CV. PUTRA BARINGIN GROUP,Pengadaan Langsung,Pengadaan Barang,Pengadaan Mebel Paud Kecamatan Siabu,SELESAI,94794000,0
KAB. MANDAILING NATAL,RUMAH SAKIT UMUM DAERAH PANYABUNGAN - 1.02.0.00.0.00.02.0001,1057697,35761991,2022,E-Katalog 5.0,BLUD,PT. NOVELL PHARMACEUTICAL LABORATORIES,E-Purchasing,Pengadaan Barang,Sevoflurane/ Sevofluran ih,MELAKUKAN PENGIRIMAN DAN PENERIMAAN,899000,899000
KAB. MANDAILING NATAL,DINAS PEKERJAAN UMUM DAN PENATAAN RUANG - ,2553373,34686213,2022,Non Tender,APBD,CV. ASTRY TRY PUTRA,Pengadaan Langsung,Pekerjaan Konstruksi,Rehabilitasi Jaringan Irigasi Desa Tolang Kecamatan Ulu Pungkut,SELESAI,147487000,147487000
KAB. MANDAILING NATAL,DINAS KESEHATAN - ,907440,34279202,2022,E-Katalog 5.0,APBD,PT. ENDO Indonesia,E-Purchasing,Pengadaan Barang,Suction Pump EI.SC2,MELAKUKAN PENGIRIMAN DAN PENERIMAAN,49368900,49368900
KAB. MANDAILING NATAL,DINAS PEKERJAAN UMUM DAN PENATAAN RUANG - ,2999373,37048118,2022,Non Tender,APBDP,CV. ASTRY TRY PUTRA,Pengadaan Langsung,Pekerjaan Konstruksi,Rehabilitasi Tanggul Sungai Bondar Saba Sialang Julu Desa Lumban Dolok Kecamatan Siabu,SELESAI,147800000,147800000
KAB. MANDAILING NATAL,DINAS PEKERJAAN UMUM DAN PENATAAN RUANG - ,2763373,36488542,2022,Non Tender,APBD,CV. ASTRY TRY PUTRA,Pengadaan Langsung,Pekerjaan Konstruksi,Peningkatan SPAM Jaringan Perpipaan Air Minum Perdesaan Desa Sibanggor Julu,SELESAI,59000000,59000000
KAB. MANDAILING NATAL,RUMAH SAKIT UMUM DAERAH PANYABUNGAN - 1.02.0.00.0.00.02.0001,707948,35761991,2022,E-Katalog 5.0,BLUD,P.T. Dexa Medica,E-Purchasing,Pengadaan Barang,Propylthiouracil/ Propiltiourasil tablet/kapsul/kaplet 100 mg,MELAKUKAN PENGIRIMAN DAN PENERIMAAN,810000,810000
KAB. MANDAILING NATAL,RUMAH SAKIT UMUM DAERAH PANYABUNGAN - 1.02.0.00.0.00.02.0001,2372571,35761991,2022,E-Katalog 5.0,BLUD,PT. EMJEBE PHARMA,E-Purchasing,Pengadaan Barang,"Ringer Laktat/ Ringer Lactate, @500 mL ",PROSES KONTRAK PPK,38515000,38515000
KAB. MANDAILING NATAL,RUMAH SAKIT UMUM DAERAH PANYABUNGAN - 1.02.0.00.0.00.02.0001,1118062,35761991,2022,E-Katalog 5.0,BLUD,PT. Kimia Farma Tbk,E-Purchasing,Pengadaan Barang,Morfin Injeksi 10 mg/ml (i.m/s.k/ i.v) (G),MELAKUKAN PENGIRIMAN DAN PENERIMAAN,2990000,0
KAB. MANDAILING NATAL,DINAS PENGENDALIAN PENDUDUK DAN KELUARGA BERENCANA - 2.14.0.00.0.00.15.0000,2562373,34544457,2022,Non Tender,APBD,CV. PUTRA PRATAMA,Pengadaan Langsung,Pekerjaan Konstruksi,Rehabilitasi Gedung Kantor,SELESAI,149780000,149780000
KAB. MANDAILING NATAL,DINAS KESEHATAN - ,672299,34281017,2022,E-Katalog 5.0,APBD,PT. Kimia Farma Tbk,E-Purchasing,Pengadaan Barang,Eugenol cairan,MELAKUKAN PENGIRIMAN DAN PENERIMAAN,1007500,1007500
KAB. MANDAILING NATAL,DINAS KESEHATAN - ,965207,34281364,2022,E-Katalog 5.0,APBD,PT. Safelock Medical,E-Purchasing,Pengadaan Barang,IV Catheter Non Injection Port 24 G,MELAKUKAN PENGIRIMAN DAN PENERIMAAN,9846787,9846787
KAB. MANDAILING NATAL,DINAS KEPENDUDUKAN DAN PENCATATAN SIPIL - 2.12.0.00.0.00.13.0000,1295482,35591702,2022,E-Katalog 5.0,APBD,Mitra Tech Sejahtera,E-Purchasing,Pengadaan Barang,Cleaning Kit CK-P0308,PROSES KONTRAK PPK,8253000,0
KAB. MANDAILING NATAL,DINAS PERTANIAN - 3.27.0.00.0.00.24.0000,2675373,35250505,2022,Non Tender,APBD,CV. NABILA,Pengadaan Langsung,Pekerjaan Konstruksi,Pembangunan / Rehabilitasi Jalan Usaha Tani Desa Mompang Julu Kec. Panyabungan Utara,SELESAI,64151000,64151000
KAB. MANDAILING NATAL,DINAS KESEHATAN - ,696548,34281017,2022,E-Katalog 5.0,APBD,PT.Imfarmind Farmasi Industri,E-Purchasing,Pengadaan Barang,Pyridoxine/ Piridoksin (Vitamin B6) tablet/kapsul/kaplet 10 mg,MELAKUKAN PENGIRIMAN DAN PENERIMAAN,355000,355000
KAB. MANDAILING NATAL,RUMAH SAKIT UMUM DAERAH PANYABUNGAN - 1.02.0.00.0.00.02.0001,717620,35761991,2022,E-Katalog 5.0,BLUD,PT Jayamas Medica Industri,E-Purchasing,Pengadaan Barang,Urocare Balloon Catheter 2 Way FR 14,MELAKUKAN PENGIRIMAN DAN PENERIMAAN,96800,0
KAB. MANDAILING NATAL,DINAS PERUMAHAN DAN KAWASAN PERMUKIMAN - 1.04.0.00.0.00.04.0000,2464373,35538551,2022,Non Tender,APBD,cv. bugis nauli,Pengadaan Langsung,Pekerjaan Konstruksi,Pembangunan Jalan Lingkungan di Desa Sirambas Kec. Panyabungan Barat,SELESAI,141800000,141800000
KAB. MANDAILING NATAL,DINAS PERHUBUNGAN - 2.15.0.00.0.00.16.0000,900583,36011462,2022,E-Katalog 5.0,APBD,PT. MAYINDO,E-Purchasing,Pengadaan Barang,ALAT UJI SIDE SLIP TESTER-KSST1550D,MELAKUKAN PENGIRIMAN DAN PENERIMAAN,169608000,0
KAB. MANDAILING NATAL,DINAS PEKERJAAN UMUM DAN PENATAAN RUANG - ,3132373,38222726,2022,Non Tender,APBDP,CV. CHAYA MURNI,Pengadaan Langsung,Pengadaan Barang,Belanja Modal Peralatan dan Mesin,SELESAI,62659000,0
KAB. MANDAILING NATAL,RUMAH SAKIT UMUM DAERAH PANYABUNGAN - 1.02.0.00.0.00.02.0001,1119918,35761991,2022,E-Katalog 5.0,BLUD,PT.TOP POINT MEDICAL,E-Purchasing,Pengadaan Barang,DISPOSABLE SYRINGE WITH NEEDLE  5 ML,MELAKUKAN PENGIRIMAN DAN PENERIMAAN,10450000,10450000
KAB. MANDAILING NATAL,DINAS PEKERJAAN UMUM DAN PENATAAN RUANG - ,2947373,37402808,2022,Non Tender,APBDP,CV. SINGOLOT MANIKAM PERSADA,Pengadaan Langsung,Pekerjaan Konstruksi,Pembangunan Pagar Kantor Camat Huta Bargot,SELESAI,99300000,99300000
KAB. MANDAILING NATAL,RUMAH SAKIT UMUM DAERAH PANYABUNGAN - 1.02.0.00.0.00.02.0001,708576,35761991,2022,E-Katalog 5.0,BLUD,PT. Hexpharm Jaya Laboratories,E-Purchasing,Pengadaan Barang,Ketokonazol/ Ketoconazole tablet/kapsul/kaplet 200 mg,MELAKUKAN PENGIRIMAN DAN PENERIMAAN,260000,260000
KAB. MANDAILING NATAL,DINAS PENDIDIKAN - ,2603373,35597955,2022,Tender,APBD,CV. MUTIARA MUTIARA ABADI,Tender,Pekerjaan Konstruksi,Pembangunan Ruang Laboratorium IPA Beserta Perabotnya (DAK) - SMP Negeri 2 Sinunukan,SELESAI,513233678,513233678
KAB. MANDAILING NATAL,DINAS PERUMAHAN DAN KAWASAN PERMUKIMAN - 1.04.0.00.0.00.04.0000,2557373,35538529,2022,Non Tender,APBD,CV. PUTRA BARINGIN GROUP,Pengadaan Langsung,Pekerjaan Konstruksi,Pembangunan Jalan Lingkungan di Desa Tanjung Banjar Lombang Kec. Panyabungan Timur,SELESAI,134820000,134820000
KAB. MANDAILING NATAL,RUMAH SAKIT UMUM DAERAH PANYABUNGAN - 1.02.0.00.0.00.02.0001,968272,35761991,2022,E-Katalog 5.0,BLUD,P.T. Dexa Medica,E-Purchasing,Pengadaan Barang,"Bisoprolol/Bisoprolol Fumarate tablet/kapsul/kaplet 2,5 mg",MELAKUKAN PENGIRIMAN DAN PENERIMAAN,1290000,1290000
KAB. MANDAILING NATAL,RUMAH SAKIT UMUM DAERAH PANYABUNGAN - 1.02.0.00.0.00.02.0001,1098385,35761991,2022,E-Katalog 5.0,BLUD,P.T. Dexa Medica,E-Purchasing,Pengadaan Barang,Dobutamin/ Dobutamin HCl/ Dobutamine HCl injeksi 50 mg/mL,MELAKUKAN PENGIRIMAN DAN PENERIMAAN,424850,424850
KAB. MANDAILING NATAL,RUMAH SAKIT UMUM DAERAH PANYABUNGAN - 1.02.0.00.0.00.02.0001,1874526,35761991,2022,E-Katalog 5.0,BLUD,PT . Organon Pharma Indonesia Tbk,E-Purchasing,Pengadaan Barang,Sitagliptin tab sal selaput 100 mg,MELAKUKAN PENGIRIMAN DAN PENERIMAAN,980000,980000
KAB. MANDAILING NATAL,BAGIAN PENGADAAN BARANG DAN JASA SETDAKAB MANDAILING NATAL - 4.01.5.06.0.00.26.0005,1572256,36366301,2022,E-Katalog 5.0,APBD,CV. KREASI KENANGA,E-Purchasing,Pengadaan Barang,Map Snelhekter Plastik,PROSES KONTRAK PPK,147000,147000
KAB. MANDAILING NATAL,DINAS PEKERJAAN UMUM DAN PENATAAN RUANG - ,2868373,37006442,2022,Non Tender,APBDP,CV. EMESI NATAMA CONSULTANT,Pengadaan Langsung,Jasa Konsultansi Badan Usaha Non Konstruksi,Penyusunan Dokumen Perencanaan Jalan Wil. I,SELESAI,99222900,99222900
KAB. MANDAILING NATAL,DINAS KESEHATAN - ,2617373,36185217,2022,Non Tender,APBD,PT. Parit Padang Global Cabang Medan,Pengadaan Langsung,Pengadaan Barang,Belanja Obat-Obatan-Obat,SELESAI,88600000,0
KAB. MANDAILING NATAL,RUMAH SAKIT UMUM DAERAH PANYABUNGAN - 1.02.0.00.0.00.02.0001,1385036,35761991,2022,E-Katalog 5.0,BLUD,P.T. Dexa Medica,E-Purchasing,Pengadaan Barang,Clozapine/ Klozapin tablet/kapsul/kaplet 25 mg,MELAKUKAN PENGIRIMAN DAN PENERIMAAN,2365000,2365000
KAB. MANDAILING NATAL,BADAN PENGELOLAAN KEUANGAN PENDAPATAN DAN ASET DAERAH - 5.02.0.00.0.00.29.0000,2294936,34109365,2022,E-Katalog 5.0,APBDP,PT. ASTRA INTERNATIONAL TBK-TSO,E-Purchasing,Pengadaan Barang,Kijang Innova Zenix 2.0 V CVT  (Non Premium Color),PROSES KONTRAK PPK,460400000,460400000
KAB. MANDAILING NATAL,RUMAH SAKIT UMUM DAERAH PANYABUNGAN - 1.02.0.00.0.00.02.0001,800292,35761991,2022,E-Katalog 5.0,BLUD,PT. Hexpharm Jaya Laboratories,E-Purchasing,Pengadaan Barang,Cefixime trihydrate/ Cefixime/ Sefiksim tablet/kapsul/kaplet 100 mg,MELAKUKAN PENGIRIMAN DAN PENERIMAAN,4230000,4230000
KAB. MANDAILING NATAL,RUMAH SAKIT UMUM DAERAH PANYABUNGAN - 1.02.0.00.0.00.02.0001,707948,35761991,2022,E-Katalog 5.0,BLUD,P.T. Dexa Medica,E-Purchasing,Pengadaan Barang,Ramipril tablet/kapsul/kaplet 5 mg,MELAKUKAN PENGIRIMAN DAN PENERIMAAN,146000,146000
KAB. MANDAILING NATAL,DINAS PEKERJAAN UMUM DAN PENATAAN RUANG - ,2955373,37401365,2022,Non Tender,APBDP,CV. AUR LAS,Pengadaan Langsung,Pekerjaan Konstruksi,Rehabilitasi Mess Batahan,SELESAI,99000000,99000000
KAB. MANDAILING NATAL,BAGIAN PENGADAAN BARANG DAN JASA SETDAKAB MANDAILING NATAL - 4.01.5.06.0.00.26.0005,1269989,36366275,2022,E-Katalog 5.0,APBD,CV. KREASI KENANGA,E-Purchasing,Pengadaan Barang,Tinta Printer Warna CMY,PROSES KONTRAK PPK,262500,262500
KAB. MANDAILING NATAL,DINAS PENDIDIKAN - ,3089373,37842356,2022,Non Tender,APBDP,cv sinar jaya,Pengadaan Langsung,Pengadaan Barang,Pengadaan Mebel Paud Kecamatan Natal,SELESAI,94949000,0
KAB. MANDAILING NATAL,DINAS PEKERJAAN UMUM DAN PENATAAN RUANG - ,2780373,34657586,2022,Non Tender,APBD,CV. ASTRY TRY PUTRA,Pengadaan Langsung,Pekerjaan Konstruksi,Rehabilitasi Tanggul Sungai Desa Air Apa Kecamatan Sinunukan,SELESAI,97000000,97000000
KAB. MANDAILING NATAL,DINAS PENDIDIKAN - ,3130373,38225955,2022,Non Tender,APBDP,CV. CHAYA MURNI,Pengadaan Langsung,Pengadaan Barang,Belanja Modal Komputer,SELESAI,157142000,0
KAB. MANDAILING NATAL,BAGIAN KESEJAHTERAAN RAKYAT SETDAKAB MANDAILING NATAL - 4.01.5.06.0.00.26.0002,2581373,36191116,2022,Non Tender,APBD,CV. ANUGRAH KARYA ABADI,Pengadaan Langsung,Pengadaan Barang,Belanja Sewa Bus Angkutan Haji,SELESAI,189393000,0
KAB. MANDAILING NATAL,RUMAH SAKIT UMUM DAERAH PANYABUNGAN - 1.02.0.00.0.00.02.0001,1216451,35761991,2022,E-Katalog 5.0,BLUD,PT Sinaraya Nugraha Ahmadaris Medika,E-Purchasing,Pengadaan Barang,"Pembalut Elastis 15 cm x 4,55 m",MELAKUKAN PENGIRIMAN DAN PENERIMAAN,2658000,2658000
KAB. MANDAILING NATAL,DINAS PERUMAHAN DAN KAWASAN PERMUKIMAN - 1.04.0.00.0.00.04.0000,2702373,35538478,2022,Non Tender,APBD,CV. BANGKIT BERSAMA GROUP,Pengadaan Langsung,Pekerjaan Konstruksi,Pembangunan Jalan Lingkungan di Kelurahaan Kayu Jati Banjar Gereja Kec. Panyabungan,SELESAI,134377900,134377900
KAB. MANDAILING NATAL,SEKRETARIAT DPRD KABUPATEN - 4.02.0.00.0.00.27.0000,2929373,35792888,2022,Non Tender,APBD,KENANGA MULTI TRADE,Pengadaan Langsung,Pengadaan Barang,Belanja Printer,SELESAI,141147000,141147000
KAB. MANDAILING NATAL,DINAS KESEHATAN - ,941731,34281364,2022,E-Katalog 5.0,APBD,PT.MEGA PRATAMA MEDICALINDO,E-Purchasing,Pengadaan Barang,Total Cholesterol Test Strip,MELAKUKAN PENGIRIMAN DAN PENERIMAAN,113122000,0
KAB. MANDAILING NATAL,RUMAH SAKIT UMUM DAERAH PANYABUNGAN - 1.02.0.00.0.00.02.0001,1544145,35761991,2022,E-Katalog 5.0,BLUD,PT. Hexpharm Jaya Laboratories,E-Purchasing,Pengadaan Barang,Cefixime trihydrate/ Cefixime/ Sefiksim tablet/kapsul/kaplet 100 mg,MELAKUKAN PENGIRIMAN DAN PENERIMAAN,4230000,4230000
KAB. MANDAILING NATAL,DINAS KESEHATAN - ,670828,34281017,2022,E-Katalog 5.0,APBD,PT. AFIFARMA,E-Purchasing,Pengadaan Barang,"Antasida, kombinasi: alumunium hidroksida 200 mg + magnesium hidroksida 200 mg, susp",MELAKUKAN PENGIRIMAN DAN PENERIMAAN,17250000,17250000
KAB. MANDAILING NATAL,RUMAH SAKIT UMUM DAERAH PANYABUNGAN - 1.02.0.00.0.00.02.0001,1098385,35761991,2022,E-Katalog 5.0,BLUD,P.T. Dexa Medica,E-Purchasing,Pengadaan Barang,Norepinephrine bitartate/ Norepinephrine bitartate monohydrate / Norepinephrine/ Norepinephrine base/ Norepinefrin inj 1 mg/ml,MELAKUKAN PENGIRIMAN DAN PENERIMAAN,629800,629800
KAB. MANDAILING NATAL,DINAS PENDIDIKAN - ,2594373,35598058,2022,Tender,APBD,CV.SYARAT TUJUH TUJUH,Tender,Pekerjaan Konstruksi,Pembangunan Ruang Laboratorium Komputer Beserta Perabotnya - SMP Negeri 4 Batahan Satu Atap,SELESAI,509581238,509581238
KAB. MANDAILING NATAL,BADAN PENGELOLAAN KEUANGAN PENDAPATAN DAN ASET DAERAH - ,101373,36999366,2022,Pencatatan,APBDP,"PT. ADI SARANA ARMADA, TBK",Pengadaan Langsung,Jasa Lainnya,Belanja Sewa Kendaraan Bermotor Penumpang,PAKET SELESAI,175824000,175824000
KAB. MANDAILING NATAL,DINAS KESEHATAN - ,938526,34281364,2022,E-Katalog 5.0,APBD,PT Sinaraya Nugraha Ahmadaris Medika,E-Purchasing,Pengadaan Barang,Kasa SNA Steril 16 cm x 16 cm (16 pcs),MELAKUKAN PENGIRIMAN DAN PENERIMAAN,34382500,34382500
KAB. MANDAILING NATAL,DINAS KESEHATAN - ,671905,34281017,2022,E-Katalog 5.0,APBD,PT. Hexpharm Jaya Laboratories,E-Purchasing,Pengadaan Barang,Omeprazol/Omeprazole tablet/kapsul/kaplet 20 mg,MELAKUKAN PENGIRIMAN DAN PENERIMAAN,25800000,25800000
KAB. MANDAILING NATAL,RUMAH SAKIT UMUM DAERAH PANYABUNGAN - 1.02.0.00.0.00.02.0001,1216451,35761991,2022,E-Katalog 5.0,BLUD,PT Sinaraya Nugraha Ahmadaris Medika,E-Purchasing,Pengadaan Barang,Kasa Hidrofil T 40 yard x 80 cm Plain,MELAKUKAN PENGIRIMAN DAN PENERIMAAN,15802000,15802000
KAB. MANDAILING NATAL,DINAS PEKERJAAN UMUM DAN PENATAAN RUANG - ,2486373,34976892,2022,Tender,APBD,PT. ARTEK UTAMA,Seleksi,Jasa Konsultansi Badan Usaha Konstruksi,Jasa Konsultansi Pengawasan Kegiatan DAK Wil. II kab. Mandailing Natal,SELESAI,198495000,198495000
KAB. MANDAILING NATAL,DINAS KESEHATAN - ,704084,34281017,2022,E-Katalog 5.0,APBD,PT.Phapros Tbk,E-Purchasing,Pengadaan Barang,Fitomenadion/ Phytomenadion (Vitamin K1) tablet/kapsul/kaplet 10 mg,MELAKUKAN PENGIRIMAN DAN PENERIMAAN,40377700,40377700
KAB. MANDAILING NATAL,BAGIAN PENGADAAN BARANG DAN JASA SETDAKAB MANDAILING NATAL - 4.01.5.06.0.00.26.0005,1825370,36366302,2022,E-Katalog 5.0,APBD,CV. KREASI KENANGA,E-Purchasing,Pengadaan Barang,Binder Klip No. 111,PROSES KONTRAK PPK,218400,218400
KAB. MANDAILING NATAL,DINAS PENDIDIKAN - ,2646373,35573634,2022,Non Tender,APBD,CV. HABIBI PRATAMA,Pengadaan Langsung,Pekerjaan Konstruksi,Pembangunan Toilet (Jamban) Beserta Sanitasinya (DAK) - SD Negeri 323 Sinunukan II,SELESAI,99879000,99879000
KAB. MANDAILING NATAL,DINAS PERUMAHAN DAN KAWASAN PERMUKIMAN - 1.04.0.00.0.00.04.0000,2521373,35538515,2022,Non Tender,APBD,CV. RAPTAMADA,Pengadaan Langsung,Pekerjaan Konstruksi,Pembangunan Jalan Lingkungan di Desa Tangga Bosi I Kec. Siabu,SELESAI,134600000,134600000
KAB. MANDAILING NATAL,BAGIAN PEREKONOMIAN DAN SUMBER DAYA ALAM SETDAKAB MANDAILING NATAL - 4.01.5.06.0.00.26.0006,3067373,37798002,2022,Non Tender,APBDP,cv. bugis nauli,Pengadaan Langsung,Pengadaan Barang,Belanja Bahan - Bahan Lainnya,SELESAI,40459000,40459000
KAB. MANDAILING NATAL,DINAS PENDIDIKAN DAN KEUBUDAYAAN - 1.01.2.22.0.00.00.0000,857747,36028002,2022,E-Katalog 5.0,APBD,CV. NEGERI PERTIWI JAYA,E-Purchasing,Pengadaan Barang,CB311_9HT Celeron N4020 4G 32G UMA WiFi ChromeOS + Chrome EDU Upgrade 11.6inch Touch Garansi 1/1/0 (P/L/O) (Hanya berfungsi optimal jika ada jaringan internet),PROSES KONTRAK PPK,5622750000,5622750000
KAB. MANDAILING NATAL,DINAS PEKERJAAN UMUM DAN PENATAAN RUANG - ,2536373,34686294,2022,Non Tender,APBD,CV. FAMILY ARTA GRAHA MANDIRI,Pengadaan Langsung,Pekerjaan Konstruksi,Rehabilitasi Jaringan Irigasi Aek Sinambung (Rahab. Pintu Air) Desa Saba Dolok Kecamatan Kotanopan,SELESAI,197500000,197500000
KAB. MANDAILING NATAL,RUMAH SAKIT UMUM DAERAH PANYABUNGAN - 1.02.0.00.0.00.02.0001,1098385,35761991,2022,E-Katalog 5.0,BLUD,P.T. Dexa Medica,E-Purchasing,Pengadaan Barang,Dopamin / Dopamine hidrochloride injeksi 40 mg/ml,MELAKUKAN PENGIRIMAN DAN PENERIMAAN,169850,169850
KAB. MANDAILING NATAL,SATUAN POLISI PAMONG PRAJA - 1.05.0.00.0.00.05.0000,2499373,35474854,2022,Non Tender,APBD,CV. SINAR JAYA ABADI,Pengadaan Langsung,Pengadaan Barang,Belanja Modal Alat Pemadam Kebakaran,SELESAI,167310000,0
KAB. MANDAILING NATAL,RUMAH SAKIT UMUM DAERAH PANYABUNGAN - 1.02.0.00.0.00.02.0001,969623,35761991,2022,E-Katalog 5.0,BLUD,PT Jayamas Medica Industri,E-Purchasing,Pengadaan Barang,Urine Bag,MELAKUKAN PENGIRIMAN DAN PENERIMAAN,1863400,1863400
KAB. MANDAILING NATAL,DINAS PEKERJAAN UMUM DAN PENATAAN RUANG - ,2956373,37401284,2022,Non Tender,APBDP,CV. TORKIS LUBIS GROUP,Pengadaan Langsung,Pekerjaan Konstruksi,Rehabilitasi Mesjid Agung Nur Ala Nur Panyabungan,SELESAI,199270000,199270000
KAB. MANDAILING NATAL,DINAS PENDIDIKAN - ,3093373,37842412,2022,Non Tender,APBDP,CV. GANDATAMA KONSTRUKSI,Pengadaan Langsung,Pekerjaan Konstruksi,Lanjutan Pembangunan Gedung Negara Sederhana TK Satu Atap 331 Sinunukan Kec. Sinunukan,SELESAI,112716000,112716000
KAB. MANDAILING NATAL,SATUAN POLISI PAMONG PRAJA - 1.05.0.00.0.00.05.0000,2307963,38065970,2022,E-Katalog 5.0,APBDP,UNTUNG INDAH JAYA,E-Purchasing,Pengadaan Barang,Seragam PDL  Sat.Pol-PP,PROSES KONTRAK PPK,216310000,216310000
KAB. MANDAILING NATAL,RUMAH SAKIT UMUM DAERAH PANYABUNGAN - 1.02.0.00.0.00.02.0001,1920402,35761991,2022,E-Katalog 5.0,BLUD,P.T. Dexa Medica,E-Purchasing,Pengadaan Barang,Atorvastatin/ Atorvastatin Calcium Trihydrate tablet salut selaputl/kaplet salut selaput 20 mg,MELAKUKAN PENGIRIMAN DAN PENERIMAAN,2802000,2802000
KAB. MANDAILING NATAL,DINAS PEKERJAAN UMUM DAN PENATAAN RUANG - ,2665373,34699414,2022,Non Tender,APBD,CV.RIZKI KARYA,Pengadaan Langsung,Pengadaan Barang,Belanja Modal Peralatan Studio Gambar,SELESAI,51781000,51781000
KAB. MANDAILING NATAL,DINAS PEKERJAAN UMUM DAN PENATAAN RUANG - ,2498373,34719926,2022,Non Tender,APBD,CV. RENDER CONSULTANT,Pengadaan Langsung,Jasa Konsultansi Badan Usaha Konstruksi,Jasa Konsultanasi Perencanaan Program Penataan Bangunan Gedung,SELESAI,49783500,49783500
KAB. MANDAILING NATAL,RUMAH SAKIT UMUM DAERAH PANYABUNGAN - 1.02.0.00.0.00.02.0001,1920402,35761991,2022,E-Katalog 5.0,BLUD,P.T. Dexa Medica,E-Purchasing,Pengadaan Barang,Ramipril tablet/kapsul/kaplet 5 mg,MELAKUKAN PENGIRIMAN DAN PENERIMAAN,146000,146000
KAB. MANDAILING NATAL,DINAS KESEHATAN - ,672043,34281017,2022,E-Katalog 5.0,APBD,"PT Tempo Scan Pacific,  Tbk",E-Purchasing,Pengadaan Barang,Amlodipin/ Amlodipine/ Amlodipine besilate tablet/kapsul/kaplet 5 mg.,MELAKUKAN PENGIRIMAN DAN PENERIMAAN,5310600,5310600
KAB. MANDAILING NATAL,DINAS PENDIDIKAN DAN KEUBUDAYAAN - 1.01.2.22.0.00.00.0000,2164562,37502830,2022,E-Katalog 5.0,APBDP,CV.MAJU JAYA,E-Purchasing,Pengadaan Barang,MEJA GURU 1/2 BIRO 2,MELAKUKAN PENGIRIMAN DAN PENERIMAAN,40940000,40940000
KAB. MANDAILING NATAL,DINAS KESEHATAN - ,939891,34281364,2022,E-Katalog 5.0,APBD,PT Jayamas Medica Industri,E-Purchasing,Pengadaan Barang,Umbilical Cord Clamp,MELAKUKAN PENGIRIMAN DAN PENERIMAAN,5800000,5800000
KAB. MANDAILING NATAL,DINAS PERDAGANGAN - 3.30.3.31.0.00.25.0000,3107373,37865956,2022,Non Tender,APBDP,CV. ANUGRAH HARAPAN,Pengadaan Langsung,Pekerjaan Konstruksi,Belanja Rehab Gedung Vafiliun PRSU,SELESAI,195450000,195450000
KAB. MANDAILING NATAL,DINAS PEKERJAAN UMUM DAN PENATAAN RUANG - ,2878373,37007650,2022,Non Tender,APBDP,CV. PUTRA PRATAMA,Pengadaan Langsung,Pekerjaan Konstruksi,Peningkatan Jalan Simp. Siobon - Aek Mata,SELESAI,198750000,198750000
KAB. MANDAILING NATAL,DINAS KESEHATAN - ,889814,34281364,2022,E-Katalog 5.0,APBD,PT. Kemika Karya Pratama,E-Purchasing,Pengadaan Barang,RELIEFNET 0.18 LLIN,MELAKUKAN PENGIRIMAN DAN PENERIMAAN,99959875,0
KAB. MANDAILING NATAL,DINAS PARIWISATA - 3.26.0.00.0.00.23.0000,2967373,37520913,2022,Non Tender,APBDP,CV. GANTARI BAKTI KONSTRUKSI,Pengadaan Langsung,Pekerjaan Konstruksi,Pembangunan Parkir dan Gapura pada OW. Aek Milas Dano Desa Hutaraja,SELESAI,197417051,197417051
KAB. MANDAILING NATAL,BADAN PENANGGULANGAN BENCANA DAERAH - 1.05.0.00.0.00.06.0000,2609373,35685638,2022,Non Tender,APBD,cv sinar jaya,Pengadaan Langsung,Pekerjaan Konstruksi,Renovasi/Perbaikan Parkiran dan Halaman Kantor BPBD Kab. Mandailing Natal,SELESAI,91100000,91100000
KAB. MANDAILING NATAL,DINAS PERTANIAN - 3.27.0.00.0.00.24.0000,2679373,35250638,2022,Non Tender,APBD,CV. BINA FAJAR,Pengadaan Langsung,Pekerjaan Konstruksi,Pembangunan / Rehabilitasi Jalan Usaha Tani Desa Gunung Tua Jae Kec. Panyabungan,SELESAI,128898000,128898000
KAB. MANDAILING NATAL,DINAS PERTANIAN - 3.27.0.00.0.00.24.0000,2688373,35247887,2022,Non Tender,APBD,CV. TORKIS LUBIS GROUP,Pengadaan Langsung,Pekerjaan Konstruksi,Pembangunan / Rehabilitasi Jaringan irigasi Desa Muara Kumpulan Kec. Muarasipongi,SELESAI,97144000,97144000
KAB. MANDAILING NATAL,BADAN PENGELOLAAN KEUANGAN PENDAPATAN DAN ASET DAERAH - ,2444373,34109889,2022,Non Tender,APBD,CV. CHAYA MURNI,Pengadaan Langsung,Pengadaan Barang,Belanja Modal Alat Rumah Tangga Lainnya ( Home Use),SELESAI,114774000,114774000
KAB. MANDAILING NATAL,DINAS PERTANIAN - 3.27.0.00.0.00.24.0000,2692373,35247719,2022,Non Tender,APBD,CV. WIKASA,Pengadaan Langsung,Pekerjaan Konstruksi,Pembangunan / Rehabilitasi Jaringan irigasi Desa Barbaran Jae Kec. Panyabungan Barat,SELESAI,158775000,158775000
KAB. MANDAILING NATAL,RUMAH SAKIT UMUM DAERAH PANYABUNGAN - 1.02.0.00.0.00.02.0001,1586238,35761991,2022,E-Katalog 5.0,BLUD,P.T. Dexa Medica,E-Purchasing,Pengadaan Barang,Ketorolak/ Ketorolac / Ketorolac trometamol/ Ketorolac tromethamine inj 30 mg/ml (3%),MELAKUKAN PENGIRIMAN DAN PENERIMAAN,8800000,8800000
KAB. MANDAILING NATAL,DINAS PEKERJAAN UMUM DAN PENATAAN RUANG - ,2642373,34720198,2022,Tender,APBD,PT. HPL MEKANIKAL JAYA,Tender,Pekerjaan Konstruksi,Lanjutan Pembangunan Pasar Baru Panyabungan,SELESAI,1504595535,1504595535
KAB. MANDAILING NATAL,DINAS KESEHATAN - ,965207,34281364,2022,E-Katalog 5.0,APBD,PT. Safelock Medical,E-Purchasing,Pengadaan Barang,IV Catheter Non Injection Port 22 G,MELAKUKAN PENGIRIMAN DAN PENERIMAAN,9846787,9846787
KAB. MANDAILING NATAL,DINAS PENDIDIKAN - ,2643373,35573710,2022,Non Tender,APBD,CV. MUTIARA MUTIARA ABADI,Pengadaan Langsung,Pekerjaan Konstruksi,Pembangunan Toilet (Jamban) Beserta Sanitasinya (DAK) - SD Negeri 386 Manuncang,SELESAI,99919000,99919000
KAB. MANDAILING NATAL,DINAS PERTANIAN - 3.27.0.00.0.00.24.0000,2681373,35250563,2022,Non Tender,APBD,CV AEK KAPIAS,Pengadaan Langsung,Pekerjaan Konstruksi,Pembangunan / Rehabilitasi Jalan Usaha Tani Desa Bonan Dolok Kec. Siabu,SELESAI,128900000,128900000
KAB. MANDAILING NATAL,DINAS PEKERJAAN UMUM DAN PENATAAN RUANG - ,2989373,37048535,2022,Non Tender,APBDP,CV. CENTRAL GRAFIKA PRINT,Pengadaan Langsung,Pekerjaan Konstruksi,Rehabilitasi Jaringan Irigasi Saba Laing Desa Roburan Dolok Kecamatan Panyabungan Selatan,SELESAI,98225000,98225000
KAB. MANDAILING NATAL,DINAS PENDIDIKAN - ,2658373,35573696,2022,Non Tender,APBD,cv. winda utama,Pengadaan Langsung,Pekerjaan Konstruksi,Pembangunan Ruang UKS Beserta Perabotnya - SD Negeri 369 Bintuas,SELESAI,80249000,80249000
KAB. MANDAILING NATAL,DINAS KESEHATAN - ,671681,34281017,2022,E-Katalog 5.0,APBD,PT. Holi Pharma,E-Purchasing,Pengadaan Barang,Prednison/Prednisone tablet/kapsul/kaplet 5 mg,MELAKUKAN PENGIRIMAN DAN PENERIMAAN,35500000,35500000
KAB. MANDAILING NATAL,BAGIAN PENGADAAN BARANG DAN JASA SETDAKAB MANDAILING NATAL - 4.01.5.06.0.00.26.0005,1572256,36366301,2022,E-Katalog 5.0,APBD,CV. KREASI KENANGA,E-Purchasing,Pengadaan Barang,Map Folio Biasa,PROSES KONTRAK PPK,85050,85050
KAB. MANDAILING NATAL,DINAS PENDIDIKAN - ,2647373,35573794,2022,Non Tender,APBDP,CV. ASTRY TRY PUTRA,Pengadaan Langsung,Pekerjaan Konstruksi,Pembangunan Toilet (Jamban) Beserta Sanitasinya (DAK) - SD Negeri 133 Parmompang,SELESAI,99951000,99951000
KAB. MANDAILING NATAL,DINAS PEKERJAAN UMUM DAN PENATAAN RUANG - ,2549373,34686248,2022,Non Tender,APBD,CV. TORKIS LUBIS GROUP,Pengadaan Langsung,Pekerjaan Konstruksi,Rehabilitasi Jaringan Irigasi DI. Aek Saili / Pintu Padang Julu Kec. Siabu,SELESAI,97468000,97468000
KAB. MANDAILING NATAL,DINAS KESEHATAN - ,704240,34281017,2022,E-Katalog 5.0,APBD,NOVAPHARIN,E-Purchasing,Pengadaan Barang,"Asam Folat/folic acid tablet/kapsul/kaplet 0,4 mg	",MELAKUKAN PENGIRIMAN DAN PENERIMAAN,860000,860000
KAB. MANDAILING NATAL,DINAS PERDAGANGAN - 3.30.3.31.0.00.25.0000,2448373,35716854,2022,Non Tender,APBD,KJPP MBPRU DAN REKAN,Pengadaan Langsung,Jasa Konsultansi Badan Usaha Non Konstruksi,Jasa Penilai Publik (KJPP) Sewa Lahan Pasar,SELESAI,49028700,49028700
KAB. MANDAILING NATAL,SEKRETARIAT DPRD KABUPATEN - 4.02.0.00.0.00.27.0000,2928373,35793237,2022,Non Tender,APBD,CV. PUTRA PRATAMA,Pengadaan Langsung,Pengadaan Barang,Belanja Modal Kursi Kerja Pejabat,SELESAI,140259000,140259000
KAB. MANDAILING NATAL,BAGIAN PENGADAAN BARANG DAN JASA SETDAKAB MANDAILING NATAL - 4.01.5.06.0.00.26.0005,1270685,36366301,2022,E-Katalog 5.0,APBD,CV. KREASI KENANGA,E-Purchasing,Pengadaan Barang,Kertas Foto Art,PROSES KONTRAK PPK,94500,94500
KAB. MANDAILING NATAL,DINAS PENDIDIKAN DAN KEUBUDAYAAN - 1.01.2.22.0.00.00.0000,857747,36028002,2022,E-Katalog 5.0,APBD,CV. NEGERI PERTIWI JAYA,E-Purchasing,Pengadaan Barang,Pineri  Type C Connector ,PROSES KONTRAK PPK,9800000,9800000
KAB. MANDAILING NATAL,DINAS PERTANIAN - 3.27.0.00.0.00.24.0000,3013373,37534134,2022,Non Tender,APBDP,CV. RAFLI AKBAR,Pengadaan Langsung,Pengadaan Barang,Belanja Bibit Padi Untuk Wilayah Mandailing Pesisir,SELESAI,198829500,198829500
KAB. MANDAILING NATAL,DINAS PEKERJAAN UMUM DAN PENATAAN RUANG - ,2543373,34686272,2022,Non Tender,APBD,CV. WIKASA,Pengadaan Langsung,Pekerjaan Konstruksi,Rehabilitasi Jaringan Irigasi Desa Dalan Lidang Kecamatan Lingga Bayu,SELESAI,197300000,197300000
KAB. MANDAILING NATAL,DINAS PERTANIAN - 3.27.0.00.0.00.24.0000,2606373,35202580,2022,Non Tender,APBD,CV. PUTRI LESTARI,Pengadaan Langsung,Pengadaan Barang,Belanja Bahan - Bahan Kimia,SELESAI,53716900,53716900
KAB. MANDAILING NATAL,DINAS KESEHATAN - ,671972,34281017,2022,E-Katalog 5.0,APBD,PT. Mersifarma Tirmaku Mercusana,E-Purchasing,Pengadaan Barang,Kalsium Laktat/ Calcium lactate (Kalk) tablet/kapsul/kaplet 500 mg,MELAKUKAN PENGIRIMAN DAN PENERIMAAN,30000000,30000000
KAB. MANDAILING NATAL,DINAS PENDIDIKAN - ,2593373,35598074,2022,Tender,APBD,cv. abadi karya,Tender,Pekerjaan Konstruksi,Pembangunan Ruang Laboratorium Komputer Beserta Perabotnya - SMP Negeri 4 Muara Batang Gadis,SELESAI,413028122,413028122
KAB. MANDAILING NATAL,DINAS PENDIDIKAN - ,3070373,37502501,2022,Non Tender,APBDP,CV. TIQA CEMERLANG,Pengadaan Langsung,Pekerjaan Konstruksi,Rehabilitasi Sedang/Berat Ruang Kelas Sekolah (DAU) - SD Negeri 385 Lubuk Kapundung,SELESAI,199879000,199879000
KAB. MANDAILING NATAL,RUMAH SAKIT UMUM DAERAH PANYABUNGAN - 1.02.0.00.0.00.02.0001,2199045,35761991,2022,E-Katalog 5.0,BLUD,PT.TOP POINT MEDICAL,E-Purchasing,Pengadaan Barang,TP Disposable Syringe 5ML with Needle,MELAKUKAN PENGIRIMAN DAN PENERIMAAN,20900000,20900000
KAB. MANDAILING NATAL,DINAS PEKERJAAN UMUM DAN PENATAAN RUANG - ,2996373,37048273,2022,Non Tender,APBDP,cv. abadi karya,Pengadaan Langsung,Pekerjaan Konstruksi,Normalisasi Sungai Aek Latong Kecamatan Siabu,SELESAI,149000000,149000000
KAB. MANDAILING NATAL,DINAS PEKERJAAN UMUM DAN PENATAAN RUANG - ,3008373,37048400,2022,Non Tender,APBDP,CV. BINA FAJAR,Pengadaan Langsung,Pekerjaan Konstruksi,Rehabilitasi Jaringan Irigasi Saba Rampa Desa Tangga Bosi III Kecamatan Siabu,SELESAI,98000000,98000000
KAB. MANDAILING NATAL,RUMAH SAKIT UMUM DAERAH PANYABUNGAN - 1.02.0.00.0.00.02.0001,707948,35761991,2022,E-Katalog 5.0,BLUD,P.T. Dexa Medica,E-Purchasing,Pengadaan Barang,Kandesartan/ Candesartan/ Candesartan Cilexetil tablet/kapsul/kaplet 16 mg,MELAKUKAN PENGIRIMAN DAN PENERIMAAN,478500,478500
KAB. MANDAILING NATAL,DINAS PERTANIAN - 3.27.0.00.0.00.24.0000,3006373,37532606,2022,Non Tender,APBDP,CV. SINAR JAYA ABADI,Pengadaan Langsung,Pengadaan Barang,Pengadaan Bibit Bawang Merah Untuk Wilayah Mandailing Godang dan Mandailing Pesisir,SELESAI,113274000,113274000
KAB. MANDAILING NATAL,DINAS PENGENDALIAN PENDUDUK DAN KELUARGA BERENCANA - 2.14.0.00.0.00.15.0000,873623,36041228,2022,E-Katalog 5.0,APBD,PT.DUTA ADYAKSA PRATAMA,E-Purchasing,Pengadaan Barang,BKB Kit Stunting,MELAKUKAN PENGIRIMAN DAN PENERIMAAN,176052500,176052500
KAB. MANDAILING NATAL,DINAS KESEHATAN - ,939590,34281364,2022,E-Katalog 5.0,APBD,PT. Mitra Rajawali Banjaran,E-Purchasing,Pengadaan Barang,Sterile Latex Surgical Glove Ukuran 6.5,MELAKUKAN PENGIRIMAN DAN PENERIMAAN,11000000,11000000
KAB. MANDAILING NATAL,RUMAH SAKIT UMUM DAERAH PANYABUNGAN - 1.02.0.00.0.00.02.0001,2120282,35761991,2022,E-Katalog 5.0,BLUD,PT AstraZeneca Indonesia,E-Purchasing,Pengadaan Barang,Ticagrelor/ Tikagrelor tablet/kapsul/kaplet 90 mg,MELAKUKAN PENGIRIMAN DAN PENERIMAAN,9412480,0
KAB. MANDAILING NATAL,DINAS PEKERJAAN UMUM DAN PENATAAN RUANG - ,2738373,34658376,2022,Non Tender,APBD,CV. SINGOLOT MANIKAM PERSADA,Pengadaan Langsung,Pekerjaan Konstruksi,Normalisasi Aek Mata Pasar Hilir ke Adian Jior Kecamatan Panyabungan,SELESAI,99300000,99300000
KAB. MANDAILING NATAL,RUMAH SAKIT UMUM DAERAH PANYABUNGAN - 1.02.0.00.0.00.02.0001,871356,35761991,2022,E-Katalog 5.0,BLUD,PT Ethica Industri Farmasi,E-Purchasing,Pengadaan Barang,Epinefrin/ Epinephrine (Adrenalin) injeksi 1 mg/mL,MELAKUKAN PENGIRIMAN DAN PENERIMAAN,318000,318000
KAB. MANDAILING NATAL,DINAS PEKERJAAN UMUM DAN PENATAAN RUANG - ,2542373,34696669,2022,Tender,APBD,CV AEK KAPIAS,Tender,Pekerjaan Konstruksi,Pembangunan Baru SPAM Jaringan Perpipaan Desa Bangunan Purba,SELESAI,731740000,731740000
KAB. MANDAILING NATAL,DINAS KESEHATAN - ,791844,34279202,2022,E-Katalog 5.0,APBD,PT Jayamas Medica Industri,E-Purchasing,Pengadaan Barang,Resuscitator Anak,MELAKUKAN PENGIRIMAN DAN PENERIMAAN,2550000,2550000
KAB. MANDAILING NATAL,RUMAH SAKIT UMUM DAERAH PANYABUNGAN - 1.02.0.00.0.00.02.0001,708714,35761991,2022,E-Katalog 5.0,BLUD,PT.Phapros Tbk,E-Purchasing,Pengadaan Barang,Difenhidramin/ Diphenhydramine injeksi 10 mg/ml ( i.v./i.m.),MELAKUKAN PENGIRIMAN DAN PENERIMAAN,82500,82500
KAB. MANDAILING NATAL,BADAN PENGELOLAAN KEUANGAN PENDAPATAN DAN ASET DAERAH - 5.02.0.00.0.00.29.0000,658134,34109365,2022,E-Katalog 5.0,APBD,PT. ASTRA INTERNATIONAL TBK-TSO,E-Purchasing,Pengadaan Barang,HILUX DOUBLE CABIN 2.4 V (4x4) DSL A/T.,PROSES KONTRAK PPK,470800000,470800000
KAB. MANDAILING NATAL,DINAS KESEHATAN - ,939250,34281364,2022,E-Katalog 5.0,APBD,PT Medihop,E-Purchasing,Pengadaan Barang,"P87 T-Plain Catgut Plain 3-0, 76 cm Round Bodied, 1/2 circle, 25 mm",MELAKUKAN PENGIRIMAN DAN PENERIMAAN,15957250,15957250
KAB. MANDAILING NATAL,DINAS KESEHATAN - ,938936,34281364,2022,E-Katalog 5.0,APBD,PT. Safelock Medical,E-Purchasing,Pengadaan Barang,Blood lancet,MELAKUKAN PENGIRIMAN DAN PENERIMAAN,6297126,6297126
KAB. MANDAILING NATAL,DINAS PERTANIAN - 3.27.0.00.0.00.24.0000,2684373,35247949,2022,Non Tender,APBD,cv. winda utama,Pengadaan Langsung,Pekerjaan Konstruksi,Pembangunan / Rehabilitasi Jaringan irigasi Sawah Aek Siangin Desa Maga Lombang Kec. Lembah Sorik Marapi,SELESAI,158775000,158775000
KAB. MANDAILING NATAL,DINAS PERTANIAN - 3.27.0.00.0.00.24.0000,3020373,37533389,2022,Non Tender,APBDP,CV. RAFLI AKBAR,Pengadaan Langsung,Pengadaan Barang,Belanja Bibit Jagung Untuk Wilayah Mandailing Jae,SELESAI,162585600,162585600
KAB. MANDAILING NATAL,DINAS PEKERJAAN UMUM DAN PENATAAN RUANG - ,2972373,37048483,2022,Non Tender,APBDP,cv. abadi karya,Pengadaan Langsung,Pekerjaan Konstruksi,Rehabilitasi Jaringan Irigasi Bondar Proyek Desa Panyabungan Jae Kecamatan Panyabungan,SELESAI,98500000,98500000
KAB. MANDAILING NATAL,DINAS PERUMAHAN DAN KAWASAN PERMUKIMAN - 1.04.0.00.0.00.04.0000,3048373,37516717,2022,Non Tender,APBDP,CV.LANGGA SARI,Pengadaan Langsung,Pekerjaan Konstruksi,Pembangunan/ Rehabilitasi Jalan Lingkungan di Kel. Kotanopan Lingkungan Aek Kapesong Kec. Kotanopan,SELESAI,141300000,141300000
KAB. MANDAILING NATAL,RUMAH SAKIT UMUM DAERAH PANYABUNGAN - 1.02.0.00.0.00.02.0001,708524,35761991,2022,E-Katalog 5.0,BLUD,PT Otsuka Indonesia,E-Purchasing,Pengadaan Barang,"Magnesium sulfate/ Magnesium sulfate heptahydrate/ Magnesium sulfat injeksi 40%v (i.v.), @ 25mL -1",MELAKUKAN PENGIRIMAN DAN PENERIMAAN,514800,514800
KAB. MANDAILING NATAL,DINAS PEKERJAAN UMUM DAN PENATAAN RUANG - ,2535373,34686119,2022,Non Tender,APBD,CV. BINA FAJAR,Pengadaan Langsung,Pekerjaan Konstruksi,Rehabilitasi Jaringan Irigasi Ke Masjid Binanga Desa Binanga Kecamatan Hutabargot,SELESAI,196700000,196700000
KAB. MANDAILING NATAL,RUMAH SAKIT UMUM DAERAH PANYABUNGAN - 1.02.0.00.0.00.02.0001,1566930,35761991,2022,E-Katalog 5.0,BLUD,PT. Beta Pharmacon,E-Purchasing,Pengadaan Barang,"Analog insulin rapid acting inj 100 IU/mL (cartridge disposible, penfill cartridge)",MELAKUKAN PENGIRIMAN DAN PENERIMAAN,8950000,0
KAB. MANDAILING NATAL,BADAN PENGELOLAAN KEUANGAN PENDAPATAN DAN ASET DAERAH - 5.02.0.00.0.00.29.0000,1707046,36866738,2022,E-Katalog 5.0,APBDP,PT MITSUBISHI MOTORS KRAMA YUDHA SALES INDONESIA,E-Purchasing,Pengadaan Barang,PAJERO SPORT 2.4 DAKAR ULTIMATE (4X2) 8 A/T,PROSES KONTRAK PPK,664000000,664000000
KAB. MANDAILING NATAL,RUMAH SAKIT UMUM DAERAH PANYABUNGAN - 1.02.0.00.0.00.02.0001,1118062,35761991,2022,E-Katalog 5.0,BLUD,PT. Kimia Farma Tbk,E-Purchasing,Pengadaan Barang,Miconazole nitrate/ Miconazole/ Mikonazol krim 2 %,MELAKUKAN PENGIRIMAN DAN PENERIMAAN,136800,136800
KAB. MANDAILING NATAL,DINAS PEMUDA DAN OLAHRAGA - 2.19.0.00.0.00.20.0000,2944373,37488715,2022,Non Tender,APBDP,CV. PUTRA BARINGIN GROUP,Pengadaan Langsung,Pengadaan Barang,Pengadaan Bola Volly,SELESAI,80597000,0
KAB. MANDAILING NATAL,DINAS PEKERJAAN UMUM DAN PENATAAN RUANG - ,2871373,37006559,2022,Non Tender,APBDP,CV. Penus Graphindo Consultant,Pengadaan Langsung,Jasa Konsultansi Badan Usaha Non Konstruksi,Penyusunan Dokumen Perencanaan Jembatan Wil. I,SELESAI,99222900,99222900
KAB. MANDAILING NATAL,DINAS PEKERJAAN UMUM DAN PENATAAN RUANG - ,2561373,36033995,2022,Non Tender,APBD,CV. KREASI PERSADA,Pengadaan Langsung,Jasa Konsultansi Badan Usaha Konstruksi,Konsultan Perencanaan Air Limbah Domestik,SELESAI,48700000,48700000
KAB. MANDAILING NATAL,DINAS PEKERJAAN UMUM DAN PENATAAN RUANG - ,3028373,37030864,2022,Non Tender,APBDP,CV. TUJUH RAJAWALI,Pengadaan Langsung,Pekerjaan Konstruksi,Pembangunan Derainase di Kelurahan Dalan Lidang Kec. Panyabungan,SELESAI,198200000,198200000
KAB. MANDAILING NATAL,DINAS PEKERJAAN UMUM DAN PENATAAN RUANG - ,2907373,37045102,2022,Non Tender,APBDP,CV. BILLINDO ENGINEERING CONSULTANT,Pengadaan Langsung,Jasa Konsultansi Badan Usaha Konstruksi,Konsultan Perencanaan Kegiatan Pembangunan Drainase P.APBD 2022,SELESAI,19500000,19500000
KAB. MANDAILING NATAL,DINAS PERTANIAN - 3.27.0.00.0.00.24.0000,3017373,37533772,2022,Non Tender,APBDP,CV. RAJA AKBAR,Pengadaan Langsung,Pengadaan Barang,Belanja Bibit Padi Untuk Wilayah Kec. Siabu,SELESAI,198829500,198829500
KAB. MANDAILING NATAL,DINAS KESEHATAN - ,670319,34281017,2022,E-Katalog 5.0,APBD,PT Otsuka Indonesia,E-Purchasing,Pengadaan Barang,"Magnesium sulfate/ Magnesium sulfate heptahydrate/ Magnesium sulfat injeksi 40%v (i.v.), @ 25mL -1",MELAKUKAN PENGIRIMAN DAN PENERIMAAN,4290000,4290000
KAB. MANDAILING NATAL,RUMAH SAKIT UMUM DAERAH PANYABUNGAN - 1.02.0.00.0.00.02.0001,2355558,35761991,2022,E-Katalog 5.0,BLUD,PT.GLOBAL DISPOMEDIKA,E-Purchasing,Pengadaan Barang,Surgical Glove Sterile Size  7.5,PROSES KONTRAK PPK,4356500,0
KAB. MANDAILING NATAL,RUMAH SAKIT UMUM DAERAH PANYABUNGAN - 1.02.0.00.0.00.02.0001,708714,35761991,2022,E-Katalog 5.0,BLUD,PT.Phapros Tbk,E-Purchasing,Pengadaan Barang,Fenobarbital/ Phenobarbital injeksi 50 mg/ml (G),MELAKUKAN PENGIRIMAN DAN PENERIMAAN,102000,102000
KAB. MANDAILING NATAL,RUMAH SAKIT UMUM DAERAH PANYABUNGAN - 1.02.0.00.0.00.02.0001,1595181,35761991,2022,E-Katalog 5.0,BLUD,PT Boehringer Ingelheim Indonesia,E-Purchasing,Pengadaan Barang,"Tiotropium cairan ih 2,5 mcg/semprot",MELAKUKAN PENGIRIMAN DAN PENERIMAAN,4494500,0
KAB. MANDAILING NATAL,DINAS PENDIDIKAN - ,2650373,35573778,2022,Non Tender,APBD,CV. ASTRY TRY PUTRA,Pengadaan Langsung,Pekerjaan Konstruksi,Pembangunan Toilet (Jamban) Beserta Sanitasinya (DAK) - SD Negeri 102 Sigalapang,SELESAI,99949000,99949000
KAB. MANDAILING NATAL,DINAS KESEHATAN - ,951129,34281017,2022,E-Katalog 5.0,APBD,PT. Holi Pharma,E-Purchasing,Pengadaan Barang,Pirantel pamoat susp 125 mg/5 ml (G),MELAKUKAN PENGIRIMAN DAN PENERIMAAN,21400000,21400000
KAB. MANDAILING NATAL,DINAS PEKERJAAN UMUM DAN PENATAAN RUANG - ,3125373,38034934,2022,Non Tender,APBDP,CV. TAMIRUL FALAH,Pengadaan Langsung,Pengadaan Barang,Pengadaan Pompa Submersible Lengkap Dengan Accesorisnya,SELESAI,169497000,169497000
KAB. MANDAILING NATAL,RUMAH SAKIT UMUM DAERAH PANYABUNGAN - 1.02.0.00.0.00.02.0001,1921391,35761991,2022,E-Katalog 5.0,BLUD,PT. Kimia Farma Tbk,E-Purchasing,Pengadaan Barang,"Asam askorbat (vitamin C) tablet/kapsul/kaplet 50 mg, kemasan strip/blister ",MELAKUKAN PENGIRIMAN DAN PENERIMAAN,215000,215000
KAB. MANDAILING NATAL,DINAS KESEHATAN - ,1105213,34280742,2022,E-Katalog 5.0,APBD,PT. Medtek,E-Purchasing,Pengadaan Barang,MEDTROMED Centrifuge MD-12 CE,MELAKUKAN PENGIRIMAN DAN PENERIMAAN,91311832,91311832
KAB. MANDAILING NATAL,DINAS PENDIDIKAN - ,2608373,35573615,2022,Tender,APBD,CV. KENZO MAHAGANI,Tender,Pekerjaan Konstruksi,Pembangunan Ruang Laboratorium Komputer Beserta Perabotnya (DAK) - SD Negeri 101 Hutasiantar,SELESAI,207216583,207216583
KAB. MANDAILING NATAL,RUMAH SAKIT UMUM DAERAH PANYABUNGAN - 1.02.0.00.0.00.02.0001,707948,35761991,2022,E-Katalog 5.0,BLUD,P.T. Dexa Medica,E-Purchasing,Pengadaan Barang,Diclofenac sodium/ Natrium diklofenak tablet salut enterik/kaplet salut enterik 50 mg,MELAKUKAN PENGIRIMAN DAN PENERIMAAN,540000,540000
KAB. MANDAILING NATAL,DINAS PENDIDIKAN DAN KEUBUDAYAAN - 1.01.2.22.0.00.00.0000,2164209,37502618,2022,E-Katalog 5.0,APBDP,CV.MAJU JAYA,E-Purchasing,Pengadaan Barang,MEJA GURU 1/2 BIRO 2,MELAKUKAN PENGIRIMAN DAN PENERIMAAN,87220000,87220000
KAB. MANDAILING NATAL,DINAS PENDIDIKAN - ,2701373,35572875,2022,Non Tender,APBD,CV. GANDATAMA KONSTRUKSI,Pengadaan Langsung,Pekerjaan Konstruksi,Pembangunan Ruang UKS (DAK) - TK Pembina Negeri Sinunukan Desa Widodaren Kecamatan Sinunukan,SELESAI,95929000,95929000
KAB. MANDAILING NATAL,DINAS PERDAGANGAN - 3.30.3.31.0.00.25.0000,3104373,37865960,2022,Non Tender,APBD,CV. DAME LANGGENG,Pengadaan Langsung,Pengadaan Barang,Belanja Modal Mesin Proses,SELESAI,127039000,0
KAB. MANDAILING NATAL,RUMAH SAKIT UMUM DAERAH PANYABUNGAN - 1.02.0.00.0.00.02.0001,707948,35761991,2022,E-Katalog 5.0,BLUD,P.T. Dexa Medica,E-Purchasing,Pengadaan Barang,Spironolactone/ Spironolakton tablet/kapsul/kaplet 25 mg,MELAKUKAN PENGIRIMAN DAN PENERIMAAN,3000000,3000000
KAB. MANDAILING NATAL,DINAS KESEHATAN - ,741574,34281017,2022,E-Katalog 5.0,APBD,P.T. Dexa Medica,E-Purchasing,Pengadaan Barang,Furosemid/ Furosemide inj 10 mg/mL (i.v./i.m),MELAKUKAN PENGIRIMAN DAN PENERIMAAN,46150000,46150000
KAB. MANDAILING NATAL,DINAS PERUMAHAN DAN KAWASAN PERMUKIMAN - 1.04.0.00.0.00.04.0000,2471373,35538570,2022,Non Tender,APBD,CV. MALINDO PERSADA,Pengadaan Langsung,Pekerjaan Konstruksi,Pembangunan Jalan Lingkungan di Desa Kayu Laut Kec. Panyabungan Selatan,SELESAI,135000000,135000000
KAB. MANDAILING NATAL,DINAS KESEHATAN - ,939995,34281364,2022,E-Katalog 5.0,APBD,PT Jayamas Medica Industri,E-Purchasing,Pengadaan Barang,Alkohol 70 1 Liter,MELAKUKAN PENGIRIMAN DAN PENERIMAAN,3141600,3141600
KAB. MANDAILING NATAL,DINAS KESEHATAN - ,2613373,36185217,2022,Non Tender,APBD,PT. Rajawali Nusindo Cabang Pematang Siantar,Pengadaan Langsung,Pengadaan Barang,Belanja Obat-Obatan-Obat,SELESAI,190012797,0
KAB. MANDAILING NATAL,DINAS PENDIDIKAN - ,2613373,35573652,2022,Tender,APBD,CV. PUTRA PRATAMA,Tender,Pekerjaan Konstruksi,Pembangunan Ruang Guru Beserta Perabotnya (DAK) - SD Negeri 102 Sigalapang,SELESAI,215149999,215149999
KAB. MANDAILING NATAL,RUMAH SAKIT UMUM DAERAH PANYABUNGAN - 1.02.0.00.0.00.02.0001,2133913,35761991,2022,E-Katalog 5.0,BLUD,P.T. Dexa Medica,E-Purchasing,Pengadaan Barang,"Methylergometrine Maleate/ Methylergometrine/ Metilergometrin inj 0,2 mg/ml",MELAKUKAN PENGIRIMAN DAN PENERIMAAN,1023000,1023000
KAB. MANDAILING NATAL,RUMAH SAKIT UMUM DAERAH PANYABUNGAN - 1.02.0.00.0.00.02.0001,707948,35761991,2022,E-Katalog 5.0,BLUD,P.T. Dexa Medica,E-Purchasing,Pengadaan Barang,Atorvastatin/ Atorvastatin Calcium Trihydrate tablet salut selaputl/kaplet salut selaput 20 mg,MELAKUKAN PENGIRIMAN DAN PENERIMAAN,2802000,2802000
KAB. MANDAILING NATAL,RUMAH SAKIT UMUM DAERAH PANYABUNGAN - 1.02.0.00.0.00.02.0001,1384105,35761991,2022,E-Katalog 5.0,BLUD,PT Bayer Indonesia,E-Purchasing,Pengadaan Barang,"Analog insulin rapid acting inj 100 IU/mL (cartridge disposible, penfill cartridge)",MELAKUKAN PENGIRIMAN DAN PENERIMAAN,13425000,0
KAB. MANDAILING NATAL,DINAS PEKERJAAN UMUM DAN PENATAAN RUANG - ,2565373,36114712,2022,Non Tender,APBD,cv. riski nauli,Pengadaan Langsung,Pekerjaan Konstruksi,Peningkatan Jalan Sihepeng-Sentral Produksi (Di Desa Sihepeng Kecamatan Siabu Kabupaten Mandailing Natal) (BKP),SELESAI,197200000,197200000
KAB. MANDAILING NATAL,DINAS PEKERJAAN UMUM DAN PENATAAN RUANG - ,2539373,34686151,2022,Non Tender,APBD,CV. GORDANG SAMBILAN MANDAILING,Pengadaan Langsung,Pekerjaan Konstruksi,Rehabilitasi Jaringan Irigasi Desa Usor Tolang Kecamatan Kotanopan,SELESAI,197690000,197690000
KAB. MANDAILING NATAL,BADAN PENGELOLAAN KEUANGAN PENDAPATAN DAN ASET DAERAH - ,2440373,34544429,2022,Non Tender,APBD,CV. KREASI KENANGA,Pengadaan Langsung,Pengadaan Barang,Belanja Alat/Bahan untuk Kegiatan Kantor- Bahan Cetak,SELESAI,97968000,97968000
KAB. MANDAILING NATAL,DINAS PEKERJAAN UMUM DAN PENATAAN RUANG - ,2554373,34696623,2022,Tender,APBD,CV. KARYA ANAK BANGSA,Tender,Pekerjaan Konstruksi,Pembangunan Baru SPAM Jaringan Perpipaan Desa Bangun Saroha,SELESAI,648887544,648887544
KAB. MANDAILING NATAL,DINAS PEKERJAAN UMUM DAN PENATAAN RUANG - ,2901373,37021507,2022,Non Tender,APBDP,CV. PARADISE PARK,Pengadaan Langsung,Pekerjaan Konstruksi,Rehabilitasi/Pemeliharaan Jembatan Gantung/Rambin Desa Kayu Laut Kec. Panyabungan Selatan,SELESAI,198800000,198800000
KAB. MANDAILING NATAL,RUMAH SAKIT UMUM DAERAH PANYABUNGAN - 1.02.0.00.0.00.02.0001,1584781,35761991,2022,E-Katalog 5.0,BLUD,PT. Hexpharm Jaya Laboratories,E-Purchasing,Pengadaan Barang,Levofloxacin hemihydrate/ Levofloxacin/Levofloksasin tablet salut selaput/kaplet salut selaput/ kaptab salut selaput 500 mg,MELAKUKAN PENGIRIMAN DAN PENERIMAAN,1865000,1865000
KAB. MANDAILING NATAL,RUMAH SAKIT UMUM DAERAH PANYABUNGAN - 1.02.0.00.0.00.02.0001,1891849,35761991,2022,E-Katalog 5.0,BLUD,PT.GLOBAL DISPOMEDIKA,E-Purchasing,Pengadaan Barang,Surgical Glove Sterile Size 7.5,MELAKUKAN PENGIRIMAN DAN PENERIMAAN,3485200,0
KAB. MANDAILING NATAL,DINAS PARIWISATA - 3.26.0.00.0.00.23.0000,2507373,36042804,2022,Non Tender,APBD,PT. TRIJAYA UTAMA KONSULTAN,Pengadaan Langsung,Jasa Konsultansi Badan Usaha Non Konstruksi,Jasa Konsultansi Penyusunan Detail Engeneering Desain (DED) Sektor Pariwisata di Wilayah Mandailing Godang,SELESAI,99456000,99456000
KAB. MANDAILING NATAL,DINAS KELAUTAN DAN PERIKANAN - 3.25.0.00.0.00.22.0000,3096373,37851376,2022,Non Tender,APBDP,CV. BANGKIT BERSAMA GROUP,Pengadaan Langsung,Pengadaan Barang,Pengadaan Paket Budidaya Ikan Mas Pada Kelompok Pembudidaya di Kecamatan Panyabungan,SELESAI,180576000,0
KAB. MANDAILING NATAL,RUMAH SAKIT UMUM DAERAH PANYABUNGAN - 1.02.0.00.0.00.02.0001,969026,35761991,2022,E-Katalog 5.0,BLUD,PT Ferron Par Pharmaceuticals,E-Purchasing,Pengadaan Barang," Latanoprost tts mata 0,005% 	",MELAKUKAN PENGIRIMAN DAN PENERIMAAN,1953000,1953000
KAB. MANDAILING NATAL,DINAS PENGENDALIAN PENDUDUK DAN KELUARGA BERENCANA - 2.14.0.00.0.00.15.0000,2625373,36242757,2022,Tender,APBD,CV. JAYA GUNA,Tender Cepat,Pengadaan Barang,Belanja Modal Kendaraan Bermotor Beroda Dua,SELESAI,1285180200,1285180200
KAB. MANDAILING NATAL,DINAS KESEHATAN - ,705138,34281017,2022,E-Katalog 5.0,APBD,3M INDONESIA IMPORTAMA,E-Purchasing,Pengadaan Barang,61108 Ketac Universal,MELAKUKAN PENGIRIMAN DAN PENERIMAAN,4654000,0
KAB. MANDAILING NATAL,DINAS KEPENDUDUKAN DAN PENCATATAN SIPIL - 2.12.0.00.0.00.13.0000,583403,35591702,2022,E-Katalog 5.0,APBD,PT. TRIKREASINDO MANDIRI SENTOSA,E-Purchasing,Pengadaan Barang,RIBBON COLOR YMCKH HDP5000/5600 E-KTP 075202-056,MELAKUKAN PENGIRIMAN DAN PENERIMAAN,540945000,0
KAB. MANDAILING NATAL,DINAS PEKERJAAN UMUM DAN PENATAAN RUANG - ,2961373,37401129,2022,Non Tender,APBDP,CV. GAPURA ALAM PERSADA,Pengadaan Langsung,Pekerjaan Konstruksi,Rehabilitasi Kantor Polisi Militer,SELESAI,99475000,99475000
KAB. MANDAILING NATAL,DINAS KESEHATAN - ,671905,34281017,2022,E-Katalog 5.0,APBD,PT. Hexpharm Jaya Laboratories,E-Purchasing,Pengadaan Barang,Alopurinol/Allopurinol tablet/kapsul/kaplet 100 mg,MELAKUKAN PENGIRIMAN DAN PENERIMAAN,8700000,8700000
KAB. MANDAILING NATAL,RUMAH SAKIT UMUM DAERAH PANYABUNGAN - 1.02.0.00.0.00.02.0001,1057546,35761991,2022,E-Katalog 5.0,BLUD,PT. Hexpharm Jaya Laboratories,E-Purchasing,Pengadaan Barang,Ciprofloxacin hydrochloride (HCl)/ Ciprofloxacin Lactate/ Ciprofloxacin/ Siprofloksasin tablet/kapsul/kaplet 500 mg,MELAKUKAN PENGIRIMAN DAN PENERIMAAN,1250000,1250000
KAB. MANDAILING NATAL,RUMAH SAKIT UMUM DAERAH PANYABUNGAN - 1.02.0.00.0.00.02.0001,717620,35761991,2022,E-Katalog 5.0,BLUD,PT Jayamas Medica Industri,E-Purchasing,Pengadaan Barang,Infusion Set Dewasa ST01,MELAKUKAN PENGIRIMAN DAN PENERIMAAN,7040000,7040000
KAB. MANDAILING NATAL,DINAS PEKERJAAN UMUM DAN PENATAAN RUANG - ,2840373,36033980,2022,Non Tender,APBD,CV. ENCONARS INTI MANDIRI,Pengadaan Langsung,Jasa Konsultansi Badan Usaha Konstruksi,Penyusunan Detail Engineering Design (DED) Sentra UMKM,SELESAI,49946000,49946000
KAB. MANDAILING NATAL,RUMAH SAKIT UMUM DAERAH PANYABUNGAN - 1.02.0.00.0.00.02.0001,1482588,35761991,2022,E-Katalog 5.0,BLUD,P.T. Dexa Medica,E-Purchasing,Pengadaan Barang,Valsartan tablet/kapsul/kaplet 80 mg,MELAKUKAN PENGIRIMAN DAN PENERIMAAN,1985000,1985000
KAB. MANDAILING NATAL,RUMAH SAKIT UMUM DAERAH PANYABUNGAN - 1.02.0.00.0.00.02.0001,1216338,35761991,2022,E-Katalog 5.0,BLUD,PT Boehringer Ingelheim Indonesia,E-Purchasing,Pengadaan Barang,Fenoterol Hydromide/ Fenoterol HBr aerosol 100 mcg/puff,MELAKUKAN PENGIRIMAN DAN PENERIMAAN,4346500,0
KAB. MANDAILING NATAL,DINAS PEKERJAAN UMUM DAN PENATAAN RUANG - ,3069373,37401863,2022,Non Tender,APBDP,PT. ARTEK UTAMA,Pengadaan Langsung,Jasa Konsultansi Badan Usaha Konstruksi,Penyusunan Detai Engineering Design (DED) Rumah Dinas Kejaksaan Negeri Mandailing Natal,SELESAI,98934300,98934300
KAB. MANDAILING NATAL,RUMAH SAKIT UMUM DAERAH PANYABUNGAN - 1.02.0.00.0.00.02.0001,707948,35761991,2022,E-Katalog 5.0,BLUD,P.T. Dexa Medica,E-Purchasing,Pengadaan Barang,Betahistin/Betahistine Mesilate/Betahistine Mesylate tablet/kapsul/kaplet 6 mg,MELAKUKAN PENGIRIMAN DAN PENERIMAAN,440000,440000
KAB. MANDAILING NATAL,DINAS PENDIDIKAN - ,2653373,35573620,2022,Non Tender,APBD,CV. KENZO MAHAGANI,Pengadaan Langsung,Pekerjaan Konstruksi,Pembangunan Ruang Perpustakaan Beserta Perabotnya (DAK) - SD Negeri 386 Manuncang,SELESAI,199923000,199923000
KAB. MANDAILING NATAL,DINAS PERTANIAN - 3.27.0.00.0.00.24.0000,2696373,35064748,2022,Non Tender,APBD,CV. BINA FAJAR,Pengadaan Langsung,Pekerjaan Konstruksi,Rehabilitasi Atap dan Asbes Gedung Kantor Dinas Pertanian,SELESAI,171668000,171668000
KAB. MANDAILING NATAL,RUMAH SAKIT UMUM DAERAH PANYABUNGAN - 1.02.0.00.0.00.02.0001,2133913,35761991,2022,E-Katalog 5.0,BLUD,P.T. Dexa Medica,E-Purchasing,Pengadaan Barang,Fluoksetin/Fluoxetine HCl tablet/kapsul/kaplet 20 mg,MELAKUKAN PENGIRIMAN DAN PENERIMAAN,580500,580500
KAB. MANDAILING NATAL,DINAS PEKERJAAN UMUM DAN PENATAAN RUANG - ,2923373,37020448,2022,Non Tender,APBDP,CV. CENTRAL GRAFIKA PRINT,Pengadaan Langsung,Pekerjaan Konstruksi,Rehabilitasi/Pemeliharaan Jalan Pagur - Panyabungan,SELESAI,198500000,198500000
KAB. MANDAILING NATAL,DINAS PEKERJAAN UMUM DAN PENATAAN RUANG - ,2981373,37048356,2022,Non Tender,APBDP,CV. ENCONARS INTI MANDIRI,Pengadaan Langsung,Jasa Konsultansi Badan Usaha Konstruksi,Konsultansi Pengawasan Paket P.APBD Kegiatan Pengembangan Dan Pengelolaan Sistem Irigasi Primer Dan Sekunder Pada Daerah Irigasi Yang Luasnya Di  Bawah 1000 Ha Dalam 1 (Satu) Daerah Kabupaten,SELESAI,98890000,98890000
KAB. MANDAILING NATAL,DINAS PEKERJAAN UMUM DAN PENATAAN RUANG - ,2899373,37020488,2022,Non Tender,APBDP,CV AEK KAPIAS,Pengadaan Langsung,Pekerjaan Konstruksi,Rehabilitasi/Pemeliharaan Jalan Sipalangka - Perkantoran Pemda,SELESAI,199000000,199000000
KAB. MANDAILING NATAL,DINAS PENDIDIKAN DAN KEUBUDAYAAN - 1.01.2.22.0.00.00.0000,936315,36028154,2022,E-Katalog 5.0,APBD,PT Sentra Kriya Edukasi,E-Purchasing,Pengadaan Barang,Converter 2in1 Type C to HDMI+VGA,PROSES KONTRAK PPK,750000,750000
KAB. MANDAILING NATAL,RUMAH SAKIT UMUM DAERAH PANYABUNGAN - 1.02.0.00.0.00.02.0001,1428598,35761991,2022,E-Katalog 5.0,BLUD,PT.TOP POINT MEDICAL,E-Purchasing,Pengadaan Barang,DISPOSABLE SYRINGE WITH NEEDLE  5 ML,MELAKUKAN PENGIRIMAN DAN PENERIMAAN,20900000,20900000
KAB. MANDAILING NATAL,DINAS PENDIDIKAN - ,2846373,35573627,2022,Non Tender,APBD,CV. HADITAMA,Pengadaan Langsung,Jasa Konsultansi Badan Usaha Konstruksi,Belanja Jasa Konsultan Pengawasan Rehabilitasi Gedung SD,SELESAI,24516000,24516000
KAB. MANDAILING NATAL,DINAS PEKERJAAN UMUM DAN PENATAAN RUANG - ,2821373,34687162,2022,Non Tender,APBD,CV. MATAHARI ABADI,Pengadaan Langsung,Pekerjaan Konstruksi,Rehabilitasi Bendungan Irigasi Desa Kampung Baru Kec. Lingga Bayu,SELESAI,197460000,197460000
KAB. MANDAILING NATAL,DINAS KESEHATAN - ,912728,34280552,2022,E-Katalog 5.0,APBD,PT. SINKO PRIMA ALLOY,E-Purchasing,Pengadaan Barang,PENGGARIS PENGUKUR TINGGI BADAN PTB-2MTR,MELAKUKAN PENGIRIMAN DAN PENERIMAAN,106165400,106165400
KAB. MANDAILING NATAL,RUMAH SAKIT UMUM DAERAH PANYABUNGAN - 1.02.0.00.0.00.02.0001,2254620,35761991,2022,E-Katalog 5.0,BLUD,P.T. Dexa Medica,E-Purchasing,Pengadaan Barang,Ramipril tablet/kapsul/kaplet 5 mg,PROSES KONTRAK PPK,438000,438000
KAB. MANDAILING NATAL,BADAN PENGELOLAAN KEUANGAN PENDAPATAN DAN ASET DAERAH - ,2927373,34311215,2022,Non Tender,APBD,CV. LIZA,Pengadaan Langsung,Pengadaan Barang,Belanja Alat/Bahan untuk Kegiatan Kantor- Bahan Cetak,SELESAI,99456000,0
KAB. MANDAILING NATAL,DINAS PENDIDIKAN - ,3073373,37502428,2022,Non Tender,APBDP,CV. WIKASA,Pengadaan Langsung,Pekerjaan Konstruksi,Pembangunan Pagar (DAU) - SD Negeri 085 Panyabungan,SELESAI,99874000,99874000
KAB. MANDAILING NATAL,DINAS PEKERJAAN UMUM DAN PENATAAN RUANG - ,2774373,36033985,2022,Non Tender,APBD,CV. INDHOMA CONSULTANT,Pengadaan Langsung,Jasa Konsultansi Badan Usaha Konstruksi,Penyusunan Detail Engineering Design (DED) Stadion Aek Orsik,SELESAI,49948499,49948499
KAB. MANDAILING NATAL,DINAS KESEHATAN - ,939891,34281364,2022,E-Katalog 5.0,APBD,PT Jayamas Medica Industri,E-Purchasing,Pengadaan Barang,Ultrasonic Gel 250 ml,MELAKUKAN PENGIRIMAN DAN PENERIMAAN,7630000,7630000
KAB. MANDAILING NATAL,DINAS KESEHATAN - ,672299,34281017,2022,E-Katalog 5.0,APBD,PT. Kimia Farma Tbk,E-Purchasing,Pengadaan Barang,Codeine Phosphate Hemihydrate/ Codeine/ Kodein tablet/kapsul/kaplet 10 mg (G),MELAKUKAN PENGIRIMAN DAN PENERIMAAN,12000000,12000000
KAB. MANDAILING NATAL,RUMAH SAKIT UMUM DAERAH PANYABUNGAN - 1.02.0.00.0.00.02.0001,1161955,35761991,2022,E-Katalog 5.0,BLUD,PT Glaxo Wellcome Indonesia,E-Purchasing,Pengadaan Barang,"Flutikason propionat cairan ih 0,5 mg/dosis",MELAKUKAN PENGIRIMAN DAN PENERIMAAN,1473800,0
KAB. MANDAILING NATAL,DINAS LINGKUNGAN HIDUP - 2.11.0.00.0.00.12.0000,2637373,35736407,2022,Tender,APBD,cv.citra pramatra,Seleksi,Jasa Konsultansi Badan Usaha Non Konstruksi,Study Kelayakan Tempat Pembuangan Akhir ( TPA ) Sampah Batang Gadis Kecamatan Panyabungan Barat,SELESAI,239047000,239047000
KAB. MANDAILING NATAL,DINAS PENDIDIKAN - ,2648373,35573542,2022,Non Tender,APBD,CV. HABIBI PRATAMA,Pengadaan Langsung,Pekerjaan Konstruksi,Pembangunan Toilet (Jamban) Beserta Sanitasinya (DAK) - SD Negeri 107 Sopo Batu,SELESAI,99751000,99751000
KAB. MANDAILING NATAL,DINAS KESEHATAN - ,899803,34281017,2022,E-Katalog 5.0,APBD,PT. Mersifarma Tirmaku Mercusana,E-Purchasing,Pengadaan Barang,Amoksisilin/Amoxicillin/Amoxicillin Trihydrate sirup/suspensi kering 125 mg/ 5 ml,MELAKUKAN PENGIRIMAN DAN PENERIMAAN,195000000,195000000
KAB. MANDAILING NATAL,DINAS PERTANIAN - 3.27.0.00.0.00.24.0000,2693373,35247701,2022,Non Tender,APBD,CV.PUTRA BATANG NATAL UTAMA,Pengadaan Langsung,Pekerjaan Konstruksi,Pembangunan / Rehabilitasi Jaringan irigasi Desa Ampung Julu Kec. Batang Natal,SELESAI,59529000,59529000
KAB. MANDAILING NATAL,RUMAH SAKIT UMUM DAERAH PANYABUNGAN - 1.02.0.00.0.00.02.0001,708624,35761991,2022,E-Katalog 5.0,BLUD,PT. Mersifarma Tirmaku Mercusana,E-Purchasing,Pengadaan Barang,Trihexyphenidyl hydrochloride (HCl)/ Triheksifenidil tablet/kapsul/kaplet 2 mg,MELAKUKAN PENGIRIMAN DAN PENERIMAAN,630000,630000
KAB. MANDAILING NATAL,DINAS PENDIDIKAN - ,2607373,35573748,2022,Tender,APBD,CV. CENDANA,Tender,Pekerjaan Konstruksi,Pembangunan Ruang Laboratorium Komputer Beserta Perabotnya (DAK) - SD Negeri 102 Sigalapang,SELESAI,200403677,200403677
KAB. MANDAILING NATAL,DINAS KESEHATAN - ,671905,34281017,2022,E-Katalog 5.0,APBD,PT. Hexpharm Jaya Laboratories,E-Purchasing,Pengadaan Barang,"Asam Mefenamat/Mefenamic acid tablet/kapsul/kaplet/kaptab 500 mg, kemasan strip/blister (G)",MELAKUKAN PENGIRIMAN DAN PENERIMAAN,55500000,55500000
KAB. MANDAILING NATAL,DINAS KESEHATAN - ,671803,34281017,2022,E-Katalog 5.0,APBD,PT. SATORIA ANEKA INDUSTRI,E-Purchasing,Pengadaan Barang,"Ringer Laktat/Ringer Lactate, @500 mL",MELAKUKAN PENGIRIMAN DAN PENERIMAAN,385150000,385150000
KAB. MANDAILING NATAL,DINAS PEKERJAAN UMUM DAN PENATAAN RUANG - ,3056373,37044007,2022,Non Tender,APBDP,CV.Tunjung Biru,Pengadaan Langsung,Pekerjaan Konstruksi,Peningkatan SPAM Jaringan Perpipaan di Lembaga Pemasyarakatan Kelas II B Panyabungan,SELESAI,197496000,197496000
KAB. MANDAILING NATAL,DINAS PEKERJAAN UMUM DAN PENATAAN RUANG - ,2714373,34719758,2022,Non Tender,APBD,CV. FAATHIR RIZKA,Pengadaan Langsung,Pekerjaan Konstruksi,Rehabilitasi Kantor Kejaksaan Negeri Mandailing Natal,SELESAI,199000000,199000000
KAB. MANDAILING NATAL,DINAS PERTANIAN - 3.27.0.00.0.00.24.0000,2691373,35247809,2022,Non Tender,APBD,CV. WIKASA,Pengadaan Langsung,Pekerjaan Konstruksi,Pembangunan / Rehabilitasi Jaringan irigasi Desa Bonan Dolok Kec. Siabu,SELESAI,59529000,59529000
KAB. MANDAILING NATAL,DINAS PEKERJAAN UMUM DAN PENATAAN RUANG - ,2487373,35031347,2022,Tender,APBD,PT. IRBIE NUSA KONSULTAN,Seleksi,Jasa Konsultansi Badan Usaha Konstruksi,Survey Kondisi Jaringan Jalan,SELESAI,284317000,284317000
KAB. MANDAILING NATAL,DINAS PEKERJAAN UMUM DAN PENATAAN RUANG - ,3079373,37048342,2022,Non Tender,APBDP,PT. MARGA BHUANA JAYA CONSULTANT,Pengadaan Langsung,Jasa Konsultansi Badan Usaha Konstruksi,Konsultansi SID (Survey Investigasi Desain) Irigasi Saba Rimba Desa Tambangan,SELESAI,49500000,49500000
KAB. MANDAILING NATAL,DINAS KESEHATAN - ,671972,34281017,2022,E-Katalog 5.0,APBD,PT. Mersifarma Tirmaku Mercusana,E-Purchasing,Pengadaan Barang,Clindamycin hydrochloride (HCl)/ Clindamycin/ Klindamisin tablet/kapsul/kaplet 300 mg,MELAKUKAN PENGIRIMAN DAN PENERIMAAN,104400000,104400000
KAB. MANDAILING NATAL,DINAS PEKERJAAN UMUM DAN PENATAAN RUANG - ,2771373,36033977,2022,Non Tender,APBD,KARYA VITALOKA KONSULTAN,Pengadaan Langsung,Jasa Konsultansi Badan Usaha Konstruksi,Penyusunan Detail Engineering Design (DED) Sport Centre,SELESAI,49955000,49955000
KAB. MANDAILING NATAL,DINAS KESEHATAN - ,938526,34281364,2022,E-Katalog 5.0,APBD,PT Sinaraya Nugraha Ahmadaris Medika,E-Purchasing,Pengadaan Barang,"Pembalut Elastis 10 cm x 4,55 m",MELAKUKAN PENGIRIMAN DAN PENERIMAAN,7104500,7104500
KAB. MANDAILING NATAL,BAGIAN PENGADAAN BARANG DAN JASA SETDAKAB MANDAILING NATAL - 4.01.5.06.0.00.26.0005,1825370,36366302,2022,E-Katalog 5.0,APBD,CV. KREASI KENANGA,E-Purchasing,Pengadaan Barang,Pisau Cutter Uk Besae,PROSES KONTRAK PPK,160650,160650
KAB. MANDAILING NATAL,DINAS KESEHATAN - ,939590,34281364,2022,E-Katalog 5.0,APBD,PT. Mitra Rajawali Banjaran,E-Purchasing,Pengadaan Barang,Sterile Latex Surgical Glove Ukuran 7.5,MELAKUKAN PENGIRIMAN DAN PENERIMAAN,11000000,11000000
KAB. MANDAILING NATAL,DINAS LINGKUNGAN HIDUP - 2.11.0.00.0.00.12.0000,2023330,37180156,2022,E-Katalog 5.0,APBDP,CV. WIRATAMA SURYA PACIFIK,E-Purchasing,Pengadaan Barang,Tempat Sampah LXD 660B 660 Liter,MELAKUKAN PENGIRIMAN DAN PENERIMAAN,46000000,46000000
KAB. MANDAILING NATAL,RUMAH SAKIT UMUM DAERAH PANYABUNGAN - 1.02.0.00.0.00.02.0001,1295073,35761991,2022,E-Katalog 5.0,BLUD,P.T. Dexa Medica,E-Purchasing,Pengadaan Barang,Ciprofloxacin hydrochloride(HCl)/ Ciprofloxacin Lactate/ Ciprofloxacin/ Siprofloksasin inf 2 mg/ml,MELAKUKAN PENGIRIMAN DAN PENERIMAAN,2777400,2777400
KAB. MANDAILING NATAL,DINAS PENDIDIKAN - ,2697373,35573562,2022,Non Tender,APBD,CV.BAITANG KONTRAKTOR,Pengadaan Langsung,Pekerjaan Konstruksi,Pembangunan Ruang UKS Beserta Perabotnya - SD Negeri 100 Gunung Tua,SELESAI,80133000,80133000
KAB. MANDAILING NATAL,RUMAH SAKIT UMUM DAERAH PANYABUNGAN - 1.02.0.00.0.00.02.0001,717620,35761991,2022,E-Katalog 5.0,BLUD,PT Jayamas Medica Industri,E-Purchasing,Pengadaan Barang,Urocare Balloon Catheter 2 Way FR 18,MELAKUKAN PENGIRIMAN DAN PENERIMAAN,2904000,0
KAB. MANDAILING NATAL,DINAS PEKERJAAN UMUM DAN PENATAAN RUANG - ,2954373,37401066,2022,Non Tender,APBDP,CV. AUR LAS,Pengadaan Langsung,Pekerjaan Konstruksi,Rehabilitasi Kantor Koramil Muarasipongi,SELESAI,99400000,99400000
KAB. MANDAILING NATAL,DINAS PEKERJAAN UMUM DAN PENATAAN RUANG - ,2485373,34699597,2022,Tender,APBD,CV. RADINER,Tender,Pekerjaan Konstruksi,Peningkatan Jalan Pagur ‐ Panyabungan ( Watas Kec. Panyabungan ),SELESAI,7384664418,7384664418
KAB. MANDAILING NATAL,DINAS PERTANIAN - 3.27.0.00.0.00.24.0000,3010373,37532249,2022,Non Tender,APBDP,CV. PUTRI LESTARI,Pengadaan Langsung,Pengadaan Barang,Belanja Bahan - Bahan / Bibit Tanaman - Kopi Robusta,SELESAI,50000000,50000000
KAB. MANDAILING NATAL,DINAS PERTANIAN - 3.27.0.00.0.00.24.0000,3025373,37532354,2022,Non Tender,APBDP,CV. DAME LANGGENG,Pengadaan Langsung,Pengadaan Barang,Belanja Bahan - Bahan Kimia,SELESAI,72998000,72998000
KAB. MANDAILING NATAL,DINAS PEKERJAAN UMUM DAN PENATAAN RUANG - ,2957373,37401212,2022,Non Tender,APBDP,CV. PUTRA PRATAMA,Pengadaan Langsung,Pekerjaan Konstruksi,Rehabilitasi Kantor Polres Mandailing Natal,SELESAI,149550000,149550000
KAB. MANDAILING NATAL,RUMAH SAKIT UMUM DAERAH PANYABUNGAN - 1.02.0.00.0.00.02.0001,1118062,35761991,2022,E-Katalog 5.0,BLUD,PT. Kimia Farma Tbk,E-Purchasing,Pengadaan Barang,"Hidrokortison/ Hydrocortisone/ Hydrocortisone acetate krim 2,5 %",MELAKUKAN PENGIRIMAN DAN PENERIMAAN,111600,111600
KAB. MANDAILING NATAL,DINAS PEKERJAAN UMUM DAN PENATAAN RUANG - ,2983373,37046039,2022,Non Tender,APBDP,CV. MANUNGGAL RIAMERTA DEV. CONSULTANT,Pengadaan Langsung,Jasa Konsultansi Badan Usaha Konstruksi,Konsultan Pengawasan Kegiatan Pengelolaan dan Pengembangan Sistem air Limbah PAPBD 2022,SELESAI,10800000,10800000
KAB. MANDAILING NATAL,RUMAH SAKIT UMUM DAERAH PANYABUNGAN - 1.02.0.00.0.00.02.0001,1053306,35761991,2022,E-Katalog 5.0,BLUD,PT. Likuid Pharmalab Indonesia,E-Purchasing,Pengadaan Barang,Medika Povidine 10% ukuran 300 ml,MELAKUKAN PENGIRIMAN DAN PENERIMAAN,1216600,1216600
KAB. MANDAILING NATAL,DINAS PEMUDA DAN OLAHRAGA - 2.19.0.00.0.00.20.0000,2943373,37488838,2022,Non Tender,APBDP,CV. PUTRA BARINGIN GROUP,Pengadaan Langsung,Pengadaan Barang,Pengadaan Bola Kaki,SELESAI,86863000,0
KAB. MANDAILING NATAL,RUMAH SAKIT UMUM DAERAH PANYABUNGAN - 1.02.0.00.0.00.02.0001,1295117,35761991,2022,E-Katalog 5.0,BLUD,PT. Merck Tbk,E-Purchasing,Pengadaan Barang,Levothyroxine Sodium/Levothyroxine/Levotiroksin tablet/kapsul/kaplet 50 mcg,MELAKUKAN PENGIRIMAN DAN PENERIMAAN,722000,0
KAB. MANDAILING NATAL,BAGIAN PENGADAAN BARANG DAN JASA SETDAKAB MANDAILING NATAL - 4.01.5.06.0.00.26.0005,1270685,36366301,2022,E-Katalog 5.0,APBD,CV. KREASI KENANGA,E-Purchasing,Pengadaan Barang,Kertas HVS Qwarto,PROSES KONTRAK PPK,63000,63000
KAB. MANDAILING NATAL,RUMAH SAKIT UMUM DAERAH PANYABUNGAN - 1.02.0.00.0.00.02.0001,1387490,35761991,2022,E-Katalog 5.0,BLUD,PT.GLOBAL DISPOMEDIKA,E-Purchasing,Pengadaan Barang,ALKACIDE 1 lt,MELAKUKAN PENGIRIMAN DAN PENERIMAAN,5570178,0
KAB. MANDAILING NATAL,DINAS PENDIDIKAN - ,2661373,35573628,2022,Non Tender,APBD,CV. ASTRY TRY PUTRA,Pengadaan Langsung,Pekerjaan Konstruksi,Pembangunan Ruang UKS Beserta Perabotnya - SD Negeri 298 Batu Loting,SELESAI,80249000,80249000
KAB. MANDAILING NATAL,DINAS PENDIDIKAN - ,2818373,35573682,2022,Non Tender,APBD,CV. PUTRI LESTARI,Pengadaan Langsung,Pekerjaan Konstruksi,Pembangunan Ruang Kelas Baru - SD Negeri 023 Siabu,SELESAI,188040000,188040000
KAB. MANDAILING NATAL,RUMAH SAKIT UMUM DAERAH PANYABUNGAN - 1.02.0.00.0.00.02.0001,717620,35761991,2022,E-Katalog 5.0,BLUD,PT Jayamas Medica Industri,E-Purchasing,Pengadaan Barang,Nebulizer Mask Set Anak,MELAKUKAN PENGIRIMAN DAN PENERIMAAN,2141700,2141700
KAB. MANDAILING NATAL,DINAS PEKERJAAN UMUM DAN PENATAAN RUANG - ,2892373,37006781,2022,Non Tender,APBDP,cv. riski nauli,Pengadaan Langsung,Pekerjaan Konstruksi,Lanjutan Pembangunan Jalan Gunung Tua Panggorengan ‐ Panyabungan Julu,SELESAI,198500000,198500000
KAB. MANDAILING NATAL,BAGIAN PENGADAAN BARANG DAN JASA SETDAKAB MANDAILING NATAL - 4.01.5.06.0.00.26.0005,1270685,36366301,2022,E-Katalog 5.0,APBD,CV. KREASI KENANGA,E-Purchasing,Pengadaan Barang,Kertas Foto Art Isi 100 Lembar,PROSES KONTRAK PPK,1495000,1495000
KAB. MANDAILING NATAL,RUMAH SAKIT UMUM DAERAH PANYABUNGAN - 1.02.0.00.0.00.02.0001,2199045,35761991,2022,E-Katalog 5.0,BLUD,PT.TOP POINT MEDICAL,E-Purchasing,Pengadaan Barang,TP Disposable Syringe 3ML with Needle,MELAKUKAN PENGIRIMAN DAN PENERIMAAN,18832000,18832000
KAB. MANDAILING NATAL,DINAS PENDIDIKAN - ,2707373,35574108,2022,Non Tender,APBD,CV. TIARANI UTAMA,Pengadaan Langsung,Jasa Konsultansi Badan Usaha Konstruksi,Belanja Jasa Konsultan Perencanaan Kegiatan RKB Sekolah Dasar,SELESAI,99345000,99345000
KAB. MANDAILING NATAL,DINAS PERTANIAN - 3.27.0.00.0.00.24.0000,2604373,35202684;35202734;35202759;35202805;36219942,2022,Non Tender,APBD,CV. SINAR JAYA ABADI,Pengadaan Langsung,Pengadaan Barang,Belanja Bahan-Bahan / Bibit Tanaman,SELESAI,156800000,156800000
KAB. MANDAILING NATAL,RUMAH SAKIT UMUM DAERAH PANYABUNGAN - 1.02.0.00.0.00.02.0001,708576,35761991,2022,E-Katalog 5.0,BLUD,PT. Hexpharm Jaya Laboratories,E-Purchasing,Pengadaan Barang,Ceftriaxone/ Ceftriaxone Sodium/ Seftriakson inj 1.000 mg,MELAKUKAN PENGIRIMAN DAN PENERIMAAN,28500000,28500000
KAB. MANDAILING NATAL,DINAS KESEHATAN - ,938467,34281364,2022,E-Katalog 5.0,APBD,PT. Likuid Pharmalab Indonesia,E-Purchasing,Pengadaan Barang,Alkohol 95% 300 ml,MELAKUKAN PENGIRIMAN DAN PENERIMAAN,4613162,4613162
KAB. MANDAILING NATAL,DINAS PEKERJAAN UMUM DAN PENATAAN RUANG - ,2785373,34720139,2022,Non Tender,APBD,CV. AUR LAS,Pengadaan Langsung,Pekerjaan Konstruksi,Rehabilitasi Aula Kantor Camat Lingga Bayu,SELESAI,197000000,197000000
KAB. MANDAILING NATAL,DINAS KESEHATAN - ,671972,34281017,2022,E-Katalog 5.0,APBD,PT. Mersifarma Tirmaku Mercusana,E-Purchasing,Pengadaan Barang,Cotrimoxazole/ Cotrimoksazole/ Kotrimoksazol (dewasa) kombinasi: sulfametoksazol 400 mg + trimetoprim 80 mg (tab/kaptab 480 mg),MELAKUKAN PENGIRIMAN DAN PENERIMAAN,12600000,12600000
KAB. MANDAILING NATAL,BADAN KESATUAN BANGSA DAN POLITIK - 8.01.0.00.0.00.56.0000,95373,34015318,2022,Pencatatan,APBD,CV. ALDRICH PERDANA KARYA,Pengadaan Langsung,Pekerjaan Konstruksi,Belanja Modal Bangunan Gedung Tempat Pertemuan,PAKET SELESAI,199300000,199300000
KAB. MANDAILING NATAL,RUMAH SAKIT UMUM DAERAH PANYABUNGAN - 1.02.0.00.0.00.02.0001,707948,35761991,2022,E-Katalog 5.0,BLUD,P.T. Dexa Medica,E-Purchasing,Pengadaan Barang,Gabapentin tablet/kapsul/kaplet 300 mg,MELAKUKAN PENGIRIMAN DAN PENERIMAAN,964500,964500
KAB. MANDAILING NATAL,DINAS PENDIDIKAN - ,2700373,35597988,2022,Non Tender,APBD,CV. PATEN,Pengadaan Langsung,Pekerjaan Konstruksi,Pembangunan Toilet (Jamban) Beserta Sanitasinya (DAK) - SMP Negeri 1 Panyabungan,SELESAI,177149000,177149000
KAB. MANDAILING NATAL,DINAS PEKERJAAN UMUM DAN PENATAAN RUANG - ,2628373,34699461,2022,Tender,APBD,CV. IKHWAN FIRDAUS,Tender,Pekerjaan Konstruksi,Peningkatan Jalan Tangsi Bawah - Kampung Sipirok,SELESAI,488108000,488108000
KAB. MANDAILING NATAL,RUMAH SAKIT UMUM DAERAH PANYABUNGAN - 1.02.0.00.0.00.02.0001,799974,35761991,2022,E-Katalog 5.0,BLUD,PT MITSUBISHI TANABE PHARMA INDONESIA,E-Purchasing,Pengadaan Barang,Imidapril tablet/kapsul/kaplet 10 mg,MELAKUKAN PENGIRIMAN DAN PENERIMAAN,5000000,5000000
KAB. MANDAILING NATAL,DINAS PENDIDIKAN - ,2807373,35573851,2022,Non Tender,APBD,CV. MATAHARI ABADI,Pengadaan Langsung,Pekerjaan Konstruksi,Pembangunan Ruang Kelas Baru - SD Negeri 337 Kampung Kapas II,SELESAI,194265000,194265000
KAB. MANDAILING NATAL,DINAS KESEHATAN - ,899903,34281017,2022,E-Katalog 5.0,APBD,PT. IFARS PHARMACEUTICAL LABORATORIES,E-Purchasing,Pengadaan Barang,Loperamid tablet/kapsul/kaplet 2 mg,MELAKUKAN PENGIRIMAN DAN PENERIMAAN,8000000,8000000
KAB. MANDAILING NATAL,DINAS PERUMAHAN DAN KAWASAN PERMUKIMAN - 1.04.0.00.0.00.04.0000,2468373,35538547,2022,Non Tender,APBD,cv. riski nauli,Pengadaan Langsung,Pekerjaan Konstruksi,Pembangunan Jalan Lingkungan di Desa Lumban Pasir Gang Madrasah Kec. Panyabungan,SELESAI,146900000,146900000
KAB. MANDAILING NATAL,DINAS PENDIDIKAN - ,2817373,35574039,2022,Non Tender,APBD,CV. NAURA KARYA CONTRACTOR,Pengadaan Langsung,Pekerjaan Konstruksi,Pembangunan Ruang Kelas Baru - SD Negeri 067 Jambur Padang Matinggi,SELESAI,188000000,188000000
KAB. MANDAILING NATAL,RUMAH SAKIT UMUM DAERAH PANYABUNGAN - 1.02.0.00.0.00.02.0001,717620,35761991,2022,E-Katalog 5.0,BLUD,PT Jayamas Medica Industri,E-Purchasing,Pengadaan Barang,Urocare Balloon Catheter 2 Way FR 16,MELAKUKAN PENGIRIMAN DAN PENERIMAAN,968000,0
KAB. MANDAILING NATAL,DINAS PERTANIAN - 3.27.0.00.0.00.24.0000,2443373,35070925,2022,Non Tender,APBD,CV. PUTRA PRATAMA,Pengadaan Langsung,Pengadaan Barang,Belanja Modal Alat Pasca Panen,SELESAI,74592000,0
KAB. MANDAILING NATAL,DINAS PENDIDIKAN - ,2810373,35573806,2022,Non Tender,APBD,CV. ASTRY TRY PUTRA,Pengadaan Langsung,Pekerjaan Konstruksi,Pembangunan Ruang Kelas Baru - SD Negeri 330 Air Apa,SELESAI,194230000,194230000
KAB. MANDAILING NATAL,DINAS KESEHATAN - ,741574,34281017,2022,E-Katalog 5.0,APBD,P.T. Dexa Medica,E-Purchasing,Pengadaan Barang,Kalsium glukonat/ Calcium gluconate inj 10%,MELAKUKAN PENGIRIMAN DAN PENERIMAAN,30030792,30030792
KAB. MANDAILING NATAL,DINAS PENDIDIKAN DAN KEUBUDAYAAN - 1.01.2.22.0.00.00.0000,2164209,37502618,2022,E-Katalog 5.0,APBDP,CV.MAJU JAYA,E-Purchasing,Pengadaan Barang,KURSI GURU SD/SMP,MELAKUKAN PENGIRIMAN DAN PENERIMAAN,35035000,35035000
KAB. MANDAILING NATAL,DINAS PERUMAHAN DAN KAWASAN PERMUKIMAN - 1.04.0.00.0.00.04.0000,2472373,35538595,2022,Non Tender,APBD,cv. winda utama,Pengadaan Langsung,Pekerjaan Konstruksi,Pembangunan Jalan Lingkungan di Desa Huta Raja Kec. Siabu,SELESAI,134400000,134400000
KAB. MANDAILING NATAL,BAGIAN PENGADAAN BARANG DAN JASA SETDAKAB MANDAILING NATAL - 4.01.5.06.0.00.26.0005,1572256,36366301,2022,E-Katalog 5.0,APBD,CV. KREASI KENANGA,E-Purchasing,Pengadaan Barang,Map Ordner Folio Pakar,PROSES KONTRAK PPK,441000,441000
KAB. MANDAILING NATAL,DINAS KESEHATAN - ,671905,34281017,2022,E-Katalog 5.0,APBD,PT. Hexpharm Jaya Laboratories,E-Purchasing,Pengadaan Barang,Ciprofloxacin hydrochloride (HCl)/ Ciprofloxacin Lactate/ Ciprofloxacin/ Siprofloksasin tablet/kapsul/kaplet 500 mg,MELAKUKAN PENGIRIMAN DAN PENERIMAAN,50000000,50000000
KAB. MANDAILING NATAL,RUMAH SAKIT UMUM DAERAH PANYABUNGAN - 1.02.0.00.0.00.02.0001,707948,35761991,2022,E-Katalog 5.0,BLUD,P.T. Dexa Medica,E-Purchasing,Pengadaan Barang,Azitromisin/Azithromycin sir kering 200 mg/ 5 mL,MELAKUKAN PENGIRIMAN DAN PENERIMAAN,2165000,2165000
KAB. MANDAILING NATAL,SATUAN POLISI PAMONG PRAJA - 1.05.0.00.0.00.05.0000,2500373,35474839,2022,Non Tender,APBD,CV. DAME LANGGENG,Pengadaan Langsung,Pengadaan Barang,Belanja Modal Pompa,SELESAI,86913000,0
KAB. MANDAILING NATAL,DINAS KESEHATAN - ,671972,34281017,2022,E-Katalog 5.0,APBD,PT. Mersifarma Tirmaku Mercusana,E-Purchasing,Pengadaan Barang,Haloperidol tablet/kapsul/kaplet 5 mg,MELAKUKAN PENGIRIMAN DAN PENERIMAAN,10800000,10800000
KAB. MANDAILING NATAL,DINAS PEKERJAAN UMUM DAN PENATAAN RUANG - ,2540373,34686107,2022,Non Tender,APBD,CV. GORDANG SAMBILAN MANDAILING,Pengadaan Langsung,Pekerjaan Konstruksi,Rehabilitasi Jaringan Irigasi Ke Masjid Desa Saba Dolok Kecamatan Kotanopan,SELESAI,197700000,197700000
KAB. MANDAILING NATAL,RUMAH SAKIT UMUM DAERAH PANYABUNGAN - 1.02.0.00.0.00.02.0001,707948,35761991,2022,E-Katalog 5.0,BLUD,P.T. Dexa Medica,E-Purchasing,Pengadaan Barang,"Bisoprolol/Bisoprolol Fumarate tablet/kapsul/kaplet 2,5 mg",MELAKUKAN PENGIRIMAN DAN PENERIMAAN,645000,645000
KAB. MANDAILING NATAL,DINAS PEKERJAAN UMUM DAN PENATAAN RUANG - ,2865373,37021101,2022,Non Tender,APBDP,CV. FERDIAN PUTRA,Pengadaan Langsung,Pekerjaan Konstruksi,Penggantian Jembatan Aek Poring Ruas Jalan Adian Jior - Huta Bargot,SELESAI,198500000,198500000
KAB. MANDAILING NATAL,DINAS KESEHATAN - ,905978,34279997,2022,E-Katalog 5.0,APBD,PT. SINKO PRIMA ALLOY,E-Purchasing,Pengadaan Barang,METERAN PENGUKUR TINGGI BADAN MTB-2MTR,MELAKUKAN PENGIRIMAN DAN PENERIMAAN,9265344,9265344
KAB. MANDAILING NATAL,RUMAH SAKIT UMUM DAERAH PANYABUNGAN - 1.02.0.00.0.00.02.0001,1482588,35761991,2022,E-Katalog 5.0,BLUD,P.T. Dexa Medica,E-Purchasing,Pengadaan Barang,Diclofenac sodium/ Natrium diklofenak tablet salut enterik/kaplet salut enterik 50 mg,MELAKUKAN PENGIRIMAN DAN PENERIMAAN,1080000,1080000
KAB. MANDAILING NATAL,DINAS PEKERJAAN UMUM DAN PENATAAN RUANG - ,2975373,37048179,2022,Non Tender,APBDP,cv. winda utama,Pengadaan Langsung,Pekerjaan Konstruksi,Rehabilitasi Tanggul Sungai Aek Nabara Sibio-bio Desa Lumban Pasir Kecamatan Panyabungan,SELESAI,148000000,148000000
KAB. MANDAILING NATAL,RUMAH SAKIT UMUM DAERAH PANYABUNGAN - 1.02.0.00.0.00.02.0001,1187591,35761991,2022,E-Katalog 5.0,BLUD,PT Bayer Indonesia,E-Purchasing,Pengadaan Barang,"Analog insulin mix insulin inj 100 IU/mL (kemasan vial, cartridge disposible, penfill cartridge)",MELAKUKAN PENGIRIMAN DAN PENERIMAAN,8400000,0
KAB. MANDAILING NATAL,DINAS PEKERJAAN UMUM DAN PENATAAN RUANG - ,2998373,37047960,2022,Non Tender,APBDP,CV. AULIA RIZKI PRATAMA,Pengadaan Langsung,Pekerjaan Konstruksi,Rehabilitasi Tanggul Sungai Aek Patabotung Desa Malintang Julu Kecamatan Bukit Malintang,SELESAI,147500000,147500000
KAB. MANDAILING NATAL,DINAS PENDIDIKAN - ,2532373,35573697,2022,Non Tender,APBD,PT. MARGA BHUANA JAYA CONSULTANT,Pengadaan Langsung,Jasa Konsultansi Badan Usaha Konstruksi,Belanja Jasa Konsultan Pengawasan Kegiatan Fisik SD,SELESAI,69930000,69930000
KAB. MANDAILING NATAL,DINAS PENDIDIKAN - ,2634373,35572956,2022,Non Tender,APBD,CV. PATEN,Pengadaan Langsung,Pekerjaan Konstruksi,Pembangunan Gedung Bermain Beserta APE Luar Ruangan (DAK) - TK Satu Atap SDN 331 Sinunukan Desa Pasir Putih Kecamatan Sinunukan,SELESAI,149900000,149900000
KAB. MANDAILING NATAL,DINAS PEKERJAAN UMUM DAN PENATAAN RUANG - ,3131373,38222686,2022,Non Tender,APBDP,CV. CHAYA MURNI,Pengadaan Langsung,Pengadaan Barang,Belanja Modal Peralatan dan Mesin,SELESAI,92796000,0
KAB. MANDAILING NATAL,RUMAH SAKIT UMUM DAERAH PANYABUNGAN - 1.02.0.00.0.00.02.0001,1482588,35761991,2022,E-Katalog 5.0,BLUD,P.T. Dexa Medica,E-Purchasing,Pengadaan Barang,Nicardipine hydrochloride (HCl)/ Nicardipine/ Nikardipin inj 1 mg/mL,MELAKUKAN PENGIRIMAN DAN PENERIMAAN,393600,393600
KAB. MANDAILING NATAL,RUMAH SAKIT UMUM DAERAH PANYABUNGAN - 1.02.0.00.0.00.02.0001,1295197,35761991,2022,E-Katalog 5.0,BLUD,PT. Hexpharm Jaya Laboratories,E-Purchasing,Pengadaan Barang,Simvastatin tablet/kapsul/kaplet/tablet salut selaput/kaplet salut selaput 10 mg,MELAKUKAN PENGIRIMAN DAN PENERIMAAN,204000,204000
KAB. MANDAILING NATAL,DINAS PEMBERDAYAAN MASYARAKAT DAN DESA - 2.13.0.00.0.00.14.0000,2911373,36995769,2022,Non Tender,APBD,CV. LIZA,Pengadaan Langsung,Pengadaan Barang,Belanja Cetak Kertas Suara,SELESAI,98743800,0
KAB. MANDAILING NATAL,RUMAH SAKIT UMUM DAERAH PANYABUNGAN - 1.02.0.00.0.00.02.0001,1482819,35761991,2022,E-Katalog 5.0,BLUD,PT. ETERCON PHARMA,E-Purchasing,Pengadaan Barang,Donepezil/ Donepezil HCl tablet salut selaput/kaplet salut selaput 5 mg,MELAKUKAN PENGIRIMAN DAN PENERIMAAN,2400000,2400000
KAB. MANDAILING NATAL,DINAS PEKERJAAN UMUM DAN PENATAAN RUANG - ,3129373,38222775,2022,Non Tender,APBDP,CV. CHAYA MURNI,Pengadaan Langsung,Pengadaan Barang,Belanja Modal Peralatan dan Mesin,SELESAI,186135000,186135000
KAB. MANDAILING NATAL,DINAS PENDIDIKAN - ,3076373,37502675,2022,Non Tender,APBDP,CV. BUNGA BONDAR GROUP,Pengadaan Langsung,Pekerjaan Konstruksi,Pembangunan Pagar SMP Negeri 9 Kotanopan,SELESAI,99753000,99753000
KAB. MANDAILING NATAL,DINAS PEKERJAAN UMUM DAN PENATAAN RUANG - ,2862373,37020924,2022,Non Tender,APBDP,CV. TUJUH RAJAWALI,Pengadaan Langsung,Pekerjaan Konstruksi,Lanjutan Pembangunan Jembatan Desa Tegal Sari Natal,SELESAI,198500000,198500000
KAB. MANDAILING NATAL,DINAS PERTANIAN - 3.27.0.00.0.00.24.0000,3011373,37532199,2022,Non Tender,APBDP,CV. PUTRI LESTARI,Pengadaan Langsung,Pengadaan Barang,Belanja Bahan - Bahan / Bibit Tanaman - Kopi Arabika,SELESAI,55000000,55000000
KAB. MANDAILING NATAL,DINAS PEKERJAAN UMUM DAN PENATAAN RUANG - ,2643373,34720220,2022,Tender,APBD,CV. DEDDY KURNIA,Tender,Pekerjaan Konstruksi,Pembangunan Pagar Kantor Camat Ranto Baek,SELESAI,239440000,239440000
KAB. MANDAILING NATAL,DINAS PERUMAHAN DAN KAWASAN PERMUKIMAN - 1.04.0.00.0.00.04.0000,2458373,35538510,2022,Non Tender,APBD,NARAMON FAJRI,Pengadaan Langsung,Pekerjaan Konstruksi,Pembangunan Jalan Lingkungan di Perkebunan Simpang Gambir Kec. Lingga Bayu,SELESAI,134400000,134400000
KAB. MANDAILING NATAL,DINAS PEKERJAAN UMUM DAN PENATAAN RUANG - ,2545373,34696764,2022,Tender,APBD,CV. FARIZ PRATAMA,Tender,Pekerjaan Konstruksi,Pembangunan Baru SPAM Jaringan Perpipaan Desa Gunung Tua MS,SELESAI,718876210,718876210
KAB. MANDAILING NATAL,RUMAH SAKIT UMUM DAERAH PANYABUNGAN - 1.02.0.00.0.00.02.0001,708714,35761991,2022,E-Katalog 5.0,BLUD,PT.Phapros Tbk,E-Purchasing,Pengadaan Barang,Ranitidine hydrochloride (HCl)/ Ranitidin injeksi 25 mg/ml,MELAKUKAN PENGIRIMAN DAN PENERIMAAN,8580000,8580000
KAB. MANDAILING NATAL,RUMAH SAKIT UMUM DAERAH PANYABUNGAN - 1.02.0.00.0.00.02.0001,889380,35761991,2022,E-Katalog 5.0,BLUD,PT Sinaraya Nugraha Ahmadaris Medika,E-Purchasing,Pengadaan Barang,POLIXIDE Cairan Antiseptik 500 ml,MELAKUKAN PENGIRIMAN DAN PENERIMAAN,3507000,3507000
KAB. MANDAILING NATAL,DINAS PEKERJAAN UMUM DAN PENATAAN RUANG - ,2895373,37007260,2022,Non Tender,APBDP,CV. NUGRAHA PERKASA,Pengadaan Langsung,Pekerjaan Konstruksi,Peningkatan Jalan Jl. Nusantara I,SELESAI,198402000,198402000
KAB. MANDAILING NATAL,RUMAH SAKIT UMUM DAERAH PANYABUNGAN - 1.02.0.00.0.00.02.0001,967966,35761991,2022,E-Katalog 5.0,BLUD,PT Bayer Indonesia,E-Purchasing,Pengadaan Barang,Nifedipine/ Nifedipin tablet lepas lambat/kaplet lepas lambat 30 mg,MELAKUKAN PENGIRIMAN DAN PENERIMAAN,5979000,5979000
KAB. MANDAILING NATAL,DINAS KESEHATAN - ,670302,34281017,2022,E-Katalog 5.0,APBD,PT Widatra Bhakti,E-Purchasing,Pengadaan Barang,"Nacl 0,9% / Sodium Chloride 0,9%, 500 mL",MELAKUKAN PENGIRIMAN DAN PENERIMAAN,69000000,69000000
KAB. MANDAILING NATAL,DINAS KESEHATAN - ,891491,34279496,2022,E-Katalog 5.0,APBD,CV.NURITEKNIK,E-Purchasing,Pengadaan Barang,Gynecological Examination Table NT 011-00BSS (Plus A),MELAKUKAN PENGIRIMAN DAN PENERIMAAN,59700000,59700000
KAB. MANDAILING NATAL,DINAS PEKERJAAN UMUM DAN PENATAAN RUANG - ,2885373,37019703,2022,Non Tender,APBDP,CV MAHARI PRATAMA,Pengadaan Langsung,Pekerjaan Konstruksi,Rehabilitasi/Pemeliharaan Jalan Jl. Sutan Soripada Mulia,SELESAI,99300000,99300000
KAB. MANDAILING NATAL,DINAS KESEHATAN - ,671487,34281017,2022,E-Katalog 5.0,APBD,PT. Sampharindo Perdana,E-Purchasing,Pengadaan Barang,Amlodipin/ Amlodipine/ Amlodipine besilate tablet/kapsul/kaplet 10 mg,MELAKUKAN PENGIRIMAN DAN PENERIMAAN,7200000,7200000
KAB. MANDAILING NATAL,DINAS PEKERJAAN UMUM DAN PENATAAN RUANG - ,3058373,37044975,2022,Non Tender,APBDP,CV. PARADISE PARK,Pengadaan Langsung,Pekerjaan Konstruksi,Peningkatan SPAM Jaringan Perpipaan Ke Gedung Rumah Sakit Umum Komplek Perkantoran Payaloting,SELESAI,197000000,197000000
KAB. MANDAILING NATAL,RUMAH SAKIT UMUM DAERAH PANYABUNGAN - 1.02.0.00.0.00.02.0001,785815,35761991,2022,E-Katalog 5.0,BLUD,PT Novartis Indonesia,E-Purchasing,Pengadaan Barang,Uperio 50 mg,PROSES KONTRAK PPK,1127700,0
KAB. MANDAILING NATAL,DINAS PERUMAHAN DAN KAWASAN PERMUKIMAN - 1.04.0.00.0.00.04.0000,2456373,35538407,2022,Non Tender,APBD,PT. MARGA BHUANA JAYA CONSULTANT,Pengadaan Langsung,Jasa Konsultansi Badan Usaha Non Konstruksi,Konsultan Perencanaan Pembangunan/ rehabilitasi Jalan Lingkungan,SELESAI,99822300,99822300
KAB. MANDAILING NATAL,DINAS LINGKUNGAN HIDUP - 2.11.0.00.0.00.12.0000,2778373,35760338,2022,Non Tender,APBD,BUANA ASRI,Pengadaan Langsung,Pekerjaan Konstruksi,Pembangunan Taman Terminal Kotanopan,SELESAI,131350000,131350000
KAB. MANDAILING NATAL,DINAS LINGKUNGAN HIDUP - 2.11.0.00.0.00.12.0000,2777373,35760342,2022,Non Tender,APBD,BUANA ASRI,Pengadaan Langsung,Pekerjaan Konstruksi,Pemeliharaan Taman Depan MAN Panyabungan,SELESAI,127922673,127922673
KAB. MANDAILING NATAL,RUMAH SAKIT UMUM DAERAH PANYABUNGAN - 1.02.0.00.0.00.02.0001,708576,35761991,2022,E-Katalog 5.0,BLUD,PT. Hexpharm Jaya Laboratories,E-Purchasing,Pengadaan Barang,Cefotaxime sodium/ Cefotaxime/ Sefotaksim serb inj 1.000 mg,MELAKUKAN PENGIRIMAN DAN PENERIMAAN,2850000,2850000
KAB. MANDAILING NATAL,DINAS PENDIDIKAN - ,2638373,35572805,2022,Non Tender,APBD,CV. NEOSOFT ART,Pengadaan Langsung,Pekerjaan Konstruksi,Pembangunan Ruang Guru & Kepala Sekolah (DAK) - TK Satu Atap SD Negeri 331 Sinunukan,SELESAI,95929000,95929000
KAB. MANDAILING NATAL,RUMAH SAKIT UMUM DAERAH PANYABUNGAN - 1.02.0.00.0.00.02.0001,1057697,35761991,2022,E-Katalog 5.0,BLUD,PT. NOVELL PHARMACEUTICAL LABORATORIES,E-Purchasing,Pengadaan Barang,Triamcinolone acetonide/ Triamsinolon asetonid inj 10 mg/mL (G) (2),MELAKUKAN PENGIRIMAN DAN PENERIMAAN,670000,670000
KAB. MANDAILING NATAL,RUMAH SAKIT UMUM DAERAH PANYABUNGAN - 1.02.0.00.0.00.02.0001,969289,35761991,2022,E-Katalog 5.0,BLUD,PT AstraZeneca Indonesia,E-Purchasing,Pengadaan Barang,"kombinasi, setiap dosis mengandung :   Budesonid 160 mcg  Formoterol 4,5 mcg  (inhalasi), 120 dosis kemasan rapihaler..",MELAKUKAN PENGIRIMAN DAN PENERIMAAN,15070400,0
KAB. MANDAILING NATAL,RUMAH SAKIT UMUM DAERAH PANYABUNGAN - 1.02.0.00.0.00.02.0001,1567198,35761991,2022,E-Katalog 5.0,BLUD,PT Ferron Par Pharmaceuticals,E-Purchasing,Pengadaan Barang," Analog insulin mix insulin inj 100 IU/mL (kemasan vial, cartridge disposible, penfill cartridge) ",MELAKUKAN PENGIRIMAN DAN PENERIMAAN,2800000,0
KAB. MANDAILING NATAL,DINAS PEKERJAAN UMUM DAN PENATAAN RUANG - ,2646373,36578370,2022,Tender,APBD,CV. RADEN SALEH,Tender,Pekerjaan Konstruksi,Pengembangan Tembok Pengendali Banjir Sungai Batang Gadis Desa Hutabaringin TB Kec. Kotanopan Kab. Mandailing Natal (BKP),SELESAI,473141000,473141000
KAB. MANDAILING NATAL,DINAS KESEHATAN - ,942070,34281364,2022,E-Katalog 5.0,APBD,PT. GOLDEN GLOVE MEDICAL INDONESIA,E-Purchasing,Pengadaan Barang,Golden Glove Indonesia Latex Examination Gloves  Powder Free,MELAKUKAN PENGIRIMAN DAN PENERIMAAN,134548000,134548000
KAB. MANDAILING NATAL,DINAS PEKERJAAN UMUM DAN PENATAAN RUANG - ,2988373,37048448,2022,Non Tender,APBDP,cv. riski nauli,Pengadaan Langsung,Pekerjaan Konstruksi,Rehabilitasi Jaringan Irigasi Saba Dolok Desa Banua Simanosor Kecamatan Naga Juang,SELESAI,98000000,98000000
KAB. MANDAILING NATAL,DINAS PERTANIAN - 3.27.0.00.0.00.24.0000,2673373,35250670,2022,Non Tender,APBD,CV. PUTRI LESTARI,Pengadaan Langsung,Pekerjaan Konstruksi,Pembangunan / Rehabilitasi Jalan Usaha Tani Desa Tangga Bosi III Kec. Siabu,SELESAI,128901000,128901000
KAB. MANDAILING NATAL,DINAS PARIWISATA - 3.26.0.00.0.00.23.0000,3111373,37520910,2022,Non Tender,APBDP,CV. SINAR JAYA ABADI,Pengadaan Langsung,Pengadaan Barang,Belanja Bahan-Bahan/Bibit Tanaman,SELESAI,148800000,0
KAB. MANDAILING NATAL,DINAS PERTANIAN - 3.27.0.00.0.00.24.0000,3123373,37532125,2022,Non Tender,APBDP,CV. BANGKIT JAYA,Pengadaan Langsung,Pengadaan Barang,Belanja Bahan - Bahan / Bibit Tanaman - Karet,SELESAI,162083000,162083000
KAB. MANDAILING NATAL,DINAS PENDIDIKAN DAN KEUBUDAYAAN - 1.01.2.22.0.00.00.0000,936315,36028154,2022,E-Katalog 5.0,APBD,PT Sentra Kriya Edukasi,E-Purchasing,Pengadaan Barang,CB311_9HT Celeron N4020 4G 32G UMA WiFi ChromeOS + Chrome EDU Upgrade 11.6inch Touch Garansi 1/1/0 (P/L/O) (Hanya berfungsi optimal jika ada jaringan internet),PROSES KONTRAK PPK,105900000,105900000
KAB. MANDAILING NATAL,DINAS KESEHATAN - ,809119,34279202,2022,E-Katalog 5.0,APBD,PT. Emiindo Jaya Bersama,E-Purchasing,Pengadaan Barang,Blood Pressure Monitor/ Tensimeter Digital Powerbank Plus  Adaptor,MELAKUKAN PENGIRIMAN DAN PENERIMAAN,3670400,3670400
KAB. MANDAILING NATAL,SEKRETARIAT DPRD KABUPATEN - 4.02.0.00.0.00.27.0000,2709373,35792967,2022,Non Tender,APBD,CV. DAME LANGGENG,Pengadaan Langsung,Pengadaan Barang,Biaya Pengadaan Pakaian Dinas Pimpinan dan Anggota DPRD Pakaian Sipil Resmi,SELESAI,78321000,78321000
KAB. MANDAILING NATAL,DINAS PERUMAHAN DAN KAWASAN PERMUKIMAN - 1.04.0.00.0.00.04.0000,2481373,35538464,2022,Non Tender,APBD,CV. TEGUH MANDALA,Pengadaan Langsung,Pekerjaan Konstruksi,Pembangunan Jalan Lingkungan Desa Batu Sondat Kec. Batahan,SELESAI,147000000,147000000
KAB. MANDAILING NATAL,DINAS PERTANIAN - 3.27.0.00.0.00.24.0000,2671373,35250679,2022,Non Tender,APBD,CV. ANUGERAH AZKA WAHANA,Pengadaan Langsung,Pekerjaan Konstruksi,Pembangunan / Rehabilitasi Jalan Usaha Tani Kel. Kotasiantar Kec. Panyabungan,SELESAI,64150000,64150000
KAB. MANDAILING NATAL,DINAS KESEHATAN - ,704084,34281017,2022,E-Katalog 5.0,APBD,PT.Phapros Tbk,E-Purchasing,Pengadaan Barang,Aminofilin/Aminophylline inj 24 mg/ml,MELAKUKAN PENGIRIMAN DAN PENERIMAAN,5435040,5435040
KAB. MANDAILING NATAL,DINAS PEKERJAAN UMUM DAN PENATAAN RUANG - ,2483373,34976914,2022,Tender,APBD,PT. ARTEK UTAMA,Seleksi,Jasa Konsultansi Badan Usaha Konstruksi,Jasa Konsultansi Pengawasan Kegiatan DAK Wil. I kab. Mandailing Natal,SELESAI,697895000,697895000
KAB. MANDAILING NATAL,RUMAH SAKIT UMUM DAERAH PANYABUNGAN - 1.02.0.00.0.00.02.0001,707948,35761991,2022,E-Katalog 5.0,BLUD,P.T. Dexa Medica,E-Purchasing,Pengadaan Barang,Ketorolak/ Ketorolac / Ketorolac trometamol/ Ketorolac tromethamine inj 30 mg/ml (3%),MELAKUKAN PENGIRIMAN DAN PENERIMAAN,8800000,8800000
KAB. MANDAILING NATAL,DINAS PEKERJAAN UMUM DAN PENATAAN RUANG - ,2883373,37020366,2022,Non Tender,APBDP,CV. NUGRAHA PERKASA,Pengadaan Langsung,Pekerjaan Konstruksi,Rehabilitasi/Pemeliharaan Jalan Pesantren Darul Ikhlas - Jalan Serasi,SELESAI,198500000,198500000
KAB. MANDAILING NATAL,DINAS PEKERJAAN UMUM DAN PENATAAN RUANG - ,3001373,37048384,2022,Non Tender,APBDP,CV. NABILA,Pengadaan Langsung,Pekerjaan Konstruksi,Rehabilitasi Jaringan Irigasi Saba Padang Desa Pintu Padang Julu Kecamatan Siabu,SELESAI,98200000,98200000
KAB. MANDAILING NATAL,BADAN KESATUAN BANGSA DAN POLITIK - 8.01.0.00.0.00.56.0000,100373,34015318,2022,Pencatatan,APBD,MUHAMMAD IRMAN JAMBAK/BENDAHARA PENGELUARAN,Pengadaan Langsung,Pekerjaan Konstruksi,Belanja Administrasi Kegiatan/ Belanja Modal Bangunan Gedung Tempat Pertemuan,PAKET SELESAI,11367500,11367500
KAB. MANDAILING NATAL,DINAS TENAGA KERJA - 2.07.3.29.3.32.08.0001,3034373,37685453,2022,Non Tender,APBDP,cv. bugis nauli,Pengadaan Langsung,Pekerjaan Konstruksi,Pemeliharaan/Rehabilitasi Sarana dan Prasarana Pendukung Gedung Kantor atau Bangunan Lainnya (Sub Unit : Dinas Tenaga Kerja),SELESAI,193490000,193490000
KAB. MANDAILING NATAL,DINAS PERTANIAN - 3.27.0.00.0.00.24.0000,3019373,37533515,2022,Non Tender,APBDP,CV. RAJA AKBAR,Pengadaan Langsung,Pengadaan Barang,Belanja Bibit Jagung Untuk Wilayah Mandailing Julu,SELESAI,162048000,162048000
KAB. MANDAILING NATAL,DINAS PEKERJAAN UMUM DAN PENATAAN RUANG - ,2978373,37048270,2022,Non Tender,APBDP,CV. TIQA CEMERLANG,Pengadaan Langsung,Pekerjaan Konstruksi,Rehabilitasi Tanggul Sungai Desa Lubuk Kapundung Kecamatan Muara Batang Gadis,SELESAI,148500000,148500000
KAB. MANDAILING NATAL,DINAS PEKERJAAN UMUM DAN PENATAAN RUANG - ,2828373,34697986,2022,Non Tender,APBD,CV. MATAHARI ABADI,Pengadaan Langsung,Pekerjaan Konstruksi,Pembangunan Drainase Lingkungan Desa Laru Dolok Kec. Tambangan,SELESAI,158700000,158700000
KAB. MANDAILING NATAL,DINAS LINGKUNGAN HIDUP - 2.11.0.00.0.00.12.0000,3118373,37858138,2022,Non Tender,APBDP,PT Syawalindo Pratama Rezeki,Pengadaan Langsung,Pengadaan Barang,Belanja Bahan - Bahan Kimia ( Alat Laboratorium ),SELESAI,142024000,0
KAB. MANDAILING NATAL,RUMAH SAKIT UMUM DAERAH PANYABUNGAN - 1.02.0.00.0.00.02.0001,910518,35761991,2022,E-Katalog 5.0,BLUD,PT. AFIFARMA,E-Purchasing,Pengadaan Barang,Ibuprofen suspensi 100 mg/5 ml,MELAKUKAN PENGIRIMAN DAN PENERIMAAN,459600,459600
KAB. MANDAILING NATAL,DINAS PEKERJAAN UMUM DAN PENATAAN RUANG - ,2823373,36578414,2022,Non Tender,APBD,FUTURINDO MANDIRI SEJAHTERA,Pengadaan Langsung,Pekerjaan Konstruksi,Pembangunan Jaringan Irigasi di Desa Sayur Maincat Kec. Kotanopan Kab. Mandailing Natal (BKP),SELESAI,198000000,198000000
KAB. MANDAILING NATAL,RUMAH SAKIT UMUM DAERAH PANYABUNGAN - 1.02.0.00.0.00.02.0001,1057697,35761991,2022,E-Katalog 5.0,BLUD,PT. NOVELL PHARMACEUTICAL LABORATORIES,E-Purchasing,Pengadaan Barang,"Tamsulosin tablet lepas lambat / kaplet lepas lambat 0,4 mg (G)",MELAKUKAN PENGIRIMAN DAN PENERIMAAN,13068000,13068000
KAB. MANDAILING NATAL,DINAS PEKERJAAN UMUM DAN PENATAAN RUANG - ,2909373,37020158,2022,Non Tender,APBDP,CV. CENTRAL GRAFIKA PRINT,Pengadaan Langsung,Pekerjaan Konstruksi,Rehabilitasi/Pemeliharaan Jalan Muara Soma - Banjar Melayu,SELESAI,149000000,149000000
KAB. MANDAILING NATAL,DINAS PERUMAHAN DAN KAWASAN PERMUKIMAN - 1.04.0.00.0.00.04.0000,2494373,35538454,2022,Non Tender,APBD,CV. PUTRA PRATAMA,Pengadaan Langsung,Pekerjaan Konstruksi,Pembangunan Jalan Lingkungan di Desa Huta Dangka Kec. Kotanopan,SELESAI,134450000,134450000
KAB. MANDAILING NATAL,DINAS PENDIDIKAN - ,2605373,35573836,2022,Tender,APBD,CV. MUTIARA MUTIARA ABADI,Tender,Pekerjaan Konstruksi,Pembangunan Ruang Laboratorium Komputer Beserta Perabotnya (DAK) - SD Negeri 140 Tarutung Julu,SELESAI,207549229,207549229
KAB. MANDAILING NATAL,BADAN KESATUAN BANGSA DAN POLITIK - 8.01.0.00.0.00.56.0000,2073745,34015215,2022,E-Katalog 5.0,APBD,PT. Yamaha Indonesia Motor Manufacturing,E-Purchasing,Pengadaan Barang,XRIDE 125,PROSES KONTRAK PPK,21113563,21113563
KAB. MANDAILING NATAL,DINAS PERTANIAN - 3.27.0.00.0.00.24.0000,2752373,36390134,2022,Non Tender,APBD,FUTURINDO MANDIRI SEJAHTERA,Pengadaan Langsung,Pekerjaan Konstruksi,Pembangunan Jalan Usaha Tani (JUT) di Desa Tambangan Jae Kec. Tambangan Kab. Mandailing Natal (BKP),SELESAI,199506895,199506895
KAB. MANDAILING NATAL,DINAS KESEHATAN - ,672299,34281017,2022,E-Katalog 5.0,APBD,PT. Kimia Farma Tbk,E-Purchasing,Pengadaan Barang,Hidroklorotiazid/ Hydrochlorothiazide tablet/kapsul/kaplet 25 mg (G),MELAKUKAN PENGIRIMAN DAN PENERIMAAN,2960000,2960000
KAB. MANDAILING NATAL,DINAS PEKERJAAN UMUM DAN PENATAAN RUANG - ,2555373,34696684,2022,Tender,APBD,CV AEK KAPIAS,Tender,Pekerjaan Konstruksi,Pembangunan Baru SPAM Jaringan Perpipaan Desa Tambangan Jae,SELESAI,397463255,397463255
KAB. MANDAILING NATAL,DINAS PERUMAHAN DAN KAWASAN PERMUKIMAN - 1.04.0.00.0.00.04.0000,2473373,35538449,2022,Non Tender,APBD,CV. ASTRY TRY PUTRA,Pengadaan Langsung,Pekerjaan Konstruksi,Pembangunan Jalan Lingkungan di Desa Huta Bargot Nauli Kec. Huta bargot,SELESAI,134562676,134562676
KAB. MANDAILING NATAL,DINAS PERTANIAN - 3.27.0.00.0.00.24.0000,3083373,37531987,2022,Non Tender,APBDP,CV. PUTRA PRATAMA,Pengadaan Langsung,Pengadaan Barang,Belanja Modal Personal Computer,SELESAI,177378000,177378000
KAB. MANDAILING NATAL,DINAS PEKERJAAN UMUM DAN PENATAAN RUANG - ,2500373,34716220,2022,Tender,APBD,CV. FERDIAN PUTRA,Tender,Pekerjaan Konstruksi,Rehabilitasi Jalan Dalam Kota Kecamatan Kotanopan,SELESAI,394032356,394032356
KAB. MANDAILING NATAL,DINAS PEKERJAAN UMUM DAN PENATAAN RUANG - ,3004373,37048433,2022,Non Tender,APBDP,CV. ASTRY TRY PUTRA,Pengadaan Langsung,Pekerjaan Konstruksi,Rehabilitasi Jaringan Irigasi Bondar Saba Pesong Desa Malintang Jae Kecamatan Bukit Malintang,SELESAI,98000000,98000000
KAB. MANDAILING NATAL,DINAS PENDIDIKAN - ,2811373,35573790,2022,Non Tender,APBD,CV. BANGKIT BERSAMA GROUP,Pengadaan Langsung,Pekerjaan Konstruksi,Pembangunan Ruang Kelas Baru - SD Negeri 310 Tandikek,SELESAI,194248000,194248000
KAB. MANDAILING NATAL,RUMAH SAKIT UMUM DAERAH PANYABUNGAN - 1.02.0.00.0.00.02.0001,1920402,35761991,2022,E-Katalog 5.0,BLUD,P.T. Dexa Medica,E-Purchasing,Pengadaan Barang,Clozapine/ Klozapin tablet/kapsul/kaplet 25 mg,MELAKUKAN PENGIRIMAN DAN PENERIMAAN,946000,946000
KAB. MANDAILING NATAL,KECAMATAN LEMBAH SORIK MARAPI - 7.01.0.00.0.00.48.0000,3117373,37902117,2022,Non Tender,APBDP,CV. KREASI KENANGA,Pengadaan Langsung,Pengadaan Barang,Pengadaan Pakaian Dinas Beserta Atribut Kelengkapannya,SELESAI,26756000,26756000
