Nama Instansi,Nama Satuan Kerja,Kode Paket,Kode RUP,Tahun Anggaran,Sumber Transaksi,Sumber Dana,Nama Penyedia,Metode Pengadaan,Jenis Pengadaan,Nama Paket,Status Paket,Total Nilai (Rp),Nilai PDN (Rp);
KAB. MANDAILING NATAL,DINAS PEKERJAAN UMUM DAN PENATAAN RUANG - 1.03.0.00.0.00.03.0000,10200094000,59438975,2025,Non Tender,APBD,CV. MEDTAN CIPTA UTAMA,Pengadaan Langsung,Jasa Konsultansi Badan Usaha Konstruksi,Jasa Konsultansi Survey Pendahuluan Rencana Pembukaan Jalan Kec. Panyabungan Timur (Huta Tinggi - Aek Nabara),SELESAI,99644700,99644700;
"KAB. MANDAILING NATAL,RUMAH SAKIT UMUM DAERAH PANYABUNGAN - 1.02.0.00.0.00.02.0001,12056146,58008995,2025,E-Katalog 5.0,BLUD,PT Glaxo Wellcome Indonesia,E-Purchasing,Pengadaan Barang,""Kombinasi KDT/FDC, setiap mL mengandung:  Salmeterol 50 mcg dan Flutikason propionat 250 mcg ih 250 mcg puff"",MELAKUKAN PENGIRIMAN DAN PENERIMAAN,15923160,0";
KAB. MANDAILING NATAL,BAGIAN UMUM - 4.01.5.06.0.00.24.0009,01JXF6P1PN22CP03ETRW7CEN9Z,59635346,2025,E-Katalog 6.0,APBD,SETYA SARI SUKSES,E-Purchasing,Barang,Belanja Modal Electric Generating Set,PAYMENT OUTSIDE SYSTEM,346875000,346875000;
KAB. MANDAILING NATAL,DINAS PENDIDIKAN DAN KEBUDAYAAN - 1.01.2.22.0.00.01.0000,10326928000,57108805,2025,Non Tender,APBD,CV. BANGKIT BERSAMA GROUP,Pengadaan Langsung,Pekerjaan Konstruksi,Rehabilitasi Ruang Kelas SD Negeri 361 Buburan,SELESAI,198000000,198000000;
KAB. MANDAILING NATAL,DINAS PERTANIAN - 3.27.0.00.0.00.22.0000,01JWQYG16BQWWDJP9A8FVYM8MF,59443890,2025,E-Katalog 6.0,APBD,AULIA RIZKI PRATAMA,E-Purchasing,Barang,Belanja Obat-Obatan-Obat-Obatan Lainnya,ON PROCESS,83789950,83789950;
KAB. MANDAILING NATAL,RUMAH SAKIT UMUM DAERAH PANYABUNGAN - 1.02.0.00.0.00.02.0001,01K96V2YECCRQZVK789JW0WD8F,58008995,2025,E-Katalog 6.0,BLUD,MERSIFARMA TIRMAKU MERCUSANA,E-Purchasing,Barang,Belanja Barang dan Jasa BLUD,ON PROCESS,10540560,10540560;
KAB. MANDAILING NATAL,DINAS PEKERJAAN UMUM DAN PENATAAN RUANG - 1.03.0.00.0.00.03.0000,11864328,59526453,2025,E-Katalog 5.0,APBD,CV. IKHWAN FIRDAUS,E-Purchasing,Pengadaan Barang,Menyediakan Meteran,MELAKUKAN PENGIRIMAN DAN PENERIMAAN,85977500,85977500;
KAB. MANDAILING NATAL,BADAN PENGELOLAAN KEUANGAN DAN ASET DAERAH - 5.02.0.00.0.00.27.0000,01JWWZEZEX1ZS8Q32QKK4R4DQD,59632661,2025,E-Katalog 6.0,APBD,KREATIFITAS CEMERLANG,E-Purchasing,Barang,Belanja Alat/Bahan untuk Kegiatan Kantor- Alat Tulis Kantor,PAYMENT OUTSIDE SYSTEM,174150000,174150000;
KAB. MANDAILING NATAL,RUMAH SAKIT UMUM DAERAH PANYABUNGAN - 1.02.0.00.0.00.02.0001,11943921,58008995,2025,E-Katalog 5.0,BLUD,PT. Mersifarma Tirmaku Mercusana,E-Purchasing,Pengadaan Barang,Haloperidol inj 5 mg/mL (i.m.),MELAKUKAN PENGIRIMAN DAN PENERIMAAN,117960,117960;
KAB. MANDAILING NATAL,DINAS PEKERJAAN UMUM DAN PENATAAN RUANG - 1.03.0.00.0.00.03.0000,11912701,59559152,2025,E-Katalog 5.0,APBD,CV. KENZO MAHAGANI,E-Purchasing,Pengadaan Barang,Galian Tanah Biasa,PAKET SELESAI,387440,387440;
KAB. MANDAILING NATAL,RUMAH SAKIT UMUM DAERAH PANYABUNGAN - 1.02.0.00.0.00.02.0001,11943921,58008995,2025,E-Katalog 5.0,BLUD,PT. Mersifarma Tirmaku Mercusana,E-Purchasing,Pengadaan Barang,ANTASIDA DOEN SUSPENSI,MELAKUKAN PENGIRIMAN DAN PENERIMAAN,275000,275000;
KAB. MANDAILING NATAL,DINAS KESEHATAN - 1.02.0.00.0.00.02.0000,11955796,58541960,2025,E-Katalog 5.0,APBD,CIPTA MEDIKA SEMPURNA,E-Purchasing,Pengadaan Barang,CAVITIMI,MELAKUKAN PENGIRIMAN DAN PENERIMAAN,14090000,0;
KAB. MANDAILING NATAL,RUMAH SAKIT UMUM DAERAH PANYABUNGAN - 1.02.0.00.0.00.02.0001,11886936,58008995,2025,E-Katalog 5.0,BLUD,PT Yarindo Farmatama,E-Purchasing,Pengadaan Barang,Eritromisin/ Erythromycin/tablet/kapsul/kaplet 500 mg,MELAKUKAN PENGIRIMAN DAN PENERIMAAN,1439000,1439000;
KAB. MANDAILING NATAL,RUMAH SAKIT UMUM DAERAH PANYABUNGAN - 1.02.0.00.0.00.02.0001,01JV6W3V41YYK9BJ6HPER3KHD9,59218258,2025,E-Katalog 6.0,BLUD,NEW SUNNY PRODUCTION,E-Purchasing,Barang,Belanja Peralatan dan mesin BLUD,ON PROCESS,98801100,98801100;
KAB. MANDAILING NATAL,DINAS KESEHATAN - 1.02.0.00.0.00.02.0000,11717103,58585567,2025,E-Katalog 5.0,APBD,PT.SURYADARMA YUDHA MANDIRI,E-Purchasing,Pengadaan Barang,UWI ULTRA WATER INSTALATION TYPE 2,MELAKUKAN PENGIRIMAN DAN PENERIMAAN,1680000000,1680000000;
KAB. MANDAILING NATAL,DINAS KESEHATAN - 1.02.0.00.0.00.02.0000,11959299,58541960,2025,E-Katalog 5.0,APBD,PT. Kimia Farma Tbk,E-Purchasing,Pengadaan Barang,Ketokonazol/ Ketoconazole krim 2%,MELAKUKAN PENGIRIMAN DAN PENERIMAAN,3588000,3588000;
"KAB. MANDAILING NATAL,DINAS KESEHATAN - 1.02.0.00.0.00.02.0000,11924636,58875523,2025,E-Katalog 5.0,APBD,PT.Elsyahfi Calibratech Mandiri,E-Purchasing,Pengadaan Barang,""JASA PENGUJIAN, KALIBRASI DAN PEMELIHARAAN ALAT KESEHATAN SUCTION PUMP"",MELAKUKAN PENGIRIMAN DAN PENERIMAAN,5220000,5220000";
KAB. MANDAILING NATAL,DINAS PEKERJAAN UMUM DAN PENATAAN RUANG - 1.03.0.00.0.00.03.0000,10156785000,59526455,2025,Non Tender,APBD,CV. PUTRA PRATAMA,Pengadaan Langsung,Pekerjaan Konstruksi,Pengadaan Pompa dan Assesoris Air Minum RSU Komplek Perkantoran Payaloting,SELESAI,348750000,348750000;
KAB. MANDAILING NATAL,DINAS PEKERJAAN UMUM DAN PENATAAN RUANG - 1.03.0.00.0.00.03.0000,10353836000,59438869,2025,Non Tender,APBD,HQ PRATAMA CONSULTANT,Pengadaan Langsung,Jasa Konsultansi Badan Usaha Konstruksi,Survei Kondisi Jalan dan Jembatan,SELESAI,99800000,99800000;
KAB. MANDAILING NATAL,RUMAH SAKIT UMUM DAERAH PANYABUNGAN - 1.02.0.00.0.00.02.0001,12037759,58008995,2025,E-Katalog 5.0,BLUD,PT. IFARS PHARMACEUTICAL LABORATORIES,E-Purchasing,Pengadaan Barang,Doksisiklin/ Doxycycline/ Doxycycline hyclate tablet/kapsul/kaplet 100 mg,MELAKUKAN PENGIRIMAN DAN PENERIMAAN,888000,888000;
KAB. MANDAILING NATAL,DINAS PERDAGANGAN - 3.30.3.31.0.00.23.0000,10601575000,61018166,2025,Non Tender,APBDP,CV. RRH CONSULTANT,Pengadaan Langsung,Jasa Konsultansi Badan Usaha Konstruksi,Jasa Konsultansi Pengawasan Fisik Bidang Pengembagan Perdagangan P.APBD 2025,SELESAI,24253500,24253500;
KAB. MANDAILING NATAL,DINAS PEKERJAAN UMUM DAN PENATAAN RUANG - 1.03.0.00.0.00.03.0000,11869962,59559159,2025,E-Katalog 5.0,APBD,PT. GASHABAT SUKSES MANDIRI,E-Purchasing,Pengadaan Barang,LASTON LAPIS AUS (AC-WC),PAKET SELESAI,17640000,17640000;
KAB. MANDAILING NATAL,DINAS PERHUBUNGAN - 2.15.0.00.0.00.14.0000,01JZ22DW357J7MNKFM6D8ZW3EZ,59812504,2025,E-Katalog 6.0,APBD,BUGIS NAULI,E-Purchasing,Barang,Belanja Kabel Twisted SR Meterisasi LPJU Kec. Panyabungan,PAYMENT OUTSIDE SYSTEM,227994000,227994000;
KAB. MANDAILING NATAL,DINAS PERHUBUNGAN - 2.15.0.00.0.00.14.0000,01JXVV0QMRC50HJP2M30ACWPJF,59742328,2025,E-Katalog 6.0,APBD,MAYINDO,E-Purchasing,Barang,Belanja Modal Alat Kalibrasi,PAYMENT OUTSIDE SYSTEM,114507600,0;
KAB. MANDAILING NATAL,RUMAH SAKIT UMUM DAERAH PANYABUNGAN - 1.02.0.00.0.00.02.0001,11966205,58008995,2025,E-Katalog 5.0,BLUD,PT. GUARDIAN PHARMATAMA,E-Purchasing,Pengadaan Barang,KTM - 100 Ketamin 100 mg/mL,MELAKUKAN PENGIRIMAN DAN PENERIMAAN,2623640,2623640;
KAB. MANDAILING NATAL,DINAS PERTANIAN - 3.27.0.00.0.00.22.0000,01JW5D4QAQ71N4F8JZN8VHHKWJ,59373327,2025,E-Katalog 6.0,APBD,SETYA SARI SUKSES,E-Purchasing,Barang,Belanja Barang untuk Dijual/Diserahkan kepada Masyarakat,ON PROCESS,387134400,387134400;
KAB. MANDAILING NATAL,DINAS PEKERJAAN UMUM DAN PENATAAN RUANG - 1.03.0.00.0.00.03.0000,11864328,59526453,2025,E-Katalog 5.0,APBD,CV. IKHWAN FIRDAUS,E-Purchasing,Pengadaan Barang,Timbunan Kembali,MELAKUKAN PENGIRIMAN DAN PENERIMAAN,6112500,6112500;
KAB. MANDAILING NATAL,DINAS PENDIDIKAN DAN KEBUDAYAAN - 1.01.2.22.0.00.01.0000,10326955000,57108807,2025,Non Tender,APBD,CV. TORKIS LUBIS GROUP,Pengadaan Langsung,Pekerjaan Konstruksi,Rehabilitasi Ruang Kelas SD Negeri 174 Sibanggor Tonga,SELESAI,149841597,149841597;
KAB. MANDAILING NATAL,DINAS PENDIDIKAN DAN KEBUDAYAAN - 1.01.2.22.0.00.01.0000,10545157000,57108797,2025,Non Tender,APBD,CV. BUNGA BONDAR GROUP,Pengadaan Langsung,Pekerjaan Konstruksi,Rehabilitasi Ruang Kelas SD Negeri 080 Panyabungan,SELESAI,199494137,199494137;
KAB. MANDAILING NATAL,DINAS PENDIDIKAN DAN KEBUDAYAAN - 1.01.2.22.0.00.01.0000,10327026000,57108799,2025,Non Tender,APBD,CV. ANUGRAH KARYA ABADI,Pengadaan Langsung,Pekerjaan Konstruksi,Rehabilitasi Ruang Kelas SD Negeri 038 Tangga Bosi,SELESAI,149784645,149784645;
KAB. MANDAILING NATAL,DINAS KESEHATAN - 1.02.0.00.0.00.02.0000,11882679,58541960,2025,E-Katalog 5.0,APBD,PT. PUTRA KARYA SENTOSA,E-Purchasing,Pengadaan Barang,Glibenklamid 5 mg tablet,MELAKUKAN PENGIRIMAN DAN PENERIMAAN,11400000,11400000;
KAB. MANDAILING NATAL,DINAS KESEHATAN - 1.02.0.00.0.00.02.0000,11882679,58541960,2025,E-Katalog 5.0,APBD,PT. PUTRA KARYA SENTOSA,E-Purchasing,Pengadaan Barang,Sianokobalamin (vitamin B12) inj 500 mcg/ml,MELAKUKAN PENGIRIMAN DAN PENERIMAAN,127200000,127200000;
"KAB. MANDAILING NATAL,DINAS KESEHATAN - 1.02.0.00.0.00.02.0000,11955814,58541960,2025,E-Katalog 5.0,APBD,P.T. Dexa Medica,E-Purchasing,Pengadaan Barang,""Lactulose/ Laktulosa sir 3,335 g/5 mL"",MELAKUKAN PENGIRIMAN DAN PENERIMAAN,7220800,7220800";
KAB. MANDAILING NATAL,DINAS PEKERJAAN UMUM DAN PENATAAN RUANG - 1.03.0.00.0.00.03.0000,10070925000,59489797,2025,Tender,APBD,Bejana Utama,Tender,Pekerjaan Konstruksi,Lanjutan Pembangunan Markas PMI Panyabungan,SELESAI,525863761,525863761;
"KAB. MANDAILING NATAL,DINAS KESEHATAN - 1.02.0.00.0.00.02.0000,11868250,58541723,2025,E-Katalog 5.0,APBD,PT. SATORIA ANEKA INDUSTRI,E-Purchasing,Pengadaan Barang,""NaCl 0.9% / Sodium Chloride 0.9%, 500 mL"",MELAKUKAN PENGIRIMAN DAN PENERIMAAN,38365000,38365000";
KAB. MANDAILING NATAL,RUMAH SAKIT UMUM DAERAH PANYABUNGAN - 1.02.0.00.0.00.02.0001,11833953,58008995,2025,E-Katalog 5.0,BLUD,PT. Kimia Farma Tbk,E-Purchasing,Pengadaan Barang,Pethidine hydrochloride/ Petidin inj 50 mg/mL (i.m./i.v.),MELAKUKAN PENGIRIMAN DAN PENERIMAAN,471800,471800;
KAB. MANDAILING NATAL,DINAS PENDIDIKAN DAN KEBUDAYAAN - 1.01.2.22.0.00.01.0000,10327002000,57108813,2025,Non Tender,APBD,CV. CENTRAL GRAFIKA PRINT,Pengadaan Langsung,Pekerjaan Konstruksi,Rehabilitasi Ruang Kelas SD Negeri 098 Pidoli Lombang,SELESAI,199865243,199865243;
KAB. MANDAILING NATAL,RUMAH SAKIT UMUM DAERAH PANYABUNGAN - 1.02.0.00.0.00.02.0001,12018581,59725914,2025,E-Katalog 5.0,BLUD,PT. SERENITY INDONESIA,E-Purchasing,Pengadaan Barang,Digital Sphygmomanometer BEM -7120,PROSES KONTRAK PPK,17500000,17500000;
KAB. MANDAILING NATAL,RUMAH SAKIT UMUM DAERAH PANYABUNGAN - 1.02.0.00.0.00.02.0001,11895042,58008995,2025,E-Katalog 5.0,BLUD,PT. Kimia Farma Tbk,E-Purchasing,Pengadaan Barang,Morfin Injeksi 10 mg/ml (i.m/s.k/ i.v),MELAKUKAN PENGIRIMAN DAN PENERIMAAN,1030800,1030800;
"KAB. MANDAILING NATAL,RUMAH SAKIT UMUM DAERAH PANYABUNGAN - 1.02.0.00.0.00.02.0001,11858942,58008995,2025,E-Katalog 5.0,BLUD,PT. NOVELL PHARMACEUTICAL LABORATORIES,E-Purchasing,Pengadaan Barang,""Dutasteride / Dutasterid kapsul lunak 0,5 mg"",MELAKUKAN PENGIRIMAN DAN PENERIMAAN,2697300,2697300";
KAB. MANDAILING NATAL,DINAS KETAHANAN PANGAN - 2.09.0.00.0.00.09.0000,01JVBGY584J1H2VEA7P454B6BV,58987730,2025,E-Katalog 6.0,APBD,CHRISTY DAN JONATHAN,E-Purchasing,Barang,Belanja Barang untuk Dijual/Diserahkan kepada Masyarakat,ON PROCESS,194964840,194964840;
KAB. MANDAILING NATAL,DINAS PEKERJAAN UMUM DAN PENATAAN RUANG - 1.03.0.00.0.00.03.0000,11869962,59559159,2025,E-Katalog 5.0,APBD,PT. GASHABAT SUKSES MANDIRI,E-Purchasing,Pengadaan Barang,GALIAN BIASA,PAKET SELESAI,4788000,4788000;
KAB. MANDAILING NATAL,DINAS PEKERJAAN UMUM DAN PENATAAN RUANG - 1.03.0.00.0.00.03.0000,11864328,59526453,2025,E-Katalog 5.0,APBD,CV. IKHWAN FIRDAUS,E-Purchasing,Pengadaan Barang,Galian Tanah Keras Jaringan Pipa,MELAKUKAN PENGIRIMAN DAN PENERIMAAN,27600000,27600000;
KAB. MANDAILING NATAL,DINAS PEKERJAAN UMUM DAN PENATAAN RUANG - 1.03.0.00.0.00.03.0000,10495831000,60893871,2025,Non Tender,APBDP,CV. RENDER CONSULTANT,Pengadaan Langsung,Jasa Konsultansi Badan Usaha Non Konstruksi,Konsultansi Pemutakhiran Data Base Jaringan Irigasi Kewenangan Kabupaten,SELESAI,79600000,79600000;
KAB. MANDAILING NATAL,DINAS PEKERJAAN UMUM DAN PENATAAN RUANG - 1.03.0.00.0.00.03.0000,11864328,59526453,2025,E-Katalog 5.0,APBD,CV. IKHWAN FIRDAUS,E-Purchasing,Pengadaan Barang,Menyediakan Elbow GIP 1/2,MELAKUKAN PENGIRIMAN DAN PENERIMAAN,10710000,10710000;
KAB. MANDAILING NATAL,INSPEKTORAT DAERAH KABUPATEN - 6.01.0.00.0.00.30.0000,10410346000,57075542,2025,Non Tender,APBD,ARION ADONAY CONSULTANT,Pengadaan Langsung,Jasa Konsultansi Badan Usaha Konstruksi,Jasa Konsultasi Pengawasan Pembangunan Gedung Inspektorat (Tahap I),SELESAI,99500500,99500500;
KAB. MANDAILING NATAL,DINAS PEKERJAAN UMUM DAN PENATAAN RUANG - 1.03.0.00.0.00.03.0000,11830442,57424552,2025,E-Katalog 5.0,APBD,DEMBAN SIMPAR JAYA,E-Purchasing,Pengadaan Barang,Laston Lapis Antara (AC-BC),MELAKUKAN PENGIRIMAN DAN PENERIMAAN,1059630000,1059630000;
KAB. MANDAILING NATAL,BADAN PENGELOLAAN KEUANGAN DAN ASET DAERAH - 5.02.0.00.0.00.27.0000,10362798000,56648131,2025,Non Tender,APBD,CV. MUTIARA MUTIARA ABADI,Pengadaan Langsung,Pekerjaan Konstruksi,Belanja Modal Bangunan Gedung Kantor,SELESAI,148500003,148500003;
KAB. MANDAILING NATAL,RUMAH SAKIT UMUM DAERAH PANYABUNGAN - 1.02.0.00.0.00.02.0001,11935050,58008995,2025,E-Katalog 5.0,BLUD,P.T. Dexa Medica,E-Purchasing,Pengadaan Barang,Spironolakton tab 25 mg,MELAKUKAN PENGIRIMAN DAN PENERIMAAN,5500000,5500000;
KAB. MANDAILING NATAL,BAGIAN UMUM - 4.01.5.06.0.00.24.0009,10614622000,61723910,2025,Non Tender,APBDP,cv. bugis nauli,Pengadaan Langsung,Pekerjaan Konstruksi,Rehab Interior Ruang Kerja Bupati,SELESAI,99950000,99950000;
KAB. MANDAILING NATAL,DINAS PENDIDIKAN DAN KEBUDAYAAN - 1.01.2.22.0.00.01.0000,10326949000,57108821,2025,Non Tender,APBD,CV. ALDRICH PERDANA KARYA,Pengadaan Langsung,Pekerjaan Konstruksi,Rehabilitasi Ruang Kelas SD Negeri 191 Kotanopan,SELESAI,199902100,199902100;
KAB. MANDAILING NATAL,RUMAH SAKIT UMUM DAERAH PANYABUNGAN - 1.02.0.00.0.00.02.0001,12014428,58008995,2025,E-Katalog 5.0,BLUD,PT. Kimia Farma Tbk,E-Purchasing,Pengadaan Barang,Vitamin B Kompleks/ Vitamin B complex tablet,MELAKUKAN PENGIRIMAN DAN PENERIMAAN,1110000,1110000;
KAB. MANDAILING NATAL,RUMAH SAKIT UMUM DAERAH PANYABUNGAN - 1.02.0.00.0.00.02.0001,11944279,58008995,2025,E-Katalog 5.0,BLUD,PT. ANUGRAHMITRA SELARAS,E-Purchasing,Pengadaan Barang,REMEDI 3 Ply Surgical Face Mask Easy Loop for Hijab,MELAKUKAN PENGIRIMAN DAN PENERIMAAN,6510800,6510800;
KAB. MANDAILING NATAL,BAGIAN UMUM - 4.01.5.06.0.00.24.0009,01KA8269S6MHFDYXJDDXYY2836,61506285,2025,E-Katalog 6.0,APBDP,BUANA PERKASA,E-Purchasing,Barang,Belanja Modal Peralatan Studio Video dan Film,ON PROCESS,396800025,396800025;
KAB. MANDAILING NATAL,BAGIAN UMUM - 4.01.5.06.0.00.24.0009,10614600000,61723986,2025,Non Tender,APBDP,CV. BINTANG KARYA BHAKTI,Pengadaan Langsung,Pekerjaan Konstruksi,Rehab dan Pengecatan Rumah Dinas Sekda,SELESAI,49940500,49940500;
KAB. MANDAILING NATAL,DINAS KESEHATAN - 1.02.0.00.0.00.02.0000,01KAX2PSRG8WMQQ8C6PA7AJVW3,61713534,2025,E-Katalog 6.0,APBD,MAKMUR JAYA HEALTHINDO,E-Purchasing,Barang,Belanja Barang Untuk Dijual/Diserahkan Kepada Masyarakat-PENGADAAN MAKANAN TAMBAHAN UNTUK PERBAIKAN GIZI MASYARAKAT,ON PROCESS,244117305,244117305;
KAB. MANDAILING NATAL,DINAS PEKERJAAN UMUM DAN PENATAAN RUANG - 1.03.0.00.0.00.03.0000,11869951,59559150,2025,E-Katalog 5.0,APBD,CV.GUNUNG KULABU,E-Purchasing,Pengadaan Barang,Laston Lapis Aus Asphalt Concrete - Wearing Course (AC- WC),PAKET SELESAI,470640000,470640000;
KAB. MANDAILING NATAL,RUMAH SAKIT UMUM DAERAH PANYABUNGAN - 1.02.0.00.0.00.02.0001,12010932,58008995,2025,E-Katalog 5.0,BLUD,PT. NOVELL PHARMACEUTICAL LABORATORIES,E-Purchasing,Pengadaan Barang,Warfarin Sodium Tab 2 mg,MELAKUKAN PENGIRIMAN DAN PENERIMAAN,2775000,2775000;
KAB. MANDAILING NATAL,DINAS PENDIDIKAN DAN KEBUDAYAAN - 1.01.2.22.0.00.01.0000,10448837000,60971736,2025,Non Tender,APBD,CV. RRH CONSULTANT,Pengadaan Langsung,Jasa Konsultansi Badan Usaha Konstruksi,Jasa Konsultan Pengawasan Rehabilitasi Sedang/Berat Ruang Kelas SMP (DAU),SELESAI,74481000,74481000;
"KAB. MANDAILING NATAL,DINAS KOMUNIKASI DAN INFORMATIKA - 2.16.2.20.2.21.15.0000,11561205,57158032,2025,E-Katalog 5.0,APBD,""PT. Telekomunikasi Indonesia, Tbk."",E-Purchasing,Pengadaan Barang,Fiber Optik Internet Dedicated Internasional 200 Mbps,PROSES KONTRAK PPK,200000000,200000000";
KAB. MANDAILING NATAL,DINAS KESEHATAN - 1.02.0.00.0.00.02.0000,11876057,58541960,2025,E-Katalog 5.0,APBD,PT.Bernofarm,E-Purchasing,Pengadaan Barang,Mefenamic acid tablet/kapsul/kaplet/kaptab 500 mg,MELAKUKAN PENGIRIMAN DAN PENERIMAAN,42750000,42750000;
KAB. MANDAILING NATAL,BAGIAN UMUM - 4.01.5.06.0.00.24.0009,10622938000,61723839,2025,Non Tender,APBDP,CV.HD KARYA CONSULTANT,Pengadaan Langsung,Jasa Konsultansi Badan Usaha Konstruksi,Belanja Jasa Konsultan Pengawasan,SELESAI,69819000,69819000;
KAB. MANDAILING NATAL,RUMAH SAKIT UMUM DAERAH PANYABUNGAN - 1.02.0.00.0.00.02.0001,11712703,58008995,2025,E-Katalog 5.0,BLUD,PT. Kimia Farma Tbk,E-Purchasing,Pengadaan Barang,Fenobarbital tab 30 mg,PROSES KONTRAK PPK,600000,600000;
KAB. MANDAILING NATAL,RUMAH SAKIT UMUM DAERAH PANYABUNGAN - 1.02.0.00.0.00.02.0001,11943921,58008995,2025,E-Katalog 5.0,BLUD,PT. Mersifarma Tirmaku Mercusana,E-Purchasing,Pengadaan Barang,Fenitoin/ Phenytoin Sodium Injeksi 50 mg/ml (100 mg/ 2 mL),MELAKUKAN PENGIRIMAN DAN PENERIMAAN,550000,550000;
KAB. MANDAILING NATAL,DINAS KESEHATAN - 1.02.0.00.0.00.02.0000,10457787000,60908833,2025,Non Tender,APBDP,CV. SINGOLOT MANIKAM PERSADA,Pengadaan Langsung,Pekerjaan Konstruksi,Belanja Modal Bangunan Kesehatan-Belanja Rehabilitasi Puskesmas Pembantu Manyabar,SELESAI,69943101,69943101;
KAB. MANDAILING NATAL,DINAS PEKERJAAN UMUM DAN PENATAAN RUANG - 1.03.0.00.0.00.03.0000,11830442,57424552,2025,E-Katalog 5.0,APBD,DEMBAN SIMPAR JAYA,E-Purchasing,Pengadaan Barang,Lapis Perekat - Aspal Cair/Emulsi,MELAKUKAN PENGIRIMAN DAN PENERIMAAN,12672000,12672000;
KAB. MANDAILING NATAL,RUMAH SAKIT UMUM DAERAH PANYABUNGAN - 1.02.0.00.0.00.02.0001,01KA0DBM07B72JWR7BHAF2XXH0,59725914,2025,E-Katalog 6.0,BLUD,JAWA ALKESINDO JAYA,E-Purchasing,Barang,Belanja Barang dan mesin BLUD,ON PROCESS,14901695,14901695;
KAB. MANDAILING NATAL,DINAS PENDIDIKAN DAN KEBUDAYAAN - 1.01.2.22.0.00.01.0000,10326897000,57109182,2025,Non Tender,APBD,CV.RIZKI KARYA,Pengadaan Langsung,Pekerjaan Konstruksi,Rehabilitasi Ruang Kelas SMP Negeri 1 Siabu,SELESAI,199500000,199500000;
KAB. MANDAILING NATAL,RUMAH SAKIT UMUM DAERAH PANYABUNGAN - 1.02.0.00.0.00.02.0001,11789985,58008995,2025,E-Katalog 5.0,BLUD,PT. BALATIF,E-Purchasing,Pengadaan Barang,VITAMIN C 50 mg Strip,MELAKUKAN PENGIRIMAN DAN PENERIMAAN,1580000,1580000;
KAB. MANDAILING NATAL,RUMAH SAKIT UMUM DAERAH PANYABUNGAN - 1.02.0.00.0.00.02.0001,11819051,58008995,2025,E-Katalog 5.0,BLUD,PT. NOVELL PHARMACEUTICAL LABORATORIES,E-Purchasing,Pengadaan Barang,Efedrin/Ephedrine HCl Inj 50 mg/ml,MELAKUKAN PENGIRIMAN DAN PENERIMAAN,999000,999000;
KAB. MANDAILING NATAL,DINAS PENGENDALIAN PENDUDUK DAN KELUARGA BERENCANA - 2.14.0.00.0.00.13.0000,11903799,57958232,2025,E-Katalog 5.0,APBD,PT. Intermedin Medical Instruments,E-Purchasing,Pengadaan Barang,MEIDEN Implant Removal Kit,MELAKUKAN PENGIRIMAN DAN PENERIMAAN,161832000,161832000;
KAB. MANDAILING NATAL,RUMAH SAKIT UMUM DAERAH PANYABUNGAN - 1.02.0.00.0.00.02.0001,01K8WE6Q3RM82704WJW22RF74Q,58008995,2025,E-Katalog 6.0,BLUD,DEXA MEDICA,E-Purchasing,Barang,Belanja Barang dan Jasa BLUD,ON PROCESS,15948169,15948169;
KAB. MANDAILING NATAL,DINAS PENDIDIKAN DAN KEBUDAYAAN - 1.01.2.22.0.00.01.0000,10501922000,57108113,2025,Non Tender,APBD,CV. AULIA RIZKI PRATAMA,Pengadaan Langsung,Pekerjaan Konstruksi,Pembangunan Pagar TK Satu Atap SDN 176 Rao-Rao Dolok,SELESAI,129000000,129000000;
KAB. MANDAILING NATAL,DINAS PENDIDIKAN DAN KEBUDAYAAN - 1.01.2.22.0.00.01.0000,01KD2QYTYJBC6HC1792DYERHA5,60383235,2025,E-Katalog 6.0,APBD,BINTANG BUDI MANDIRI,E-Purchasing,Barang,Pengadaan Perlengkapan Peserta Didik Jenjang SMP,ON PROCESS,201354000,201354000;
KAB. MANDAILING NATAL,DINAS PEKERJAAN UMUM DAN PENATAAN RUANG - 1.03.0.00.0.00.03.0000,11869951,59559150,2025,E-Katalog 5.0,APBD,CV.GUNUNG KULABU,E-Purchasing,Pengadaan Barang,Galian Biasa,PAKET SELESAI,27511000,27511000;
KAB. MANDAILING NATAL,RUMAH SAKIT UMUM DAERAH PANYABUNGAN - 1.02.0.00.0.00.02.0001,11824198,58008995,2025,E-Katalog 5.0,BLUD,P.T. Dexa Medica,E-Purchasing,Pengadaan Barang,Klobazam tab 10 mg,MELAKUKAN PENGIRIMAN DAN PENERIMAAN,2065000,2065000;
KAB. MANDAILING NATAL,DINAS PENDIDIKAN DAN KEBUDAYAAN - 1.01.2.22.0.00.01.0000,01K76QJG86KA5ZPDK9T58P35MY,57109168,2025,E-Katalog 6.0,APBD,MARTHA KARA PERDANA,E-Purchasing,Barang,Belanja Modal Peralatan Komputer Lainnya,ON PROCESS,2074907460,2074907460;
KAB. MANDAILING NATAL,RUMAH SAKIT UMUM DAERAH PANYABUNGAN - 1.02.0.00.0.00.02.0001,11649280,58008995,2025,E-Katalog 5.0,BLUD,P.T. Dexa Medica,E-Purchasing,Pengadaan Barang,Valsartan tab 80 mg,PROSES KONTRAK PPK,1311000,1311000;
"KAB. MANDAILING NATAL,RUMAH SAKIT UMUM DAERAH PANYABUNGAN - 1.02.0.00.0.00.02.0001,11811233,58008995,2025,E-Katalog 5.0,BLUD,PT. Kimia Farma Tbk,E-Purchasing,Pengadaan Barang,""Gliseril trinitrat kaps lepas lambat 2,5 mg"",MELAKUKAN PENGIRIMAN DAN PENERIMAAN,45525000,45525000";
KAB. MANDAILING NATAL,DINAS KESEHATAN - 1.02.0.00.0.00.02.0000,11924636,58875523,2025,E-Katalog 5.0,APBD,PT.Elsyahfi Calibratech Mandiri,E-Purchasing,Pengadaan Barang,JASA PENGUJIAN DAN KALIBRASI AUTOCLAVE,MELAKUKAN PENGIRIMAN DAN PENERIMAAN,1650000,1650000;
KAB. MANDAILING NATAL,RUMAH SAKIT UMUM DAERAH PANYABUNGAN - 1.02.0.00.0.00.02.0001,11833941,59314561,2025,E-Katalog 5.0,BLUD,PT. CIPTA SAKTI MEDIKA,E-Purchasing,Pengadaan Barang,GORDYN ANTI NODA DARAH,MELAKUKAN PENGIRIMAN DAN PENERIMAAN,133988800,133988800;
KAB. MANDAILING NATAL,SEKRETARIAT DAERAH KABUPATEN - 4.01.5.06.0.00.24.0000,01K0NCRXXFJYGJ4NBR6955JFEB,59956418,2025,E-Katalog 6.0,APBD,MUTIARA MUTIARA ABADI,E-Purchasing,Barang,Belanja Modal Alat Kantor Lainnya,ON PROCESS,74925000,74925000;
KAB. MANDAILING NATAL,DINAS KESEHATAN - 1.02.0.00.0.00.02.0000,10459746000,59949148,2025,Non Tender,APBD,CV. BERNICE,Pengadaan Langsung,Pekerjaan Konstruksi,Belanja Modal Bangunan Gedung Kantor- Rehabilitasi dan Pemeliharaan Puskesmas Naga Juang (DBH-CHT),SELESAI,127719700,127719700;
KAB. MANDAILING NATAL,DINAS PERTANIAN - 3.27.0.00.0.00.22.0000,01JXEW8A713RH2GN4YXGA2QCTG,59443344,2025,E-Katalog 6.0,APBD,PUTRA PRATAMA,E-Purchasing,Barang,Belanja Bahan-Bahan/Bibit Tanaman,ON PROCESS,95830500,95830500;
KAB. MANDAILING NATAL,DINAS PENDIDIKAN DAN KEBUDAYAAN - 1.01.2.22.0.00.01.0000,10326996000,57108819,2025,Non Tender,APBD,CV. PUTRA PRATAMA,Pengadaan Langsung,Pekerjaan Konstruksi,Rehabilitasi Ruang Kelas SD Negeri 112 Parbangunan,SELESAI,199500000,199500000;
KAB. MANDAILING NATAL,DINAS KESEHATAN - 1.02.0.00.0.00.02.0000,11960648,58541960,2025,E-Katalog 5.0,APBD,PT. Holi Pharma,E-Purchasing,Pengadaan Barang,Alopurinol tab 100 mg,MELAKUKAN PENGIRIMAN DAN PENERIMAAN,23550000,23550000;
KAB. MANDAILING NATAL,DINAS PEKERJAAN UMUM DAN PENATAAN RUANG - 1.03.0.00.0.00.03.0000,11864328,59526453,2025,E-Katalog 5.0,APBD,CV. IKHWAN FIRDAUS,E-Purchasing,Pengadaan Barang,Menyediakan Stop Kran 1/2,MELAKUKAN PENGIRIMAN DAN PENERIMAAN,12920000,12920000;
KAB. MANDAILING NATAL,DINAS KESEHATAN - 1.02.0.00.0.00.02.0000,11966625,58541960,2025,E-Katalog 5.0,APBD,PT. TRIMAN,E-Purchasing,Pengadaan Barang,Ibuprofen tab 400 mg,MELAKUKAN PENGIRIMAN DAN PENERIMAAN,52000000,52000000;
KAB. MANDAILING NATAL,DINAS PENDIDIKAN DAN KEBUDAYAAN - 1.01.2.22.0.00.01.0000,10326998000,57108814,2025,Non Tender,APBD,CV. CENTRAL GRAFIKA PRINT,Pengadaan Langsung,Pekerjaan Konstruksi,Rehabilitasi Ruang Kelas SD Negeri 111 Pidoli Dolok,SELESAI,199878909,199878909;
KAB. MANDAILING NATAL,DINAS KESEHATAN - 1.02.0.00.0.00.02.0000,11966596,58541960,2025,E-Katalog 5.0,APBD,PT. PUTRA KARYA SENTOSA,E-Purchasing,Pengadaan Barang,Diazepam tablet 5 mg,MELAKUKAN PENGIRIMAN DAN PENERIMAAN,7700000,7700000;
KAB. MANDAILING NATAL,DINAS LINGKUNGAN HIDUP - 2.11.0.00.0.00.10.0000,01KA08EJ51W60Z09AX5GSG14YV,61572819,2025,E-Katalog 6.0,APBD,SARDANA INDAHBERLIAN MOTOR,E-Purchasing,Barang,Belanja Modal Kendaraan Bermotor Angkutan Barang,ON PROCESS,758217000,758217000;
KAB. MANDAILING NATAL,DINAS PEKERJAAN UMUM DAN PENATAAN RUANG - 1.03.0.00.0.00.03.0000,11807675,57423741,2025,E-Katalog 5.0,APBD,DEMBAN SIMPAR JAYA,E-Purchasing,Pengadaan Barang,Bahan anti pengelupasan,MELAKUKAN PENGIRIMAN DAN PENERIMAAN,6678000,6678000;
KAB. MANDAILING NATAL,DINAS KESEHATAN - 1.02.0.00.0.00.02.0000,11960648,58541960,2025,E-Katalog 5.0,APBD,PT. Holi Pharma,E-Purchasing,Pengadaan Barang,Ibuprofen susp 200 mg/5 mL,MELAKUKAN PENGIRIMAN DAN PENERIMAAN,20934000,20934000;
KAB. MANDAILING NATAL,RUMAH SAKIT UMUM DAERAH PANYABUNGAN - 1.02.0.00.0.00.02.0001,11833968,58008995,2025,E-Katalog 5.0,BLUD,PT. Amarox Pharma Global,E-Purchasing,Pengadaan Barang,Pregabalin75mg,MELAKUKAN PENGIRIMAN DAN PENERIMAAN,2836400,2836400;
KAB. MANDAILING NATAL,DINAS PEKERJAAN UMUM DAN PENATAAN RUANG - 1.03.0.00.0.00.03.0000,10156793000,59526454,2025,Non Tender,APBD,ZAINULKONSULTAN,Pengadaan Langsung,Jasa Konsultansi Perorangan Konstruksi,Konsultan Perluasan SPAM Jaringan Perpipaan -Tematik Pengentasan Permukiman Kumuh Terpadu Kelurahan Panyabungan III RT. 6,SELESAI,14840000,14840000;
KAB. MANDAILING NATAL,BADAN PENGELOLAAN KEUANGAN DAN ASET DAERAH - 5.02.0.00.0.00.27.0000,01JYDKBZ7C7FCGJPMWQ74XP6PF,59685812,2025,E-Katalog 6.0,APBD,KREATIFITAS CEMERLANG,E-Purchasing,Barang,Belanja Modal Peralatan Personal Computer,PAYMENT OUTSIDE SYSTEM,99922200,99922200;
KAB. MANDAILING NATAL,DINAS KESEHATAN - 1.02.0.00.0.00.02.0000,11847388,58580293,2025,E-Katalog 5.0,APBD,PT.GLOBAL DISPOMEDIKA,E-Purchasing,Pengadaan Barang,Metragloves Latex Examination Powdered Size Small,MELAKUKAN PENGIRIMAN DAN PENERIMAAN,6233760,6233760;
"KAB. MANDAILING NATAL,RUMAH SAKIT UMUM DAERAH PANYABUNGAN - 1.02.0.00.0.00.02.0001,11824113,58008995,2025,E-Katalog 5.0,BLUD,PT Otsuka Indonesia,E-Purchasing,Pengadaan Barang,""NaCl 3% Larutan, Softbag @ 500 mL"",MELAKUKAN PENGIRIMAN DAN PENERIMAAN,2166060,2166060";
KAB. MANDAILING NATAL,DINAS KESEHATAN - 1.02.0.00.0.00.02.0000,11751262,58578920,2025,E-Katalog 5.0,APBD,PT Axion Jaya Alkesindo,E-Purchasing,Pengadaan Barang,Paket Strip HB + Lancet + Alcohol Swab,MELAKUKAN PENGIRIMAN DAN PENERIMAAN,302255000,302255000;
KAB. MANDAILING NATAL,DINAS PEKERJAAN UMUM DAN PENATAAN RUANG - 1.03.0.00.0.00.03.0000,11869962,59559159,2025,E-Katalog 5.0,APBD,PT. GASHABAT SUKSES MANDIRI,E-Purchasing,Pengadaan Barang,Timbunan Biasa Dari Hasil Galian,PAKET SELESAI,14161000,14161000;
KAB. MANDAILING NATAL,RUMAH SAKIT UMUM DAERAH PANYABUNGAN - 1.02.0.00.0.00.02.0001,11821776,58008995,2025,E-Katalog 5.0,BLUD,PT. Mahakam Beta Farma,E-Purchasing,Pengadaan Barang,OCTENIC OCTENIC BODY WASH GLOVE 4 Sheet,MELAKUKAN PENGIRIMAN DAN PENERIMAAN,388500,388500;
KAB. MANDAILING NATAL,RUMAH SAKIT UMUM DAERAH PANYABUNGAN - 1.02.0.00.0.00.02.0001,11886936,58008995,2025,E-Katalog 5.0,BLUD,PT Yarindo Farmatama,E-Purchasing,Pengadaan Barang,Furosemid/ Furosemide tablet/kapsul/kaplet 40 mg,MELAKUKAN PENGIRIMAN DAN PENERIMAAN,2630000,2630000;
KAB. MANDAILING NATAL,DINAS KESEHATAN - 1.02.0.00.0.00.02.0000,11882679,58541960,2025,E-Katalog 5.0,APBD,PT. PUTRA KARYA SENTOSA,E-Purchasing,Pengadaan Barang,BioSAT 1.5 - Serum ATS (Anti Tetanus 1.500 UI),MELAKUKAN PENGIRIMAN DAN PENERIMAAN,21700000,21700000;
KAB. MANDAILING NATAL,DINAS PENDIDIKAN DAN KEBUDAYAAN - 1.01.2.22.0.00.01.0000,10096279000,57108744,2025,Non Tender,APBD,CV. HADITAMA,Pengadaan Langsung,Jasa Konsultansi Badan Usaha Konstruksi,Jasa Konsultan Perencanaan Ruang Kelas Baru SD,SELESAI,74148000,74148000;
KAB. MANDAILING NATAL,SATUAN POLISI PAMONG PRAJA DAN PEMADAM KEBAKARAN - 1.05.0.00.0.00.05.0000,10236924000,59499868,2025,Non Tender,APBD,CV. ANUGRAH ALAM MANDIRI,Pengadaan Langsung,Pekerjaan Konstruksi,Pekerjaan Fire Hydrant Untuk Mendukung Operasional RSUD Panyabungan,SELESAI,149100000,149100000;
KAB. MANDAILING NATAL,DINAS KESEHATAN - 1.02.0.00.0.00.02.0000,11966598,58541960,2025,E-Katalog 5.0,APBD,PT Yarindo Farmatama,E-Purchasing,Pengadaan Barang,Isosorbid Dinitrat/ Isosorbide dinitrate tablet/kapsul/kaplet 5 mg,MELAKUKAN PENGIRIMAN DAN PENERIMAAN,3250000,3250000;
KAB. MANDAILING NATAL,BAGIAN KESEJAHTERAAN RAKYAT - 4.01.5.06.0.00.24.0002,01KD53GBVJ71MSHW8JQK6522NF,62301537,2025,E-Katalog 6.0,APBDP,PUTRA PRATAMA,E-Purchasing,Barang,Belanja Barang untuk Dijual/Diserahkan kepada Masyarakat,ON PROCESS,490270000,490270000;
KAB. MANDAILING NATAL,DINAS KESEHATAN - 1.02.0.00.0.00.02.0000,11924636,58875523,2025,E-Katalog 5.0,APBD,PT.Elsyahfi Calibratech Mandiri,E-Purchasing,Pengadaan Barang,JASA PENGUJIAN DAN KALIBRASI TIMBANGAN BAYI,MELAKUKAN PENGIRIMAN DAN PENERIMAAN,10915000,10915000;
KAB. MANDAILING NATAL,DINAS PERTANIAN - 3.27.0.00.0.00.22.0000,10384523000,58961955,2025,Non Tender,APBD,CV. BINTANG KARYA BHAKTI,Pengadaan Langsung,Pekerjaan Konstruksi,Pembangunan/Rehabilitasi Jalan Usaha Tani/Jalan Produksi Desa Lumban Pasir Kecamatan Panyabungan,SELESAI,114180000,114180000;
KAB. MANDAILING NATAL,BADAN PENGELOLAAN KEUANGAN DAN ASET DAERAH - 5.02.0.00.0.00.27.0000,01K8SDQ97YWT2TESM47XS0K02X,60943591,2025,E-Katalog 6.0,APBDP,NAURAH UTAMA,E-Purchasing,Barang,Belanja Barang untuk Dijual/Diserahkan kepada Pihak ketiga/Pihak Lain,PAYMENT OUTSIDE SYSTEM,100843500,100843500;
KAB. MANDAILING NATAL,DINAS KESEHATAN - 1.02.0.00.0.00.02.0000,11955794,58541960,2025,E-Katalog 5.0,APBD,P.T. Dexa Medica,E-Purchasing,Pengadaan Barang,Betahistin tab 6 mg,MELAKUKAN PENGIRIMAN DAN PENERIMAAN,3072000,3072000;
KAB. MANDAILING NATAL,RUMAH SAKIT UMUM DAERAH PANYABUNGAN - 1.02.0.00.0.00.02.0001,11943921,58008995,2025,E-Katalog 5.0,BLUD,PT. Mersifarma Tirmaku Mercusana,E-Purchasing,Pengadaan Barang,Paracetamol/ Parasetamol sirup 120 mg / 5 ml,MELAKUKAN PENGIRIMAN DAN PENERIMAAN,1499500,1499500;
KAB. MANDAILING NATAL,RUMAH SAKIT UMUM DAERAH PANYABUNGAN - 1.02.0.00.0.00.02.0001,01K4PZVW4Y1WE5N3TJ071FD4WT,58970618,2025,E-Katalog 6.0,BLUD,MANDIRI ARTHA SEHATI,E-Purchasing,Jasa Lainnya,Belanja Peralatan dan mesin BLUD,ON PROCESS,488888000,488888000;
KAB. MANDAILING NATAL,RUMAH SAKIT UMUM DAERAH PANYABUNGAN - 1.02.0.00.0.00.02.0001,11871237,58008995,2025,E-Katalog 5.0,BLUD,PT. Hexpharm Jaya Laboratories,E-Purchasing,Pengadaan Barang,Ranitidin tab 150 mg,MELAKUKAN PENGIRIMAN DAN PENERIMAAN,1530000,1530000;
"KAB. MANDAILING NATAL,RUMAH SAKIT UMUM DAERAH PANYABUNGAN - 1.02.0.00.0.00.02.0001,11887093,58008995,2025,E-Katalog 5.0,BLUD,PT AstraZeneca Indonesia,E-Purchasing,Pengadaan Barang,""Kombinasi KDT/FDC setiap dosis mengandung Budesonid 160 mcg/Formoterol 4,5 mcg Ih 120 dosis, Turbuhaler"",MELAKUKAN PENGIRIMAN DAN PENERIMAAN,16684000,0";
"KAB. MANDAILING NATAL,RUMAH SAKIT UMUM DAERAH PANYABUNGAN - 1.02.0.00.0.00.02.0001,11824113,58008995,2025,E-Katalog 5.0,BLUD,PT Otsuka Indonesia,E-Purchasing,Pengadaan Barang,""Larutan mengandung Elektrolit (Na 130 mEq, K 4 mEq, Cl 109 mEq, Ca 3 mEq, Asetat 28 mEq) ASERING softbag @ 500 mL"",MELAKUKAN PENGIRIMAN DAN PENERIMAAN,875000,875000";
"KAB. MANDAILING NATAL,DINAS KESEHATAN - 1.02.0.00.0.00.02.0000,11924636,58875523,2025,E-Katalog 5.0,APBD,PT.Elsyahfi Calibratech Mandiri,E-Purchasing,Pengadaan Barang,""JASA PENGUJIAN, KALIBRASI DAN PEMELIHARAAN ALAT KESEHATAN REGULATOR OXYGEN"",MELAKUKAN PENGIRIMAN DAN PENERIMAAN,7830000,7830000";
"KAB. MANDAILING NATAL,DINAS KESEHATAN - 1.02.0.00.0.00.02.0000,11924636,58875523,2025,E-Katalog 5.0,APBD,PT.Elsyahfi Calibratech Mandiri,E-Purchasing,Pengadaan Barang,""JASA PENGUJIAN, KALIBRASI DAN PEMELIHARAAN ALAT KESEHATAN THERMOMETER  REFIGERATOR"",MELAKUKAN PENGIRIMAN DAN PENERIMAAN,400000,400000";
KAB. MANDAILING NATAL,RUMAH SAKIT UMUM DAERAH PANYABUNGAN - 1.02.0.00.0.00.02.0001,11790254,58008995,2025,E-Katalog 5.0,BLUD,PT. Mersifarma Tirmaku Mercusana,E-Purchasing,Pengadaan Barang,Karbamazepin tab 200 mg,MELAKUKAN PENGIRIMAN DAN PENERIMAAN,6310000,6310000;
KAB. MANDAILING NATAL,SATUAN POLISI PAMONG PRAJA DAN PEMADAM KEBAKARAN - 1.05.0.00.0.00.05.0000,10159124000,59499644,2025,Non Tender,APBD,MHD AL ANSYARI NASUTION,Pengadaan Langsung,Jasa Konsultansi Perorangan Konstruksi,Belanja Jasa Konsultan Perencanaan Pekerjaan Fire Hydrant,SELESAI,9998880,9998880;
KAB. MANDAILING NATAL,RUMAH SAKIT UMUM DAERAH PANYABUNGAN - 1.02.0.00.0.00.02.0001,11895042,58008995,2025,E-Katalog 5.0,BLUD,PT. Kimia Farma Tbk,E-Purchasing,Pengadaan Barang,Pethidine hydrochloride/ Petidin inj 50 mg/mL (i.m./i.v.),MELAKUKAN PENGIRIMAN DAN PENERIMAAN,1179500,1179500;
KAB. MANDAILING NATAL,DINAS KESEHATAN - 1.02.0.00.0.00.02.0000,11936931,58827809,2025,E-Katalog 5.0,APBD,PT. COBRA DENTAL INDONESIA,E-Purchasing,Pengadaan Barang,MAHESA MEDIUM BASIC,MELAKUKAN PENGIRIMAN DAN PENERIMAAN,105000000,105000000;
"KAB. MANDAILING NATAL,RUMAH SAKIT UMUM DAERAH PANYABUNGAN - 1.02.0.00.0.00.02.0001,11634988,58008995,2025,E-Katalog 5.0,BLUD,PT. Mersifarma Tirmaku Mercusana,E-Purchasing,Pengadaan Barang,""Alprazolam tab 0,5 mg"",PROSES KONTRAK PPK,760000,760000";
KAB. MANDAILING NATAL,DINAS KESEHATAN - 1.02.0.00.0.00.02.0000,11826540,58580293,2025,E-Katalog 5.0,APBD,PT Sinaraya Nugraha Ahmadaris Medika,E-Purchasing,Pengadaan Barang,ECO Kasa SNA Steril 16 cm x 16 cm (16 pcs),MELAKUKAN PENGIRIMAN DAN PENERIMAAN,54000000,54000000;
KAB. MANDAILING NATAL,DINAS PEKERJAAN UMUM DAN PENATAAN RUANG - 1.03.0.00.0.00.03.0000,10200092000,59789962,2025,Non Tender,APBD,HQ PRATAMA CONSULTANT,Pengadaan Langsung,Jasa Konsultansi Badan Usaha Konstruksi,Jasa Konsultansi Pengawasan Pembangunan Jembatan TA. 2025,SELESAI,99860000,99860000;
KAB. MANDAILING NATAL,DINAS PEKERJAAN UMUM DAN PENATAAN RUANG - 1.03.0.00.0.00.03.0000,11869951,59559150,2025,E-Katalog 5.0,APBD,CV.GUNUNG KULABU,E-Purchasing,Pengadaan Barang,Marka Jalan Termopelastik,PAKET SELESAI,6318000,6318000;
KAB. MANDAILING NATAL,DINAS KESEHATAN - 1.02.0.00.0.00.02.0000,11966598,58541960,2025,E-Katalog 5.0,APBD,PT Yarindo Farmatama,E-Purchasing,Pengadaan Barang,Eritromisin/ Erythromycin/tablet/kapsul/kaplet 500 mg,MELAKUKAN PENGIRIMAN DAN PENERIMAAN,5756000,5756000;
KAB. MANDAILING NATAL,RUMAH SAKIT UMUM DAERAH PANYABUNGAN - 1.02.0.00.0.00.02.0001,11794390,58008995,2025,E-Katalog 5.0,BLUD,PT. NOVELL PHARMACEUTICAL LABORATORIES,E-Purchasing,Pengadaan Barang,Warfarin Sodium Tab 2 mg,MELAKUKAN PENGIRIMAN DAN PENERIMAAN,832500,832500;
KAB. MANDAILING NATAL,DINAS PENDIDIKAN DAN KEBUDAYAAN - 1.01.2.22.0.00.01.0000,10545341000,57109180,2025,Non Tender,APBD,CV. BUNGA BONDAR GROUP,Pengadaan Langsung,Pekerjaan Konstruksi,Rehabilitasi Ruang Kelas SMP Negeri 2 Panyabungan,SELESAI,199426662,199426662;
KAB. MANDAILING NATAL,BADAN PENANGGULANGAN BENCANA DAERAH - 1.05.0.00.0.00.06.0000,01KD7SXS69ZFXKYBV2JDT72FZQ,62420996,2025,E-Katalog 6.0,APBDP,RIZKI KARYA,E-Purchasing,Barang,Belanja Barang untuk Dijual/Diserahkan kepada Masyarakat Sumber Dana Darurat,ON PROCESS,200494500,200494500;
KAB. MANDAILING NATAL,DINAS PEKERJAAN UMUM DAN PENATAAN RUANG - 1.03.0.00.0.00.03.0000,11869954,59559157,2025,E-Katalog 5.0,APBD,PT. GASHABAT SUKSES MANDIRI,E-Purchasing,Pengadaan Barang,LAPIS RESAP PENGIKAT-ASPAL CAIR/EMULSI,PAKET SELESAI,42812700,42812700;
KAB. MANDAILING NATAL,DINAS PEKERJAAN UMUM DAN PENATAAN RUANG - 1.03.0.00.0.00.03.0000,10198853000,59438240,2025,Non Tender,APBD,CV. BINTANG BUDI MANDIRI,Pengadaan Langsung,Pekerjaan Konstruksi,Lanjutan Pembangunan Jembatan Aek Batang Pasusuk Ruas Jalan Bintungan Bejangkar Lamo - Karang Anyar,SELESAI,397540201,397540201;
KAB. MANDAILING NATAL,DINAS PENDIDIKAN DAN KEBUDAYAAN - 1.01.2.22.0.00.01.0000,01KD2QD9RC00STJ9G1BR9P315E,60383201,2025,E-Katalog 6.0,APBD,BINTANG BUDI MANDIRI,E-Purchasing,Barang,Pengadaan Perlengkapan Peserta Didik Jenjang SD,ON PROCESS,234707280,234707280;
KAB. MANDAILING NATAL,SEKRETARIAT DPRD - 4.02.0.00.0.00.25.0000,10437478000,60903656,2025,Non Tender,APBD,CV. PUTRA PRATAMA,Pengadaan Langsung,Pekerjaan Konstruksi,Pembangunan / Rehabilitasi Rumah Dinas Ketua DPRD,SELESAI,194070000,194070000;
KAB. MANDAILING NATAL,DINAS PERTANIAN - 3.27.0.00.0.00.22.0000,01JWTD5MP9Z3MHARM5KEFBR5M8,59375891,2025,E-Katalog 6.0,APBD,PUTRA PRATAMA,E-Purchasing,Barang,Belanja Bahan-Bahan/Bibit Tanaman,ON PROCESS,58301700,58301700;
KAB. MANDAILING NATAL,DINAS PEKERJAAN UMUM DAN PENATAAN RUANG - 1.03.0.00.0.00.03.0000,10438898000,60868784,2025,Non Tender,APBD,CV. CONSULTANT MORA NI MORA,Pengadaan Langsung,Jasa Konsultansi Badan Usaha Konstruksi,Penyusunan Dokumen Perencanaan Jembatan Wilayah II,SELESAI,99980000,99980000;
KAB. MANDAILING NATAL,RUMAH SAKIT UMUM DAERAH PANYABUNGAN - 1.02.0.00.0.00.02.0001,12109230,58008995,2025,E-Katalog 5.0,BLUD,PT Pratapa Nirmala,E-Purchasing,Pengadaan Barang,Vassopresin 20 ui/mL,MELAKUKAN PENGIRIMAN DAN PENERIMAAN,3163500,3163500;
KAB. MANDAILING NATAL,DINAS KESEHATAN - 1.02.0.00.0.00.02.0000,11924532,58579999,2025,E-Katalog 5.0,APBD,PT Axion Jaya Alkesindo,E-Purchasing,Pengadaan Barang,URIC ACID STRIPS PACK,MELAKUKAN PENGIRIMAN DAN PENERIMAAN,29225000,29225000;
KAB. MANDAILING NATAL,DINAS KESEHATAN - 1.02.0.00.0.00.02.0000,11955796,58541960,2025,E-Katalog 5.0,APBD,CIPTA MEDIKA SEMPURNA,E-Purchasing,Pengadaan Barang,ROEKO Endo-Frost,MELAKUKAN PENGIRIMAN DAN PENERIMAAN,43950500,0;
KAB. MANDAILING NATAL,DINAS PERUMAHAN RAKYAT DAN KAWASAN PERMUKIMAN SERTA PERTANAHAN - 1.04.2.10.0.00.04.0000,10067960000,57348085,2025,Non Tender,APBD,PT. MARGA BHUANA JAYA CONSULTANT,Pengadaan Langsung,Jasa Konsultansi Badan Usaha Konstruksi,Pembuatan DED PSU Kawasan Kumuh Lingkungan V Pidoli Dolok Kec. Panyabungan,SELESAI,79800000,79800000;
KAB. MANDAILING NATAL,DINAS PENDIDIKAN DAN KEBUDAYAAN - 1.01.2.22.0.00.01.0000,10545156000,57109185,2025,Non Tender,APBD,CV. BUNGA BONDAR GROUP,Pengadaan Langsung,Pekerjaan Konstruksi,Rehabilitasi Ruang Kelas SMP Negeri 1 Panyabungan Utara,SELESAI,199545758,199545758;
KAB. MANDAILING NATAL,DINAS PEKERJAAN UMUM DAN PENATAAN RUANG - 1.03.0.00.0.00.03.0000,11869954,59559157,2025,E-Katalog 5.0,APBD,PT. GASHABAT SUKSES MANDIRI,E-Purchasing,Pengadaan Barang,LAPIS FONDASI AGREGAT KELAS A,PAKET SELESAI,198326700,198326700;
KAB. MANDAILING NATAL,DINAS KESEHATAN - 1.02.0.00.0.00.02.0000,11966634,58541960,2025,E-Katalog 5.0,APBD,PT.Imfarmind Farmasi Industri,E-Purchasing,Pengadaan Barang,Cetirizine hydrochloride(HCl)/ Cetirizine/ Setirizin sirup 5 mg/5 ml,MELAKUKAN PENGIRIMAN DAN PENERIMAAN,64575000,64575000;
KAB. MANDAILING NATAL,DINAS PEKERJAAN UMUM DAN PENATAAN RUANG - 1.03.0.00.0.00.03.0000,10478082000,60892548,2025,Non Tender,APBD,CV.RIZKI KARYA,Pengadaan Langsung,Pekerjaan Konstruksi,Rehabilitasi Jaringan Irigasi Bondar Saba Roncam Kel. Gunung Baringin Kec. Panyabungan Timur,SELESAI,198000000,198000000;
KAB. MANDAILING NATAL,RUMAH SAKIT UMUM DAERAH PANYABUNGAN - 1.02.0.00.0.00.02.0001,11824198,58008995,2025,E-Katalog 5.0,BLUD,P.T. Dexa Medica,E-Purchasing,Pengadaan Barang,Valsartan tab 80 mg,MELAKUKAN PENGIRIMAN DAN PENERIMAAN,1311000,1311000;
KAB. MANDAILING NATAL,DINAS PEKERJAAN UMUM DAN PENATAAN RUANG - 1.03.0.00.0.00.03.0000,11864328,59526453,2025,E-Katalog 5.0,APBD,CV. IKHWAN FIRDAUS,E-Purchasing,Pengadaan Barang,Plug Kran 1/2,MELAKUKAN PENGIRIMAN DAN PENERIMAAN,12920000,12920000;
KAB. MANDAILING NATAL,DINAS PEKERJAAN UMUM DAN PENATAAN RUANG - 1.03.0.00.0.00.03.0000,11869951,59559150,2025,E-Katalog 5.0,APBD,CV.GUNUNG KULABU,E-Purchasing,Pengadaan Barang,Lapis Fondasi Agregat Kelas A,PAKET SELESAI,196084000,196084000;
KAB. MANDAILING NATAL,DINAS PERHUBUNGAN - 2.15.0.00.0.00.14.0000,01JYG0HVNPPWBGNDNSRSPQ1MG0,59812804,2025,E-Katalog 6.0,APBD,SISDA ANUGRAH,E-Purchasing,Barang,Belanja Operasional Dan pemeliharaan LPJU (Lampu PJU 70 Watt),PAYMENT OUTSIDE SYSTEM,70013250,70013250;
KAB. MANDAILING NATAL,DINAS PEKERJAAN UMUM DAN PENATAAN RUANG - 1.03.0.00.0.00.03.0000,11830442,57424552,2025,E-Katalog 5.0,APBD,DEMBAN SIMPAR JAYA,E-Purchasing,Pengadaan Barang,Marka Jalan Termoplastik,MELAKUKAN PENGIRIMAN DAN PENERIMAAN,63568000,63568000;
KAB. MANDAILING NATAL,DINAS KESEHATAN - 1.02.0.00.0.00.02.0000,11834071,58580293,2025,E-Katalog 5.0,APBD,PT. Safelock Medical,E-Purchasing,Pengadaan Barang,IV Catheter Non Injection Port 18 G,MELAKUKAN PENGIRIMAN DAN PENERIMAAN,16686000,16686000;
KAB. MANDAILING NATAL,DINAS PEKERJAAN UMUM DAN PENATAAN RUANG - 1.03.0.00.0.00.03.0000,11864328,59526453,2025,E-Katalog 5.0,APBD,CV. IKHWAN FIRDAUS,E-Purchasing,Pengadaan Barang,Menyediakan dan Memasang Stop Kran 4,MELAKUKAN PENGIRIMAN DAN PENERIMAAN,390000,390000;
KAB. MANDAILING NATAL,DINAS PERTANIAN - 3.27.0.00.0.00.22.0000,10399785000,59104754,2025,Non Tender,APBD,CV.HD KARYA CONSULTANT,Pengadaan Langsung,Jasa Konsultansi Badan Usaha Konstruksi,Belanja Jasa Konsultan Pengawasan Pembangunan/Rehabilitasi Jaringan Irigasi,SELESAI,9980000,9980000;
KAB. MANDAILING NATAL,DINAS PEKERJAAN UMUM DAN PENATAAN RUANG - 1.03.0.00.0.00.03.0000,11869962,59559159,2025,E-Katalog 5.0,APBD,PT. GASHABAT SUKSES MANDIRI,E-Purchasing,Pengadaan Barang,LASTON LAPIS ANTARA (AC-BC),PAKET SELESAI,26026000,26026000;
KAB. MANDAILING NATAL,DINAS KESEHATAN - 1.02.0.00.0.00.02.0000,11882679,58541960,2025,E-Katalog 5.0,APBD,PT. PUTRA KARYA SENTOSA,E-Purchasing,Pengadaan Barang,BIOSAVE Serum anti bisa ular polivalen inj 5 ml (ABU I),MELAKUKAN PENGIRIMAN DAN PENERIMAAN,44720000,44720000;
KAB. MANDAILING NATAL,RUMAH SAKIT UMUM DAERAH PANYABUNGAN - 1.02.0.00.0.00.02.0001,11962544,58008995,2025,E-Katalog 5.0,BLUD,PT. Kimia Farma Tbk,E-Purchasing,Pengadaan Barang,Ketokonazol/ Ketoconazole krim 2%,MELAKUKAN PENGIRIMAN DAN PENERIMAAN,897000,897000;
KAB. MANDAILING NATAL,DINAS KESEHATAN - 1.02.0.00.0.00.02.0000,11876057,58541960,2025,E-Katalog 5.0,APBD,PT.Bernofarm,E-Purchasing,Pengadaan Barang,Amoksisilin/ Amoxicillin/ Amoxicillin Trihydrate tablet/kapsul/kaplet/kaptab 500 mg,MELAKUKAN PENGIRIMAN DAN PENERIMAAN,496000000,496000000;
KAB. MANDAILING NATAL,DINAS PENGENDALIAN PENDUDUK DAN KELUARGA BERENCANA - 2.14.0.00.0.00.13.0000,10270040000,59276329,2025,Non Tender,APBD,PT. Madisa Konstruksi Jaya,Pengadaan Langsung,Pekerjaan Konstruksi,Rehab Balai Penyuluhan KB Kec. Ranto Baek,SELESAI,199860000,199860000;
KAB. MANDAILING NATAL,BADAN PENGELOLAAN KEUANGAN DAN ASET DAERAH - 5.02.0.00.0.00.27.0000,11542946,55971505,2025,E-Katalog 5.0,APBD,PT. ASTRA INTERNATIONAL TBK,E-Purchasing,Pengadaan Barang,RUSH 1.5 G A/T,MELAKUKAN PENGIRIMAN DAN PENERIMAAN,292500000,292500000;
KAB. MANDAILING NATAL,DINAS PERUMAHAN RAKYAT DAN KAWASAN PERMUKIMAN SERTA PERTANAHAN - 1.04.2.10.0.00.04.0000,10078873000,57348087,2025,Non Tender,APBD,PT.SADHYA GRAHACARA,Pengadaan Langsung,Jasa Konsultansi Badan Usaha Konstruksi,Pembuatan DED PSU Kawasan Kumuh Lingkungan IV Panyabungan II Kec. Panyabungan,SELESAI,79809000,79809000;
KAB. MANDAILING NATAL,RUMAH SAKIT UMUM DAERAH PANYABUNGAN - 1.02.0.00.0.00.02.0001,11886936,58008995,2025,E-Katalog 5.0,BLUD,PT Yarindo Farmatama,E-Purchasing,Pengadaan Barang,Amitriptyline hydrochloride tablet 25 mg,MELAKUKAN PENGIRIMAN DAN PENERIMAAN,1500000,1500000;
KAB. MANDAILING NATAL,DINAS KESEHATAN - 1.02.0.00.0.00.02.0000,10457280000,60908701,2025,Non Tender,APBDP,CV. BERNICE,Pengadaan Langsung,Pekerjaan Konstruksi,Belanja Modal Bangunan Kesehatan-Belanja Pemasangan Plafon Puskesmas Singkuang,SELESAI,119899634,119899634;
KAB. MANDAILING NATAL,DINAS KESEHATAN - 1.02.0.00.0.00.02.0000,11876057,58541960,2025,E-Katalog 5.0,APBD,PT.Bernofarm,E-Purchasing,Pengadaan Barang,Clindamycin hydrochloride (HCl)/ Clindamycin/ Klindamisin tablet/kapsul/kaplet 300 mg,MELAKUKAN PENGIRIMAN DAN PENERIMAAN,12400000,12400000;
KAB. MANDAILING NATAL,DINAS LINGKUNGAN HIDUP - 2.11.0.00.0.00.10.0000,10430383000,57020520,2025,Non Tender,APBD,CV. RENDER CONSULTANT,Pengadaan Langsung,Jasa Konsultansi Badan Usaha Konstruksi,Pengawasan Kegiatan RTH Dinas Lingkungan Hidup 2025,SELESAI,49950000,49950000;
KAB. MANDAILING NATAL,RUMAH SAKIT UMUM DAERAH PANYABUNGAN - 1.02.0.00.0.00.02.0001,11790254,58008995,2025,E-Katalog 5.0,BLUD,PT. Mersifarma Tirmaku Mercusana,E-Purchasing,Pengadaan Barang,Diazepam tab 5 mg,MELAKUKAN PENGIRIMAN DAN PENERIMAAN,585000,585000;
KAB. MANDAILING NATAL,DINAS KESEHATAN - 1.02.0.00.0.00.02.0000,10458346000,60908962,2025,Non Tender,APBDP,PT. Madisa Konstruksi Jaya,Pengadaan Langsung,Pekerjaan Konstruksi,Belanja Modal Bangunan Kesehatan-Rehabilitasi Tembok Pembatas Puskesmas Muara Soma,SELESAI,119900000,119900000;
KAB. MANDAILING NATAL,DINAS PEKERJAAN UMUM DAN PENATAAN RUANG - 1.03.0.00.0.00.03.0000,11807675,57423741,2025,E-Katalog 5.0,APBD,DEMBAN SIMPAR JAYA,E-Purchasing,Pengadaan Barang,Perbaikan Campuran Aspal Panas,MELAKUKAN PENGIRIMAN DAN PENERIMAAN,83175000,83175000;
KAB. MANDAILING NATAL,DINAS KESEHATAN - 1.02.0.00.0.00.02.0000,11955794,58541960,2025,E-Katalog 5.0,APBD,P.T. Dexa Medica,E-Purchasing,Pengadaan Barang,Risperidon tab 2 mg,MELAKUKAN PENGIRIMAN DAN PENERIMAAN,935000,935000;
KAB. MANDAILING NATAL,DINAS KESEHATAN - 1.02.0.00.0.00.02.0000,11728507,58533675,2025,E-Katalog 5.0,APBD,PT. ANARA MEDICAL INDONESIA,E-Purchasing,Pengadaan Barang,APIC Alcohol Swab,MELAKUKAN PENGIRIMAN DAN PENERIMAAN,61127360,61127360;
KAB. MANDAILING NATAL,RUMAH SAKIT UMUM DAERAH PANYABUNGAN - 1.02.0.00.0.00.02.0001,11806071,58008995,2025,E-Katalog 5.0,BLUD,P.T. Dexa Medica,E-Purchasing,Pengadaan Barang,Terazosin tab 2 mg,MELAKUKAN PENGIRIMAN DAN PENERIMAAN,1078000,1078000;
KAB. MANDAILING NATAL,DINAS PERTANIAN - 3.27.0.00.0.00.22.0000,10409868000,59104708,2025,Non Tender,APBD,CV.HD KARYA CONSULTANT,Pengadaan Langsung,Jasa Konsultansi Badan Usaha Konstruksi,Belanja Jasa Konsultan Pengawasan Pembangunan/Rehabilitasi Jalan Usaha Tani/Jalan Produksi,SELESAI,9990000,9990000;
KAB. MANDAILING NATAL,DINAS KESEHATAN - 1.02.0.00.0.00.02.0000,11959299,58541960,2025,E-Katalog 5.0,APBD,PT. Kimia Farma Tbk,E-Purchasing,Pengadaan Barang,Permethrin/ Permetrin Krim 5%,MELAKUKAN PENGIRIMAN DAN PENERIMAAN,27715500,27715500;
KAB. MANDAILING NATAL,DINAS KESEHATAN - 1.02.0.00.0.00.02.0000,11825865,58580293,2025,E-Katalog 5.0,APBD,PT Sinaraya Nugraha Ahmadaris Medika,E-Purchasing,Pengadaan Barang,POLIGEL Antiseptic Alcohol Gel 500 ml,MELAKUKAN PENGIRIMAN DAN PENERIMAAN,8008200,8008200;
KAB. MANDAILING NATAL,DINAS PEKERJAAN UMUM DAN PENATAAN RUANG - 1.03.0.00.0.00.03.0000,11869954,59559157,2025,E-Katalog 5.0,APBD,PT. GASHABAT SUKSES MANDIRI,E-Purchasing,Pengadaan Barang,LAPIS PEREKAT-ASPAL CAIR/EMULSI,PAKET SELESAI,2508000,2508000;
KAB. MANDAILING NATAL,DINAS KESEHATAN - 1.02.0.00.0.00.02.0000,10238103000,59948580,2025,Non Tender,APBD,CV. RRH CONSULTANT,Pengadaan Langsung,Jasa Konsultansi Badan Usaha Konstruksi,Belanja Jasa Tenaga Ahli- Jasa Konsultan Perencanaan (DAU),SELESAI,74245000,74245000;
KAB. MANDAILING NATAL,DINAS KESEHATAN - 1.02.0.00.0.00.02.0000,11966616,58541960,2025,E-Katalog 5.0,APBD,PT. TRIFA RAYA LABORATORIES,E-Purchasing,Pengadaan Barang,AMLODIPINE BESILATE 10 MG - OGB,MELAKUKAN PENGIRIMAN DAN PENERIMAAN,3750000,3750000;
"KAB. MANDAILING NATAL,DINAS PEKERJAAN UMUM DAN PENATAAN RUANG - 1.03.0.00.0.00.03.0000,11830442,57424552,2025,E-Katalog 5.0,APBD,DEMBAN SIMPAR JAYA,E-Purchasing,Pengadaan Barang,""Gorong-gorong Pipa Beton Bertulang, diameter dalam 80 cm"",MELAKUKAN PENGIRIMAN DAN PENERIMAAN,18858000,18858000";
KAB. MANDAILING NATAL,DINAS PENDIDIKAN DAN KEBUDAYAAN - 1.01.2.22.0.00.01.0000,10448840000,60971800,2025,Non Tender,APBD,CV.HD KARYA CONSULTANT,Pengadaan Langsung,Jasa Konsultansi Badan Usaha Konstruksi,Jasa Konsultan Pengawasan Pembangunan RKB Beserta Perabotnya (DAU),SELESAI,99234000,99234000;
KAB. MANDAILING NATAL,DINAS KESEHATAN - 1.02.0.00.0.00.02.0000,11966595,58541960,2025,E-Katalog 5.0,APBD,PT Yarindo Farmatama,E-Purchasing,Pengadaan Barang,Haloperidol tab 5 mg,MELAKUKAN PENGIRIMAN DAN PENERIMAAN,5760000,5760000;
KAB. MANDAILING NATAL,DINAS PEKERJAAN UMUM DAN PENATAAN RUANG - 1.03.0.00.0.00.03.0000,10156985000,59400811,2025,Non Tender,APBD,CV. ANUGRAH PERMAI,Pengadaan Langsung,Pekerjaan Konstruksi,Lanjutan Pembangunan Pasar Eks Bioskop Tapanuli Kec. Panyabungan,SELESAI,398986000,398986000;
KAB. MANDAILING NATAL,DINAS PEKERJAAN UMUM DAN PENATAAN RUANG - 1.03.0.00.0.00.03.0000,11869780,59559156,2025,E-Katalog 5.0,APBD,CV. DALIHAN NATOLU,E-Purchasing,Pengadaan Barang,Lapis Resap Pengikat - Aspal Cair-Emulsi,MELAKUKAN PENGIRIMAN DAN PENERIMAAN,32144500,32144500;
KAB. MANDAILING NATAL,DINAS LINGKUNGAN HIDUP - 2.11.0.00.0.00.10.0000,10425710000,56959976,2025,Non Tender,APBD,PT. Madisa Konstruksi Jaya,Pengadaan Langsung,Pekerjaan Konstruksi,Belanja Pemeliharaan Bangunan Gedung-Bangunan Gedung Tempat Kerja-Bangunan Gedung Kantor,SELESAI,99249000,99249000;
KAB. MANDAILING NATAL,DINAS PEKERJAAN UMUM DAN PENATAAN RUANG - 1.03.0.00.0.00.03.0000,10321266000,60261745,2025,Non Tender,APBD,cv. bugis nauli,Pengadaan Langsung,Pekerjaan Konstruksi,Rehabilitasi Kantor Dinas PUPR Kabupaten Mandailing Natal,SELESAI,198824000,198824000;
KAB. MANDAILING NATAL,DINAS PEKERJAAN UMUM DAN PENATAAN RUANG - 1.03.0.00.0.00.03.0000,10174711000,59559151,2025,Non Tender,APBD,CV.HD KARYA CONSULTANT,Pengadaan Langsung,Jasa Konsultansi Badan Usaha Konstruksi,Jasa Konsultansi Pengawasan Kegiatan Bidang Bina Marga Wil. II TA.2025,SELESAI,99700000,99700000;
KAB. MANDAILING NATAL,DINAS PEKERJAAN UMUM DAN PENATAAN RUANG - 1.03.0.00.0.00.03.0000,11869962,59559159,2025,E-Katalog 5.0,APBD,PT. GASHABAT SUKSES MANDIRI,E-Purchasing,Pengadaan Barang,BETON STRUKTUR FC 25 MPa,PAKET SELESAI,891594000,891594000;
KAB. MANDAILING NATAL,SATUAN POLISI PAMONG PRAJA DAN PEMADAM KEBAKARAN - 1.05.0.00.0.00.05.0000,10236910000,59500490,2025,Non Tender,APBD,CV. BINTANG KARYA BHAKTI,Pengadaan Langsung,Pekerjaan Konstruksi,Pekerjaan Fire Hydrant Untuk Wilayah Kecamatan Panyabungan,SELESAI,119100000,119100000;
KAB. MANDAILING NATAL,DINAS KESEHATAN - 1.02.0.00.0.00.02.0000,11955784,58541960,2025,E-Katalog 5.0,APBD,PT. Hexpharm Jaya Laboratories,E-Purchasing,Pengadaan Barang,Simvastatin tab 20 mg,MELAKUKAN PENGIRIMAN DAN PENERIMAAN,27300000,27300000;
KAB. MANDAILING NATAL,DINAS KESEHATAN - 1.02.0.00.0.00.02.0000,11847388,58580293,2025,E-Katalog 5.0,APBD,PT.GLOBAL DISPOMEDIKA,E-Purchasing,Pengadaan Barang,Metragloves Latex Examination Powdered Size Medium,MELAKUKAN PENGIRIMAN DAN PENERIMAAN,14265720,14265720;
KAB. MANDAILING NATAL,RUMAH SAKIT UMUM DAERAH PANYABUNGAN - 1.02.0.00.0.00.02.0001,12091932,59520505,2025,E-Katalog 5.0,BLUD,PT.Elsyahfi Calibratech Mandiri,E-Purchasing,Pengadaan Barang,Service  Digital Radiography  with change part HDD without Install Software,PROSES KONTRAK PPK,162000000,162000000;
KAB. MANDAILING NATAL,RUMAH SAKIT UMUM DAERAH PANYABUNGAN - 1.02.0.00.0.00.02.0001,11833986,58008995,2025,E-Katalog 5.0,BLUD,PT Yarindo Farmatama,E-Purchasing,Pengadaan Barang,Valproat tab lepas lambat 500 mg,MELAKUKAN PENGIRIMAN DAN PENERIMAAN,18480000,18480000;
KAB. MANDAILING NATAL,RUMAH SAKIT UMUM DAERAH PANYABUNGAN - 1.02.0.00.0.00.02.0001,11649280,58008995,2025,E-Katalog 5.0,BLUD,P.T. Dexa Medica,E-Purchasing,Pengadaan Barang,Kandesartan tab 8 mg,PROSES KONTRAK PPK,942000,942000;
KAB. MANDAILING NATAL,DINAS PENDIDIKAN DAN KEBUDAYAAN - 1.01.2.22.0.00.01.0000,10545163000,57108825,2025,Non Tender,APBD,CV. PUTRA MANIKAM PERSADA,Pengadaan Langsung,Pekerjaan Konstruksi,Rehabilitasi Ruang Kelas SD Negeri 078 Panyabungan,SELESAI,99880112,99880112;
KAB. MANDAILING NATAL,DINAS KESEHATAN - 1.02.0.00.0.00.02.0000,11966629,58541960,2025,E-Katalog 5.0,APBD,PT.Phapros Tbk,E-Purchasing,Pengadaan Barang,Asiklovir/Acyclovir/Aciclovir tablet/kapsul/kaplet 400 mg,MELAKUKAN PENGIRIMAN DAN PENERIMAAN,23812600,23812600;
KAB. MANDAILING NATAL,DINAS PEKERJAAN UMUM DAN PENATAAN RUANG - 1.03.0.00.0.00.03.0000,10160665000,59489799,2025,Non Tender,APBD,CV. RENDER CONSULTANT,Pengadaan Langsung,Jasa Konsultansi Badan Usaha Konstruksi,Riview Penyusunan DED Pembangunan Rumah Dinas Kejari Mandailing Natal,SELESAI,49894500,49894500;
KAB. MANDAILING NATAL,RUMAH SAKIT UMUM DAERAH PANYABUNGAN - 1.02.0.00.0.00.02.0001,11712746,58008995,2025,E-Katalog 5.0,BLUD,PT. Kimia Farma Tbk,E-Purchasing,Pengadaan Barang,Salbutamol sulfate/ Salbutamol tablet/kapsul/kaplet 2 mg-KF,PROSES KONTRAK PPK,1600000,1600000;
KAB. MANDAILING NATAL,DINAS PEKERJAAN UMUM DAN PENATAAN RUANG - 1.03.0.00.0.00.03.0000,11869954,59559157,2025,E-Katalog 5.0,APBD,PT. GASHABAT SUKSES MANDIRI,E-Purchasing,Pengadaan Barang,PASANGAN BATU,PAKET SELESAI,2550000,2550000;
KAB. MANDAILING NATAL,DINAS KOPERASI USAHA KECIL DAN MENENGAH - 2.17.0.00.0.00.16.0000,01K8QJFJ6DJ2ES89A8GDJKQEKS,61145262,2025,E-Katalog 6.0,APBD,HASBIH SHIDDIQ ,E-Purchasing,Barang,Belanja Barang untuk Dijual/Diserahkan kepada Masyarakat,PAYMENT OUTSIDE SYSTEM,108177270,108177270;
KAB. MANDAILING NATAL,DINAS KESEHATAN - 1.02.0.00.0.00.02.0000,11960648,58541960,2025,E-Katalog 5.0,APBD,PT. Holi Pharma,E-Purchasing,Pengadaan Barang,Kalsium laktat (kalk) tab 500 mg,MELAKUKAN PENGIRIMAN DAN PENERIMAAN,8600000,8600000;
KAB. MANDAILING NATAL,DINAS PERUMAHAN RAKYAT DAN KAWASAN PERMUKIMAN SERTA PERTANAHAN - 1.04.2.10.0.00.04.0000,01K5TCXWZ5HXSZ909K9Y2FS8V7,60643066,2025,E-Katalog 6.0,APBD,SINAR JAYA,E-Purchasing,Pekerjaan Konstruksi,BelanJa Modal Jalan Desa,ON PROCESS,1741596985,1741596985;
KAB. MANDAILING NATAL,DINAS PEKERJAAN UMUM DAN PENATAAN RUANG - 1.03.0.00.0.00.03.0000,10198852000,59438241,2025,Non Tender,APBD,CV. PARADISE PARK,Pengadaan Langsung,Pekerjaan Konstruksi,Lanjutan Pembangunan Jembatan Lubuk Samboa Kec. Batang Natal,SELESAI,396800001,396800001;
KAB. MANDAILING NATAL,DINAS KESEHATAN - 1.02.0.00.0.00.02.0000,01KAWKT78YE48EXF2H5VCNDD8C,61852436,2025,E-Katalog 6.0,APBD,TERMINAL PRINT,E-Purchasing,Barang,Belanja Alat/Bahan untuk Kegiatan Kantor-Alat Tulis Kantor-Belanja Cetak dan Penggandaan,ON PROCESS,155915928,155915928;
KAB. MANDAILING NATAL,RUMAH SAKIT UMUM DAERAH PANYABUNGAN - 1.02.0.00.0.00.02.0001,11649280,58008995,2025,E-Katalog 5.0,BLUD,P.T. Dexa Medica,E-Purchasing,Pengadaan Barang,N-asetil sistein kaps 200 mg,PROSES KONTRAK PPK,3876000,3876000;
KAB. MANDAILING NATAL,DINAS KESEHATAN - 1.02.0.00.0.00.02.0000,11966598,58541960,2025,E-Katalog 5.0,APBD,PT Yarindo Farmatama,E-Purchasing,Pengadaan Barang,Diazepam tablet/kapsul/kaplet 2 mg,MELAKUKAN PENGIRIMAN DAN PENERIMAAN,8500000,8500000;
KAB. MANDAILING NATAL,DINAS PENDIDIKAN DAN KEBUDAYAAN - 1.01.2.22.0.00.01.0000,01K3624Q1FAFWB98FY59KS0SCM,60330317,2025,E-Katalog 6.0,APBD,PELITA RAHMAH EDUKASI,E-Purchasing,Barang,Belanja Aset Tetap Lainnya-Bahan Perpustakaan-Bahan Perpustakaan Tercetak-Buku Umum,ON PROCESS,81723000,81723000;
KAB. MANDAILING NATAL,DINAS KESEHATAN - 1.02.0.00.0.00.02.0000,11834071,58580293,2025,E-Katalog 5.0,APBD,PT. Safelock Medical,E-Purchasing,Pengadaan Barang,Infusion Set Pediatric Set Type Y with Airvent,MELAKUKAN PENGIRIMAN DAN PENERIMAAN,47721615,47721615;
KAB. MANDAILING NATAL,RUMAH SAKIT UMUM DAERAH PANYABUNGAN - 1.02.0.00.0.00.02.0001,11833968,58008995,2025,E-Katalog 5.0,BLUD,PT. Amarox Pharma Global,E-Purchasing,Pengadaan Barang,SITAGLIPTIN100,MELAKUKAN PENGIRIMAN DAN PENERIMAAN,10080000,10080000;
KAB. MANDAILING NATAL,DINAS PENGENDALIAN PENDUDUK DAN KELUARGA BERENCANA - 2.14.0.00.0.00.13.0000,10270027000,59276347,2025,Non Tender,APBD,CV. INOVASI GEMILANG,Pengadaan Langsung,Pekerjaan Konstruksi,Rehab Balai Penyuluhan KB Kec. Natal,SELESAI,99890443,99890443;
KAB. MANDAILING NATAL,DINAS PEKERJAAN UMUM DAN PENATAAN RUANG - 1.03.0.00.0.00.03.0000,11869780,59559156,2025,E-Katalog 5.0,APBD,CV. DALIHAN NATOLU,E-Purchasing,Pengadaan Barang,Penyiapan Badan Jalan,MELAKUKAN PENGIRIMAN DAN PENERIMAAN,4066200,4066200;
KAB. MANDAILING NATAL,DINAS PEKERJAAN UMUM DAN PENATAAN RUANG - 1.03.0.00.0.00.03.0000,11869962,59559159,2025,E-Katalog 5.0,APBD,PT. GASHABAT SUKSES MANDIRI,E-Purchasing,Pengadaan Barang,BETON FC 15 Mpa,PAKET SELESAI,74196000,74196000;
KAB. MANDAILING NATAL,DINAS PENDIDIKAN DAN KEBUDAYAAN - 1.01.2.22.0.00.01.0000,10096272000,57108795,2025,Non Tender,APBD,CV. TIARANI UTAMA,Pengadaan Langsung,Jasa Konsultansi Badan Usaha Konstruksi,Jasa Konsultan Perencanaan Rehabilitasi Ruang Kelas SD,SELESAI,98790000,98790000;
KAB. MANDAILING NATAL,DINAS KESEHATAN - 1.02.0.00.0.00.02.0000,11834071,58580293,2025,E-Katalog 5.0,APBD,PT. Safelock Medical,E-Purchasing,Pengadaan Barang,Infusion set Type Y Air Vent Luer Slip,MELAKUKAN PENGIRIMAN DAN PENERIMAAN,47721615,47721615;
KAB. MANDAILING NATAL,SEKRETARIAT DPRD - 4.02.0.00.0.00.25.0000,01KC33E2X66ECJTER96H6RJPH1,61982284,2025,E-Katalog 6.0,APBD,ARULIN SEJAHTERA,E-Purchasing,Barang,Belanja Pakaian Dinas DPRD,ON PROCESS,234126750,234126750;
KAB. MANDAILING NATAL,DINAS KESEHATAN - 1.02.0.00.0.00.02.0000,11966629,58541960,2025,E-Katalog 5.0,APBD,PT.Phapros Tbk,E-Purchasing,Pengadaan Barang,Epinefrin/ Epinephrine (Adrenalin) injeksi 1 mg/mL,MELAKUKAN PENGIRIMAN DAN PENERIMAAN,17484000,17484000;
KAB. MANDAILING NATAL,DINAS PERDAGANGAN - 3.30.3.31.0.00.23.0000,10275487000,57443477,2025,Non Tender,APBD,CV. RRH CONSULTANT,Pengadaan Langsung,Jasa Konsultansi Badan Usaha Non Konstruksi,Jasa Konsultasi Pegawasan Fisik Sarana dan Prasarana Bidang Pegembangan Perdangangan TA.2025,SELESAI,25700000,25700000;
KAB. MANDAILING NATAL,BADAN PENGELOLAAN KEUANGAN DAN ASET DAERAH - 5.02.0.00.0.00.27.0000,01K6VZ9T8S57HDD03WBF18A19E,60943591,2025,E-Katalog 6.0,APBDP,MUTIARA MUTIARA ABADI,E-Purchasing,Barang,Belanja Barang untuk Dijual/Diserahkan kepada Pihak ketiga/Pihak Lain,PAYMENT OUTSIDE SYSTEM,849662820,849662820;
KAB. MANDAILING NATAL,SEKRETARIAT DPRD - 4.02.0.00.0.00.25.0000,01KBH3JZAKEGTGBMNETRY9SS08,61859356,2025,E-Katalog 6.0,APBDP,SETYA SARI SUKSES,E-Purchasing,Barang,Belanja Peralatan dan Mesin-Alat Kantor dan Rumah Tangga-Alat Rumah Tangga-Mebel,ON PROCESS,150516000,150516000;
KAB. MANDAILING NATAL,DINAS KESEHATAN - 1.02.0.00.0.00.02.0000,10235331000,58585779,2025,Non Tender,APBD,CV.HD KARYA CONSULTANT,Pengadaan Langsung,Jasa Konsultansi Badan Usaha Konstruksi,Belanja Jasa Tenaga Ahli - Jasa Konsultan Pengawasan (DAK),SELESAI,99178500,99178500;
KAB. MANDAILING NATAL,DINAS PEKERJAAN UMUM DAN PENATAAN RUANG - 1.03.0.00.0.00.03.0000,11869951,59559150,2025,E-Katalog 5.0,APBD,CV.GUNUNG KULABU,E-Purchasing,Pengadaan Barang,Lapis Resap Pengikat - Aspal Cair-Emulsi,PAKET SELESAI,27054000,27054000;
KAB. MANDAILING NATAL,DINAS PERHUBUNGAN - 2.15.0.00.0.00.14.0000,01K03K4CB2T00J6Y1NYGE4NXPN,59812842,2025,E-Katalog 6.0,APBD,MUTIARA MUTIARA ABADI,E-Purchasing,Barang,Belanja Operasional Dan Pemeliharaan LPJU (Lampu Jalan LED),PAYMENT OUTSIDE SYSTEM,111124986,111124986;
KAB. MANDAILING NATAL,DINAS PEKERJAAN UMUM DAN PENATAAN RUANG - 1.03.0.00.0.00.03.0000,10438902000,60868783,2025,Non Tender,APBD,CV. EMESI NATAMA CONSULTANT,Pengadaan Langsung,Jasa Konsultansi Badan Usaha Konstruksi,Penyusunan Dokumen Perencanaan Jembatan Wilayah III,SELESAI,99855600,99855600;
KAB. MANDAILING NATAL,DINAS KESEHATAN - 1.02.0.00.0.00.02.0000,10064774000,57327827,2025,Non Tender,APBD,CV. CIKAS NUSANTARA,Pengadaan Langsung,Jasa Konsultansi Badan Usaha Non Konstruksi,Belanja Jasa Tenaga Ahli # JASA KONSULTAN PERENCANAAN,SELESAI,98834400,98834400;
KAB. MANDAILING NATAL,RUMAH SAKIT UMUM DAERAH PANYABUNGAN - 1.02.0.00.0.00.02.0001,11806071,58008995,2025,E-Katalog 5.0,BLUD,P.T. Dexa Medica,E-Purchasing,Pengadaan Barang,Propiltiourasil tab 100 mg,MELAKUKAN PENGIRIMAN DAN PENERIMAAN,2255000,2255000;
KAB. MANDAILING NATAL,DINAS PEKERJAAN UMUM DAN PENATAAN RUANG - 1.03.0.00.0.00.03.0000,11864328,59526453,2025,E-Katalog 5.0,APBD,CV. IKHWAN FIRDAUS,E-Purchasing,Pengadaan Barang,Menyediakan End Cap 1/2,MELAKUKAN PENGIRIMAN DAN PENERIMAAN,1785000,1785000;
KAB. MANDAILING NATAL,DINAS PEKERJAAN UMUM DAN PENATAAN RUANG - 1.03.0.00.0.00.03.0000,10201432000,59438977,2025,Non Tender,APBD,HQ PRATAMA CONSULTANT,Pengadaan Langsung,Jasa Konsultansi Badan Usaha Konstruksi,Penyusunan Dokumen Perencanaan Kegiatan Bidang Bina Marga TA. 2026 Wil. III,SELESAI,99750000,99750000;
KAB. MANDAILING NATAL,DINAS PENDIDIKAN DAN KEBUDAYAAN - 1.01.2.22.0.00.01.0000,10326920000,57108801,2025,Non Tender,APBD,CV. ANUGRAH KARYA ABADI,Pengadaan Langsung,Pekerjaan Konstruksi,Rehabilitasi Ruang Kelas SD Negeri 385 Lubuk Kapundung,SELESAI,199758243,199758243;
KAB. MANDAILING NATAL,DINAS KESEHATAN - 1.02.0.00.0.00.02.0000,11959356,58541960,2025,E-Katalog 5.0,APBD,PT. IFARS PHARMACEUTICAL LABORATORIES,E-Purchasing,Pengadaan Barang,Asiklovir/Acyclovir/Aciclovir tablet/kapsul/kaplet 200 mg,MELAKUKAN PENGIRIMAN DAN PENERIMAAN,61680000,61680000;
KAB. MANDAILING NATAL,DINAS PEKERJAAN UMUM DAN PENATAAN RUANG - 1.03.0.00.0.00.03.0000,11869780,59559156,2025,E-Katalog 5.0,APBD,CV. DALIHAN NATOLU,E-Purchasing,Pengadaan Barang,Pasangan Batu dengan Mortar,MELAKUKAN PENGIRIMAN DAN PENERIMAAN,43200000,43200000;
KAB. MANDAILING NATAL,DINAS PERUMAHAN RAKYAT DAN KAWASAN PERMUKIMAN SERTA PERTANAHAN - 1.04.2.10.0.00.04.0000,10074460000,57348084,2025,Non Tender,APBD,PT. CITA KREASI LATENA,Pengadaan Langsung,Jasa Konsultansi Badan Usaha Non Konstruksi,Pemetaan Digitasi Jalan antar Desa antar permukiman,SELESAI,89355000,89355000;
KAB. MANDAILING NATAL,DINAS PEKERJAAN UMUM DAN PENATAAN RUANG - 1.03.0.00.0.00.03.0000,11864328,59526453,2025,E-Katalog 5.0,APBD,CV. IKHWAN FIRDAUS,E-Purchasing,Pengadaan Barang,Menyediakan Tee 1/2,MELAKUKAN PENGIRIMAN DAN PENERIMAAN,3400000,3400000;
KAB. MANDAILING NATAL,DINAS PERDAGANGAN - 3.30.3.31.0.00.23.0000,10601579000,61018227,2025,Non Tender,APBDP,CV. CEMERLANG GEMILANG GROUP,Pengadaan Langsung,Pekerjaan Konstruksi,Pembangunan Musholla di Pasar Eks. Bioskop Tapanuli Kec. Panyabungan,SELESAI,98963900,98963900;
KAB. MANDAILING NATAL,DINAS PERTANIAN - 3.27.0.00.0.00.22.0000,01JXVSJ6849YFPR9SBSPV2DV3E,59725764,2025,E-Katalog 6.0,APBD,RIZKI KARYA,E-Purchasing,Barang,Belanja Barang untuk Dijual/Diserahkan kepada Masyarakat,ON PROCESS,167976000,167976000;
KAB. MANDAILING NATAL,RUMAH SAKIT UMUM DAERAH PANYABUNGAN - 1.02.0.00.0.00.02.0001,01K9RX1A2MRF62570AEGKHN9FJ,58008995,2025,E-Katalog 6.0,BLUD,ASTRAZENECA INDONESIA,E-Purchasing,Barang,Belanja Barang dan Jasa BLUD,ON PROCESS,18854349,0;
KAB. MANDAILING NATAL,DINAS PENDIDIKAN DAN KEBUDAYAAN - 1.01.2.22.0.00.01.0000,10326969000,57108809,2025,Non Tender,APBD,CV. CENTRAL GRAFIKA PRINT,Pengadaan Langsung,Pekerjaan Konstruksi,Rehabilitasi Ruang Kelas SD Negeri 134 Banjar Lancat,SELESAI,199900772,199900772;
"KAB. MANDAILING NATAL,DINAS PEKERJAAN UMUM DAN PENATAAN RUANG - 1.03.0.00.0.00.03.0000,11912701,59559152,2025,E-Katalog 5.0,APBD,CV. KENZO MAHAGANI,E-Purchasing,Pengadaan Barang,""Beton struktur, fc 20 MPa"",PAKET SELESAI,772045000,772045000";
"KAB. MANDAILING NATAL,DINAS PEKERJAAN UMUM DAN PENATAAN RUANG - 1.03.0.00.0.00.03.0000,11864328,59526453,2025,E-Katalog 5.0,APBD,CV. IKHWAN FIRDAUS,E-Purchasing,Pengadaan Barang,""TEE HDPE 2X2 Sni 06-0084-2002 12,5 Kg/Cm2"",MELAKUKAN PENGIRIMAN DAN PENERIMAAN,1423500,1423500";
KAB. MANDAILING NATAL,DINAS KEPENDUDUKAN DAN PENCATATAN SIPIL - 2.12.0.00.0.00.11.0000,01JWX4YH0VGYX43KVM366FK7H4,59642437,2025,E-Katalog 6.0,APBD,INDO PUTRA SEMPURNA,E-Purchasing,Barang,Belanja Alat/Bahan untuk Kegiatan Kantor-Bahan Komputer,ON PROCESS,460514727,0;
KAB. MANDAILING NATAL,DINAS PEKERJAAN UMUM DAN PENATAAN RUANG - 1.03.0.00.0.00.03.0000,11807675,57423741,2025,E-Katalog 5.0,APBD,DEMBAN SIMPAR JAYA,E-Purchasing,Pengadaan Barang,Baja Tulangan Polos-BjTP 280,MELAKUKAN PENGIRIMAN DAN PENERIMAAN,6951000,6951000;
KAB. MANDAILING NATAL,DINAS PENDIDIKAN DAN KEBUDAYAAN - 1.01.2.22.0.00.01.0000,01K46VAD20WSMND9347RRBE661,57108613,2025,E-Katalog 6.0,APBD,BERKAH QYMERA,E-Purchasing,Barang,Belanja Modal Alat Kantor Lainnya,ON PROCESS,140459400,140459400;
KAB. MANDAILING NATAL,DINAS PENDIDIKAN DAN KEBUDAYAAN - 1.01.2.22.0.00.01.0000,01JSB32QDX2EJ3KT379S63CFCC,57107955,2025,E-Katalog 6.0,APBD,HASBIH SHIDDIQ ,E-Purchasing,Barang,Belanja Barang untuk Dijual/Diserahkan kepada Masyarakat,PAYMENT OUTSIDE SYSTEM,212207736,212207736;
KAB. MANDAILING NATAL,DINAS PEKERJAAN UMUM DAN PENATAAN RUANG - 1.03.0.00.0.00.03.0000,11869951,59559150,2025,E-Katalog 5.0,APBD,CV.GUNUNG KULABU,E-Purchasing,Pengadaan Barang,Beton strukur fc 20 MPa,PAKET SELESAI,148740000,148740000;
KAB. MANDAILING NATAL,DINAS KESEHATAN - 1.02.0.00.0.00.02.0000,11969999,58541723,2025,E-Katalog 5.0,APBD,PT.ERELA,E-Purchasing,Pengadaan Barang,Antasida Tab Kunyah,MELAKUKAN PENGIRIMAN DAN PENERIMAAN,90000000,90000000;
KAB. MANDAILING NATAL,DINAS KESEHATAN - 1.02.0.00.0.00.02.0000,11876057,58541960,2025,E-Katalog 5.0,APBD,PT.Bernofarm,E-Purchasing,Pengadaan Barang,Lidocaine Hydrochloride/ Lidocaine/ Lidocain/ Lidokain injeksi 2%,MELAKUKAN PENGIRIMAN DAN PENERIMAAN,2850000,2850000;
KAB. MANDAILING NATAL,DINAS PEKERJAAN UMUM DAN PENATAAN RUANG - 1.03.0.00.0.00.03.0000,11869706,59559155,2025,E-Katalog 5.0,APBD,CV. PUTRA JAYA,E-Purchasing,Pengadaan Barang,Lapis Rekat Pengikat - Aspal Cair/Emulsi,MELAKUKAN PENGIRIMAN DAN PENERIMAAN,45479600,45479600;
KAB. MANDAILING NATAL,DINAS PEKERJAAN UMUM DAN PENATAAN RUANG - 1.03.0.00.0.00.03.0000,11869954,59559157,2025,E-Katalog 5.0,APBD,PT. GASHABAT SUKSES MANDIRI,E-Purchasing,Pengadaan Barang,TIMBUNAN PILIHAN DARI SUMBER GALIAN,PAKET SELESAI,11622600,11622600;
KAB. MANDAILING NATAL,DINAS PENGENDALIAN PENDUDUK DAN KELUARGA BERENCANA - 2.14.0.00.0.00.13.0000,10466184000,59276743,2025,Non Tender,APBD,CV. ANUGRAH ALAM MANDIRI,Pengadaan Langsung,Pekerjaan Konstruksi,Rehab Gudang Alat dan Obat Kontrasepsi,SELESAI,99876346,99876346;
KAB. MANDAILING NATAL,RUMAH SAKIT UMUM DAERAH PANYABUNGAN - 1.02.0.00.0.00.02.0001,11634988,58008995,2025,E-Katalog 5.0,BLUD,PT. Mersifarma Tirmaku Mercusana,E-Purchasing,Pengadaan Barang,Klobazam tab 10 mg,PROSES KONTRAK PPK,2065000,2065000;
KAB. MANDAILING NATAL,DINAS PEKERJAAN UMUM DAN PENATAAN RUANG - 1.03.0.00.0.00.03.0000,11807675,57423741,2025,E-Katalog 5.0,APBD,DEMBAN SIMPAR JAYA,E-Purchasing,Pengadaan Barang,Lapis Resap Pengikat - Aspal Cair - Emulsi,MELAKUKAN PENGIRIMAN DAN PENERIMAAN,56347500,56347500;
KAB. MANDAILING NATAL,RUMAH SAKIT UMUM DAERAH PANYABUNGAN - 1.02.0.00.0.00.02.0001,11833953,58008995,2025,E-Katalog 5.0,BLUD,PT. Kimia Farma Tbk,E-Purchasing,Pengadaan Barang,Ketokonazol/ Ketoconazole krim 2%,MELAKUKAN PENGIRIMAN DAN PENERIMAAN,344448,344448;
KAB. MANDAILING NATAL,RUMAH SAKIT UMUM DAERAH PANYABUNGAN - 1.02.0.00.0.00.02.0001,12112713,59725914,2025,E-Katalog 5.0,BLUD,PT. NOVELL PHARMACEUTICAL LABORATORIES,E-Purchasing,Pengadaan Barang,Efedrin/Ephedrine HCl Inj 50 mg/ml,MELAKUKAN PENGIRIMAN DAN PENERIMAAN,1332000,1332000;
KAB. MANDAILING NATAL,DINAS PEKERJAAN UMUM DAN PENATAAN RUANG - 1.03.0.00.0.00.03.0000,11864328,59526453,2025,E-Katalog 5.0,APBD,CV. IKHWAN FIRDAUS,E-Purchasing,Pengadaan Barang,Menyediakan Tutup Meteran,MELAKUKAN PENGIRIMAN DAN PENERIMAAN,15555000,15555000;
"KAB. MANDAILING NATAL,RUMAH SAKIT UMUM DAERAH PANYABUNGAN - 1.02.0.00.0.00.02.0001,11824113,58008995,2025,E-Katalog 5.0,BLUD,PT Otsuka Indonesia,E-Purchasing,Pengadaan Barang,""Larutan mengandung Asam Amino (Asam Amino 27 g, Sorbitol 50 g, Cl-52 mEq), @ 500 mL"",MELAKUKAN PENGIRIMAN DAN PENERIMAAN,1220304,1220304";
KAB. MANDAILING NATAL,RUMAH SAKIT UMUM DAERAH PANYABUNGAN - 1.02.0.00.0.00.02.0001,11944279,58008995,2025,E-Katalog 5.0,BLUD,PT. ANUGRAHMITRA SELARAS,E-Purchasing,Pengadaan Barang,SAFE MASK 3 Ply Earloop Surgical Face Mask,MELAKUKAN PENGIRIMAN DAN PENERIMAAN,4956800,4956800;
KAB. MANDAILING NATAL,BADAN PENGELOLAAN KEUANGAN DAN ASET DAERAH - 5.02.0.00.0.00.27.0000,10357784000,56043635,2025,Non Tender,APBD,PT. MARGA BHUANA JAYA CONSULTANT,Pengadaan Langsung,Jasa Konsultansi Badan Usaha Non Konstruksi,Belanja Jasa Tenaga Ahli,SELESAI,99300000,99300000;
KAB. MANDAILING NATAL,DINAS PENDIDIKAN DAN KEBUDAYAAN - 1.01.2.22.0.00.01.0000,10327023000,57108806,2025,Non Tender,APBD,CV. TORKIS LUBIS GROUP,Pengadaan Langsung,Pekerjaan Konstruksi,Rehabilitasi Ruang Kelas SD Negeri 043 Muara Batang Angkola,SELESAI,199777621,199777621;
KAB. MANDAILING NATAL,DINAS PENDIDIKAN DAN KEBUDAYAAN - 1.01.2.22.0.00.01.0000,01KD7WNMAK7XJNFQFPF83GZ47R,62301883,2025,E-Katalog 6.0,APBDP,PUTRA PRATAMA,E-Purchasing,Barang,Bantuan Untuk Peserta Didik Terdampak Bencana,ON PROCESS,202683400,202683400;
KAB. MANDAILING NATAL,DINAS SOSIAL PEMBERDAYAAN PEREMPUAN DAN PERLINDUNGAN ANAK - 1.06.2.08.0.00.07.0000,01JYGGZ38VYJ6Q9QAJXBSXEG20,59483570,2025,E-Katalog 6.0,APBD,HASBIH SHIDDIQ ,E-Purchasing,Barang,Belanja Barang untuk Dijual/Diserahkan kepada Masyarakat,PAYMENT OUTSIDE SYSTEM,182900000,182900000;
KAB. MANDAILING NATAL,RUMAH SAKIT UMUM DAERAH PANYABUNGAN - 1.02.0.00.0.00.02.0001,11789985,58008995,2025,E-Katalog 5.0,BLUD,PT. BALATIF,E-Purchasing,Pengadaan Barang,SODIUM BICARBONATE,MELAKUKAN PENGIRIMAN DAN PENERIMAAN,5150000,5150000;
KAB. MANDAILING NATAL,DINAS PENDIDIKAN DAN KEBUDAYAAN - 1.01.2.22.0.00.01.0000,01K46SXQNGEA04WD1HJXA03DBH,59214427,2025,E-Katalog 6.0,APBD,BERKAH QYMERA,E-Purchasing,Barang,Belanja Modal Alat Kantor Lainnya,ON PROCESS,80475000,80475000;
KAB. MANDAILING NATAL,RUMAH SAKIT UMUM DAERAH PANYABUNGAN - 1.02.0.00.0.00.02.0001,11665854,58008995,2025,E-Katalog 5.0,BLUD,PT. Holi Pharma,E-Purchasing,Pengadaan Barang,Ibuprofen tab 400 mg,PROSES KONTRAK PPK,2080000,2080000;
KAB. MANDAILING NATAL,DINAS PERDAGANGAN - 3.30.3.31.0.00.23.0000,10278397000,60108870,2025,Non Tender,APBD,CV. ALDRICH PERDANA KARYA,Pengadaan Langsung,Pekerjaan Konstruksi,Penataan Pedagang Pelaku Usaha Kecil di Pasar Baru Panyabungan,SELESAI,198608150,198608150;
KAB. MANDAILING NATAL,DINAS PERUMAHAN RAKYAT DAN KAWASAN PERMUKIMAN SERTA PERTANAHAN - 1.04.2.10.0.00.04.0000,10078875000,57348086,2025,Non Tender,APBD,PT.SADHYA GRAHACARA,Pengadaan Langsung,Jasa Konsultansi Badan Usaha Konstruksi,Pembuatan DED PSU Kawasan Kumuh Kel. Kota Siantar Kec.Panyabungan,SELESAI,99789000,99789000;
KAB. MANDAILING NATAL,DINAS PEKERJAAN UMUM DAN PENATAAN RUANG - 1.03.0.00.0.00.03.0000,11830442,57424552,2025,E-Katalog 5.0,APBD,DEMBAN SIMPAR JAYA,E-Purchasing,Pengadaan Barang,Lapis Resap Pengikat - Aspal Cair - Emulsi,MELAKUKAN PENGIRIMAN DAN PENERIMAAN,84480000,84480000;
KAB. MANDAILING NATAL,RUMAH SAKIT UMUM DAERAH PANYABUNGAN - 1.02.0.00.0.00.02.0001,12031151,59434469,2025,E-Katalog 5.0,APBD,PT. Sometech Indonesia,E-Purchasing,Pengadaan Barang,Dr. OPPEL Electrosurgical Unit ST-501 ENT SET,PROSES KONTRAK PPK,163400000,0;
KAB. MANDAILING NATAL,DINAS KESEHATAN - 1.02.0.00.0.00.02.0000,11834071,58580293,2025,E-Katalog 5.0,APBD,PT. Safelock Medical,E-Purchasing,Pengadaan Barang,Blood Lancet,MELAKUKAN PENGIRIMAN DAN PENERIMAAN,27987250,27987250;
KAB. MANDAILING NATAL,DINAS PERUMAHAN RAKYAT DAN KAWASAN PERMUKIMAN SERTA PERTANAHAN - 1.04.2.10.0.00.04.0000,10106347000,57348082,2025,Non Tender,APBD,PT. CITA KREASI LATENA,Pengadaan Langsung,Jasa Konsultansi Badan Usaha Non Konstruksi,Pemutakhiran Data RTLH Kabupaten Mandailing Natal,SELESAI,98679000,98679000;
KAB. MANDAILING NATAL,RUMAH SAKIT UMUM DAERAH PANYABUNGAN - 1.02.0.00.0.00.02.0001,12028977,58008995,2025,E-Katalog 5.0,BLUD,PT. Mersifarma Tirmaku Mercusana,E-Purchasing,Pengadaan Barang,Sertralin tab sal 50 mg,MELAKUKAN PENGIRIMAN DAN PENERIMAAN,2031000,2031000;
KAB. MANDAILING NATAL,DINAS PENDIDIKAN DAN KEBUDAYAAN - 1.01.2.22.0.00.01.0000,10327021000,57108829,2025,Non Tender,APBD,CV. ANUGRAH KARYA ABADI,Pengadaan Langsung,Pekerjaan Konstruksi,Rehabilitasi Ruang Kelas SD Negeri 049 Sidojadi,SELESAI,149710573,149710573;
KAB. MANDAILING NATAL,DINAS PEKERJAAN UMUM DAN PENATAAN RUANG - 1.03.0.00.0.00.03.0000,11869780,59559156,2025,E-Katalog 5.0,APBD,CV. DALIHAN NATOLU,E-Purchasing,Pengadaan Barang,Timbunan Pilihan dari sumber galian,MELAKUKAN PENGIRIMAN DAN PENERIMAAN,14277600,14277600;
"KAB. MANDAILING NATAL,RUMAH SAKIT UMUM DAERAH PANYABUNGAN - 1.02.0.00.0.00.02.0001,11969404,58008995,2025,E-Katalog 5.0,BLUD,PT AstraZeneca Indonesia,E-Purchasing,Pengadaan Barang,""Kombinasi KDT/FDC setiap dosis mengandung Budesonid 160 mcg/Formoterol 4,5 mcg Ih 120 dosis, Turbuhaler"",MELAKUKAN PENGIRIMAN DAN PENERIMAAN,16684000,0";
KAB. MANDAILING NATAL,DINAS KESEHATAN - 1.02.0.00.0.00.02.0000,11966587,58541960,2025,E-Katalog 5.0,APBD,PT. TRIMAN,E-Purchasing,Pengadaan Barang,ALLOPURINOL 300/ALOPURINOL/TABLET/KAPLET/KAPSUL,MELAKUKAN PENGIRIMAN DAN PENERIMAAN,54800000,54800000;
KAB. MANDAILING NATAL,RUMAH SAKIT UMUM DAERAH PANYABUNGAN - 1.02.0.00.0.00.02.0001,01K9EXC80J7659PTG6C8SQEE19,58008995,2025,E-Katalog 6.0,BLUD,NOVELL PHARMACEUTICAL LABORATORIES,E-Purchasing,Barang,Belanja Barang dan Jasa BLUD,ON PROCESS,5239200,5239200;
KAB. MANDAILING NATAL,DINAS PENDIDIKAN DAN KEBUDAYAAN - 1.01.2.22.0.00.01.0000,10326966000,57108818,2025,Non Tender,APBD,CV. TORKIS LUBIS GROUP,Pengadaan Langsung,Pekerjaan Konstruksi,Rehabilitasi Ruang Kelas SD Negeri 139 Sirambas,SELESAI,149786731,149786731;
KAB. MANDAILING NATAL,DINAS PEKERJAAN UMUM DAN PENATAAN RUANG - 1.03.0.00.0.00.03.0000,10156983000,59400815,2025,Non Tender,APBD,CV. DWI LESTARI,Pengadaan Langsung,Pekerjaan Konstruksi,Lajutan Pembangunan RSUD Panyabungan,SELESAI,398307000,398307000;
KAB. MANDAILING NATAL,RUMAH SAKIT UMUM DAERAH PANYABUNGAN - 1.02.0.00.0.00.02.0001,11712746,58008995,2025,E-Katalog 5.0,BLUD,PT. Kimia Farma Tbk,E-Purchasing,Pengadaan Barang,Azitromisin/Azithromycin dihydrate tablet salut selaput/kaplet salut selaput 500 mg,PROSES KONTRAK PPK,606800,606800;
KAB. MANDAILING NATAL,DINAS PARIWISATA - 3.26.0.00.0.00.21.0000,10554508000,61562470,2025,Non Tender,APBD,CV. CONSULTANT MORA NI MORA,Pengadaan Langsung,Jasa Konsultansi Badan Usaha Konstruksi,Jasa Konsultan Detail Engenering Desain (DED) Destinasi Wisata (Pembuatan Site Plan Bagas Godang Kab. Mandailing Natal di Desa Purba Baru),SELESAI,24975000,24975000;
KAB. MANDAILING NATAL,BADAN PENGELOLAAN KEUANGAN DAN ASET DAERAH - 5.02.0.00.0.00.27.0000,01JYDM77ADM9PX6EP9V3KY3QZN,59035028,2025,E-Katalog 6.0,APBD,KREATIFITAS CEMERLANG,E-Purchasing,Barang,Belanja Modal Komputer Unit Lainnya,PAYMENT OUTSIDE SYSTEM,64158000,64158000;
KAB. MANDAILING NATAL,DINAS PERHUBUNGAN - 2.15.0.00.0.00.14.0000,01K0NRQ2ND1AE0PBYQJASMS4CW,60045675,2025,E-Katalog 6.0,APBD,MUTIARA MUTIARA ABADI,E-Purchasing,Barang,Belanja Bahan Meterisasi LPJU Kecamatan Panyabungan,PAYMENT OUTSIDE SYSTEM,50838000,50838000;
KAB. MANDAILING NATAL,DINAS PEKERJAAN UMUM DAN PENATAAN RUANG - 1.03.0.00.0.00.03.0000,11912701,59559152,2025,E-Katalog 5.0,APBD,CV. KENZO MAHAGANI,E-Purchasing,Pengadaan Barang,Galian untuk Selokan Drainase dan Saluran Air,PAKET SELESAI,18627300,18627300;
KAB. MANDAILING NATAL,DINAS KESEHATAN - 1.02.0.00.0.00.02.0000,11966616,58541960,2025,E-Katalog 5.0,APBD,PT. TRIFA RAYA LABORATORIES,E-Purchasing,Pengadaan Barang,DOMPERIDONE 10 MG,MELAKUKAN PENGIRIMAN DAN PENERIMAAN,4050000,4050000;
KAB. MANDAILING NATAL,DINAS PERTANIAN - 3.27.0.00.0.00.22.0000,01JXYJ7PY7RSQR8HJ6QJ2M3R1A,59288633,2025,E-Katalog 6.0,APBD,SETYA SARI SUKSES,E-Purchasing,Barang,Belanja Bahan-Bahan/Bibit Tanaman,ON PROCESS,55000000,55000000;
KAB. MANDAILING NATAL,DINAS PENDIDIKAN DAN KEBUDAYAAN - 1.01.2.22.0.00.01.0000,10072156000,57108756,2025,Tender,APBD,CV. KREATIFITAS CEMERLANG,Tender,Pekerjaan Konstruksi,Pembangunan Ruang Kelas Baru Beserta Perabotnya (DAU) - SD Negeri 405 Simpang Bambu,SELESAI,423745571,423745571;
KAB. MANDAILING NATAL,DINAS PEKERJAAN UMUM DAN PENATAAN RUANG - 1.03.0.00.0.00.03.0000,11869780,59559156,2025,E-Katalog 5.0,APBD,CV. DALIHAN NATOLU,E-Purchasing,Pengadaan Barang,Marka Jalan Termoplastik,MELAKUKAN PENGIRIMAN DAN PENERIMAAN,5506200,5506200;
"KAB. MANDAILING NATAL,RUMAH SAKIT UMUM DAERAH PANYABUNGAN - 1.02.0.00.0.00.02.0001,11936546,58008995,2025,E-Katalog 5.0,BLUD,PT. Galenium Pharmasia Laboratories,E-Purchasing,Pengadaan Barang,""Scabimite, Permethrin 5%, 10 gr"",MELAKUKAN PENGIRIMAN DAN PENERIMAAN,3000000,3000000";
KAB. MANDAILING NATAL,DINAS PENDIDIKAN DAN KEBUDAYAAN - 1.01.2.22.0.00.01.0000,10072161000,57108751,2025,Tender,APBD,CV. BINTANG BUDI MANDIRI,Tender,Pekerjaan Konstruksi,Pembangunan Ruang Kelas Baru Beserta Perabotnya (DAU) - SD Negeri 333 Bintungan Bejangkar Baru,SELESAI,600000000,600000000;
KAB. MANDAILING NATAL,DINAS PENDIDIKAN DAN KEBUDAYAAN - 1.01.2.22.0.00.01.0000,01JPAG5CVA5H871C6BDNMJ17N5,57109225,2025,E-Katalog 6.0,APBD,CHRISTY DAN JONATHAN,E-Purchasing,Barang,Belanja Modal Mebel,ON PROCESS,2904592500,2904592500;
"KAB. MANDAILING NATAL,DINAS PEKERJAAN UMUM DAN PENATAAN RUANG - 1.03.0.00.0.00.03.0000,10604053000,60892454,2025,Non Tender,APBDP,SYAIFUL ANWAR DAULAY,Pengadaan Langsung,Jasa Konsultansi Perorangan Konstruksi,""Konsultansi Pengawasan Kegiatan Untuk Konstruksi Pengendali Banjir, Lahar, Drainase Utama Perkotaan dan Pengaman Pantai"",SELESAI,15000000,15000000";
"KAB. MANDAILING NATAL,DINAS KESEHATAN - 1.02.0.00.0.00.02.0000,11959299,58541960,2025,E-Katalog 5.0,APBD,PT. Kimia Farma Tbk,E-Purchasing,Pengadaan Barang,""Betametason/Betamethasone Valerate krim 0,1%"",MELAKUKAN PENGIRIMAN DAN PENERIMAAN,3996000,3996000";
KAB. MANDAILING NATAL,RUMAH SAKIT UMUM DAERAH PANYABUNGAN - 1.02.0.00.0.00.02.0001,12011138,58008995,2025,E-Katalog 5.0,BLUD,PT. NOVELL PHARMACEUTICAL LABORATORIES,E-Purchasing,Pengadaan Barang,Efedrin/Ephedrine HCl Inj 50 mg/ml,MELAKUKAN PENGIRIMAN DAN PENERIMAAN,666000,666000;
KAB. MANDAILING NATAL,RUMAH SAKIT UMUM DAERAH PANYABUNGAN - 1.02.0.00.0.00.02.0001,11649288,58008995,2025,E-Katalog 5.0,BLUD,PT ANUGERAH REZEKI BERSAMA INDONESIA,E-Purchasing,Pengadaan Barang,CONTOUR Plus Strip Uji Glukosa Darah Blood Glucose Test Strip,PROSES KONTRAK PPK,8547000,8547000;
KAB. MANDAILING NATAL,DINAS KESEHATAN - 1.02.0.00.0.00.02.0000,11956387,58541960,2025,E-Katalog 5.0,APBD,PT.Bernofarm,E-Purchasing,Pengadaan Barang,BETHAMETASONE DIPROPIONATE 0.5 MG @5gr,MELAKUKAN PENGIRIMAN DAN PENERIMAAN,23600000,23600000;
KAB. MANDAILING NATAL,BAGIAN UMUM - 4.01.5.06.0.00.24.0009,10614629000,61723889,2025,Non Tender,APBDP,CV. CENTRAL GRAFIKA PRINT,Pengadaan Langsung,Pekerjaan Konstruksi,Pengecatan Pagar Rumah Dinas Pimpinan,SELESAI,99899998,99899998;
KAB. MANDAILING NATAL,DINAS PEKERJAAN UMUM DAN PENATAAN RUANG - 1.03.0.00.0.00.03.0000,11912701,59559152,2025,E-Katalog 5.0,APBD,CV. KENZO MAHAGANI,E-Purchasing,Pengadaan Barang,Penyiapan Badan Jalan,PAKET SELESAI,2540830,2540830;
KAB. MANDAILING NATAL,DINAS PEKERJAAN UMUM DAN PENATAAN RUANG - 1.03.0.00.0.00.03.0000,11830442,57424552,2025,E-Katalog 5.0,APBD,DEMBAN SIMPAR JAYA,E-Purchasing,Pengadaan Barang,Bahan anti pengelupasan,MELAKUKAN PENGIRIMAN DAN PENERIMAAN,6466000,6466000;
KAB. MANDAILING NATAL,RUMAH SAKIT UMUM DAERAH PANYABUNGAN - 1.02.0.00.0.00.02.0001,11712746,58008995,2025,E-Katalog 5.0,BLUD,PT. Kimia Farma Tbk,E-Purchasing,Pengadaan Barang,Ketoprofen supositoria 100 mg KF,PROSES KONTRAK PPK,1402200,1402200;
KAB. MANDAILING NATAL,DINAS KESEHATAN - 1.02.0.00.0.00.02.0000,11966604,58541960,2025,E-Katalog 5.0,APBD,PT. Holi Pharma,E-Purchasing,Pengadaan Barang,Chloramphenicol/ Chloramphenicol palmitate/ Kloramfenikol suspensi 125 mg/ 5 ml,MELAKUKAN PENGIRIMAN DAN PENERIMAAN,37884000,37884000;
KAB. MANDAILING NATAL,DINAS PERUMAHAN RAKYAT DAN KAWASAN PERMUKIMAN SERTA PERTANAHAN - 1.04.2.10.0.00.04.0000,01K6VKDA4F4391SPNE8Y9GPJT2,60840177,2025,E-Katalog 6.0,APBD,SINAR JAYA,E-Purchasing,Pekerjaan Konstruksi,Pekerjaan BelanJa Modal Jalan Desa ,ON PROCESS,1473036133,1473036133;
KAB. MANDAILING NATAL,DINAS KESEHATAN - 1.02.0.00.0.00.02.0000,11966596,58541960,2025,E-Katalog 5.0,APBD,PT. PUTRA KARYA SENTOSA,E-Purchasing,Pengadaan Barang,Griseofulvin tablet 125 mg,MELAKUKAN PENGIRIMAN DAN PENERIMAAN,68600000,68600000;
KAB. MANDAILING NATAL,DINAS KESEHATAN - 1.02.0.00.0.00.02.0000,11966587,58541960,2025,E-Katalog 5.0,APBD,PT. TRIMAN,E-Purchasing,Pengadaan Barang,Metronidazole/Metronidazol tablet/kapsul/kaplet 500 mg,MELAKUKAN PENGIRIMAN DAN PENERIMAAN,72750000,72750000;
KAB. MANDAILING NATAL,DINAS KESEHATAN - 1.02.0.00.0.00.02.0000,12028975,58580293,2025,E-Katalog 5.0,APBD,PT Axion Jaya Alkesindo,E-Purchasing,Pengadaan Barang,Intravena Kateter 26G,MELAKUKAN PENGIRIMAN DAN PENERIMAAN,24200000,24200000;
KAB. MANDAILING NATAL,RUMAH SAKIT UMUM DAERAH PANYABUNGAN - 1.02.0.00.0.00.02.0001,01K8Q74WZ1A2T2WW9XBDZKP9MW,58008995,2025,E-Katalog 6.0,BLUD,HOLI PHARMA,E-Purchasing,Barang,Belanja Barang dan Jasa BLUD,ON PROCESS,5252742,5252742;
KAB. MANDAILING NATAL,SEKRETARIAT DAERAH KABUPATEN - 4.01.5.06.0.00.24.0000,01KAJVWVG488MP0CWAMY4TGXX8,61723701,2025,E-Katalog 6.0,APBDP,HASBIH SHIDDIQ ,E-Purchasing,Barang,Belanja Alat/Bahan untuk Kegiatan Kantor-Alat/Bahan untuk Kegiatan Kantor Lainnya,PAYMENT OUTSIDE SYSTEM,62004600,62004600;
KAB. MANDAILING NATAL,DINAS KESEHATAN - 1.02.0.00.0.00.02.0000,11751261,58579618,2025,E-Katalog 5.0,APBD,PT. STANDARD BIOSENSOR HEALTHCARE,E-Purchasing,Pengadaan Barang,R HPV hr qPCR Low Profile (96 Test) (Bundling 2 Kit Serenity NC Collection Preservation kit + 2 Kit Ribospin Vrd),MELAKUKAN PENGIRIMAN DAN PENERIMAAN,842260384,842260384;
KAB. MANDAILING NATAL,DINAS PEKERJAAN UMUM DAN PENATAAN RUANG - 1.03.0.00.0.00.03.0000,11869954,59559157,2025,E-Katalog 5.0,APBD,PT. GASHABAT SUKSES MANDIRI,E-Purchasing,Pengadaan Barang,PASANGAN BATU DENGAN MORTAR,PAKET SELESAI,21510000,21510000;
KAB. MANDAILING NATAL,DINAS KESEHATAN - 1.02.0.00.0.00.02.0000,12064210,59720462,2025,E-Katalog 5.0,APBD,PT Kurnia Sarana Abadi,E-Purchasing,Pengadaan Barang,Paket Barang Medis Habis Pakai Uji Saring Neonatus,MELAKUKAN PENGIRIMAN DAN PENERIMAAN,109211200,109211200;
KAB. MANDAILING NATAL,DINAS KESEHATAN - 1.02.0.00.0.00.02.0000,12000921,58541960,2025,E-Katalog 5.0,APBD,P.T. Dexa Medica,E-Purchasing,Pengadaan Barang,STIMUNO SYRUP ORANGE BERRY 60ML,MELAKUKAN PENGIRIMAN DAN PENERIMAAN,43407360,43407360;
KAB. MANDAILING NATAL,RUMAH SAKIT UMUM DAERAH PANYABUNGAN - 1.02.0.00.0.00.02.0001,11934935,58008995,2025,E-Katalog 5.0,BLUD,PT. Kimia Farma Tbk,E-Purchasing,Pengadaan Barang,Kodein tab 10 mg,MELAKUKAN PENGIRIMAN DAN PENERIMAAN,3960000,3960000;
KAB. MANDAILING NATAL,DINAS PERUMAHAN RAKYAT DAN KAWASAN PERMUKIMAN SERTA PERTANAHAN - 1.04.2.10.0.00.04.0000,10074463000,57348089,2025,Non Tender,APBD,PT. MARGA BHUANA JAYA CONSULTANT,Pengadaan Langsung,Jasa Konsultansi Badan Usaha Konstruksi,Pembuatan DED PSU Kawasan Kumuh Desa Huta Pungkut Julu Kec. Kotanopan,SELESAI,99900000,99900000;
KAB. MANDAILING NATAL,DINAS KESEHATAN - 1.02.0.00.0.00.02.0000,11966606,58541960,2025,E-Katalog 5.0,APBD,PT Otsuka Indonesia,E-Purchasing,Pengadaan Barang,Magnesium sulfat injeksi 20%  (i.v.) @ 25 mL.,MELAKUKAN PENGIRIMAN DAN PENERIMAAN,1641000,1641000;
KAB. MANDAILING NATAL,DINAS PEKERJAAN UMUM DAN PENATAAN RUANG - 1.03.0.00.0.00.03.0000,11869706,59559155,2025,E-Katalog 5.0,APBD,CV. PUTRA JAYA,E-Purchasing,Pengadaan Barang,Lapis fondasi Agregat Kelas A,MELAKUKAN PENGIRIMAN DAN PENERIMAAN,267750000,267750000;
KAB. MANDAILING NATAL,DINAS PEKERJAAN UMUM DAN PENATAAN RUANG - 1.03.0.00.0.00.03.0000,10175705000,59559149,2025,Non Tender,APBD,PT. Arangsibu Raya Consultant,Pengadaan Langsung,Jasa Konsultansi Badan Usaha Konstruksi,Jasa Konsultansi Pengawasan Kegiatan Bidang Bina Marga Wil. I TA.2025,SELESAI,99605850,99605850;
KAB. MANDAILING NATAL,RUMAH SAKIT UMUM DAERAH PANYABUNGAN - 1.02.0.00.0.00.02.0001,12010932,58008995,2025,E-Katalog 5.0,BLUD,PT. NOVELL PHARMACEUTICAL LABORATORIES,E-Purchasing,Pengadaan Barang,Tiamazol Tab 10 mg,MELAKUKAN PENGIRIMAN DAN PENERIMAAN,2931000,2931000;
KAB. MANDAILING NATAL,RUMAH SAKIT UMUM DAERAH PANYABUNGAN - 1.02.0.00.0.00.02.0001,11871237,58008995,2025,E-Katalog 5.0,BLUD,PT. Hexpharm Jaya Laboratories,E-Purchasing,Pengadaan Barang,Lansoprazol kaps 30 mg,MELAKUKAN PENGIRIMAN DAN PENERIMAAN,16880000,16880000;
KAB. MANDAILING NATAL,DINAS PENGENDALIAN PENDUDUK DAN KELUARGA BERENCANA - 2.14.0.00.0.00.13.0000,01K8SQSXH9J5ZYEM9R8BT4M761,61248697,2025,E-Katalog 6.0,APBD,KRISNA MANDIRI,E-Purchasing,Barang,Belanja Pengadaan BKB Kit Stunting (DAK BOKB),ON PROCESS,129870000,129870000;
KAB. MANDAILING NATAL,RUMAH SAKIT UMUM DAERAH PANYABUNGAN - 1.02.0.00.0.00.02.0001,11649280,58008995,2025,E-Katalog 5.0,BLUD,P.T. Dexa Medica,E-Purchasing,Pengadaan Barang,Asam ursodeoksikolat kaps 250 mg,PROSES KONTRAK PPK,2338500,2338500;
KAB. MANDAILING NATAL,DINAS PERHUBUNGAN - 2.15.0.00.0.00.14.0000,01K6J2MV9KTWPDQZNC5J448923,60832402,2025,E-Katalog 6.0,APBD,ALDRICH PERDANA KARYA,E-Purchasing,Barang,Penyediaan LPJU Konvensional di Ruas Jalan Nasional Kec. Muarasipongi,PAYMENT OUTSIDE SYSTEM,66907000,66907000;
KAB. MANDAILING NATAL,DINAS PENDIDIKAN DAN KEBUDAYAAN - 1.01.2.22.0.00.01.0000,01JP9RG8VXP50SSAWTEPWZAP5V,57108614,2025,E-Katalog 6.0,APBD,IKHWAN FIRDAUS,E-Purchasing,Barang,Belanja Modal Mebel,ON PROCESS,5298036000,5298036000;
KAB. MANDAILING NATAL,RUMAH SAKIT UMUM DAERAH PANYABUNGAN - 1.02.0.00.0.00.02.0001,11665854,58008995,2025,E-Katalog 5.0,BLUD,PT. Holi Pharma,E-Purchasing,Pengadaan Barang,Kalsium laktat (kalk) tab 500 mg,PROSES KONTRAK PPK,258000,258000;
KAB. MANDAILING NATAL,DINAS PEKERJAAN UMUM DAN PENATAAN RUANG - 1.03.0.00.0.00.03.0000,11869951,59559150,2025,E-Katalog 5.0,APBD,CV.GUNUNG KULABU,E-Purchasing,Pengadaan Barang,Penyiapan Badan Jalan,PAKET SELESAI,6250400,6250400;
KAB. MANDAILING NATAL,RUMAH SAKIT UMUM DAERAH PANYABUNGAN - 1.02.0.00.0.00.02.0001,11828430,59433543,2025,E-Katalog 5.0,APBD,PT. MEGA ANDALAN KALASAN,E-Purchasing,Pengadaan Barang,Electric Operating Table MO213,MELAKUKAN PENGIRIMAN DAN PENERIMAAN,401300000,401300000;
KAB. MANDAILING NATAL,RUMAH SAKIT UMUM DAERAH PANYABUNGAN - 1.02.0.00.0.00.02.0001,01K0BE06V5BY43BPNJ9HMDWXPZ,57987981,2025,E-Katalog 6.0,APBD,DIKARA GUNA RAKSA,E-Purchasing,Barang,Belanja Modal Feeder,PAYMENT OUTSIDE SYSTEM,1279830000,1279830000;
KAB. MANDAILING NATAL,DINAS PEKERJAAN UMUM DAN PENATAAN RUANG - 1.03.0.00.0.00.03.0000,11869962,59559159,2025,E-Katalog 5.0,APBD,PT. GASHABAT SUKSES MANDIRI,E-Purchasing,Pengadaan Barang,LAPIS PEREKAT-ASPAL CAIR/EMULSI,PAKET SELESAI,578000,578000;
KAB. MANDAILING NATAL,SEKRETARIAT DPRD - 4.02.0.00.0.00.25.0000,01KA832ADWZQ2AV95YQN219HAR,61568054,2025,E-Katalog 6.0,APBD,SETYA SARI SUKSES,E-Purchasing,Barang,Belanja Modal Kursi Kerja Pejabat,ON PROCESS,1014651000,1014651000;
KAB. MANDAILING NATAL,DINAS PENDIDIKAN DAN KEBUDAYAAN - 1.01.2.22.0.00.01.0000,10326956000,59833677,2025,Non Tender,APBD,CV. HANAYA KARYA PERSADA,Pengadaan Langsung,Pekerjaan Konstruksi,Rehabilitasi Ruang Kelas SD Negeri 162 Aek Marian,SELESAI,148250000,148250000;
KAB. MANDAILING NATAL,DINAS PEKERJAAN UMUM DAN PENATAAN RUANG - 1.03.0.00.0.00.03.0000,11869951,59559150,2025,E-Katalog 5.0,APBD,CV.GUNUNG KULABU,E-Purchasing,Pengadaan Barang,Timbunan Pilihan dari sumber galian,PAKET SELESAI,123360000,123360000;
KAB. MANDAILING NATAL,DINAS KESEHATAN - 1.02.0.00.0.00.02.0000,11966606,58541960,2025,E-Katalog 5.0,APBD,PT Otsuka Indonesia,E-Purchasing,Pengadaan Barang,Magnesium sulfat injeksi 40%  (i.v.) @ 25 mL.,MELAKUKAN PENGIRIMAN DAN PENERIMAAN,1868100,1868100;
KAB. MANDAILING NATAL,RUMAH SAKIT UMUM DAERAH PANYABUNGAN - 1.02.0.00.0.00.02.0001,01KA7YN9Y4479YPQ97VZ8WYM7Z,61378503,2025,E-Katalog 6.0,BLUD,HASBIH SHIDDIQ ,E-Purchasing,Barang,Belanja Modal Peralatan dan Mesin BLUD,PAYMENT OUTSIDE SYSTEM,410953080,410953080;
"KAB. MANDAILING NATAL,DINAS PENDIDIKAN DAN KEBUDAYAAN - 1.01.2.22.0.00.01.0000,01K310YCZNKVZE7FC535YE9M1Y,60290202,2025,E-Katalog 6.0,APBD,MARTHA KARA PERDANA,E-Purchasing,Barang,""Pengadaan Peralatan Teknologi, Informasi dan Komunikasi (TIK) - (DAK)"",ON PROCESS,516111150,516111150";
KAB. MANDAILING NATAL,DINAS PEKERJAAN UMUM DAN PENATAAN RUANG - 1.03.0.00.0.00.03.0000,11807675,57423741,2025,E-Katalog 5.0,APBD,DEMBAN SIMPAR JAYA,E-Purchasing,Pengadaan Barang,Pasangan Batu dengan Mortar,MELAKUKAN PENGIRIMAN DAN PENERIMAAN,3735000,3735000;
KAB. MANDAILING NATAL,RUMAH SAKIT UMUM DAERAH PANYABUNGAN - 1.02.0.00.0.00.02.0001,11634988,58008995,2025,E-Katalog 5.0,BLUD,PT. Mersifarma Tirmaku Mercusana,E-Purchasing,Pengadaan Barang,Alprazolam tab 1 mg,PROSES KONTRAK PPK,384000,384000;
KAB. MANDAILING NATAL,DINAS PEKERJAAN UMUM DAN PENATAAN RUANG - 1.03.0.00.0.00.03.0000,11830442,57424552,2025,E-Katalog 5.0,APBD,DEMBAN SIMPAR JAYA,E-Purchasing,Pengadaan Barang,Penyiapan Badan Jalan,MELAKUKAN PENGIRIMAN DAN PENERIMAAN,10560000,10560000;
KAB. MANDAILING NATAL,RUMAH SAKIT UMUM DAERAH PANYABUNGAN - 1.02.0.00.0.00.02.0001,01K9EW71AWARK0THDT5SWQ3N1Z,58008995,2025,E-Katalog 6.0,BLUD,GLAXO WELLCOME INDONESIA,E-Purchasing,Barang,Belanja Barang dan Jasa BLUD,ON PROCESS,15923128,0;
KAB. MANDAILING NATAL,DINAS KESEHATAN - 1.02.0.00.0.00.02.0000,11973113,58541960,2025,E-Katalog 5.0,APBD,PT.Imfarmind Farmasi Industri,E-Purchasing,Pengadaan Barang,Tiamin (Vitamin B1) tab 50 mg*,MELAKUKAN PENGIRIMAN DAN PENERIMAAN,10140000,10140000;
"KAB. MANDAILING NATAL,RUMAH SAKIT UMUM DAERAH PANYABUNGAN - 1.02.0.00.0.00.02.0001,12010932,58008995,2025,E-Katalog 5.0,BLUD,PT. NOVELL PHARMACEUTICAL LABORATORIES,E-Purchasing,Pengadaan Barang,""Tamsulosin Tab Lepas Lambat 0,4 mg"",MELAKUKAN PENGIRIMAN DAN PENERIMAAN,8991000,8991000";
"KAB. MANDAILING NATAL,DINAS PEKERJAAN UMUM DAN PENATAAN RUANG - 1.03.0.00.0.00.03.0000,11869954,59559157,2025,E-Katalog 5.0,APBD,PT. GASHABAT SUKSES MANDIRI,E-Purchasing,Pengadaan Barang,""BETON STRUKTUR, FC 20 MPa"",PAKET SELESAI,166180000,166180000";
KAB. MANDAILING NATAL,DINAS PENDIDIKAN DAN KEBUDAYAAN - 1.01.2.22.0.00.01.0000,01K2HC15C3C3E2CQASXC4K8ZW0,57108727,2025,E-Katalog 6.0,APBD,ELIFE DIGITAL ECOSYSTEM,E-Purchasing,Barang,Belanja Modal Peralatan Komputer Lainnya,ON PROCESS,2831002349,2831002349;
KAB. MANDAILING NATAL,DINAS PENDIDIKAN DAN KEBUDAYAAN - 1.01.2.22.0.00.01.0000,10072157000,57108753,2025,Tender,APBD,,Tender,Pekerjaan Konstruksi,Pembangunan Ruang Kelas Baru Beserta Perabotnya (DAU) - SD Negeri 404 Bronjong,SELESAI,500000000,500000000;
KAB. MANDAILING NATAL,RUMAH SAKIT UMUM DAERAH PANYABUNGAN - 1.02.0.00.0.00.02.0001,11895042,58008995,2025,E-Katalog 5.0,BLUD,PT. Kimia Farma Tbk,E-Purchasing,Pengadaan Barang,Permethrin/ Permetrin Krim 5%,MELAKUKAN PENGIRIMAN DAN PENERIMAAN,1231800,1231800;
KAB. MANDAILING NATAL,DINAS PEKERJAAN UMUM DAN PENATAAN RUANG - 1.03.0.00.0.00.03.0000,10395888000,60374715,2025,Non Tender,APBD,CV. Penus Graphindo Consultant,Pengadaan Langsung,Jasa Konsultansi Badan Usaha Konstruksi,Konsultansi Perencanaan Kegiatan Pengembangan dan Pengelolaan Sistem Irigasi Primor dan Sekunder Pada Daerah Irigasi Yang Luasnya Di Bawah 1000 Ha Dalam 1 (Satu) Daerah Kabupaten,SELESAI,49200000,49200000;
KAB. MANDAILING NATAL,DINAS KESEHATAN - 1.02.0.00.0.00.02.0000,11959356,58541960,2025,E-Katalog 5.0,APBD,PT. IFARS PHARMACEUTICAL LABORATORIES,E-Purchasing,Pengadaan Barang,Metoclopramide hydrochloride (HCl)/ Metoclopramide/ Metoklopramid tablet/kapsul/kaplet 10 mg,MELAKUKAN PENGIRIMAN DAN PENERIMAAN,3260000,3260000;
KAB. MANDAILING NATAL,DINAS PEKERJAAN UMUM DAN PENATAAN RUANG - 1.03.0.00.0.00.03.0000,11869706,59559155,2025,E-Katalog 5.0,APBD,CV. PUTRA JAYA,E-Purchasing,Pengadaan Barang,Marka Jalan Termoplastik,MELAKUKAN PENGIRIMAN DAN PENERIMAAN,7616000,7616000;
KAB. MANDAILING NATAL,DINAS PEKERJAAN UMUM DAN PENATAAN RUANG - 1.03.0.00.0.00.03.0000,11869780,59559156,2025,E-Katalog 5.0,APBD,CV. DALIHAN NATOLU,E-Purchasing,Pengadaan Barang,Bahan anti pengelupasan,MELAKUKAN PENGIRIMAN DAN PENERIMAAN,3131000,3131000;
KAB. MANDAILING NATAL,DINAS PENDIDIKAN DAN KEBUDAYAAN - 1.01.2.22.0.00.01.0000,10326913000,57109181,2025,Non Tender,APBD,PT. Madisa Konstruksi Jaya,Pengadaan Langsung,Pekerjaan Konstruksi,Rehabilitasi Ruang Kelas SMP Negeri 1 Hutabargot,SELESAI,199340000,199340000;
KAB. MANDAILING NATAL,DINAS KESEHATAN - 1.02.0.00.0.00.02.0000,11729726,58827688,2025,E-Katalog 5.0,APBD,PT.BINTANG ANUGERAH CAHAYA ABADI,E-Purchasing,Pengadaan Barang,VACCINE REFRIGERATOR / KULKAS VAKSIN 190L,MELAKUKAN PENGIRIMAN DAN PENERIMAAN,140000000,140000000;
KAB. MANDAILING NATAL,BAGIAN UMUM - 4.01.5.06.0.00.24.0009,10614608000,61723937,2025,Non Tender,APBDP,CV.RIZKI KARYA,Pengadaan Langsung,Pekerjaan Konstruksi,Rehab dan Pengecatan Rumah Dinas Wakil Bupati,SELESAI,299609737,299609737;
KAB. MANDAILING NATAL,RUMAH SAKIT UMUM DAERAH PANYABUNGAN - 1.02.0.00.0.00.02.0001,12116517,59725914,2025,E-Katalog 5.0,BLUD,PT. SINKO PRIMA ALLOY,E-Purchasing,Pengadaan Barang,PATIENT MONITOR PM-9000+,PROSES KONTRAK PPK,31250000,31250000;
KAB. MANDAILING NATAL,DINAS PEKERJAAN UMUM DAN PENATAAN RUANG - 1.03.0.00.0.00.03.0000,11830442,57424552,2025,E-Katalog 5.0,APBD,DEMBAN SIMPAR JAYA,E-Purchasing,Pengadaan Barang,Timbunan Biasa Dari Hasil Galian,MELAKUKAN PENGIRIMAN DAN PENERIMAAN,18370000,18370000;
"KAB. MANDAILING NATAL,DINAS PEKERJAAN UMUM DAN PENATAAN RUANG - 1.03.0.00.0.00.03.0000,11864328,59526453,2025,E-Katalog 5.0,APBD,CV. IKHWAN FIRDAUS,E-Purchasing,Pengadaan Barang,""Pemasangan Pipa HDPE 4 SDR 13,6 (PN12,5)"",MELAKUKAN PENGIRIMAN DAN PENERIMAAN,98919000,98919000";
KAB. MANDAILING NATAL,DINAS LINGKUNGAN HIDUP - 2.11.0.00.0.00.10.0000,01KA088Y9CP6FDM9Y2JMWXZ8RB,61572658,2025,E-Katalog 6.0,APBD,FAJAR RIMBA,E-Purchasing,Barang,Belanja Modal Alat Besar Darat Lainnya,ON PROCESS,67291500,67291500;
KAB. MANDAILING NATAL,DINAS KESEHATAN - 1.02.0.00.0.00.02.0000,11868115,58541723,2025,E-Katalog 5.0,APBD,PT.Bernofarm,E-Purchasing,Pengadaan Barang,Paracetamol/ Parasetamol sirup 120 mg / 5 ml,MELAKUKAN PENGIRIMAN DAN PENERIMAAN,698550000,698550000;
KAB. MANDAILING NATAL,BADAN KESATUAN BANGSA DAN POLITIK - 8.01.0.00.0.00.54.0000,01K0413FR6MCVWHC24TKFMA84T,59957209,2025,E-Katalog 6.0,APBD,KOTAMA,E-Purchasing,Barang,Belanja Pakaian Perlengkapan Paskibraka,PAYMENT OUTSIDE SYSTEM,98162850,98162850;
"KAB. MANDAILING NATAL,RUMAH SAKIT UMUM DAERAH PANYABUNGAN - 1.02.0.00.0.00.02.0001,12013443,59434426,2025,E-Katalog 5.0,APBD,PT ANEKA PRESTASI MEDIKA,E-Purchasing,Pengadaan Barang,""HORENTEK EMIXI Device For Detection Of Acoustic Otoemissions (OAE, TEOAE and DPOAE)"",PROSES KONTRAK PPK,184000000,0";
KAB. MANDAILING NATAL,DINAS KESEHATAN - 1.02.0.00.0.00.02.0000,11882679,58541960,2025,E-Katalog 5.0,APBD,PT. PUTRA KARYA SENTOSA,E-Purchasing,Pengadaan Barang,Amitriptyline hydrochloride tablet 25 mg,MELAKUKAN PENGIRIMAN DAN PENERIMAAN,540000,540000;
KAB. MANDAILING NATAL,DINAS PEKERJAAN UMUM DAN PENATAAN RUANG - 1.03.0.00.0.00.03.0000,11912701,59559152,2025,E-Katalog 5.0,APBD,CV. KENZO MAHAGANI,E-Purchasing,Pengadaan Barang,Timbunan Pilihan dari sumber galian,PAKET SELESAI,41112600,41112600;
KAB. MANDAILING NATAL,DINAS PENDIDIKAN DAN KEBUDAYAAN - 1.01.2.22.0.00.01.0000,10326972000,59833404,2025,Non Tender,APBD,cv. bugis nauli,Pengadaan Langsung,Pekerjaan Konstruksi,Rehabilitasi Ruang Kelas SD Negeri 133 Parmompang,SELESAI,199950086,199950086;
KAB. MANDAILING NATAL,RUMAH SAKIT UMUM DAERAH PANYABUNGAN - 1.02.0.00.0.00.02.0001,10166336000,59590284,2025,Non Tender,BLUD,CV. PUTRA SETIA,Pengadaan Langsung,Pekerjaan Konstruksi,Belanja Gedung dan Bangunan  BLUD Pembangunan Selasar,SELESAI,399442000,399442000;
KAB. MANDAILING NATAL,DINAS PERTANIAN - 3.27.0.00.0.00.22.0000,10384526000,58961959,2025,Non Tender,APBD,CV. BINTANG KARYA BHAKTI,Pengadaan Langsung,Pekerjaan Konstruksi,Pembangunan/Rehabilitasi Jalan Usaha Tani/Jalan Produksi Desa Gunung Tua Jae Kecamatan Panyabungan,SELESAI,113755000,113755000;
KAB. MANDAILING NATAL,RUMAH SAKIT UMUM DAERAH PANYABUNGAN - 1.02.0.00.0.00.02.0001,11828472,59433237,2025,E-Katalog 5.0,APBD,PT. MEGA ANDALAN KALASAN,E-Purchasing,Pengadaan Barang,La Nina Bed 3 Crank 73063 (FBO),MELAKUKAN PENGIRIMAN DAN PENERIMAAN,685120240,685120240;
"KAB. MANDAILING NATAL,DINAS KESEHATAN - 1.02.0.00.0.00.02.0000,11966629,58541960,2025,E-Katalog 5.0,APBD,PT.Phapros Tbk,E-Purchasing,Pengadaan Barang,""Kaptopril/ Captopril tablet/kapsul/kaplet 12,5 mg"",MELAKUKAN PENGIRIMAN DAN PENERIMAAN,556000,556000";
KAB. MANDAILING NATAL,DINAS PENDIDIKAN DAN KEBUDAYAAN - 1.01.2.22.0.00.01.0000,01K3629ZY7D1HVA5XK4E2WQMAN,57108647,2025,E-Katalog 6.0,APBD,PELITA RAHMAH EDUKASI,E-Purchasing,Barang,Belanja Aset Tetap Lainnya-Bahan Perpustakaan-Bahan Perpustakaan Tercetak-Buku Umum,ON PROCESS,136242000,136242000;
KAB. MANDAILING NATAL,DINAS KESEHATAN - 1.02.0.00.0.00.02.0000,11876057,58541960,2025,E-Katalog 5.0,APBD,PT.Bernofarm,E-Purchasing,Pengadaan Barang,Ciprofloxacin hydrochloride (HCl)/ Ciprofloxacin Lactate/ Ciprofloxacin/ Siprofloksasin tablet/kapsul/kaplet 500 mg,MELAKUKAN PENGIRIMAN DAN PENERIMAAN,427200000,427200000;
KAB. MANDAILING NATAL,DINAS KESEHATAN - 1.02.0.00.0.00.02.0000,11876057,58541960,2025,E-Katalog 5.0,APBD,PT.Bernofarm,E-Purchasing,Pengadaan Barang,Difenhidramin/ Diphenhydramine injeksi 10 mg/ml ( i.v./i.m.),MELAKUKAN PENGIRIMAN DAN PENERIMAAN,2047000,2047000;
KAB. MANDAILING NATAL,DINAS PEKERJAAN UMUM DAN PENATAAN RUANG - 1.03.0.00.0.00.03.0000,11869954,59559157,2025,E-Katalog 5.0,APBD,PT. GASHABAT SUKSES MANDIRI,E-Purchasing,Pengadaan Barang,PENYIAPAN BADAN JALAN,PAKET SELESAI,3579400,3579400;
KAB. MANDAILING NATAL,DINAS PENDIDIKAN DAN KEBUDAYAAN - 1.01.2.22.0.00.01.0000,10326950000,57108800,2025,Non Tender,APBD,CV. ALDRICH PERDANA KARYA,Pengadaan Langsung,Pekerjaan Konstruksi,Rehabilitasi Ruang Kelas SD Negeri 187 Laru,SELESAI,199505141,199505141;
KAB. MANDAILING NATAL,RUMAH SAKIT UMUM DAERAH PANYABUNGAN - 1.02.0.00.0.00.02.0001,11649280,58008995,2025,E-Katalog 5.0,BLUD,P.T. Dexa Medica,E-Purchasing,Pengadaan Barang,Bisoprolol tab 5 mg,PROSES KONTRAK PPK,660000,660000;
KAB. MANDAILING NATAL,DINAS KESEHATAN - 1.02.0.00.0.00.02.0000,10458180000,60908596,2025,Non Tender,APBDP,CV. PUTRA PRATAMA,Pengadaan Langsung,Pekerjaan Konstruksi,Belanja Modal Bangunan Kesehatan-Belanja Renovasi Puskesmas Pembantu Rao-rao,SELESAI,199900000,199900000;
KAB. MANDAILING NATAL,DINAS PENDIDIKAN DAN KEBUDAYAAN - 1.01.2.22.0.00.01.0000,10603496000,57292706,2025,Non Tender,APBD,CV. BINTANG KARYA BHAKTI,Pengadaan Langsung,Pekerjaan Konstruksi,Rehabilitasi Gedung Aula Kantor Dinas Pendidikan dan Kebudayaan,SELESAI,99835000,99835000;
KAB. MANDAILING NATAL,RUMAH SAKIT UMUM DAERAH PANYABUNGAN - 1.02.0.00.0.00.02.0001,01K9XWD9JQ0QGGDXQCBFZZS3K4,58008995,2025,E-Katalog 6.0,BLUD,INSABA MEDIA UTAMA,E-Purchasing,Barang,Belanja Barang dan Jasa BLUD,ON PROCESS,23221200,23221200;
KAB. MANDAILING NATAL,RUMAH SAKIT UMUM DAERAH PANYABUNGAN - 1.02.0.00.0.00.02.0001,01K9RWAV42C1YG9WKMQXGKTTM6,58008995,2025,E-Katalog 6.0,BLUD,DEXA MEDICA,E-Purchasing,Barang,Belanja Barang dan Jasa BLUD,ON PROCESS,46970090,46970090;
KAB. MANDAILING NATAL,DINAS KEPENDUDUKAN DAN PENCATATAN SIPIL - 2.12.0.00.0.00.11.0000,01JXEGKVA9ADF0R71TVS3PHP4F,59642436,2025,E-Katalog 6.0,APBD,INDO PUTRA SEMPURNA,E-Purchasing,Barang,Belanja Alat/Bahan untuk Kegiatan Kantor-Bahan Komputer,ON PROCESS,252382800,252382800;
KAB. MANDAILING NATAL,DINAS PENDIDIKAN DAN KEBUDAYAAN - 1.01.2.22.0.00.01.0000,01K078N1660EAJZ9EBADH30SEE,57109168,2025,E-Katalog 6.0,APBD,ANDANI PUTRA,E-Purchasing,Barang,Belanja Modal Peralatan Komputer Lainnya,ON PROCESS,1943132700,1943132700;
KAB. MANDAILING NATAL,DINAS PENDIDIKAN DAN KEBUDAYAAN - 1.01.2.22.0.00.01.0000,10327030000,57108816,2025,Non Tender,APBD,CV. ANUGRAH ALAM MANDIRI,Pengadaan Langsung,Pekerjaan Konstruksi,Rehabilitasi Ruang Kelas SD Negeri 036 Tangga Bosi,SELESAI,199751429,199751429;
KAB. MANDAILING NATAL,DINAS KESEHATAN - 1.02.0.00.0.00.02.0000,11960519,58541960,2025,E-Katalog 5.0,APBD,PT. Mandiri Medika Farma,E-Purchasing,Pengadaan Barang,ERYTHROMYCIN SYR,MELAKUKAN PENGIRIMAN DAN PENERIMAAN,45900000,45900000;
KAB. MANDAILING NATAL,DINAS PERUMAHAN RAKYAT DAN KAWASAN PERMUKIMAN SERTA PERTANAHAN - 1.04.2.10.0.00.04.0000,10061395000,57109614,2025,Non Tender,APBD,PT. MARGA BHUANA JAYA CONSULTANT,Pengadaan Langsung,Jasa Konsultansi Badan Usaha Konstruksi,Perencanaan Pembangunan/ Peningkatan/ Rehabilitasi PSU,SELESAI,99800000,99800000;
KAB. MANDAILING NATAL,DINAS KESEHATAN - 1.02.0.00.0.00.02.0000,11966598,58541960,2025,E-Katalog 5.0,APBD,PT Yarindo Farmatama,E-Purchasing,Pengadaan Barang,Furosemid/ Furosemide tablet/kapsul/kaplet 40 mg,MELAKUKAN PENGIRIMAN DAN PENERIMAAN,7890000,7890000;
KAB. MANDAILING NATAL,RUMAH SAKIT UMUM DAERAH PANYABUNGAN - 1.02.0.00.0.00.02.0001,01JSG6RKGCVEK7W40KS81J7ZA2,58970735,2025,E-Katalog 6.0,BLUD,THEONA KAROLAND,E-Purchasing,Jasa Lainnya,Belanja Peralatan dan mesin BLUD,ON PROCESS,683460270,683460270;
KAB. MANDAILING NATAL,DINAS PENDIDIKAN DAN KEBUDAYAAN - 1.01.2.22.0.00.01.0000,10326983000,57108808,2025,Non Tender,APBD,CV. BINTANG BUDI MANDIRI,Pengadaan Langsung,Pekerjaan Konstruksi,Rehabilitasi Ruang Kelas SD Negeri 125 Tebing Tinggi,SELESAI,148507154,148507154;
KAB. MANDAILING NATAL,DINAS KESEHATAN - 1.02.0.00.0.00.02.0000,11966634,58541960,2025,E-Katalog 5.0,APBD,PT.Imfarmind Farmasi Industri,E-Purchasing,Pengadaan Barang,Asam askorbat (vitamin C) tablet/kapsul/kaplet 50 mg,MELAKUKAN PENGIRIMAN DAN PENERIMAAN,19000000,19000000;
KAB. MANDAILING NATAL,DINAS PEKERJAAN UMUM DAN PENATAAN RUANG - 1.03.0.00.0.00.03.0000,11864328,59526453,2025,E-Katalog 5.0,APBD,CV. IKHWAN FIRDAUS,E-Purchasing,Pengadaan Barang,Double Nipple 1/2,MELAKUKAN PENGIRIMAN DAN PENERIMAAN,5355000,5355000;
KAB. MANDAILING NATAL,DINAS KESEHATAN - 1.02.0.00.0.00.02.0000,11713212,58533675,2025,E-Katalog 5.0,APBD,PT. STANDARD BIOSENSOR HEALTHCARE,E-Purchasing,Pengadaan Barang,CodeFree Blood Glucose Test Strip,MELAKUKAN PENGIRIMAN DAN PENERIMAAN,2325575000,2325575000;
KAB. MANDAILING NATAL,RUMAH SAKIT UMUM DAERAH PANYABUNGAN - 1.02.0.00.0.00.02.0001,12109230,58008995,2025,E-Katalog 5.0,BLUD,PT Pratapa Nirmala,E-Purchasing,Pengadaan Barang,Ibuprofen Inj 100 mg/ml,MELAKUKAN PENGIRIMAN DAN PENERIMAAN,959040,959040;
KAB. MANDAILING NATAL,RUMAH SAKIT UMUM DAERAH PANYABUNGAN - 1.02.0.00.0.00.02.0001,01K8SR4M2BPBAWAZRN1GBEVVNF,58008995,2025,E-Katalog 6.0,BLUD,BERNOFARM,E-Purchasing,Barang,Belanja Barang dan Jasa BLUD,ON PROCESS,16022961,16022961;
KAB. MANDAILING NATAL,BAGIAN UMUM - 4.01.5.06.0.00.24.0009,10614603000,61723955,2025,Non Tender,APBDP,CV. AULIA RIZKI PRATAMA,Pengadaan Langsung,Pekerjaan Konstruksi,Rehab Interior Ruang Kerja Wakil Bupati,SELESAI,99800000,99800000;
"KAB. MANDAILING NATAL,DINAS PEKERJAAN UMUM DAN PENATAAN RUANG - 1.03.0.00.0.00.03.0000,11864328,59526453,2025,E-Katalog 5.0,APBD,CV. IKHWAN FIRDAUS,E-Purchasing,Pengadaan Barang,""Pemasangan Pipa HDPE 2 SDR 13,6 (PN12,5)"",MELAKUKAN PENGIRIMAN DAN PENERIMAAN,124410000,124410000";
KAB. MANDAILING NATAL,RUMAH SAKIT UMUM DAERAH PANYABUNGAN - 1.02.0.00.0.00.02.0001,11806071,58008995,2025,E-Katalog 5.0,BLUD,P.T. Dexa Medica,E-Purchasing,Pengadaan Barang,Nifedipin tab 10 mg,MELAKUKAN PENGIRIMAN DAN PENERIMAAN,158000,158000;
KAB. MANDAILING NATAL,RUMAH SAKIT UMUM DAERAH PANYABUNGAN - 1.02.0.00.0.00.02.0001,10048930000,59366947,2025,Tender,APBD,CV Madina Aman Sejahtera,Tender,Pekerjaan Konstruksi,Pembangunan Gedung CSSD,SELESAI,2314490000,2314490000;
KAB. MANDAILING NATAL,DINAS LINGKUNGAN HIDUP - 2.11.0.00.0.00.10.0000,01K8GG26F6GXZX342N0QFP5GBG,61199469,2025,E-Katalog 6.0,APBD,SINGOLOT MANIKAM PERSADA,E-Purchasing,Pekerjaan Konstruksi,Belanja Modal Taman,ON PROCESS,554708667,554708667;
KAB. MANDAILING NATAL,DINAS PERUMAHAN RAKYAT DAN KAWASAN PERMUKIMAN SERTA PERTANAHAN - 1.04.2.10.0.00.04.0000,10442235000,57348081,2025,Non Tender,APBD,CV. EFOD DESIGN CONSULTANT,Pengadaan Langsung,Jasa Konsultansi Badan Usaha Konstruksi,Pengawasan Pembangunan/ Peningkatan/ Rehabilitasi PSU,SELESAI,99750000,99750000;
KAB. MANDAILING NATAL,SATUAN POLISI PAMONG PRAJA DAN PEMADAM KEBAKARAN - 1.05.0.00.0.00.05.0000,10559084000,61581904,2025,Non Tender,APBDP,CV. BINTANG KARYA BHAKTI,Pengadaan Langsung,Pekerjaan Konstruksi,Rehab Gedung Kantor SATPOL PP dan DAMKAR,SELESAI,99881000,99881000;
KAB. MANDAILING NATAL,RUMAH SAKIT UMUM DAERAH PANYABUNGAN - 1.02.0.00.0.00.02.0001,12011138,58008995,2025,E-Katalog 5.0,BLUD,PT. NOVELL PHARMACEUTICAL LABORATORIES,E-Purchasing,Pengadaan Barang,Levothyroxine / Levotiroksin tablet 100 mcg,MELAKUKAN PENGIRIMAN DAN PENERIMAAN,128250,128250;
KAB. MANDAILING NATAL,DINAS PENDIDIKAN DAN KEBUDAYAAN - 1.01.2.22.0.00.01.0000,10326945000,57108820,2025,Non Tender,APBD,CV. PUTRA PRATAMA,Pengadaan Langsung,Pekerjaan Konstruksi,Rehabilitasi Ruang Kelas SD Negeri 194 Kotanopan,SELESAI,149750000,149750000;
KAB. MANDAILING NATAL,DINAS KESEHATAN - 1.02.0.00.0.00.02.0000,11966612,58541960,2025,E-Katalog 5.0,APBD,PT. Kimia Farma Tbk,E-Purchasing,Pengadaan Barang,Kodein tab 10 mg,MELAKUKAN PENGIRIMAN DAN PENERIMAAN,1320000,1320000;
KAB. MANDAILING NATAL,DINAS PEKERJAAN UMUM DAN PENATAAN RUANG - 1.03.0.00.0.00.03.0000,10512808000,61059963,2025,Non Tender,APBDP,CV. RENDER CONSULTANT,Pengadaan Langsung,Jasa Konsultansi Badan Usaha Konstruksi,Jasa Konsultansi Perencanaan Program Penataan Bangunan Gedung TA. 2026,SELESAI,99955500,99955500;
KAB. MANDAILING NATAL,DINAS KESEHATAN - 1.02.0.00.0.00.02.0000,11746678,58997795,2025,E-Katalog 5.0,APBD,PT Medquest Jaya Global,E-Purchasing,Pengadaan Barang,GENEXPERT Xpert MTB/RIF Ultra Assay Kit,MELAKUKAN PENGIRIMAN DAN PENERIMAAN,826004200,0;
"KAB. MANDAILING NATAL,DINAS KESEHATAN - 1.02.0.00.0.00.02.0000,11966592,58541960,2025,E-Katalog 5.0,APBD,PT.ERELA,E-Purchasing,Pengadaan Barang,""Gentamisin/ Gentamycin / Gentamycin sulfate tetes mata 0,3%"",MELAKUKAN PENGIRIMAN DAN PENERIMAAN,4870152,4870152";
KAB. MANDAILING NATAL,DINAS KESEHATAN - 1.02.0.00.0.00.02.0000,11966616,58541960,2025,E-Katalog 5.0,APBD,PT. TRIFA RAYA LABORATORIES,E-Purchasing,Pengadaan Barang,CHLORPHENAMINE MALEATE _CTM 4 MG,MELAKUKAN PENGIRIMAN DAN PENERIMAAN,13300000,13300000;
KAB. MANDAILING NATAL,RUMAH SAKIT UMUM DAERAH PANYABUNGAN - 1.02.0.00.0.00.02.0001,01KAZ30RF54617M1G2703NJD72,61611004,2025,E-Katalog 6.0,BLUD,ELSYAHFI CALIBRATECH MANDIRI,E-Purchasing,Jasa Lainnya,Belanja Barang dan Jasa BLUD,PAYMENT OUTSIDE SYSTEM,69470700,69470700;
KAB. MANDAILING NATAL,RUMAH SAKIT UMUM DAERAH PANYABUNGAN - 1.02.0.00.0.00.02.0001,12041553,58008995,2025,E-Katalog 5.0,BLUD,PT. Kimia Farma Tbk,E-Purchasing,Pengadaan Barang,Morfin Injeksi 10 mg/ml (i.m/s.k/ i.v),MELAKUKAN PENGIRIMAN DAN PENERIMAAN,1374400,1374400;
KAB. MANDAILING NATAL,DINAS PEKERJAAN UMUM DAN PENATAAN RUANG - 1.03.0.00.0.00.03.0000,11869954,59559157,2025,E-Katalog 5.0,APBD,PT. GASHABAT SUKSES MANDIRI,E-Purchasing,Pengadaan Barang,BAHAN ANTI PENGELUPASAN,PAKET SELESAI,3700000,3700000;
KAB. MANDAILING NATAL,DINAS KESEHATAN - 1.02.0.00.0.00.02.0000,11966612,58541960,2025,E-Katalog 5.0,APBD,PT. Kimia Farma Tbk,E-Purchasing,Pengadaan Barang,Hidroklorotiazid tab 25 mg,MELAKUKAN PENGIRIMAN DAN PENERIMAAN,1630000,1630000;
KAB. MANDAILING NATAL,DINAS KESEHATAN - 1.02.0.00.0.00.02.0000,11825865,58580293,2025,E-Katalog 5.0,APBD,PT Sinaraya Nugraha Ahmadaris Medika,E-Purchasing,Pengadaan Barang,Gauze Swab Steril 7.5 cm x 7.5 cm x 16 ply (10 pcs),MELAKUKAN PENGIRIMAN DAN PENERIMAAN,42921450,42921450;
KAB. MANDAILING NATAL,DINAS PEKERJAAN UMUM DAN PENATAAN RUANG - 1.03.0.00.0.00.03.0000,11912701,59559152,2025,E-Katalog 5.0,APBD,CV. KENZO MAHAGANI,E-Purchasing,Pengadaan Barang,Baja Tulangan Polos-BjTP 280,PAKET SELESAI,115977500,115977500;
KAB. MANDAILING NATAL,DINAS PEKERJAAN UMUM DAN PENATAAN RUANG - 1.03.0.00.0.00.03.0000,11869954,59559157,2025,E-Katalog 5.0,APBD,PT. GASHABAT SUKSES MANDIRI,E-Purchasing,Pengadaan Barang,Galian untuk Selokan Drainase dan Saluran Air,PAKET SELESAI,1491000,1491000;
"KAB. MANDAILING NATAL,RUMAH SAKIT UMUM DAERAH PANYABUNGAN - 1.02.0.00.0.00.02.0001,11665854,58008995,2025,E-Katalog 5.0,BLUD,PT. Holi Pharma,E-Purchasing,Pengadaan Barang,""Asam folat tab 0,4 mg"",PROSES KONTRAK PPK,260000,260000";
KAB. MANDAILING NATAL,RUMAH SAKIT UMUM DAERAH PANYABUNGAN - 1.02.0.00.0.00.02.0001,12041553,58008995,2025,E-Katalog 5.0,BLUD,PT. Kimia Farma Tbk,E-Purchasing,Pengadaan Barang,Pethidine hydrochloride/ Petidin inj 50 mg/mL (i.m./i.v.),MELAKUKAN PENGIRIMAN DAN PENERIMAAN,2359000,2359000;
KAB. MANDAILING NATAL,DINAS KESEHATAN - 1.02.0.00.0.00.02.0000,11959343,58541960,2025,E-Katalog 5.0,APBD,PT. MEPROFARM,E-Purchasing,Pengadaan Barang,DIAZEPAM Injeksi,MELAKUKAN PENGIRIMAN DAN PENERIMAAN,5196000,5196000;
"KAB. MANDAILING NATAL,DINAS PERHUBUNGAN - 2.15.0.00.0.00.14.0000,01JZ1WW2VH5RRNSSJ5RNX53CTP,59812588,2025,E-Katalog 6.0,APBD,INSPIRA KARYA MANDIRI,E-Purchasing,Barang,""Pengadaan LPJU Konvensional di Median Jalan Kec. Panyabungan (Dalan Lidang-Saba Padang, Kayu Jati-Ladang Sari)"",PAYMENT OUTSIDE SYSTEM,166879999,166879999";
KAB. MANDAILING NATAL,DINAS PENDIDIKAN DAN KEBUDAYAAN - 1.01.2.22.0.00.01.0000,10326933000,57108804,2025,Non Tender,APBD,CV. PUTRA BARINGIN GROUP,Pengadaan Langsung,Pekerjaan Konstruksi,Rehabilitasi Ruang Kelas SD Negeri 325 Sinunukan,SELESAI,199900000,199900000;
KAB. MANDAILING NATAL,DINAS PENDIDIKAN DAN KEBUDAYAAN - 1.01.2.22.0.00.01.0000,10072163000,59832983,2025,Tender,APBD,cv sinar jaya,Tender,Pekerjaan Konstruksi,Pembangunan Ruang Kelas Baru Beserta Perabotnya (DAU) - SD Negeri 268 Aek Nabara,SELESAI,455000000,455000000;
"KAB. MANDAILING NATAL,DINAS KESEHATAN - 1.02.0.00.0.00.02.0000,11966627,58541960,2025,E-Katalog 5.0,APBD,PT. NOVELL PHARMACEUTICAL LABORATORIES,E-Purchasing,Pengadaan Barang,""Diazepam enema 5 mg/2,5 mL"",MELAKUKAN PENGIRIMAN DAN PENERIMAAN,19980000,19980000";
KAB. MANDAILING NATAL,RUMAH SAKIT UMUM DAERAH PANYABUNGAN - 1.02.0.00.0.00.02.0001,01K8JBDEYWNJ5Q69BBFNNY8VDE,58008995,2025,E-Katalog 6.0,BLUD,DEXA MEDICA,E-Purchasing,Barang,Belanja Barang dan Jasa BLUD,ON PROCESS,72540198,72540198;
KAB. MANDAILING NATAL,DINAS PEKERJAAN UMUM DAN PENATAAN RUANG - 1.03.0.00.0.00.03.0000,11830442,57424552,2025,E-Katalog 5.0,APBD,DEMBAN SIMPAR JAYA,E-Purchasing,Pengadaan Barang,Laston Lapis Aus (AC-WC),MELAKUKAN PENGIRIMAN DAN PENERIMAAN,762190000,762190000;
KAB. MANDAILING NATAL,DINAS PEKERJAAN UMUM DAN PENATAAN RUANG - 1.03.0.00.0.00.03.0000,11864328,59526453,2025,E-Katalog 5.0,APBD,CV. IKHWAN FIRDAUS,E-Purchasing,Pengadaan Barang,Galian Tanah Biasa Jaringan Pipa,MELAKUKAN PENGIRIMAN DAN PENERIMAAN,27610000,27610000;
KAB. MANDAILING NATAL,RUMAH SAKIT UMUM DAERAH PANYABUNGAN - 1.02.0.00.0.00.02.0001,11797250,58008995,2025,E-Katalog 5.0,BLUD,PT. Amarox Pharma Global,E-Purchasing,Pengadaan Barang,ATORVASTATIN20MGTABSALUTSELAPUT,MELAKUKAN PENGIRIMAN DAN PENERIMAAN,11250000,11250000;
KAB. MANDAILING NATAL,DINAS PEKERJAAN UMUM DAN PENATAAN RUANG - 1.03.0.00.0.00.03.0000,10175707000,59559154,2025,Non Tender,APBD,CV. EMESI NATAMA CONSULTANT,Pengadaan Langsung,Jasa Konsultansi Badan Usaha Konstruksi,Jasa Konsultansi Pengawasan Kegiatan Bidang Bina Marga Wil. III TA.2025,SELESAI,99694650,99694650;
KAB. MANDAILING NATAL,RUMAH SAKIT UMUM DAERAH PANYABUNGAN - 1.02.0.00.0.00.02.0001,11665752,58008995,2025,E-Katalog 5.0,BLUD,PT. Merck Tbk,E-Purchasing,Pengadaan Barang,Kalium klorida tab lepas lambat 600 mg,PROSES KONTRAK PPK,5886000,5886000;
KAB. MANDAILING NATAL,DINAS KESEHATAN - 1.02.0.00.0.00.02.0000,11966592,58541960,2025,E-Katalog 5.0,APBD,PT.ERELA,E-Purchasing,Pengadaan Barang,Chloramphenicol/ Kloramfenikol salep mata 1 %,MELAKUKAN PENGIRIMAN DAN PENERIMAAN,16246752,16246752;
KAB. MANDAILING NATAL,DINAS PEKERJAAN UMUM DAN PENATAAN RUANG - 1.03.0.00.0.00.03.0000,11864328,59526453,2025,E-Katalog 5.0,APBD,CV. IKHWAN FIRDAUS,E-Purchasing,Pengadaan Barang,Menyediakan dan Memasang Clam Sadle 2,MELAKUKAN PENGIRIMAN DAN PENERIMAAN,9902500,9902500;
KAB. MANDAILING NATAL,DINAS KESEHATAN - 1.02.0.00.0.00.02.0000,11966616,58541960,2025,E-Katalog 5.0,APBD,PT. TRIFA RAYA LABORATORIES,E-Purchasing,Pengadaan Barang,AMLODIPINE 5 MG,MELAKUKAN PENGIRIMAN DAN PENERIMAAN,8925000,8925000;
KAB. MANDAILING NATAL,DINAS KESEHATAN - 1.02.0.00.0.00.02.0000,11959299,58541960,2025,E-Katalog 5.0,APBD,PT. Kimia Farma Tbk,E-Purchasing,Pengadaan Barang,Bedak salisil/ Bedak salicyl serbuk 2%,MELAKUKAN PENGIRIMAN DAN PENERIMAAN,3242500,3242500;
KAB. MANDAILING NATAL,DINAS PENDIDIKAN DAN KEBUDAYAAN - 1.01.2.22.0.00.01.0000,10096270000,57109176,2025,Non Tender,APBD,CV. MAYSAH PERMATA,Pengadaan Langsung,Jasa Konsultansi Badan Usaha Konstruksi,Jasa Konsultan Perencanaan Rehabilitasi Ruang Kelas SMP,SELESAI,49617000,49617000;
KAB. MANDAILING NATAL,RUMAH SAKIT UMUM DAERAH PANYABUNGAN - 1.02.0.00.0.00.02.0001,12126747,58008995,2025,E-Katalog 5.0,BLUD,PT Bayer Indonesia,E-Purchasing,Pengadaan Barang,/ NIFEDIPIN GITS/TABLET LEPAS LAMBAT,MELAKUKAN PENGIRIMAN DAN PENERIMAAN,4770000,4770000;
KAB. MANDAILING NATAL,BAGIAN UMUM - 4.01.5.06.0.00.24.0009,10579394000,61668993,2025,Non Tender,APBDP,CV. CONSULTANT MORA NI MORA,Pengadaan Langsung,Jasa Konsultansi Badan Usaha Konstruksi,Belanja Jasa Konsultan Perencanaan,SELESAI,29859000,29859000;
KAB. MANDAILING NATAL,DINAS KESEHATAN - 1.02.0.00.0.00.02.0000,12028975,58580293,2025,E-Katalog 5.0,APBD,PT Axion Jaya Alkesindo,E-Purchasing,Pengadaan Barang,Surgical Blade Size 11,MELAKUKAN PENGIRIMAN DAN PENERIMAAN,32000000,32000000;
KAB. MANDAILING NATAL,DINAS KESEHATAN - 1.02.0.00.0.00.02.0000,10067148000,60050643,2025,Tender,APBD,CV. MANDIRI JAYA ABADI,Tender Cepat,Pekerjaan Konstruksi,Belanja Modal Bangunan Gedung Kantor-Renovasi/Penambahan Ruang Puskesmas Panyabungan Jae,SELESAI,2378310875,2378310875;
KAB. MANDAILING NATAL,DINAS KESEHATAN - 1.02.0.00.0.00.02.0000,11955794,58541960,2025,E-Katalog 5.0,APBD,P.T. Dexa Medica,E-Purchasing,Pengadaan Barang,Spironolakton tab 25 mg,MELAKUKAN PENGIRIMAN DAN PENERIMAAN,27500000,27500000;
KAB. MANDAILING NATAL,RUMAH SAKIT UMUM DAERAH PANYABUNGAN - 1.02.0.00.0.00.02.0001,01K8HX9M8M185NYHGJ2ZEYZC7B,58008995,2025,E-Katalog 6.0,BLUD,DEXA MEDICA,E-Purchasing,Barang,Belanja Barang dan Jasa BLUD,ON PROCESS,3750135,3750135;
KAB. MANDAILING NATAL,RUMAH SAKIT UMUM DAERAH PANYABUNGAN - 1.02.0.00.0.00.02.0001,12014428,58008995,2025,E-Katalog 5.0,BLUD,PT. Kimia Farma Tbk,E-Purchasing,Pengadaan Barang,Ketokonazol/ Ketoconazole krim 2%,MELAKUKAN PENGIRIMAN DAN PENERIMAAN,1076400,1076400;
KAB. MANDAILING NATAL,DINAS PERHUBUNGAN - 2.15.0.00.0.00.14.0000,01KADP0746FEMZHV9XZ96P4T6S,61729618,2025,E-Katalog 6.0,APBDP,BUGIS NAULI,E-Purchasing,Barang,Penyediaan Lampu Penerangan Jalan Umum (LPJU) Konvensional Kec. Panyabungan,ON PROCESS,67095254,67095254;
KAB. MANDAILING NATAL,DINAS KESEHATAN - 1.02.0.00.0.00.02.0000,11955773,58541960,2025,E-Katalog 5.0,APBD,PT.Bernofarm,E-Purchasing,Pengadaan Barang,Salbutamol sulfate/ Salbutamol tablet/kapsul/kaplet 2 mg,MELAKUKAN PENGIRIMAN DAN PENERIMAAN,1880000,1880000;
"KAB. MANDAILING NATAL,DINAS KESEHATAN - 1.02.0.00.0.00.02.0000,11959356,58541960,2025,E-Katalog 5.0,APBD,PT. IFARS PHARMACEUTICAL LABORATORIES,E-Purchasing,Pengadaan Barang,""Paracetamol/ Parasetamol drops 100 mg/ml (60mg/0,6ml)"",MELAKUKAN PENGIRIMAN DAN PENERIMAAN,894710,894710";
KAB. MANDAILING NATAL,RUMAH SAKIT UMUM DAERAH PANYABUNGAN - 1.02.0.00.0.00.02.0001,12012016,58008995,2025,E-Katalog 5.0,BLUD,PT. Kimia Farma Tbk,E-Purchasing,Pengadaan Barang,Hidroklorotiazid tab 25 mg,MELAKUKAN PENGIRIMAN DAN PENERIMAAN,489000,489000;
KAB. MANDAILING NATAL,DINAS PEKERJAAN UMUM DAN PENATAAN RUANG - 1.03.0.00.0.00.03.0000,11869962,59559159,2025,E-Katalog 5.0,APBD,PT. GASHABAT SUKSES MANDIRI,E-Purchasing,Pengadaan Barang,LAPIS FONDASI AGREGAT KELAS A,PAKET SELESAI,10650500,10650500;
KAB. MANDAILING NATAL,DINAS PEKERJAAN UMUM DAN PENATAAN RUANG - 1.03.0.00.0.00.03.0000,11864328,59526453,2025,E-Katalog 5.0,APBD,CV. IKHWAN FIRDAUS,E-Purchasing,Pengadaan Barang,Papan Merek Proyek,MELAKUKAN PENGIRIMAN DAN PENERIMAAN,1490000,1490000;
KAB. MANDAILING NATAL,DINAS KESEHATAN - 1.02.0.00.0.00.02.0000,12028975,58580293,2025,E-Katalog 5.0,APBD,PT Axion Jaya Alkesindo,E-Purchasing,Pengadaan Barang,Underpads,MELAKUKAN PENGIRIMAN DAN PENERIMAAN,10200000,10200000;
"KAB. MANDAILING NATAL,DINAS KESEHATAN - 1.02.0.00.0.00.02.0000,11826075,58580293,2025,E-Katalog 5.0,APBD,PT Medihop,E-Purchasing,Pengadaan Barang,""S21 T-Silk Silk/Sutera 3-0, 76 cm Reverse Cutting, 3/8 circle, 26 mm"",MELAKUKAN PENGIRIMAN DAN PENERIMAAN,49500000,49500000";
KAB. MANDAILING NATAL,BADAN PENGELOLAAN KEUANGAN DAN ASET DAERAH - 5.02.0.00.0.00.27.0000,11568441,55972294,2025,E-Katalog 5.0,APBD,PT. ASTRA INTERNATIONAL TBK,E-Purchasing,Pengadaan Barang,HILUX DOUBLE CABIN 2.4 G (4X4) DSL M/T,MELAKUKAN PENGIRIMAN DAN PENERIMAAN,469900000,0;
KAB. MANDAILING NATAL,DINAS KESEHATAN - 1.02.0.00.0.00.02.0000,11973113,58541960,2025,E-Katalog 5.0,APBD,PT.Imfarmind Farmasi Industri,E-Purchasing,Pengadaan Barang,Piridoksin (vitamin B6) tab 10 mg*,MELAKUKAN PENGIRIMAN DAN PENERIMAAN,1280000,1280000;
KAB. MANDAILING NATAL,SATUAN POLISI PAMONG PRAJA DAN PEMADAM KEBAKARAN - 1.05.0.00.0.00.05.0000,10236932000,59499691,2025,Non Tender,APBD,MHD AL ANSYARI NASUTION,Pengadaan Langsung,Jasa Konsultansi Perorangan Konstruksi,Belanja Jasa Konsultan Pengawasan Pekerjaan Fire Hydrant,SELESAI,9879000,9879000;
KAB. MANDAILING NATAL,RUMAH SAKIT UMUM DAERAH PANYABUNGAN - 1.02.0.00.0.00.02.0001,12037759,58008995,2025,E-Katalog 5.0,BLUD,PT. IFARS PHARMACEUTICAL LABORATORIES,E-Purchasing,Pengadaan Barang,Metronidazole/Metronidazol suspensi 125 mg/5 mL,MELAKUKAN PENGIRIMAN DAN PENERIMAAN,659800,659800;
KAB. MANDAILING NATAL,DINAS KESEHATAN - 1.02.0.00.0.00.02.0000,11868115,58541723,2025,E-Katalog 5.0,APBD,PT.Bernofarm,E-Purchasing,Pengadaan Barang,Amoksisilin/Amoxicillin/Amoxicillin Trihydrate sirup/suspensi kering 125 mg/ 5 ml,MELAKUKAN PENGIRIMAN DAN PENERIMAAN,345944000,345944000;
KAB. MANDAILING NATAL,DINAS PERTANIAN - 3.27.0.00.0.00.22.0000,10356062000,57237488,2025,Non Tender,APBD,CV. AULIA RIZKI PRATAMA,Pengadaan Langsung,Pekerjaan Konstruksi,Pembangunan Balai Penyuluhan Pertanian (BPP),SELESAI,99500000,99500000;
KAB. MANDAILING NATAL,DINAS PERTANIAN - 3.27.0.00.0.00.22.0000,10384520000,58961930,2025,Non Tender,APBD,CV. ANUGRAH ALAM MANDIRI,Pengadaan Langsung,Pekerjaan Konstruksi,Pembangunan/Rehabilitasi Jaringan Irigasi Desa Manyabar Jae Kecamatan Panyabungan,SELESAI,114080000,114080000;
"KAB. MANDAILING NATAL,RUMAH SAKIT UMUM DAERAH PANYABUNGAN - 1.02.0.00.0.00.02.0001,11665752,58008995,2025,E-Katalog 5.0,BLUD,PT. Merck Tbk,E-Purchasing,Pengadaan Barang,""Bisoprolol tab 1,25 mg"",PROSES KONTRAK PPK,3043500,3043500";
KAB. MANDAILING NATAL,DINAS PEKERJAAN UMUM DAN PENATAAN RUANG - 1.03.0.00.0.00.03.0000,11869962,59559159,2025,E-Katalog 5.0,APBD,PT. GASHABAT SUKSES MANDIRI,E-Purchasing,Pengadaan Barang,LAPIS RESAP PENGIKAT-ASPAL CAIR/EMULSI,PAKET SELESAI,3400000,3400000;
"KAB. MANDAILING NATAL,DINAS KESEHATAN - 1.02.0.00.0.00.02.0000,11966637,58541960,2025,E-Katalog 5.0,APBD,""PT Tempo Scan Pacific,  Tbk"",E-Purchasing,Pengadaan Barang,""Kombinasi: ergotamin /ergotamine1 mg + kafein/caffeine 50 mg, tablet/kapsul/kaplet"",MELAKUKAN PENGIRIMAN DAN PENERIMAAN,9150000,9150000";
KAB. MANDAILING NATAL,DINAS PENDIDIKAN DAN KEBUDAYAAN - 1.01.2.22.0.00.01.0000,10326891000,57109178,2025,Non Tender,APBD,CV. CHANTIKA LESTARI,Pengadaan Langsung,Pekerjaan Konstruksi,Rehabilitasi Ruang Kelas SMP Negeri 3 Batang Natal,SELESAI,199950000,199950000;
KAB. MANDAILING NATAL,BAGIAN KESEJAHTERAAN RAKYAT - 4.01.5.06.0.00.24.0002,10120430000,59179516,2025,Non Tender,APBD,CV. BERKAH QYMERA,Pengadaan Langsung,Jasa Lainnya,Belanja Sewa Kenderaan Bermotor Penumpang - Sewa Bus Pemberangkatan Haji,SELESAI,157442400,157442400;
"KAB. MANDAILING NATAL,DINAS PEKERJAAN UMUM DAN PENATAAN RUANG - 1.03.0.00.0.00.03.0000,10201430000,59438976,2025,Non Tender,APBD,CV.HD KARYA CONSULTANT,Pengadaan Langsung,Jasa Konsultansi Badan Usaha Konstruksi,""Penyusunan Dokumen Perencanaan Kegiatan Bidang Bina Marga TA. 2026 Wil. I, Wil. II"",SELESAI,99800000,99800000";
KAB. MANDAILING NATAL,RUMAH SAKIT UMUM DAERAH PANYABUNGAN - 1.02.0.00.0.00.02.0001,11879482,59433470,2025,E-Katalog 5.0,APBD,PT. SINKO PRIMA ALLOY,E-Purchasing,Pengadaan Barang,LAMPU OPERASI LED MOL-02 (2 LAMPU),MELAKUKAN PENGIRIMAN DAN PENERIMAAN,282000000,282000000;
KAB. MANDAILING NATAL,DINAS PEKERJAAN UMUM DAN PENATAAN RUANG - 1.03.0.00.0.00.03.0000,10438895000,60868785,2025,Non Tender,APBD,CV. CONSULTANT MORA NI MORA,Pengadaan Langsung,Jasa Konsultansi Badan Usaha Konstruksi,Penyusunan Dokumen Perencanaan Jembatan Wilayah I,SELESAI,99960000,99960000;
KAB. MANDAILING NATAL,DINAS PEKERJAAN UMUM DAN PENATAAN RUANG - 1.03.0.00.0.00.03.0000,10603934000,60893047,2025,Non Tender,APBD,CV. ALDRICH PERDANA KARYA,Pengadaan Langsung,Pekerjaan Konstruksi,Rehabilitasi Tanggul Desa Jambur Padang Matinggi Kec. Panyabungan Utara (DBH 2025),SELESAI,149600000,149600000;
KAB. MANDAILING NATAL,RUMAH SAKIT UMUM DAERAH PANYABUNGAN - 1.02.0.00.0.00.02.0001,11790254,58008995,2025,E-Katalog 5.0,BLUD,PT. Mersifarma Tirmaku Mercusana,E-Purchasing,Pengadaan Barang,Sertralin tab sal 50 mg,MELAKUKAN PENGIRIMAN DAN PENERIMAAN,8124000,8124000;
"KAB. MANDAILING NATAL,DINAS KESEHATAN - 1.02.0.00.0.00.02.0000,11966624,58541960,2025,E-Katalog 5.0,APBD,PT. MEPROFARM,E-Purchasing,Pengadaan Barang,""Kombinasi KDT/FDC mengandung: a. ipratropium bromida 0,5 mg b. salbutamol 2,5 mg cairan ih"",MELAKUKAN PENGIRIMAN DAN PENERIMAAN,5994000,5994000";
KAB. MANDAILING NATAL,RUMAH SAKIT UMUM DAERAH PANYABUNGAN - 1.02.0.00.0.00.02.0001,11824302,58008995,2025,E-Katalog 5.0,BLUD,P.T. Dexa Medica,E-Purchasing,Pengadaan Barang,Furosemid/ Furosemide inj 10 mg/mL (i.v./i.m),MELAKUKAN PENGIRIMAN DAN PENERIMAAN,3465000,3465000;
"KAB. MANDAILING NATAL,DINAS KESEHATAN - 1.02.0.00.0.00.02.0000,11826075,58580293,2025,E-Katalog 5.0,APBD,PT Medihop,E-Purchasing,Pengadaan Barang,""C43 T-Chromic Catgut Chromic 3-0, 90 cm Round Bodied, 1/2 circle, 26 mm"",MELAKUKAN PENGIRIMAN DAN PENERIMAAN,97993450,97993450";
KAB. MANDAILING NATAL,DINAS KESEHATAN - 1.02.0.00.0.00.02.0000,11955799,58541960,2025,E-Katalog 5.0,APBD,PT. Hexpharm Jaya Laboratories,E-Purchasing,Pengadaan Barang,Fitomenadion/ Phytomenadione/ Phytomenadion (Vitamin K1) injeksi 2 mg/ml (i.m.),MELAKUKAN PENGIRIMAN DAN PENERIMAAN,5251250,5251250;
KAB. MANDAILING NATAL,DINAS KESEHATAN - 1.02.0.00.0.00.02.0000,11955784,58541960,2025,E-Katalog 5.0,APBD,PT. Hexpharm Jaya Laboratories,E-Purchasing,Pengadaan Barang,Ranitidin tab 150 mg,MELAKUKAN PENGIRIMAN DAN PENERIMAAN,61200000,61200000;
KAB. MANDAILING NATAL,DINAS PERHUBUNGAN - 2.15.0.00.0.00.14.0000,01KAG8P7WR3XHPR5AD0ZJD2WR6,61729878,2025,E-Katalog 6.0,APBDP,MUTIARA MUTIARA ABADI,E-Purchasing,Barang,Penyediaan Tiang Lampu Penerangan Jalan Umum (LPJU) Konvensional Kec. Panyabungan,ON PROCESS,47489996,47489996;
KAB. MANDAILING NATAL,DINAS PEKERJAAN UMUM DAN PENATAAN RUANG - 1.03.0.00.0.00.03.0000,11807675,57423741,2025,E-Katalog 5.0,APBD,DEMBAN SIMPAR JAYA,E-Purchasing,Pengadaan Barang,Lapis Fondasi Agregat Kelas A,MELAKUKAN PENGIRIMAN DAN PENERIMAAN,170605000,170605000;
KAB. MANDAILING NATAL,RUMAH SAKIT UMUM DAERAH PANYABUNGAN - 1.02.0.00.0.00.02.0001,11833953,58008995,2025,E-Katalog 5.0,BLUD,PT. Kimia Farma Tbk,E-Purchasing,Pengadaan Barang,Miconazole nitrate/ Miconazole/ Mikonazol krim 2 %-KF,MELAKUKAN PENGIRIMAN DAN PENERIMAAN,192720,192720;
KAB. MANDAILING NATAL,DINAS PENDIDIKAN DAN KEBUDAYAAN - 1.01.2.22.0.00.01.0000,10555190000,57109184,2025,Non Tender,APBD,CV. SETYA SARI SUKSES,Pengadaan Langsung,Pekerjaan Konstruksi,Rehabilitasi Ruang Kelas SMP Negeri 3 Panyabungan,SELESAI,174500000,174500000;
KAB. MANDAILING NATAL,DINAS PENGENDALIAN PENDUDUK DAN KELUARGA BERENCANA - 2.14.0.00.0.00.13.0000,10275120000,59276643,2025,Non Tender,APBD,CV.HD KARYA CONSULTANT,Pengadaan Langsung,Jasa Konsultansi Badan Usaha Konstruksi,Belanja Jasa Konsultan Pengawasan,SELESAI,24919500,24919500;
KAB. MANDAILING NATAL,BADAN PERENCANAAN PEMBANGUNAN RISET DAN INOVASI DAERAH - 5.01.5.05.0.00.26.0000,10579683000,61318824,2025,Non Tender,APBD,Kantor Jasa Penilai Publik Henricus Judi adrianto dan rekan (hajar),Pengadaan Langsung,Jasa Konsultansi Badan Usaha Non Konstruksi,Penyusunan Dokumen Analisa Kemampuan Daerah dalam rangka Pembentukan BUMD,SELESAI,99700200,99700200;
KAB. MANDAILING NATAL,RUMAH SAKIT UMUM DAERAH PANYABUNGAN - 1.02.0.00.0.00.02.0001,11935050,58008995,2025,E-Katalog 5.0,BLUD,P.T. Dexa Medica,E-Purchasing,Pengadaan Barang,Klozapin tab 25 mg,MELAKUKAN PENGIRIMAN DAN PENERIMAAN,682500,682500;
KAB. MANDAILING NATAL,RUMAH SAKIT UMUM DAERAH PANYABUNGAN - 1.02.0.00.0.00.02.0001,12014428,58008995,2025,E-Katalog 5.0,BLUD,PT. Kimia Farma Tbk,E-Purchasing,Pengadaan Barang,Miconazole nitrate/ Miconazole/ Mikonazol krim 2 %-KF,MELAKUKAN PENGIRIMAN DAN PENERIMAAN,963600,963600;
KAB. MANDAILING NATAL,SEKRETARIAT DAERAH KABUPATEN - 4.01.5.06.0.00.24.0000,01KAJSTANKWEX3K30NRDJ9GVH8,61724476,2025,E-Katalog 6.0,APBDP,HASBIH SHIDDIQ ,E-Purchasing,Barang,Belanja Modal Alat Rumah Tangga Lainnya (Home Use),PAYMENT OUTSIDE SYSTEM,147186000,147186000;
KAB. MANDAILING NATAL,DINAS PERTANIAN - 3.27.0.00.0.00.22.0000,10113627000,59104658,2025,Non Tender,APBD,HQ PRATAMA CONSULTANT,Pengadaan Langsung,Jasa Konsultansi Badan Usaha Konstruksi,Belanja Jasa Konsultan Perencanaan Pembangunan/Rehabilitasi Jalan Usaha Tani/Jalan Produksi,SELESAI,9879000,9879000;
KAB. MANDAILING NATAL,DINAS KESEHATAN - 1.02.0.00.0.00.02.0000,11876057,58541960,2025,E-Katalog 5.0,APBD,PT.Bernofarm,E-Purchasing,Pengadaan Barang,Dexamethason Sodium Phosphate/ Deksamethason/ Deksametason injeksi 5 mg/mL,MELAKUKAN PENGIRIMAN DAN PENERIMAAN,53610000,53610000;
KAB. MANDAILING NATAL,RUMAH SAKIT UMUM DAERAH PANYABUNGAN - 1.02.0.00.0.00.02.0001,11955400,58008995,2025,E-Katalog 5.0,BLUD,P.T. Dexa Medica,E-Purchasing,Pengadaan Barang,Human tetanus imunoglobulin inj 250 IU (i.m.),MELAKUKAN PENGIRIMAN DAN PENERIMAAN,3900000,0;
KAB. MANDAILING NATAL,RUMAH SAKIT UMUM DAERAH PANYABUNGAN - 1.02.0.00.0.00.02.0001,11824302,58008995,2025,E-Katalog 5.0,BLUD,P.T. Dexa Medica,E-Purchasing,Pengadaan Barang,Cetirizine hydrochloride(HCl)/ Cetirizine/ Setirizin sirup 5 mg/5 ml,MELAKUKAN PENGIRIMAN DAN PENERIMAAN,1005408,1005408;
KAB. MANDAILING NATAL,DINAS PEKERJAAN UMUM DAN PENATAAN RUANG - 1.03.0.00.0.00.03.0000,11869962,59559159,2025,E-Katalog 5.0,APBD,PT. GASHABAT SUKSES MANDIRI,E-Purchasing,Pengadaan Barang,BAJA TULANGAN SIRIP BJTS 420,PAKET SELESAI,517025000,517025000;
KAB. MANDAILING NATAL,DINAS PERDAGANGAN - 3.30.3.31.0.00.23.0000,10123213000,57443475,2025,Non Tender,APBD,CV. RRH CONSULTANT,Pengadaan Langsung,Jasa Konsultansi Badan Usaha Konstruksi,Jasa Konsultasi Perencanaan Fisik Sarana dan Prasarana Bidang Pegembangan Perdangangan TA. 2025,SELESAI,24508800,24508800;
KAB. MANDAILING NATAL,BADAN PENGELOLAAN KEUANGAN DAN ASET DAERAH - 5.02.0.00.0.00.27.0000,01JWWZ6QRETC4JS5KEMNJN366Q,59035149,2025,E-Katalog 6.0,APBD,KREATIFITAS CEMERLANG,E-Purchasing,Barang,Belanja Modal Alat Penyimpan Perlengkapan Kantor,PAYMENT OUTSIDE SYSTEM,98956500,98956500;
KAB. MANDAILING NATAL,DINAS KESEHATAN - 1.02.0.00.0.00.02.0000,10067147000,60050631,2025,Tender,APBD,CV. MANDIRI JAYA ABADI,Tender Cepat,Pekerjaan Konstruksi,Belanja Modal Bangunan Kesehatan-RENOVASI DAN PENAMBAHAN RUANG PUSKESMAS KAYU LAUT,SELESAI,3363430469,3363430469;
"KAB. MANDAILING NATAL,DINAS KESEHATAN - 1.02.0.00.0.00.02.0000,11868250,58541723,2025,E-Katalog 5.0,APBD,PT. SATORIA ANEKA INDUSTRI,E-Purchasing,Pengadaan Barang,""Ringer Laktat/Ringer Lactate, @500 mL"",MELAKUKAN PENGIRIMAN DAN PENERIMAAN,254940000,254940000";
KAB. MANDAILING NATAL,DINAS PENDIDIKAN DAN KEBUDAYAAN - 1.01.2.22.0.00.01.0000,10072162000,57108746,2025,Tender,APBD,CV. BANGKIT BERSAMA GROUP,Tender,Pekerjaan Konstruksi,Pembangunan Ruang Kelas Baru Beserta Perabotnya (DAU) - SD Negeri 311 Sampuran,SELESAI,400000000,400000000;
KAB. MANDAILING NATAL,SEKRETARIAT DPRD - 4.02.0.00.0.00.25.0000,01KBHHE4FSV3PGCAB3DYA0F26R,61773556,2025,E-Katalog 6.0,APBD,MUTIARA MUTIARA ABADI,E-Purchasing,Barang,Belanja Modal Personal Computer,ON PROCESS,184315500,184315500;
KAB. MANDAILING NATAL,RUMAH SAKIT UMUM DAERAH PANYABUNGAN - 1.02.0.00.0.00.02.0001,11634988,58008995,2025,E-Katalog 5.0,BLUD,PT. Mersifarma Tirmaku Mercusana,E-Purchasing,Pengadaan Barang,Sertralin tab sal 50 mg,PROSES KONTRAK PPK,2031000,2031000;
KAB. MANDAILING NATAL,RUMAH SAKIT UMUM DAERAH PANYABUNGAN - 1.02.0.00.0.00.02.0001,11794390,58008995,2025,E-Katalog 5.0,BLUD,PT. NOVELL PHARMACEUTICAL LABORATORIES,E-Purchasing,Pengadaan Barang,Tiamazol Tab 10 mg,MELAKUKAN PENGIRIMAN DAN PENERIMAAN,4885000,4885000;
KAB. MANDAILING NATAL,DINAS PENGENDALIAN PENDUDUK DAN KELUARGA BERENCANA - 2.14.0.00.0.00.13.0000,10164192000,59276645,2025,Non Tender,APBD,HQ PRATAMA CONSULTANT,Pengadaan Langsung,Jasa Konsultansi Badan Usaha Konstruksi,Belanja Jasa Konsultan Perencanaan,SELESAI,24841800,24841800;
KAB. MANDAILING NATAL,RUMAH SAKIT UMUM DAERAH PANYABUNGAN - 1.02.0.00.0.00.02.0001,11895042,58008995,2025,E-Katalog 5.0,BLUD,PT. Kimia Farma Tbk,E-Purchasing,Pengadaan Barang,Metoclopramide hydrochloride (HCl)/ Metoclopramide/ Metoklopramid tablet/kapsul/kaplet 10 mg,MELAKUKAN PENGIRIMAN DAN PENERIMAAN,1210000,1210000;
"KAB. MANDAILING NATAL,RUMAH SAKIT UMUM DAERAH PANYABUNGAN - 1.02.0.00.0.00.02.0001,12012016,58008995,2025,E-Katalog 5.0,BLUD,PT. Kimia Farma Tbk,E-Purchasing,Pengadaan Barang,""Gliseril trinitrat kaps lepas lambat 2,5 mg"",MELAKUKAN PENGIRIMAN DAN PENERIMAAN,54630000,54630000";
"KAB. MANDAILING NATAL,DINAS KESEHATAN - 1.02.0.00.0.00.02.0000,11973113,58541960,2025,E-Katalog 5.0,APBD,PT.Imfarmind Farmasi Industri,E-Purchasing,Pengadaan Barang,""Asam folat tab 0,4 mg*"",MELAKUKAN PENGIRIMAN DAN PENERIMAAN,265200,265200";
KAB. MANDAILING NATAL,DINAS KESEHATAN - 1.02.0.00.0.00.02.0000,11924636,58875523,2025,E-Katalog 5.0,APBD,PT.Elsyahfi Calibratech Mandiri,E-Purchasing,Pengadaan Barang,JASA PENGUJIAN DAN KALIBRASI INFANT WARMER,MELAKUKAN PENGIRIMAN DAN PENERIMAAN,3500000,3500000;
KAB. MANDAILING NATAL,DINAS PEKERJAAN UMUM DAN PENATAAN RUANG - 1.03.0.00.0.00.03.0000,11869954,59559157,2025,E-Katalog 5.0,APBD,PT. GASHABAT SUKSES MANDIRI,E-Purchasing,Pengadaan Barang,PEMBERSIHAN DRAINASE,PAKET SELESAI,14416000,14416000;
KAB. MANDAILING NATAL,DINAS PEKERJAAN UMUM DAN PENATAAN RUANG - 1.03.0.00.0.00.03.0000,11807675,57423741,2025,E-Katalog 5.0,APBD,DEMBAN SIMPAR JAYA,E-Purchasing,Pengadaan Barang,Laston Lapis Aus (AC-WC),MELAKUKAN PENGIRIMAN DAN PENERIMAAN,782485000,782485000;
KAB. MANDAILING NATAL,DINAS KESEHATAN - 1.02.0.00.0.00.02.0000,11959343,58541960,2025,E-Katalog 5.0,APBD,PT. MEPROFARM,E-Purchasing,Pengadaan Barang,Amoxicillin Trihydrate 100 mg/ mL Drops,MELAKUKAN PENGIRIMAN DAN PENERIMAAN,19782000,19782000;
KAB. MANDAILING NATAL,DINAS KESEHATAN - 1.02.0.00.0.00.02.0000,11955786,58541960,2025,E-Katalog 5.0,APBD,PT Ethica Industri Farmasi,E-Purchasing,Pengadaan Barang,Kalsium glukonat/ Calcium gluconate inj 10%,MELAKUKAN PENGIRIMAN DAN PENERIMAAN,7649280,7649280;
"KAB. MANDAILING NATAL,DINAS KESEHATAN - 1.02.0.00.0.00.02.0000,11955797,58541960,2025,E-Katalog 5.0,APBD,PT. CENDO,E-Purchasing,Pengadaan Barang,""Gentamisin/ Gentamycin sulfate salep mata 0,3% (3 mg/g)"",MELAKUKAN PENGIRIMAN DAN PENERIMAAN,72676000,72676000";
KAB. MANDAILING NATAL,DINAS PEKERJAAN UMUM DAN PENATAAN RUANG - 1.03.0.00.0.00.03.0000,11869954,59559157,2025,E-Katalog 5.0,APBD,PT. GASHABAT SUKSES MANDIRI,E-Purchasing,Pengadaan Barang,LASTON LAPIS AUS (AC-WC),PAKET SELESAI,451066000,451066000;
KAB. MANDAILING NATAL,RUMAH SAKIT UMUM DAERAH PANYABUNGAN - 1.02.0.00.0.00.02.0001,12014428,58008995,2025,E-Katalog 5.0,BLUD,PT. Kimia Farma Tbk,E-Purchasing,Pengadaan Barang,Isoniazid tablet/kapsul/kaplet 300 mg,MELAKUKAN PENGIRIMAN DAN PENERIMAAN,2485000,2485000;
KAB. MANDAILING NATAL,RUMAH SAKIT UMUM DAERAH PANYABUNGAN - 1.02.0.00.0.00.02.0001,11893968,59433799,2025,E-Katalog 5.0,APBD,GE OPERATIONS INDONESIA,E-Purchasing,Pengadaan Barang,CARESTATION 650  dengan GE Vaporizer dan Carescape B650,MELAKUKAN PENGIRIMAN DAN PENERIMAAN,975000000,0;
KAB. MANDAILING NATAL,DINAS PERTANIAN - 3.27.0.00.0.00.22.0000,10113626000,59104606,2025,Non Tender,APBD,HQ PRATAMA CONSULTANT,Pengadaan Langsung,Jasa Konsultansi Badan Usaha Konstruksi,Belanja Jasa Konsultan Perencanaan Pembangunan/Rehabilitasi Jaringan Irigasi,SELESAI,9934500,9934500;
KAB. MANDAILING NATAL,RUMAH SAKIT UMUM DAERAH PANYABUNGAN - 1.02.0.00.0.00.02.0001,01KBS2KVDSNB14WSQSAEV8ECKS,61810147,2025,E-Katalog 6.0,BLUD,CIPTA SAKTI MEDIKA,E-Purchasing,Barang,Belanja Peralatan dan mesin BLUD,ON PROCESS,375497957,375497957;
KAB. MANDAILING NATAL,DINAS KESEHATAN - 1.02.0.00.0.00.02.0000,11924532,58579999,2025,E-Katalog 5.0,APBD,PT Axion Jaya Alkesindo,E-Purchasing,Pengadaan Barang,Blood Cholesterol Strip Pack,MELAKUKAN PENGIRIMAN DAN PENERIMAAN,70400000,70400000;
KAB. MANDAILING NATAL,DINAS KESEHATAN - 1.02.0.00.0.00.02.0000,11876057,58541960,2025,E-Katalog 5.0,APBD,PT.Bernofarm,E-Purchasing,Pengadaan Barang,Cefadroxil monohydrate/ Cefadroxil/ Sefadroksil sirup kering 125 mg/5ml,MELAKUKAN PENGIRIMAN DAN PENERIMAAN,28245000,28245000;
KAB. MANDAILING NATAL,RUMAH SAKIT UMUM DAERAH PANYABUNGAN - 1.02.0.00.0.00.02.0001,11824198,58008995,2025,E-Katalog 5.0,BLUD,P.T. Dexa Medica,E-Purchasing,Pengadaan Barang,Valsartan tab 160 mg,MELAKUKAN PENGIRIMAN DAN PENERIMAAN,2370000,2370000;
"KAB. MANDAILING NATAL,RUMAH SAKIT UMUM DAERAH PANYABUNGAN - 1.02.0.00.0.00.02.0001,11824113,58008995,2025,E-Katalog 5.0,BLUD,PT Otsuka Indonesia,E-Purchasing,Pengadaan Barang,""Larutan mengandung Asam Amino  7% ,total protein 17,5 g, @ 200 mL"",MELAKUKAN PENGIRIMAN DAN PENERIMAAN,2184800,2184800";
KAB. MANDAILING NATAL,DINAS KESEHATAN - 1.02.0.00.0.00.02.0000,11825865,58580293,2025,E-Katalog 5.0,APBD,PT Sinaraya Nugraha Ahmadaris Medika,E-Purchasing,Pengadaan Barang,POLI Disinfektan 5 Liter,MELAKUKAN PENGIRIMAN DAN PENERIMAAN,49720000,49720000;
KAB. MANDAILING NATAL,DINAS PENDIDIKAN DAN KEBUDAYAAN - 1.01.2.22.0.00.01.0000,10326931000,57108826,2025,Non Tender,APBD,CV. BINTANG BUDI MANDIRI,Pengadaan Langsung,Pekerjaan Konstruksi,Rehabilitasi Ruang Kelas SD Negeri 356 Sinunukan VI,SELESAI,197976075,197976075;
"KAB. MANDAILING NATAL,DINAS KESEHATAN - 1.02.0.00.0.00.02.0000,11955786,58541960,2025,E-Katalog 5.0,APBD,PT Ethica Industri Farmasi,E-Purchasing,Pengadaan Barang,""Methylergometrine Maleate/ Methylergometrine/ Metilergometrin inj 0,2 mg/ml"",MELAKUKAN PENGIRIMAN DAN PENERIMAAN,6242000,6242000";
KAB. MANDAILING NATAL,DINAS KESEHATAN - 1.02.0.00.0.00.02.0000,10049026000,58584462,2025,Tender,APBD,CV. CREDESAIN KONSTRUKSI,Tender,Pekerjaan Konstruksi,Renovasi /Penambahan Ruang Puskesmas Sibanggor Jae,SELESAI,5087060000,5087060000;
KAB. MANDAILING NATAL,DINAS KESEHATAN - 1.02.0.00.0.00.02.0000,11960519,58541960,2025,E-Katalog 5.0,APBD,PT. Mandiri Medika Farma,E-Purchasing,Pengadaan Barang,ISONIAZID TAB 300 MG,MELAKUKAN PENGIRIMAN DAN PENERIMAAN,8320000,8320000;
KAB. MANDAILING NATAL,RUMAH SAKIT UMUM DAERAH PANYABUNGAN - 1.02.0.00.0.00.02.0001,11828800,59434318,2025,E-Katalog 5.0,APBD,PT. MEGA ANDALAN KALASAN,E-Purchasing,Pengadaan Barang,Pediatric Bed MBC01 (F),MELAKUKAN PENGIRIMAN DAN PENERIMAAN,14346420,14346420;
KAB. MANDAILING NATAL,DINAS KESEHATAN - 1.02.0.00.0.00.02.0000,11955784,58541960,2025,E-Katalog 5.0,APBD,PT. Hexpharm Jaya Laboratories,E-Purchasing,Pengadaan Barang,Glimepirid tab 2 mg,MELAKUKAN PENGIRIMAN DAN PENERIMAAN,5404000,5404000;
KAB. MANDAILING NATAL,DINAS KESEHATAN - 1.02.0.00.0.00.02.0000,12028975,58580293,2025,E-Katalog 5.0,APBD,PT Axion Jaya Alkesindo,E-Purchasing,Pengadaan Barang,Micropore Surgical Tape,MELAKUKAN PENGIRIMAN DAN PENERIMAAN,26500000,26500000;
KAB. MANDAILING NATAL,DINAS KESEHATAN - 1.02.0.00.0.00.02.0000,11732199,58827754,2025,E-Katalog 5.0,APBD,PT. Asvia Laguna Medis,E-Purchasing,Pengadaan Barang,Hecting Set II,MELAKUKAN PENGIRIMAN DAN PENERIMAAN,45700000,45700000;
KAB. MANDAILING NATAL,DINAS PEKERJAAN UMUM DAN PENATAAN RUANG - 1.03.0.00.0.00.03.0000,11869951,59559150,2025,E-Katalog 5.0,APBD,CV.GUNUNG KULABU,E-Purchasing,Pengadaan Barang,Galian untuk Selokan Drainase dan Saluran Air,PAKET SELESAI,28628000,28628000;
KAB. MANDAILING NATAL,DINAS KESEHATAN - 1.02.0.00.0.00.02.0000,11955799,58541960,2025,E-Katalog 5.0,APBD,PT. Hexpharm Jaya Laboratories,E-Purchasing,Pengadaan Barang,Ketokonazol/ Ketoconazole tablet/kapsul/kaplet 200 mg,MELAKUKAN PENGIRIMAN DAN PENERIMAAN,33750000,33750000;
"KAB. MANDAILING NATAL,DINAS PEKERJAAN UMUM DAN PENATAAN RUANG - 1.03.0.00.0.00.03.0000,11830442,57424552,2025,E-Katalog 5.0,APBD,DEMBAN SIMPAR JAYA,E-Purchasing,Pengadaan Barang,""Beton strukur, fc 20 MPa"",MELAKUKAN PENGIRIMAN DAN PENERIMAAN,541310000,541310000";
KAB. MANDAILING NATAL,BADAN PENGELOLAAN KEUANGAN DAN ASET DAERAH - 5.02.0.00.0.00.27.0000,01JWWYSNQ997NFNPQC858CS2C9,59035097,2025,E-Katalog 6.0,APBD,KREATIFITAS CEMERLANG,E-Purchasing,Barang,Belanja Modal Lemari dan Arsip Pejabat,PAYMENT OUTSIDE SYSTEM,108891000,108891000;
KAB. MANDAILING NATAL,DINAS KESEHATAN - 1.02.0.00.0.00.02.0000,11876057,58541960,2025,E-Katalog 5.0,APBD,PT.Bernofarm,E-Purchasing,Pengadaan Barang,Miconazole nitrate/ Miconazole/ Mikonazol krim 2 %,MELAKUKAN PENGIRIMAN DAN PENERIMAAN,32000000,32000000;
KAB. MANDAILING NATAL,RUMAH SAKIT UMUM DAERAH PANYABUNGAN - 1.02.0.00.0.00.02.0001,11886936,58008995,2025,E-Katalog 5.0,BLUD,PT Yarindo Farmatama,E-Purchasing,Pengadaan Barang,Diazepam tablet/kapsul/kaplet 2 mg,MELAKUKAN PENGIRIMAN DAN PENERIMAAN,170000,170000;
KAB. MANDAILING NATAL,DINAS KESEHATAN - 1.02.0.00.0.00.02.0000,01KAWGWMBMCVKVS4QKXVN0Q3V9,61713478,2025,E-Katalog 6.0,APBD,TERMINAL PRINT,E-Purchasing,Barang,Belanja Alat/Bahan untuk Kegiatan Kantor-Perlengkapan Dinas-Belanja Kaos,ON PROCESS,117998550,117998550;
KAB. MANDAILING NATAL,RUMAH SAKIT UMUM DAERAH PANYABUNGAN - 1.02.0.00.0.00.02.0001,01KA09E3Y72H42CW29F3RQ639C,59725914,2025,E-Katalog 6.0,BLUD,TERUMO INDONESIA,E-Purchasing,Barang,Belanja Barang dan mesin BLUD,ON PROCESS,98999998,0;
KAB. MANDAILING NATAL,DINAS KEPENDUDUKAN DAN PENCATATAN SIPIL - 2.12.0.00.0.00.11.0000,01JWQEW8Y0215FFTMZ57ECA3RF,59380264,2025,E-Katalog 6.0,APBD,AUFA NADZAN SUCCES,E-Purchasing,Barang,Belanja Alat/Bahan untuk Kegiatan Kantor- Kertas dan Cover,PAYMENT OUTSIDE SYSTEM,77589600,77589600;
KAB. MANDAILING NATAL,DINAS KESEHATAN - 1.02.0.00.0.00.02.0000,10067148000,60050643,2025,Tender,APBD,CV. PEGEHEYSHA,Tender Cepat,Pekerjaan Konstruksi,Belanja Modal Bangunan Gedung Kantor-Renovasi/Penambahan Ruang Puskesmas Panyabungan Jae,SELESAI,1919434400,1919434400;
KAB. MANDAILING NATAL,DINAS KESEHATAN - 1.02.0.00.0.00.02.0000,01K6R16J4PJ9Z62DJBMSMPZ1K5,60913971,2025,E-Katalog 6.0,APBD,TERMINAL PRINT,E-Purchasing,Barang,Belanja Alat/Bahan untuk Kegiatan Kantor-Alat Tulis Kantor- PENGADAAN BUKU KIA,ON PROCESS,462074926,462074926;
KAB. MANDAILING NATAL,DINAS PEKERJAAN UMUM DAN PENATAAN RUANG - 1.03.0.00.0.00.03.0000,11869780,59559156,2025,E-Katalog 5.0,APBD,CV. DALIHAN NATOLU,E-Purchasing,Pengadaan Barang,Pasangan Batu,MELAKUKAN PENGIRIMAN DAN PENERIMAAN,14038200,14038200;
KAB. MANDAILING NATAL,RUMAH SAKIT UMUM DAERAH PANYABUNGAN - 1.02.0.00.0.00.02.0001,12018602,59725914,2025,E-Katalog 5.0,BLUD,PT. Emiindo Jaya Bersama,E-Purchasing,Pengadaan Barang,Manual Wheelchair/ Kursi Roda SWC0824,PROSES KONTRAK PPK,21370000,21370000;
KAB. MANDAILING NATAL,DINAS PERDAGANGAN - 3.30.3.31.0.00.23.0000,10455635000,61018127,2025,Non Tender,APBDP,CV. RRH CONSULTANT,Pengadaan Langsung,Jasa Konsultansi Badan Usaha Konstruksi,Jasa Konsultansi Perencanaan Fisik Bidang Pengembagan Perdagangan P.APBD 2025,SELESAI,24647550,24647550;
KAB. MANDAILING NATAL,DINAS PERDAGANGAN - 3.30.3.31.0.00.23.0000,10601583000,61018323,2025,Non Tender,APBDP,CV. INOVASI GEMILANG,Pengadaan Langsung,Pekerjaan Konstruksi,Penataan Sarana dan Prasarana Pasar Eks. Bioskop Tapanuli Kec. Panyabungan,SELESAI,99232032,99232032;
KAB. MANDAILING NATAL,DINAS PEKERJAAN UMUM DAN PENATAAN RUANG - 1.03.0.00.0.00.03.0000,11864328,59526453,2025,E-Katalog 5.0,APBD,CV. IKHWAN FIRDAUS,E-Purchasing,Pengadaan Barang,Menyediakan Kran Kuningan 1/2,MELAKUKAN PENGIRIMAN DAN PENERIMAAN,2635000,2635000;
KAB. MANDAILING NATAL,DINAS KESEHATAN - 1.02.0.00.0.00.02.0000,11966587,58541960,2025,E-Katalog 5.0,APBD,PT. TRIMAN,E-Purchasing,Pengadaan Barang,ATTAPULGIT/ATTAPULGITE 600 MG/TABLET/KAPLET/KAPSUL,MELAKUKAN PENGIRIMAN DAN PENERIMAAN,23030000,23030000;
KAB. MANDAILING NATAL,RUMAH SAKIT UMUM DAERAH PANYABUNGAN - 1.02.0.00.0.00.02.0001,12014428,58008995,2025,E-Katalog 5.0,BLUD,PT. Kimia Farma Tbk,E-Purchasing,Pengadaan Barang,Ketoprofen supositoria 100 mg KF,MELAKUKAN PENGIRIMAN DAN PENERIMAAN,1402200,1402200;
KAB. MANDAILING NATAL,DINAS KESEHATAN - 1.02.0.00.0.00.02.0000,11952890,58541723,2025,E-Katalog 5.0,APBD,PT.Bernofarm,E-Purchasing,Pengadaan Barang,Diclofenac sodium/ Natrium diklofenak tablet salut enterik/kaplet salut enterik 50 mg,MELAKUKAN PENGIRIMAN DAN PENERIMAAN,49309100,49309100;
KAB. MANDAILING NATAL,DINAS PEKERJAAN UMUM DAN PENATAAN RUANG - 1.03.0.00.0.00.03.0000,11864328,59526453,2025,E-Katalog 5.0,APBD,CV. IKHWAN FIRDAUS,E-Purchasing,Pengadaan Barang,Menyediakan dan Memasang Coupler Fitting HDPE 4,MELAKUKAN PENGIRIMAN DAN PENERIMAAN,671000,671000;
KAB. MANDAILING NATAL,DINAS KESEHATAN - 1.02.0.00.0.00.02.0000,12028975,58580293,2025,E-Katalog 5.0,APBD,PT Axion Jaya Alkesindo,E-Purchasing,Pengadaan Barang,Ultrasound Gel,MELAKUKAN PENGIRIMAN DAN PENERIMAAN,2750000,2750000;
"KAB. MANDAILING NATAL,RUMAH SAKIT UMUM DAERAH PANYABUNGAN - 1.02.0.00.0.00.02.0001,11790254,58008995,2025,E-Katalog 5.0,BLUD,PT. Mersifarma Tirmaku Mercusana,E-Purchasing,Pengadaan Barang,""Alprazolam tab 0,5 mg"",MELAKUKAN PENGIRIMAN DAN PENERIMAAN,760000,760000";
KAB. MANDAILING NATAL,DINAS KESEHATAN - 1.02.0.00.0.00.02.0000,11834071,58580293,2025,E-Katalog 5.0,APBD,PT. Safelock Medical,E-Purchasing,Pengadaan Barang,IV Catheter Non Injection Port 24 G,MELAKUKAN PENGIRIMAN DAN PENERIMAAN,16686000,16686000;
KAB. MANDAILING NATAL,DINAS PEKERJAAN UMUM DAN PENATAAN RUANG - 1.03.0.00.0.00.03.0000,11864328,59526453,2025,E-Katalog 5.0,APBD,CV. IKHWAN FIRDAUS,E-Purchasing,Pengadaan Barang,Keselamatan dan Kesehatan Kerja (K3) Kontruksi,MELAKUKAN PENGIRIMAN DAN PENERIMAAN,660000,660000;
KAB. MANDAILING NATAL,DINAS SOSIAL PEMBERDAYAAN PEREMPUAN DAN PERLINDUNGAN ANAK - 1.06.2.08.0.00.07.0000,01KDAH5V7A519A3SW1XARB0SVQ,62357380,2025,E-Katalog 6.0,APBDP,BEJANA UTAMA,E-Purchasing,Barang,Belanja Barang untuk Dijual/Diserahkan kepada Masyarakat Sumber Dana Darurat,ON PROCESS,404540473,404540473;
KAB. MANDAILING NATAL,DINAS PEKERJAAN UMUM DAN PENATAAN RUANG - 1.03.0.00.0.00.03.0000,11869706,59559155,2025,E-Katalog 5.0,APBD,CV. PUTRA JAYA,E-Purchasing,Pengadaan Barang,Timbunan Pilihan Dari Sumber galian,MELAKUKAN PENGIRIMAN DAN PENERIMAAN,25344000,25344000;
KAB. MANDAILING NATAL,RUMAH SAKIT UMUM DAERAH PANYABUNGAN - 1.02.0.00.0.00.02.0001,01K9Q0J5CCDRF7R8Q7XSQ21J6A,58008995,2025,E-Katalog 6.0,BLUD,GUARDIAN PHARMATAMA,E-Purchasing,Barang,Belanja Barang dan Jasa BLUD,ON PROCESS,2621820,2621820;
KAB. MANDAILING NATAL,DINAS KESEHATAN - 1.02.0.00.0.00.02.0000,11717150,58585278,2025,E-Katalog 5.0,APBD,PT. Putra Nusa Logistindo,E-Purchasing,Pengadaan Barang,BLUGOON FILTERISASI PENYEDIAAN AIR BERSIH - PN-400,MELAKUKAN PENGIRIMAN DAN PENERIMAAN,1475000000,1475000000;
"KAB. MANDAILING NATAL,DINAS KESEHATAN - 1.02.0.00.0.00.02.0000,11966607,58541960,2025,E-Katalog 5.0,APBD,PT. SATORIA ANEKA INDUSTRI,E-Purchasing,Pengadaan Barang,""NaCl 0.9% / Sodium Chloride 0.9%, 500 mL"",MELAKUKAN PENGIRIMAN DAN PENERIMAAN,38365000,38365000";
KAB. MANDAILING NATAL,RUMAH SAKIT UMUM DAERAH PANYABUNGAN - 1.02.0.00.0.00.02.0001,11821631,58008995,2025,E-Katalog 5.0,BLUD,PT MEGA INTI MAKMUR MEDIKA,E-Purchasing,Pengadaan Barang,SSSGLOVES Powder Free Nitrile Examination Gloves,MELAKUKAN PENGIRIMAN DAN PENERIMAAN,20000000,20000000;
KAB. MANDAILING NATAL,RUMAH SAKIT UMUM DAERAH PANYABUNGAN - 1.02.0.00.0.00.02.0001,11712746,58008995,2025,E-Katalog 5.0,BLUD,PT. Kimia Farma Tbk,E-Purchasing,Pengadaan Barang,Permethrin/ Permetrin Krim 5%,PROSES KONTRAK PPK,1231800,1231800;
"KAB. MANDAILING NATAL,DINAS KESEHATAN - 1.02.0.00.0.00.02.0000,11956387,58541960,2025,E-Katalog 5.0,APBD,PT.Bernofarm,E-Purchasing,Pengadaan Barang,""Methylergometrine Maleate/ Methylergometrine/ Metilergometrin tablet/kapsul/kaplet 0,125 mg"",MELAKUKAN PENGIRIMAN DAN PENERIMAAN,7960000,7960000";
KAB. MANDAILING NATAL,DINAS PEKERJAAN UMUM DAN PENATAAN RUANG - 1.03.0.00.0.00.03.0000,11830442,57424552,2025,E-Katalog 5.0,APBD,DEMBAN SIMPAR JAYA,E-Purchasing,Pengadaan Barang,Galian Biasa,MELAKUKAN PENGIRIMAN DAN PENERIMAAN,95375000,95375000;
KAB. MANDAILING NATAL,BAGIAN KESEJAHTERAAN RAKYAT - 4.01.5.06.0.00.24.0002,10168563000,59179509;"59635048,2025,Non Tender,APBD,CV. BERKAH QYMERA,Pengadaan Langsung,Jasa Lainnya,"",Belanja Sewa Kenderaan Bermotor Penumpang - Sewa Bus Pemulangan Haji"",SELESAI,157442400,157442400"
KAB. MANDAILING NATAL,DINAS PEKERJAAN UMUM DAN PENATAAN RUANG - 1.03.0.00.0.00.03.0000,11807675,57423741,2025,E-Katalog 5.0,APBD,DEMBAN SIMPAR JAYA,E-Purchasing,Pengadaan Barang,Penyiapan Badan Jalan,MELAKUKAN PENGIRIMAN DAN PENERIMAAN,9038600,9038600;
KAB. MANDAILING NATAL,DINAS KESEHATAN - 1.02.0.00.0.00.02.0000,11955814,58541960,2025,E-Katalog 5.0,APBD,P.T. Dexa Medica,E-Purchasing,Pengadaan Barang,Furosemid/ Furosemide inj 10 mg/mL (i.v./i.m),MELAKUKAN PENGIRIMAN DAN PENERIMAAN,6930000,6930000;
"KAB. MANDAILING NATAL,DINAS PEKERJAAN UMUM DAN PENATAAN RUANG - 1.03.0.00.0.00.03.0000,11807675,57423741,2025,E-Katalog 5.0,APBD,DEMBAN SIMPAR JAYA,E-Purchasing,Pengadaan Barang,""Beton struktur, fc 25 Mpa"",MELAKUKAN PENGIRIMAN DAN PENERIMAAN,10780000,10780000";
KAB. MANDAILING NATAL,DINAS KESEHATAN - 1.02.0.00.0.00.02.0000,11955784,58541960,2025,E-Katalog 5.0,APBD,PT. Hexpharm Jaya Laboratories,E-Purchasing,Pengadaan Barang,Simvastatin tab 10 mg,MELAKUKAN PENGIRIMAN DAN PENERIMAAN,3816000,3816000;
KAB. MANDAILING NATAL,DINAS KESEHATAN - 1.02.0.00.0.00.02.0000,10455632000,59948662,2025,Non Tender,APBD,CV. ANUGRAH ALAM MANDIRI,Pengadaan Langsung,Pekerjaan Konstruksi,Belanja Modal Bangunan Gedung Kantor-Rehabilitasi dan Penambahan Ruang Dinkes,SELESAI,199746413,199746413;
KAB. MANDAILING NATAL,DINAS PEKERJAAN UMUM DAN PENATAAN RUANG - 1.03.0.00.0.00.03.0000,11864328,59526453,2025,E-Katalog 5.0,APBD,CV. IKHWAN FIRDAUS,E-Purchasing,Pengadaan Barang,Check Valve 1/2,MELAKUKAN PENGIRIMAN DAN PENERIMAAN,2677500,2677500;
KAB. MANDAILING NATAL,RUMAH SAKIT UMUM DAERAH PANYABUNGAN - 1.02.0.00.0.00.02.0001,11991097,59433348,2025,E-Katalog 5.0,APBD,PT. Philips Indonesia Commercial,E-Purchasing,Pengadaan Barang,AFFINITI 50 Ultrasound System for 4D OBGYN,PROSES KONTRAK PPK,999000000,0;
KAB. MANDAILING NATAL,DINAS PEKERJAAN UMUM DAN PENATAAN RUANG - 1.03.0.00.0.00.03.0000,11864328,59526453,2025,E-Katalog 5.0,APBD,CV. IKHWAN FIRDAUS,E-Purchasing,Pengadaan Barang,Pemasangan Pipa PVC Type SNI 1/2,MELAKUKAN PENGIRIMAN DAN PENERIMAAN,12900750,12900750;
KAB. MANDAILING NATAL,DINAS PERDAGANGAN - 3.30.3.31.0.00.23.0000,01K1F6NH1ZY76N7TQP5ETP8M75,60138860,2025,E-Katalog 6.0,APBD,HANAYA KARYA PERSADA,E-Purchasing,Jasa Lainnya,Belanja Jasa Tenaga Kebersihan dan  Jasa Tenaga Keamanan,ON PROCESS,632500000,632500000;
KAB. MANDAILING NATAL,RUMAH SAKIT UMUM DAERAH PANYABUNGAN - 1.02.0.00.0.00.02.0001,12028977,58008995,2025,E-Katalog 5.0,BLUD,PT. Mersifarma Tirmaku Mercusana,E-Purchasing,Pengadaan Barang,Haloperidol tab 5 mg,MELAKUKAN PENGIRIMAN DAN PENERIMAAN,192000,192000;
KAB. MANDAILING NATAL,DINAS PEKERJAAN UMUM DAN PENATAAN RUANG - 1.03.0.00.0.00.03.0000,11869706,59559155,2025,E-Katalog 5.0,APBD,CV. PUTRA JAYA,E-Purchasing,Pengadaan Barang,Bahan Anti Pengelupasan,MELAKUKAN PENGIRIMAN DAN PENERIMAAN,4116000,4116000;
KAB. MANDAILING NATAL,DINAS PERUMAHAN RAKYAT DAN KAWASAN PERMUKIMAN SERTA PERTANAHAN - 1.04.2.10.0.00.04.0000,10216986000,59844694,2025,Non Tender,APBD,PT.SADHYA GRAHACARA,Pengadaan Langsung,Jasa Konsultansi Badan Usaha Konstruksi,Pengawasan Kegiatan Kontraktual DAK PPKT,SELESAI,59884500,59884500;
"KAB. MANDAILING NATAL,SEKRETARIAT DAERAH KABUPATEN - 4.01.5.06.0.00.24.0000,01KBHG3Y2GSAZJHW6K188MJMW8,61887583,2025,E-Katalog 6.0,APBDP,KREASI KENANGA,E-Purchasing,Barang,""Belanja Modal Personal Komputer, Peralatan Personal Komputer dan Bahan Komputer"",PAYMENT OUTSIDE SYSTEM,75369000,75369000";
KAB. MANDAILING NATAL,DINAS KESEHATAN - 1.02.0.00.0.00.02.0000,11834071,58580293,2025,E-Katalog 5.0,APBD,PT. Safelock Medical,E-Purchasing,Pengadaan Barang,IV CATHETER NON INJECTION PORT 20 G,MELAKUKAN PENGIRIMAN DAN PENERIMAAN,16686000,16686000;
KAB. MANDAILING NATAL,DINAS PEKERJAAN UMUM DAN PENATAAN RUANG - 1.03.0.00.0.00.03.0000,11864328,59526453,2025,E-Katalog 5.0,APBD,CV. IKHWAN FIRDAUS,E-Purchasing,Pengadaan Barang,Menyediakan dan Memasang Stop Kran 2,MELAKUKAN PENGIRIMAN DAN PENERIMAAN,1162000,1162000;
KAB. MANDAILING NATAL,DINAS KESEHATAN - 1.02.0.00.0.00.02.0000,10235122000,58827321,2025,Non Tender,APBD,PT . HIBAR WAHANA PERSADA,Pengadaan Langsung,Jasa Konsultansi Badan Usaha Konstruksi,Belanja Jasa Tenaga Ahli-Jasa Konsultan Pengawasan (DAU),SELESAI,99428250,99428250;
KAB. MANDAILING NATAL,DINAS KESEHATAN - 1.02.0.00.0.00.02.0000,11924636,58875523,2025,E-Katalog 5.0,APBD,PT.Elsyahfi Calibratech Mandiri,E-Purchasing,Pengadaan Barang,JASA PENGUJIAN DAN KALIBRASI TENSIMETER DIGITAL,MELAKUKAN PENGIRIMAN DAN PENERIMAAN,17550000,17550000;
KAB. MANDAILING NATAL,DINAS KESEHATAN - 1.02.0.00.0.00.02.0000,10478244000,60909388,2025,Non Tender,APBDP,CV. BANGKIT BERSAMA GROUP,Pengadaan Langsung,Pekerjaan Konstruksi,Belanja Bahan-Bahan Bangunan dan Konstruksi-Belanja Penimbunan dan Pemasangan Dek Penahan Puskesmas Gunung Tua,SELESAI,299899772,299899772;
KAB. MANDAILING NATAL,RUMAH SAKIT UMUM DAERAH PANYABUNGAN - 1.02.0.00.0.00.02.0001,11887026,59725914,2025,E-Katalog 5.0,BLUD,PT. SERENITY INDONESIA,E-Purchasing,Pengadaan Barang,Cervical & Emergency Bed,PROSES KONTRAK PPK,61500000,0;
KAB. MANDAILING NATAL,DINAS KESEHATAN - 1.02.0.00.0.00.02.0000,11924636,58875523,2025,E-Katalog 5.0,APBD,PT.Elsyahfi Calibratech Mandiri,E-Purchasing,Pengadaan Barang,JASA PENGUJIAN DAN/ATAU KALIBRASI MIKROSKOP,MELAKUKAN PENGIRIMAN DAN PENERIMAAN,3750000,3750000;
KAB. MANDAILING NATAL,RUMAH SAKIT UMUM DAERAH PANYABUNGAN - 1.02.0.00.0.00.02.0001,11824198,58008995,2025,E-Katalog 5.0,BLUD,P.T. Dexa Medica,E-Purchasing,Pengadaan Barang,Asam ursodeoksikolat kaps 250 mg,MELAKUKAN PENGIRIMAN DAN PENERIMAAN,2338500,2338500;
KAB. MANDAILING NATAL,DINAS KESEHATAN - 1.02.0.00.0.00.02.0000,12038806,58579310,2025,E-Katalog 5.0,APBD,PT Axion Jaya Alkesindo,E-Purchasing,Pengadaan Barang,Thermal Paper EKG 80m x 30mm,MELAKUKAN PENGIRIMAN DAN PENERIMAAN,33418000,33418000;
KAB. MANDAILING NATAL,DINAS PENGENDALIAN PENDUDUK DAN KELUARGA BERENCANA - 2.14.0.00.0.00.13.0000,10484517000,59276717,2025,Non Tender,APBD,CV. ALDRICH PERDANA KARYA,Pengadaan Langsung,Pekerjaan Konstruksi,Pembangunan Musholla dan Pagar Kantor DPPKB Mandailing Natal,SELESAI,148789677,148789677;
KAB. MANDAILING NATAL,DINAS PENDIDIKAN DAN KEBUDAYAAN - 1.01.2.22.0.00.01.0000,10072154000,57109183,2025,Tender,APBD,CV. KREATIFITAS CEMERLANG,Tender,Pekerjaan Konstruksi,Rehabilitasi Ruang Kelas SMP Negeri 1 Natal,SELESAI,407794720,407794720;
KAB. MANDAILING NATAL,DINAS KESEHATAN - 1.02.0.00.0.00.02.0000,11966608,58541960,2025,E-Katalog 5.0,APBD,PT. Mersifarma Tirmaku Mercusana,E-Purchasing,Pengadaan Barang,Klorpromazin tab 100 mg,MELAKUKAN PENGIRIMAN DAN PENERIMAAN,2625000,2625000;
KAB. MANDAILING NATAL,DINAS PENDIDIKAN DAN KEBUDAYAAN - 1.01.2.22.0.00.01.0000,10327000000,57108803,2025,Non Tender,APBD,CV. ALDRICH PERDANA KARYA,Pengadaan Langsung,Pekerjaan Konstruksi,Rehabilitasi Ruang Kelas SD Negeri 108 Aek Mata,SELESAI,199871148,199871148;
KAB. MANDAILING NATAL,DINAS PEKERJAAN UMUM DAN PENATAAN RUANG - 1.03.0.00.0.00.03.0000,10495585000,60893827,2025,Non Tender,APBDP,3D STATION CONSULTANT,Pengadaan Langsung,Jasa Konsultansi Badan Usaha Konstruksi,Konsultansi Perencanaan Kegiatan Inpres No. 2 Tahun 2025 Untuk Tahun 2026,SELESAI,98000000,98000000;
KAB. MANDAILING NATAL,DINAS PEKERJAAN UMUM DAN PENATAAN RUANG - 1.03.0.00.0.00.03.0000,10160666000,59489798,2025,Non Tender,APBD,CV. EFOD DESIGN CONSULTANT,Pengadaan Langsung,Jasa Konsultansi Badan Usaha Konstruksi,Jasa Konsultansi Pengawasan Program Penataan Bangunan Gedung,SELESAI,99900000,99900000;
KAB. MANDAILING NATAL,DINAS KESEHATAN - 1.02.0.00.0.00.02.0000,11966629,58541960,2025,E-Katalog 5.0,APBD,PT.Phapros Tbk,E-Purchasing,Pengadaan Barang,Fitomenadion/ Phytomenadion (Vitamin K1) tablet/kapsul/kaplet 10 mg,MELAKUKAN PENGIRIMAN DAN PENERIMAAN,5697000,5697000;
KAB. MANDAILING NATAL,DINAS KESEHATAN - 1.02.0.00.0.00.02.0000,11882679,58541960,2025,E-Katalog 5.0,APBD,PT. PUTRA KARYA SENTOSA,E-Purchasing,Pengadaan Barang,Povidon Iodida 300 ml,MELAKUKAN PENGIRIMAN DAN PENERIMAAN,63744000,63744000;
"KAB. MANDAILING NATAL,DINAS KESEHATAN - 1.02.0.00.0.00.02.0000,11966627,58541960,2025,E-Katalog 5.0,APBD,PT. NOVELL PHARMACEUTICAL LABORATORIES,E-Purchasing,Pengadaan Barang,""Diazepam enema 10 mg/2,5 mL"",MELAKUKAN PENGIRIMAN DAN PENERIMAAN,12210000,12210000";
KAB. MANDAILING NATAL,DINAS PEKERJAAN UMUM DAN PENATAAN RUANG - 1.03.0.00.0.00.03.0000,11807675,57423741,2025,E-Katalog 5.0,APBD,DEMBAN SIMPAR JAYA,E-Purchasing,Pengadaan Barang,Galian Biasa,MELAKUKAN PENGIRIMAN DAN PENERIMAAN,381500,381500;
KAB. MANDAILING NATAL,DINAS PEKERJAAN UMUM DAN PENATAAN RUANG - 1.03.0.00.0.00.03.0000,10603440000,60893050,2025,Non Tender,APBD,CV. AKSA MAHAGANI,Pengadaan Langsung,Pekerjaan Konstruksi,Rehabilitasi Tanggul Sungai Aek Batang Natal Desa Ampung Padang Kec. Batang Natal (DBH 2025),SELESAI,149600000,149600000;
KAB. MANDAILING NATAL,DINAS PEKERJAAN UMUM DAN PENATAAN RUANG - 1.03.0.00.0.00.03.0000,11869706,59559155,2025,E-Katalog 5.0,APBD,CV. PUTRA JAYA,E-Purchasing,Pengadaan Barang,Galian untuk selokan drainase dan saluran air,MELAKUKAN PENGIRIMAN DAN PENERIMAAN,35640000,35640000;
KAB. MANDAILING NATAL,DINAS KOMUNIKASI DAN INFORMATIKA - 2.16.2.20.2.21.15.0000,01KDDJNXNQRPRTQ972Z47XM59X,62463946,2025,E-Katalog 6.0,APBDP,PUTRA PRATAMA,E-Purchasing,Barang,Belanja Barang untuk Diserahkan Kepada Pihak Ketiga Sumber Dana Darurat,ON PROCESS,95304600,95304600;
KAB. MANDAILING NATAL,RUMAH SAKIT UMUM DAERAH PANYABUNGAN - 1.02.0.00.0.00.02.0001,11649280,58008995,2025,E-Katalog 5.0,BLUD,P.T. Dexa Medica,E-Purchasing,Pengadaan Barang,Tikagrelor tab 90 mg,PROSES KONTRAK PPK,5494800,5494800;
KAB. MANDAILING NATAL,DINAS KESEHATAN - 1.02.0.00.0.00.02.0000,12028975,58580293,2025,E-Katalog 5.0,APBD,PT Axion Jaya Alkesindo,E-Purchasing,Pengadaan Barang,Surgical Blade size 10,MELAKUKAN PENGIRIMAN DAN PENERIMAAN,31000000,31000000;
KAB. MANDAILING NATAL,DINAS KESEHATAN - 1.02.0.00.0.00.02.0000,11955796,58541960,2025,E-Katalog 5.0,APBD,CIPTA MEDIKA SEMPURNA,E-Purchasing,Pengadaan Barang,NOVA COMPO C,MELAKUKAN PENGIRIMAN DAN PENERIMAAN,15981000,0;
KAB. MANDAILING NATAL,DINAS PENDIDIKAN DAN KEBUDAYAAN - 1.01.2.22.0.00.01.0000,10327033000,57108828,2025,Non Tender,APBD,CV. ANUGRAH KARYA ABADI,Pengadaan Langsung,Pekerjaan Konstruksi,Rehabilitasi Ruang Kelas SD Negeri 032 Sinonoan,SELESAI,149802928,149802928;
KAB. MANDAILING NATAL,DINAS PENGENDALIAN PENDUDUK DAN KELUARGA BERENCANA - 2.14.0.00.0.00.13.0000,11903799,57958232,2025,E-Katalog 5.0,APBD,PT. Intermedin Medical Instruments,E-Purchasing,Pengadaan Barang,IUD Kit,MELAKUKAN PENGIRIMAN DAN PENERIMAAN,176800000,176800000;
KAB. MANDAILING NATAL,DINAS KESEHATAN - 1.02.0.00.0.00.02.0000,11825865,58580293,2025,E-Katalog 5.0,APBD,PT Sinaraya Nugraha Ahmadaris Medika,E-Purchasing,Pengadaan Barang,POLISEPTIK 70% 5 Liter,MELAKUKAN PENGIRIMAN DAN PENERIMAAN,77350350,77350350;
"KAB. MANDAILING NATAL,DINAS PEKERJAAN UMUM DAN PENATAAN RUANG - 1.03.0.00.0.00.03.0000,10438892000,60892343,2025,Non Tender,APBDP,ZAINULKONSULTAN,Pengadaan Langsung,Jasa Konsultansi Perorangan Konstruksi,""Konsultansi Perencanaan Kegiatan Untuk Konstruksi Pengendali Banjir, Lahar, Drainase Utama Perkotaan dan Pengaman Pantai"",SELESAI,15000000,15000000";
KAB. MANDAILING NATAL,RUMAH SAKIT UMUM DAERAH PANYABUNGAN - 1.02.0.00.0.00.02.0001,12014428,58008995,2025,E-Katalog 5.0,BLUD,PT. Kimia Farma Tbk,E-Purchasing,Pengadaan Barang,Salbutamol sulfate/ Salbutamol tablet/kapsul/kaplet 2 mg-KF,MELAKUKAN PENGIRIMAN DAN PENERIMAAN,1500000,1500000;
KAB. MANDAILING NATAL,DINAS PERUMAHAN RAKYAT DAN KAWASAN PERMUKIMAN SERTA PERTANAHAN - 1.04.2.10.0.00.04.0000,10074459000,57348083,2025,Non Tender,APBD,PT. CITA KREASI LATENA,Pengadaan Langsung,Jasa Konsultansi Badan Usaha Non Konstruksi,Penyusunan Dokumen Rencana Pengembangan Infrastruktur Permukiman (RPIP),SELESAI,99345000,99345000;
"KAB. MANDAILING NATAL,DINAS PERDAGANGAN - 3.30.3.31.0.00.23.0000,10278376000,60108813,2025,Non Tender,APBD,CV. KREATIFITAS CEMERLANG,Pengadaan Langsung,Pekerjaan Konstruksi,""Pembuatan Atap Tong Air, Gedung Mesin Air, Gedung Panel Kelistrikan dan Rumah sampah di Pasar Baru Panyabungan"",SELESAI,99083277,99083277";
KAB. MANDAILING NATAL,DINAS KESEHATAN - 1.02.0.00.0.00.02.0000,11847388,58580293,2025,E-Katalog 5.0,APBD,PT.GLOBAL DISPOMEDIKA,E-Purchasing,Pengadaan Barang,Metragloves Latex Examination Powdered Size Large,MELAKUKAN PENGIRIMAN DAN PENERIMAAN,8055920,8055920;
KAB. MANDAILING NATAL,DINAS PEKERJAAN UMUM DAN PENATAAN RUANG - 1.03.0.00.0.00.03.0000,11869706,59559155,2025,E-Katalog 5.0,APBD,CV. PUTRA JAYA,E-Purchasing,Pengadaan Barang,Laston Lapis Aus (AC-WC),MELAKUKAN PENGIRIMAN DAN PENERIMAAN,518192000,518192000;
KAB. MANDAILING NATAL,DINAS KESEHATAN - 1.02.0.00.0.00.02.0000,11924636,58875523,2025,E-Katalog 5.0,APBD,PT.Elsyahfi Calibratech Mandiri,E-Purchasing,Pengadaan Barang,JASA PENGUJIAN DAN/ATAU KALIBRASI NEBULIZER,MELAKUKAN PENGIRIMAN DAN PENERIMAAN,8400000,8400000;
KAB. MANDAILING NATAL,BAGIAN UMUM - 4.01.5.06.0.00.24.0009,10614597000,61724071,2025,Non Tender,APBDP,CV. AULIA RIZKI PRATAMA,Pengadaan Langsung,Pekerjaan Konstruksi,Rehab dan Pengecatan di Lingkungan Rumah Dinas Bupati,SELESAI,399500000,399500000;
KAB. MANDAILING NATAL,DINAS KESEHATAN - 1.02.0.00.0.00.02.0000,11966596,58541960,2025,E-Katalog 5.0,APBD,PT. PUTRA KARYA SENTOSA,E-Purchasing,Pengadaan Barang,Metronidazole  Suspensi 125 mg/ml,MELAKUKAN PENGIRIMAN DAN PENERIMAAN,28950000,28950000;
KAB. MANDAILING NATAL,RUMAH SAKIT UMUM DAERAH PANYABUNGAN - 1.02.0.00.0.00.02.0001,11712703,58008995,2025,E-Katalog 5.0,BLUD,PT. Kimia Farma Tbk,E-Purchasing,Pengadaan Barang,Kodein tab 10 mg,PROSES KONTRAK PPK,3300000,3300000;
"KAB. MANDAILING NATAL,DINAS PEKERJAAN UMUM DAN PENATAAN RUANG - 1.03.0.00.0.00.03.0000,10393738000,60374743,2025,Non Tender,APBD,CV. MEDTAN CIPTA UTAMA,Pengadaan Langsung,Jasa Konsultansi Badan Usaha Konstruksi,""Konsultansi Perencanaan Kegiatan Untuk Konstruksi Pengendali Banjir, Lahar, Drainase Utama Perkotaan dan Pengaman Pantai"",SELESAI,49300000,49300000";
KAB. MANDAILING NATAL,DINAS KESEHATAN - 1.02.0.00.0.00.02.0000,11924636,58875523,2025,E-Katalog 5.0,APBD,PT.Elsyahfi Calibratech Mandiri,E-Purchasing,Pengadaan Barang,JASA PENGUJIAN DAN KALIBRASI ALAT KESEHATAN MEDICAL REFRIGERATOR,MELAKUKAN PENGIRIMAN DAN PENERIMAAN,13910000,13910000;
KAB. MANDAILING NATAL,DINAS KESEHATAN - 1.02.0.00.0.00.02.0000,11728505,58533675,2025,E-Katalog 5.0,APBD,PT. Bhineka Industri Nusantara,E-Purchasing,Pengadaan Barang,Blood Lancet,MELAKUKAN PENGIRIMAN DAN PENERIMAAN,55314000,55314000;
KAB. MANDAILING NATAL,DINAS PERHUBUNGAN - 2.15.0.00.0.00.14.0000,01JXEEAN6NCE4YY2B0CN0V4WXV,59671036,2025,E-Katalog 6.0,APBDP,BUGIS NAULI,E-Purchasing,Barang,Penyediaan LPJU di Komplek Perkantoran Payaloting (Ruas Jalan Menuju RSUD Panyabungan) Kec. Panyabungan,PAYMENT OUTSIDE SYSTEM,134604150,134604150;
KAB. MANDAILING NATAL,DINAS KESEHATAN - 1.02.0.00.0.00.02.0000,11955786,58541960,2025,E-Katalog 5.0,APBD,PT Ethica Industri Farmasi,E-Purchasing,Pengadaan Barang,Oxytocin/ Oksitosin inj 10 IU/ml,MELAKUKAN PENGIRIMAN DAN PENERIMAAN,13188000,13188000;
KAB. MANDAILING NATAL,DINAS KESEHATAN - 1.02.0.00.0.00.02.0000,11834071,58580293,2025,E-Katalog 5.0,APBD,PT. Safelock Medical,E-Purchasing,Pengadaan Barang,SURGICAL FACE MASK EARLOOP,MELAKUKAN PENGIRIMAN DAN PENERIMAAN,25733520,25733520;
KAB. MANDAILING NATAL,DINAS PEKERJAAN UMUM DAN PENATAAN RUANG - 1.03.0.00.0.00.03.0000,11869951,59559150,2025,E-Katalog 5.0,APBD,CV.GUNUNG KULABU,E-Purchasing,Pengadaan Barang,Lapis Perekat - Aspal Cair-Emulsi,PAKET SELESAI,7942000,7942000;
KAB. MANDAILING NATAL,RUMAH SAKIT UMUM DAERAH PANYABUNGAN - 1.02.0.00.0.00.02.0001,11649280,58008995,2025,E-Katalog 5.0,BLUD,P.T. Dexa Medica,E-Purchasing,Pengadaan Barang,Valsartan tab 160 mg,PROSES KONTRAK PPK,2370000,2370000;
"KAB. MANDAILING NATAL,RUMAH SAKIT UMUM DAERAH PANYABUNGAN - 1.02.0.00.0.00.02.0001,11712746,58008995,2025,E-Katalog 5.0,BLUD,PT. Kimia Farma Tbk,E-Purchasing,Pengadaan Barang,""Antihemoroid, kombinasi: bismut subgalat 150 mg + heksaklorofen 2,5 mg + lidokain lidokain 10 mg+ seng oksida 120 mg + sup ad 2 g"",PROSES KONTRAK PPK,682600,682600";
"KAB. MANDAILING NATAL,RUMAH SAKIT UMUM DAERAH PANYABUNGAN - 1.02.0.00.0.00.02.0001,11794390,58008995,2025,E-Katalog 5.0,BLUD,PT. NOVELL PHARMACEUTICAL LABORATORIES,E-Purchasing,Pengadaan Barang,""Tamsulosin Tab Lepas Lambat 0,4 mg"",MELAKUKAN PENGIRIMAN DAN PENERIMAAN,4495500,4495500";
KAB. MANDAILING NATAL,DINAS KESEHATAN - 1.02.0.00.0.00.02.0000,11924636,58875523,2025,E-Katalog 5.0,APBD,PT.Elsyahfi Calibratech Mandiri,E-Purchasing,Pengadaan Barang,JASA PENGUJIAN DAN/ATAU KALIBRASI INKUBATOR BAYI,MELAKUKAN PENGIRIMAN DAN PENERIMAAN,12320000,12320000;
KAB. MANDAILING NATAL,DINAS PENDIDIKAN DAN KEBUDAYAAN - 1.01.2.22.0.00.01.0000,10072158000,57108752,2025,Tender,APBD,Bejana Utama,Tender,Pekerjaan Konstruksi,Pembangunan Ruang Kelas Baru Beserta Perabotnya (DAU) - SD Negeri 394 Singkuang,SELESAI,670000000,670000000;
KAB. MANDAILING NATAL,DINAS KESEHATAN - 1.02.0.00.0.00.02.0000,11997721,58541960,2025,E-Katalog 5.0,APBD,PT.Phapros Tbk,E-Purchasing,Pengadaan Barang,Asiklovir/Acyclovir/Aciclovir tablet/kapsul/kaplet 400 mg,MELAKUKAN PENGIRIMAN DAN PENERIMAAN,111840000,111840000;
KAB. MANDAILING NATAL,DINAS PENDIDIKAN DAN KEBUDAYAAN - 1.01.2.22.0.00.01.0000,10448839000,60971873,2025,Non Tender,APBD,HQ PRATAMA CONSULTANT,Pengadaan Langsung,Jasa Konsultansi Badan Usaha Konstruksi,Jasa Konsultan Pengawasan Rehabilitasi Sedang/Berat Ruang Kelas SD (DAU),SELESAI,99678000,99678000;
KAB. MANDAILING NATAL,DINAS PERHUBUNGAN - 2.15.0.00.0.00.14.0000,01K19ZQWXXVR8KXTHP9B2FMM4W,60130530,2025,E-Katalog 6.0,APBD,KREASI TEHNIK MANDIRI,E-Purchasing,Jasa Lainnya,Belanja Jasa Tenaga Ahli,PAYMENT OUTSIDE SYSTEM,49894500,49894500;
KAB. MANDAILING NATAL,DINAS KESEHATAN - 1.02.0.00.0.00.02.0000,11966612,58541960,2025,E-Katalog 5.0,APBD,PT. Kimia Farma Tbk,E-Purchasing,Pengadaan Barang,Fenobarbital tab 30 mg,MELAKUKAN PENGIRIMAN DAN PENERIMAAN,1600000,1600000;
KAB. MANDAILING NATAL,RUMAH SAKIT UMUM DAERAH PANYABUNGAN - 1.02.0.00.0.00.02.0001,01JRCXV3AX7CYAD78Z76Q9CPND,58008995,2025,E-Katalog 6.0,BLUD,THEONA KAROLAND,E-Purchasing,Barang,Belanja Barang dan Jasa BLUD,ON PROCESS,690557820,690557820;
KAB. MANDAILING NATAL,DINAS PEKERJAAN UMUM DAN PENATAAN RUANG - 1.03.0.00.0.00.03.0000,11864328,59526453,2025,E-Katalog 5.0,APBD,CV. IKHWAN FIRDAUS,E-Purchasing,Pengadaan Barang,Cetakan Beton,MELAKUKAN PENGIRIMAN DAN PENERIMAAN,9282000,9282000;
"KAB. MANDAILING NATAL,DINAS PEKERJAAN UMUM DAN PENATAAN RUANG - 1.03.0.00.0.00.03.0000,11864328,59526453,2025,E-Katalog 5.0,APBD,CV. IKHWAN FIRDAUS,E-Purchasing,Pengadaan Barang,""TEE HDPE 4X2 Sni 06-0084-2002 12,5 Kg/Cm2"",MELAKUKAN PENGIRIMAN DAN PENERIMAAN,1815000,1815000";
KAB. MANDAILING NATAL,DINAS PEKERJAAN UMUM DAN PENATAAN RUANG - 1.03.0.00.0.00.03.0000,11830442,57424552,2025,E-Katalog 5.0,APBD,DEMBAN SIMPAR JAYA,E-Purchasing,Pengadaan Barang,Lapis Fondasi Agregat Kelas A,MELAKUKAN PENGIRIMAN DAN PENERIMAAN,527845000,527845000;
KAB. MANDAILING NATAL,RUMAH SAKIT UMUM DAERAH PANYABUNGAN - 1.02.0.00.0.00.02.0001,11825390,58008995,2025,E-Katalog 5.0,BLUD,PT. SOHO Industri Pharmasi,E-Purchasing,Pengadaan Barang,BOOST D,MELAKUKAN PENGIRIMAN DAN PENERIMAAN,933000,933000;
KAB. MANDAILING NATAL,DINAS PEKERJAAN UMUM DAN PENATAAN RUANG - 1.03.0.00.0.00.03.0000,11830442,57424552,2025,E-Katalog 5.0,APBD,DEMBAN SIMPAR JAYA,E-Purchasing,Pengadaan Barang,Timbunan Pilihan dari sumber galian,MELAKUKAN PENGIRIMAN DAN PENERIMAAN,82720000,82720000;
KAB. MANDAILING NATAL,DINAS PEKERJAAN UMUM DAN PENATAAN RUANG - 1.03.0.00.0.00.03.0000,11864328,59526453,2025,E-Katalog 5.0,APBD,CV. IKHWAN FIRDAUS,E-Purchasing,Pengadaan Barang,Sealtape,MELAKUKAN PENGIRIMAN DAN PENERIMAAN,4887500,4887500;
KAB. MANDAILING NATAL,DINAS PEKERJAAN UMUM DAN PENATAAN RUANG - 1.03.0.00.0.00.03.0000,11869954,59559157,2025,E-Katalog 5.0,APBD,PT. GASHABAT SUKSES MANDIRI,E-Purchasing,Pengadaan Barang,GORONG-GORONG PIPA BETON BERTULANG DIAMETER DALAM 50 CM,PAKET SELESAI,9265000,9265000;
KAB. MANDAILING NATAL,DINAS KESEHATAN - 1.02.0.00.0.00.02.0000,10458375000,60909088,2025,Non Tender,APBDP,CV. BINTANG KARYA BHAKTI,Pengadaan Langsung,Pekerjaan Konstruksi,Belanja Modal Bangunan Kesehatan- Belanja Pemasangan Tembok Pembatas Puskesmas Gunung Baringin,SELESAI,189799963,189799963;
"KAB. MANDAILING NATAL,RUMAH SAKIT UMUM DAERAH PANYABUNGAN - 1.02.0.00.0.00.02.0001,11887131,58008995,2025,E-Katalog 5.0,BLUD,PT AstraZeneca Indonesia,E-Purchasing,Pengadaan Barang,""Budesonid cairan inhalasi 0,25mg/mL, respoules 2 mL"",MELAKUKAN PENGIRIMAN DAN PENERIMAAN,2784000,0";
KAB. MANDAILING NATAL,DINAS PEKERJAAN UMUM DAN PENATAAN RUANG - 1.03.0.00.0.00.03.0000,11869780,59559156,2025,E-Katalog 5.0,APBD,CV. DALIHAN NATOLU,E-Purchasing,Pengadaan Barang,Lapis Fondasi Agregat Kelas A,MELAKUKAN PENGIRIMAN DAN PENERIMAAN,244728700,244728700;
KAB. MANDAILING NATAL,DINAS PERUMAHAN RAKYAT DAN KAWASAN PERMUKIMAN SERTA PERTANAHAN - 1.04.2.10.0.00.04.0000,10034370000,59411560,2025,Tender,APBD,Bejana Utama,Tender,Pekerjaan Konstruksi,Pembangunan Jalan Lingkungan dan Drainase di Kelurahan Panyabungan III Kec. Panyabungan,SELESAI,1485538428,1485538428;
KAB. MANDAILING NATAL,DINAS PERTANIAN - 3.27.0.00.0.00.22.0000,01K0F3KZGWKTV1TJBXFT2SBTAJ,59443990,2025,E-Katalog 6.0,APBD,AULIA RIZKI PRATAMA,E-Purchasing,Barang,Belanja Obat-Obatan-Obat-Obatan Lainnya,ON PROCESS,73215711,73215711;
"KAB. MANDAILING NATAL,DINAS PEKERJAAN UMUM DAN PENATAAN RUANG - 1.03.0.00.0.00.03.0000,11869780,59559156,2025,E-Katalog 5.0,APBD,CV. DALIHAN NATOLU,E-Purchasing,Pengadaan Barang,""Beton strukur, fc 20 MPa"",MELAKUKAN PENGIRIMAN DAN PENERIMAAN,168592400,168592400";
KAB. MANDAILING NATAL,SEKRETARIAT DPRD - 4.02.0.00.0.00.25.0000,01KA7QFDWK5WHWDRB5YR1TEE2J,61662394,2025,E-Katalog 6.0,APBDP,SETYA SARI SUKSES,E-Purchasing,Barang,Belanja Modal Alat Pendingin,ON PROCESS,119358300,119358300;
KAB. MANDAILING NATAL,RUMAH SAKIT UMUM DAERAH PANYABUNGAN - 1.02.0.00.0.00.02.0001,11935181,58008995,2025,E-Katalog 5.0,BLUD,P.T. Dexa Medica,E-Purchasing,Pengadaan Barang,Cetirizine hydrochloride(HCl)/ Cetirizine/ Setirizin sirup 5 mg/5 ml,MELAKUKAN PENGIRIMAN DAN PENERIMAAN,1396400,1396400;
KAB. MANDAILING NATAL,DINAS KESEHATAN - 1.02.0.00.0.00.02.0000,11959356,58541960,2025,E-Katalog 5.0,APBD,PT. IFARS PHARMACEUTICAL LABORATORIES,E-Purchasing,Pengadaan Barang,Bisakodil/Bisacodyl tablet salut/kaplet salut 5 mg,MELAKUKAN PENGIRIMAN DAN PENERIMAAN,1390000,1390000;
KAB. MANDAILING NATAL,DINAS PENDIDIKAN DAN KEBUDAYAAN - 1.01.2.22.0.00.01.0000,10326938000,57108810,2025,Non Tender,APBD,RAFI NIAGA RAYA,Pengadaan Langsung,Pekerjaan Konstruksi,Rehabilitasi Ruang Kelas SD Negeri 322 Sinunukan,SELESAI,198004818,198004818;
KAB. MANDAILING NATAL,RUMAH SAKIT UMUM DAERAH PANYABUNGAN - 1.02.0.00.0.00.02.0001,12014428,58008995,2025,E-Katalog 5.0,BLUD,PT. Kimia Farma Tbk,E-Purchasing,Pengadaan Barang,Theophylline/ Teofilin tab lepas lambat 300 mg,MELAKUKAN PENGIRIMAN DAN PENERIMAAN,7659000,7659000;
KAB. MANDAILING NATAL,RUMAH SAKIT UMUM DAERAH PANYABUNGAN - 1.02.0.00.0.00.02.0001,11824302,58008995,2025,E-Katalog 5.0,BLUD,P.T. Dexa Medica,E-Purchasing,Pengadaan Barang,Cefazolin sodium/ Sefazolin serbuk injeksi 1.000 mg,MELAKUKAN PENGIRIMAN DAN PENERIMAAN,577500,577500;
KAB. MANDAILING NATAL,DINAS KESEHATAN - 1.02.0.00.0.00.02.0000,11966596,58541960,2025,E-Katalog 5.0,APBD,PT. PUTRA KARYA SENTOSA,E-Purchasing,Pengadaan Barang,Bisacodyl 10 mg supp- box@6 Suppo,MELAKUKAN PENGIRIMAN DAN PENERIMAAN,19839600,19839600;
KAB. MANDAILING NATAL,DINAS KESEHATAN - 1.02.0.00.0.00.02.0000,11966629,58541960,2025,E-Katalog 5.0,APBD,PT.Phapros Tbk,E-Purchasing,Pengadaan Barang,Garam Oralit,MELAKUKAN PENGIRIMAN DAN PENERIMAAN,2217000,2217000;
KAB. MANDAILING NATAL,DINAS PERUMAHAN RAKYAT DAN KAWASAN PERMUKIMAN SERTA PERTANAHAN - 1.04.2.10.0.00.04.0000,10078879000,57348088,2025,Non Tender,APBD,PT.SADHYA GRAHACARA,Pengadaan Langsung,Jasa Konsultansi Badan Usaha Konstruksi,Pembuatan DED PSU Kawasan Kumuh Kel. Pidoli Lombang Kec.Panyabungan,SELESAI,99789000,99789000;
KAB. MANDAILING NATAL,DINAS PENDIDIKAN DAN KEBUDAYAAN - 1.01.2.22.0.00.01.0000,10326908000,57109179,2025,Non Tender,APBD,CV. CEMERLANG GEMILANG GROUP,Pengadaan Langsung,Pekerjaan Konstruksi,Rehabilitasi Ruang Kelas SMP Negeri 4 Natal,SELESAI,199300000,199300000;
KAB. MANDAILING NATAL,DINAS PERTANIAN - 3.27.0.00.0.00.22.0000,01KCJV8JHQB6J7E0QP8V616T1R,61998927,2025,E-Katalog 6.0,APBDP,PUTRA PRATAMA,E-Purchasing,Barang,Belanja Bibit Kelapa Sawit,PAYMENT OUTSIDE SYSTEM,56431800,56431800;
KAB. MANDAILING NATAL,DINAS PENDIDIKAN DAN KEBUDAYAAN - 1.01.2.22.0.00.01.0000,10326934000,57108812,2025,Non Tender,APBD,CV. BANGKIT BERSAMA GROUP,Pengadaan Langsung,Pekerjaan Konstruksi,Rehabilitasi Ruang Kelas SD Negeri 323 Sinunukan,SELESAI,197999902,197999902;
KAB. MANDAILING NATAL,DINAS KESEHATAN - 1.02.0.00.0.00.02.0000,11966631,58541960,2025,E-Katalog 5.0,APBD,PT. TRIMAN,E-Purchasing,Pengadaan Barang,ASAM ASKORBAT/ASCORBIC ACID/VITAMIN C 250 MG / TABLET/KAPSUL/KAPLET 250 MG/VITC250,MELAKUKAN PENGIRIMAN DAN PENERIMAAN,47040000,47040000;
"KAB. MANDAILING NATAL,DINAS PEKERJAAN UMUM DAN PENATAAN RUANG - 1.03.0.00.0.00.03.0000,11869780,59559156,2025,E-Katalog 5.0,APBD,CV. DALIHAN NATOLU,E-Purchasing,Pengadaan Barang,""Gorong-gorong Pipa Beton Bertulang, diameter dalam 50 cm"",MELAKUKAN PENGIRIMAN DAN PENERIMAAN,7945600,7945600";
KAB. MANDAILING NATAL,DINAS PEKERJAAN UMUM DAN PENATAAN RUANG - 1.03.0.00.0.00.03.0000,11807675,57423741,2025,E-Katalog 5.0,APBD,DEMBAN SIMPAR JAYA,E-Purchasing,Pengadaan Barang,Galian untuk Selokan Drainase dan Saluran Air,MELAKUKAN PENGIRIMAN DAN PENERIMAAN,9009000,9009000;
KAB. MANDAILING NATAL,DINAS KESEHATAN - 1.02.0.00.0.00.02.0000,11713227,58542569,2025,E-Katalog 5.0,APBD,PT Abadi Kesling Indoneisa,E-Purchasing,Pengadaan Barang,PAKET REAGENSIA SURVEILANS KUALITAS AIR MINUM RUMAH TANGGA (KAMRT) REF-KAMRT -21,MELAKUKAN PENGIRIMAN DAN PENERIMAAN,1518140000,1518140000;
KAB. MANDAILING NATAL,INSPEKTORAT DAERAH KABUPATEN - 6.01.0.00.0.00.30.0000,10064617000,57075543,2025,Tender,APBD,CV. GAPURA ALAM PERSADA,Tender,Pekerjaan Konstruksi,Belanja Modal Bangunan Gedung Kantor,SELESAI,2959789600,2959789600;
KAB. MANDAILING NATAL,RUMAH SAKIT UMUM DAERAH PANYABUNGAN - 1.02.0.00.0.00.02.0001,01K96HFQZ0EB9EGMH4B5RSWVXG,58008995,2025,E-Katalog 6.0,BLUD,MAHAKAM BETA FARMA,E-Purchasing,Barang,Belanja Barang dan Jasa BLUD,ON PROCESS,16009530,16009530;
KAB. MANDAILING NATAL,DINAS PEKERJAAN UMUM DAN PENATAAN RUANG - 1.03.0.00.0.00.03.0000,11869706,59559155,2025,E-Katalog 5.0,APBD,CV. PUTRA JAYA,E-Purchasing,Pengadaan Barang,Penyiapan Badan Jalan,MELAKUKAN PENGIRIMAN DAN PENERIMAAN,7070000,7070000;
KAB. MANDAILING NATAL,DINAS PENDIDIKAN DAN KEBUDAYAAN - 1.01.2.22.0.00.01.0000,01K365T0Z06GEFAPVEFX59QCDC,57109167,2025,E-Katalog 6.0,APBD,KENCANA EDUKASI GLOBALINDO,E-Purchasing,Barang,Belanja Peralatan dan Mesin-Alat Laboratorium-Alat Peraga Praktik Sekolah-Alat Peraga Praktik Sekolah Bidang Studi:IPA Menengah,ON PROCESS,170662500,170662500;
KAB. MANDAILING NATAL,DINAS PEKERJAAN UMUM DAN PENATAAN RUANG - 1.03.0.00.0.00.03.0000,11864328,59526453,2025,E-Katalog 5.0,APBD,CV. IKHWAN FIRDAUS,E-Purchasing,Pengadaan Barang,Menyediakan Plakat Sambungan Rumah,MELAKUKAN PENGIRIMAN DAN PENERIMAAN,1105000,1105000;
KAB. MANDAILING NATAL,DINAS PENDIDIKAN DAN KEBUDAYAAN - 1.01.2.22.0.00.01.0000,10501917000,57107940,2025,Non Tender,APBD,CV. AULIA RIZKI PRATAMA,Pengadaan Langsung,Pekerjaan Konstruksi,Pembangunan Ruang Unit Kesehatan Sekolah TK Satu Atap SDN 176 Rao-Rao Dolok,SELESAI,74300000,74300000;
KAB. MANDAILING NATAL,DINAS KESEHATAN - 1.02.0.00.0.00.02.0000,11924636,58875523,2025,E-Katalog 5.0,APBD,PT.Elsyahfi Calibratech Mandiri,E-Purchasing,Pengadaan Barang,JASA PENGUJIAN DAN KALIBRASI DOPPLER,MELAKUKAN PENGIRIMAN DAN PENERIMAAN,16560000,16560000;
KAB. MANDAILING NATAL,DINAS KESEHATAN - 1.02.0.00.0.00.02.0000,10048825000,58827509,2025,Tender,APBD,CV Madina Aman Sejahtera,Tender,Pekerjaan Konstruksi,Belanja Modal Bangunan Gedung Kantor-Penambahan Ruang Puskesmas Gunung Tua (DAU),SELESAI,558160000,558160000;
"KAB. MANDAILING NATAL,DINAS KOMUNIKASI DAN INFORMATIKA - 2.16.2.20.2.21.15.0000,11561205,57158032,2025,E-Katalog 5.0,APBD,""PT. Telekomunikasi Indonesia, Tbk."",E-Purchasing,Pengadaan Barang,Wifi Managed Service 50 Mbps,PROSES KONTRAK PPK,21090000,21090000";
KAB. MANDAILING NATAL,DINAS PENGENDALIAN PENDUDUK DAN KELUARGA BERENCANA - 2.14.0.00.0.00.13.0000,10049242000,59276289,2025,Tender,APBD,CV. BINTANG BUDI MANDIRI,Tender,Pekerjaan Konstruksi,Pembangunan Balai Penyuluhan KB Kec. Panyabungan Utara,SELESAI,399999200,399999200;
KAB. MANDAILING NATAL,DINAS KESEHATAN - 1.02.0.00.0.00.02.0000,11960779,58541960,2025,E-Katalog 5.0,APBD,PT. MARIN LIZA FARMASI,E-Purchasing,Pengadaan Barang,Aminofilin/Aminophylline tablet/kapsul/kaplet 200 mg,MELAKUKAN PENGIRIMAN DAN PENERIMAAN,4088000,4088000;
KAB. MANDAILING NATAL,DINAS KESEHATAN - 1.02.0.00.0.00.02.0000,11876057,58541960,2025,E-Katalog 5.0,APBD,PT.Bernofarm,E-Purchasing,Pengadaan Barang,Chloramphenicol/ Kloramfenikol tablet/kapsul/kaplet 250 mg,MELAKUKAN PENGIRIMAN DAN PENERIMAAN,36300000,36300000;
KAB. MANDAILING NATAL,DINAS PEKERJAAN UMUM DAN PENATAAN RUANG - 1.03.0.00.0.00.03.0000,11869780,59559156,2025,E-Katalog 5.0,APBD,CV. DALIHAN NATOLU,E-Purchasing,Pengadaan Barang,Laston Lapis Aus (AC-WC),MELAKUKAN PENGIRIMAN DAN PENERIMAAN,372410000,372410000;
KAB. MANDAILING NATAL,DINAS PEKERJAAN UMUM DAN PENATAAN RUANG - 1.03.0.00.0.00.03.0000,11869951,59559150,2025,E-Katalog 5.0,APBD,CV.GUNUNG KULABU,E-Purchasing,Pengadaan Barang,Laston Lapis Antara (AC-BC),PAKET SELESAI,349635000,349635000;
KAB. MANDAILING NATAL,SEKRETARIAT DPRD - 4.02.0.00.0.00.25.0000,01KBH3X9875DDXSSQ4D0DA6MCJ,61720599,2025,E-Katalog 6.0,APBDP,SETYA SARI SUKSES,E-Purchasing,Barang,Belanja Peralatan dan Mesin-Alat Kantor dan Rumah Tangga-Alat Rumah Tangga-Alat Rumah Tangga Lainnya (Home Use),ON PROCESS,95460000,95460000;
KAB. MANDAILING NATAL,RUMAH SAKIT UMUM DAERAH PANYABUNGAN - 1.02.0.00.0.00.02.0001,11833953,58008995,2025,E-Katalog 5.0,BLUD,PT. Kimia Farma Tbk,E-Purchasing,Pengadaan Barang,Permethrin/ Permetrin Krim 5%,MELAKUKAN PENGIRIMAN DAN PENERIMAAN,648300,648300;
KAB. MANDAILING NATAL,DINAS KESEHATAN - 1.02.0.00.0.00.02.0000,11955784,58541960,2025,E-Katalog 5.0,APBD,PT. Hexpharm Jaya Laboratories,E-Purchasing,Pengadaan Barang,Metformin tab 500 mg,MELAKUKAN PENGIRIMAN DAN PENERIMAAN,89000000,89000000;
KAB. MANDAILING NATAL,DINAS KESEHATAN - 1.02.0.00.0.00.02.0000,11960648,58541960,2025,E-Katalog 5.0,APBD,PT. Holi Pharma,E-Purchasing,Pengadaan Barang,Sianokobalamin (vitamin B12) tab 50 mcg,MELAKUKAN PENGIRIMAN DAN PENERIMAAN,34300,34300;
KAB. MANDAILING NATAL,DINAS KESEHATAN - 1.02.0.00.0.00.02.0000,01K724B2RDPCAZ2HY3A3VB8Q0A,60911511,2025,E-Katalog 6.0,APBDP,KANA KOMPUTINDO,E-Purchasing,Barang,Belanja Modal Kendaraan Bermotor Khusus- Belanja Ambulans Transport Puskesmas,ON PROCESS,2382060000,2382060000;
"KAB. MANDAILING NATAL,RUMAH SAKIT UMUM DAERAH PANYABUNGAN - 1.02.0.00.0.00.02.0001,11969858,58008995,2025,E-Katalog 5.0,BLUD,PT AstraZeneca Indonesia,E-Purchasing,Pengadaan Barang,""Budesonid cairan inhalasi 0,25mg/mL, respoules 2 mL"",MELAKUKAN PENGIRIMAN DAN PENERIMAAN,3480000,0";
KAB. MANDAILING NATAL,DINAS PEKERJAAN UMUM DAN PENATAAN RUANG - 1.03.0.00.0.00.03.0000,11869954,59559157,2025,E-Katalog 5.0,APBD,PT. GASHABAT SUKSES MANDIRI,E-Purchasing,Pengadaan Barang,MARKA JALAN TERMOPLASTIK,PAKET SELESAI,4772000,4772000;
KAB. MANDAILING NATAL,DINAS KESEHATAN - 1.02.0.00.0.00.02.0000,11955800,58541960,2025,E-Katalog 5.0,APBD,PT Darya Varia,E-Purchasing,Pengadaan Barang,Sulfadiazine silver/ Perak sulfadiazin krim 1%,MELAKUKAN PENGIRIMAN DAN PENERIMAAN,20240000,20240000;
KAB. MANDAILING NATAL,DINAS PEKERJAAN UMUM DAN PENATAAN RUANG - 1.03.0.00.0.00.03.0000,10326736000,60261746,2025,Non Tender,APBD,CV. ANUGRAH KARYA ABADI,Pengadaan Langsung,Pekerjaan Konstruksi,Rehabilitasi Kantor Polres Mandailing Natal,SELESAI,99867000,99867000;
"KAB. MANDAILING NATAL,RUMAH SAKIT UMUM DAERAH PANYABUNGAN - 1.02.0.00.0.00.02.0001,11824113,58008995,2025,E-Katalog 5.0,BLUD,PT Otsuka Indonesia,E-Purchasing,Pengadaan Barang,""Air untuk irigasi inf , @ 1000 mL"",MELAKUKAN PENGIRIMAN DAN PENERIMAAN,636000,636000";
KAB. MANDAILING NATAL,DINAS PEKERJAAN UMUM DAN PENATAAN RUANG - 1.03.0.00.0.00.03.0000,10603764000,60893048,2025,Non Tender,APBD,CV. CEMERLANG GEMILANG GROUP,Pengadaan Langsung,Pekerjaan Konstruksi,Rehabilitasi Tanggul Sungai Aek Batang Natal Desa Bulu Soma Kec. Batang Natal (DBH 2025),SELESAI,149400000,149400000;
KAB. MANDAILING NATAL,DINAS PERUMAHAN RAKYAT DAN KAWASAN PERMUKIMAN SERTA PERTANAHAN - 1.04.2.10.0.00.04.0000,01K6VKF8W47GY6V7C05RYHQGGW,60850817,2025,E-Katalog 6.0,APBD,SINAR JAYA,E-Purchasing,Pekerjaan Konstruksi,BelanJa Modal Jalan Desa,ON PROCESS,1220994591,1220994591;
"KAB. MANDAILING NATAL,RUMAH SAKIT UMUM DAERAH PANYABUNGAN - 1.02.0.00.0.00.02.0001,11665854,58008995,2025,E-Katalog 5.0,BLUD,PT. Holi Pharma,E-Purchasing,Pengadaan Barang,""Deksametason tab 0,5 mg"",PROSES KONTRAK PPK,315000,315000";
KAB. MANDAILING NATAL,DINAS KESEHATAN - 1.02.0.00.0.00.02.0000,11924636,58875523,2025,E-Katalog 5.0,APBD,PT.Elsyahfi Calibratech Mandiri,E-Purchasing,Pengadaan Barang,JASA PENGUJIAN DAN KALIBRASI ECG,MELAKUKAN PENGIRIMAN DAN PENERIMAAN,5355000,5355000;
KAB. MANDAILING NATAL,RUMAH SAKIT UMUM DAERAH PANYABUNGAN - 1.02.0.00.0.00.02.0001,12028977,58008995,2025,E-Katalog 5.0,BLUD,PT. Mersifarma Tirmaku Mercusana,E-Purchasing,Pengadaan Barang,Parasetamol tab 500 mg,MELAKUKAN PENGIRIMAN DAN PENERIMAAN,2020000,2020000;
KAB. MANDAILING NATAL,DINAS PEKERJAAN UMUM DAN PENATAAN RUANG - 1.03.0.00.0.00.03.0000,11864328,59526453,2025,E-Katalog 5.0,APBD,CV. IKHWAN FIRDAUS,E-Purchasing,Pengadaan Barang,Menyediakan dan Memasang Pipa GIP 1/2,MELAKUKAN PENGIRIMAN DAN PENERIMAAN,34387500,34387500;
KAB. MANDAILING NATAL,DINAS PENDIDIKAN DAN KEBUDAYAAN - 1.01.2.22.0.00.01.0000,10072160000,57108745,2025,Tender,APBD,cv sinar jaya,Tender,Pekerjaan Konstruksi,Pembangunan Ruang Kelas Baru Beserta Perabotnya (DAU) - SD Negeri 385 Lubuk Kapundung,SELESAI,836000000,836000000;
KAB. MANDAILING NATAL,DINAS KESEHATAN - 1.02.0.00.0.00.02.0000,11966607,58541960,2025,E-Katalog 5.0,APBD,PT. SATORIA ANEKA INDUSTRI,E-Purchasing,Pengadaan Barang,Glukosa larutan infus 5% 500 mL,MELAKUKAN PENGIRIMAN DAN PENERIMAAN,61488000,61488000;
KAB. MANDAILING NATAL,DINAS PEKERJAAN UMUM DAN PENATAAN RUANG - 1.03.0.00.0.00.03.0000,11807675,57423741,2025,E-Katalog 5.0,APBD,DEMBAN SIMPAR JAYA,E-Purchasing,Pengadaan Barang,Marka Jalan Termoplastik,MELAKUKAN PENGIRIMAN DAN PENERIMAAN,10672000,10672000;
KAB. MANDAILING NATAL,DINAS PEKERJAAN UMUM DAN PENATAAN RUANG - 1.03.0.00.0.00.03.0000,10602835000,60893049,2025,Non Tender,APBD,CV. AULIA RIZKI PRATAMA,Pengadaan Langsung,Pekerjaan Konstruksi,Rehabilitasi Tanggul Sungai Aek Botung Desa Aek Botung Kec. Muara Sipongi (DBH 2025),SELESAI,149300000,149300000;
KAB. MANDAILING NATAL,DINAS PEKERJAAN UMUM DAN PENATAAN RUANG - 1.03.0.00.0.00.03.0000,10198854000,59438242,2025,Non Tender,APBD,CV. IKHWAN FIRDAUS,Pengadaan Langsung,Pekerjaan Konstruksi,Pembangunan Jembatan Ruas Jalan Aek Godang - Huta Bargot,SELESAI,378400000,378400000;
KAB. MANDAILING NATAL,DINAS LINGKUNGAN HIDUP - 2.11.0.00.0.00.10.0000,10258940000,57020514,2025,Non Tender,APBD,PT.SADHYA GRAHACARA,Pengadaan Langsung,Jasa Konsultansi Badan Usaha Konstruksi,Perencanaan Kegiatan Dinas Lingkungan Hidup Tahun 2025,SELESAI,49872300,49872300;
KAB. MANDAILING NATAL,DINAS PENDIDIKAN DAN KEBUDAYAAN - 1.01.2.22.0.00.01.0000,10545189000,57108798,2025,Non Tender,APBD,CV. PUTRA PRATAMA,Pengadaan Langsung,Pekerjaan Konstruksi,Rehabilitasi Ruang Kelas SD Negeri 090 Panyabungan,SELESAI,99750000,99750000;
"KAB. MANDAILING NATAL,DINAS KESEHATAN - 1.02.0.00.0.00.02.0000,11924636,58875523,2025,E-Katalog 5.0,APBD,PT.Elsyahfi Calibratech Mandiri,E-Purchasing,Pengadaan Barang,""JASA PENGUJIAN, KALIBRASI DAN PEMELIHARAAN ALAT KESEHATAN ROTATOR/SHAKER"",MELAKUKAN PENGIRIMAN DAN PENERIMAAN,440000,440000";
"KAB. MANDAILING NATAL,DINAS KESEHATAN - 1.02.0.00.0.00.02.0000,11955786,58541960,2025,E-Katalog 5.0,APBD,PT Ethica Industri Farmasi,E-Purchasing,Pengadaan Barang,""Atropin inj 0,25 mg/mL (i.v./s.k.)"",MELAKUKAN PENGIRIMAN DAN PENERIMAAN,9148000,9148000";
"KAB. MANDAILING NATAL,DINAS KESEHATAN - 1.02.0.00.0.00.02.0000,11876057,58541960,2025,E-Katalog 5.0,APBD,PT.Bernofarm,E-Purchasing,Pengadaan Barang,""Hidrokortison/ Hydrocortisone/ Hydrocortisone acetate krim 2,5 %"",MELAKUKAN PENGIRIMAN DAN PENERIMAAN,138562000,138562000";
"KAB. MANDAILING NATAL,DINAS KESEHATAN - 1.02.0.00.0.00.02.0000,11997721,58541960,2025,E-Katalog 5.0,APBD,PT.Phapros Tbk,E-Purchasing,Pengadaan Barang,""Kaptopril/ Captopril tablet/kapsul/kaplet 12,5 mg"",MELAKUKAN PENGIRIMAN DAN PENERIMAAN,2919000,2919000";
KAB. MANDAILING NATAL,DINAS KESEHATAN - 1.02.0.00.0.00.02.0000,11959299,58541960,2025,E-Katalog 5.0,APBD,PT. Kimia Farma Tbk,E-Purchasing,Pengadaan Barang,Doksisiklin/ Doxycycline/ Doxycycline hyclate tablet/kapsul/kaplet 100 mg,MELAKUKAN PENGIRIMAN DAN PENERIMAAN,74000000,74000000;
KAB. MANDAILING NATAL,SEKRETARIAT DPRD - 4.02.0.00.0.00.25.0000,01KB4Z89CQV5BWPVXPXHB28VG2,61773642,2025,E-Katalog 6.0,APBD,MUTIARA MUTIARA ABADI,E-Purchasing,Barang,Belanja Peralatan dan Mesin-Komputer-Peralatan Komputer-Peralatan Personal Computer,ON PROCESS,218470200,218470200;
KAB. MANDAILING NATAL,RUMAH SAKIT UMUM DAERAH PANYABUNGAN - 1.02.0.00.0.00.02.0001,11833953,58008995,2025,E-Katalog 5.0,BLUD,PT. Kimia Farma Tbk,E-Purchasing,Pengadaan Barang,Morfin Injeksi 10 mg/ml (i.m/s.k/ i.v),MELAKUKAN PENGIRIMAN DAN PENERIMAAN,1374400,1374400;
KAB. MANDAILING NATAL,SEKRETARIAT DPRD - 4.02.0.00.0.00.25.0000,01KB1NK13FXNFFG86MMFP3XQ8G,61639931,2025,E-Katalog 6.0,APBD,SETYA SARI SUKSES,E-Purchasing,Barang,Belanja Peralatan dan Mesin-Alat Kantor dan Rumah Tangga-Alat Rumah Tangga-Alat Rumah Tangga Lainnya (Home Use),ON PROCESS,392695800,392695800;
KAB. MANDAILING NATAL,RUMAH SAKIT UMUM DAERAH PANYABUNGAN - 1.02.0.00.0.00.02.0001,11962544,58008995,2025,E-Katalog 5.0,BLUD,PT. Kimia Farma Tbk,E-Purchasing,Pengadaan Barang,Salbutamol sulfate/ Salbutamol tablet/kapsul/kaplet 2 mg-KF,MELAKUKAN PENGIRIMAN DAN PENERIMAAN,1720000,1720000;
"KAB. MANDAILING NATAL,RUMAH SAKIT UMUM DAERAH PANYABUNGAN - 1.02.0.00.0.00.02.0001,12055992,58008995,2025,E-Katalog 5.0,BLUD,PT AstraZeneca Indonesia,E-Purchasing,Pengadaan Barang,""Kombinasi KDT/FDC setiap dosis mengandung Budesonid 160 mcg/Formoterol 4,5 mcg Ih 120 dosis, Turbuhaler"",MELAKUKAN PENGIRIMAN DAN PENERIMAAN,33368000,0";
KAB. MANDAILING NATAL,RUMAH SAKIT UMUM DAERAH PANYABUNGAN - 1.02.0.00.0.00.02.0001,11935181,58008995,2025,E-Katalog 5.0,BLUD,P.T. Dexa Medica,E-Purchasing,Pengadaan Barang,Domperidon/ Domperidone/ Domperidone Maleate tablet/kapsul/kaplet 10 mg,MELAKUKAN PENGIRIMAN DAN PENERIMAAN,3060000,3060000;
KAB. MANDAILING NATAL,DINAS KESEHATAN - 1.02.0.00.0.00.02.0000,11955784,58541960,2025,E-Katalog 5.0,APBD,PT. Hexpharm Jaya Laboratories,E-Purchasing,Pengadaan Barang,Loratadin tab 10 mg,MELAKUKAN PENGIRIMAN DAN PENERIMAAN,1830000,1830000;
KAB. MANDAILING NATAL,DINAS KESEHATAN - 1.02.0.00.0.00.02.0000,11969973,58541723,2025,E-Katalog 5.0,APBD,PT. Hexpharm Jaya Laboratories,E-Purchasing,Pengadaan Barang,Omeprazol / Omeprazole tablet/kaps/kapl 20 mg,MELAKUKAN PENGIRIMAN DAN PENERIMAAN,111090000,111090000;
KAB. MANDAILING NATAL,RUMAH SAKIT UMUM DAERAH PANYABUNGAN - 1.02.0.00.0.00.02.0001,12039327,58008995,2025,E-Katalog 5.0,BLUD,PT. Abbott Indonesia,E-Purchasing,Pengadaan Barang,Fluvoksamin tab sal selaput 100 mg,MELAKUKAN PENGIRIMAN DAN PENERIMAAN,4495500,0;
KAB. MANDAILING NATAL,DINAS KESEHATAN - 1.02.0.00.0.00.02.0000,11960709,58541960,2025,E-Katalog 5.0,APBD,PT. Mahakam Beta Farma,E-Purchasing,Pengadaan Barang,N-asetil sistein/Acetyl cysteine kapsul 200 mg,MELAKUKAN PENGIRIMAN DAN PENERIMAAN,111000000,111000000;
KAB. MANDAILING NATAL,RUMAH SAKIT UMUM DAERAH PANYABUNGAN - 1.02.0.00.0.00.02.0001,12037759,58008995,2025,E-Katalog 5.0,BLUD,PT. IFARS PHARMACEUTICAL LABORATORIES,E-Purchasing,Pengadaan Barang,Metoclopramide hydrochloride (HCl)/ Metoclopramide/ Metoklopramid tablet/kapsul/kaplet 10 mg,MELAKUKAN PENGIRIMAN DAN PENERIMAAN,815000,815000;
KAB. MANDAILING NATAL,DINAS PEKERJAAN UMUM DAN PENATAAN RUANG - 1.03.0.00.0.00.03.0000,11864328,59526453,2025,E-Katalog 5.0,APBD,CV. IKHWAN FIRDAUS,E-Purchasing,Pengadaan Barang,Menyediakan Socket Drat Dalam 1/2,MELAKUKAN PENGIRIMAN DAN PENERIMAAN,1785000,1785000;
"KAB. MANDAILING NATAL,RUMAH SAKIT UMUM DAERAH PANYABUNGAN - 1.02.0.00.0.00.02.0001,11824198,58008995,2025,E-Katalog 5.0,BLUD,P.T. Dexa Medica,E-Purchasing,Pengadaan Barang,""Bisoprolol tab 2,5 mg"",MELAKUKAN PENGIRIMAN DAN PENERIMAAN,1360000,1360000";
KAB. MANDAILING NATAL,DINAS KESEHATAN - 1.02.0.00.0.00.02.0000,11966596,58541960,2025,E-Katalog 5.0,APBD,PT. PUTRA KARYA SENTOSA,E-Purchasing,Pengadaan Barang,Eugenol  15 ml,MELAKUKAN PENGIRIMAN DAN PENERIMAAN,15980000,15980000;
KAB. MANDAILING NATAL,DINAS KESEHATAN - 1.02.0.00.0.00.02.0000,11966600,58541960,2025,E-Katalog 5.0,APBD,PT. Mersifarma Tirmaku Mercusana,E-Purchasing,Pengadaan Barang,Cotrimoxazole/ Cotrimoksazole/ Kotrimoksazol (anak) kombinasi tiap 5 ml suspensi: sulfametoksazol 200 mg + trimetoprim 40 mg (susp 240 mg),MELAKUKAN PENGIRIMAN DAN PENERIMAAN,16930000,16930000;
"KAB. MANDAILING NATAL,RUMAH SAKIT UMUM DAERAH PANYABUNGAN - 1.02.0.00.0.00.02.0001,10243529000,57987980,2025,Non Tender,APBD,PT.SADHYA GRAHACARA,Pengadaan Langsung,Jasa Konsultansi Badan Usaha Non Konstruksi,""Belanja Jasa Tenaga Ahli";
"Jasa Konsultan Pengawasan Pembangunan Gedung CSSD"",SELESAI,62300000,62300000";
KAB. MANDAILING NATAL,DINAS KESEHATAN - 1.02.0.00.0.00.02.0000,12038806,58579310,2025,E-Katalog 5.0,APBD,PT Axion Jaya Alkesindo,E-Purchasing,Pengadaan Barang,Gel EKG 250 ml,MELAKUKAN PENGIRIMAN DAN PENERIMAAN,5365000,5365000;
KAB. MANDAILING NATAL,RUMAH SAKIT UMUM DAERAH PANYABUNGAN - 1.02.0.00.0.00.02.0001,11649280,58008995,2025,E-Katalog 5.0,BLUD,P.T. Dexa Medica,E-Purchasing,Pengadaan Barang,Spironolakton tab 25 mg,PROSES KONTRAK PPK,5500000,5500000;
KAB. MANDAILING NATAL,DINAS PEKERJAAN UMUM DAN PENATAAN RUANG - 1.03.0.00.0.00.03.0000,11869780,59559156,2025,E-Katalog 5.0,APBD,CV. DALIHAN NATOLU,E-Purchasing,Pengadaan Barang,Galian untuk Selokan Drainase dan Saluran Air,MELAKUKAN PENGIRIMAN DAN PENERIMAAN,4037600,4037600;
KAB. MANDAILING NATAL,DINAS PENDIDIKAN DAN KEBUDAYAAN - 1.01.2.22.0.00.01.0000,10326941000,57108827,2025,Non Tender,APBD,CV. CENTRAL GRAFIKA PRINT,Pengadaan Langsung,Pekerjaan Konstruksi,Rehabilitasi Ruang Kelas SD Negeri 236 Hutarimbaru,SELESAI,199535482,199535482;
KAB. MANDAILING NATAL,RUMAH SAKIT UMUM DAERAH PANYABUNGAN - 1.02.0.00.0.00.02.0001,11833968,58008995,2025,E-Katalog 5.0,BLUD,PT. Amarox Pharma Global,E-Purchasing,Pengadaan Barang,OLANZAPINE 10,MELAKUKAN PENGIRIMAN DAN PENERIMAAN,585000,585000;
KAB. MANDAILING NATAL,DINAS KESEHATAN - 1.02.0.00.0.00.02.0000,12028975,58580293,2025,E-Katalog 5.0,APBD,PT Axion Jaya Alkesindo,E-Purchasing,Pengadaan Barang,Povidone Iodine 60 ml,MELAKUKAN PENGIRIMAN DAN PENERIMAAN,11820000,11820000;
"KAB. MANDAILING NATAL,DINAS KESEHATAN - 1.02.0.00.0.00.02.0000,11960779,58541960,2025,E-Katalog 5.0,APBD,PT. MARIN LIZA FARMASI,E-Purchasing,Pengadaan Barang,""Salep 2-4, salep"",MELAKUKAN PENGIRIMAN DAN PENERIMAAN,19893120,19893120";
"KAB. MANDAILING NATAL,RUMAH SAKIT UMUM DAERAH PANYABUNGAN - 1.02.0.00.0.00.02.0001,11824113,58008995,2025,E-Katalog 5.0,BLUD,PT Otsuka Indonesia,E-Purchasing,Pengadaan Barang,""Larutan mengandung Asam Amino (Asam Amino 15 g, Glukosa 37,5 g, Tiamin HCl 0,75 mg, elektrolit), @ 500 mL"",MELAKUKAN PENGIRIMAN DAN PENERIMAAN,5384500,5384500";
"KAB. MANDAILING NATAL,RUMAH SAKIT UMUM DAERAH PANYABUNGAN - 1.02.0.00.0.00.02.0001,11824113,58008995,2025,E-Katalog 5.0,BLUD,PT Otsuka Indonesia,E-Purchasing,Pengadaan Barang,""Larutan mengandung Asam Amino (Asam Amino 10%), @ 500 mL"",MELAKUKAN PENGIRIMAN DAN PENERIMAAN,2319600,2319600";
KAB. MANDAILING NATAL,DINAS KESEHATAN - 1.02.0.00.0.00.02.0000,11955773,58541960,2025,E-Katalog 5.0,APBD,PT.Bernofarm,E-Purchasing,Pengadaan Barang,Paracetamol/ Parasetamol tablet/kapsul/kaplet 500 mg,MELAKUKAN PENGIRIMAN DAN PENERIMAAN,155200000,155200000;
"KAB. MANDAILING NATAL,RUMAH SAKIT UMUM DAERAH PANYABUNGAN - 1.02.0.00.0.00.02.0001,12011138,58008995,2025,E-Katalog 5.0,BLUD,PT. NOVELL PHARMACEUTICAL LABORATORIES,E-Purchasing,Pengadaan Barang,""Dutasteride / Dutasterid kapsul lunak 0,5 mg"",MELAKUKAN PENGIRIMAN DAN PENERIMAAN,2697300,2697300";
KAB. MANDAILING NATAL,DINAS PENDIDIKAN DAN KEBUDAYAAN - 1.01.2.22.0.00.01.0000,10327035000,57108831,2025,Non Tender,APBD,CV. ANUGRAH ALAM MANDIRI,Pengadaan Langsung,Pekerjaan Konstruksi,Rehabilitasi Ruang Kelas SD Negeri 031 Aek Mual,SELESAI,149848866,149848866;
KAB. MANDAILING NATAL,DINAS KESEHATAN - 1.02.0.00.0.00.02.0000,10067147000,60050631,2025,Tender,APBD,cv unzila mulia,Tender Cepat,Pekerjaan Konstruksi,Belanja Modal Bangunan Kesehatan-RENOVASI DAN PENAMBAHAN RUANG PUSKESMAS KAYU LAUT,SELESAI,2909348213,2909348213;
KAB. MANDAILING NATAL,DINAS PEKERJAAN UMUM DAN PENATAAN RUANG - 1.03.0.00.0.00.03.0000,11830442,57424552,2025,E-Katalog 5.0,APBD,DEMBAN SIMPAR JAYA,E-Purchasing,Pengadaan Barang,Galian untuk Selokan Drainase dan Saluran Air,MELAKUKAN PENGIRIMAN DAN PENERIMAAN,48510000,48510000;
KAB. MANDAILING NATAL,DINAS PEKERJAAN UMUM DAN PENATAAN RUANG - 1.03.0.00.0.00.03.0000,11869951,59559150,2025,E-Katalog 5.0,APBD,CV.GUNUNG KULABU,E-Purchasing,Pengadaan Barang,Bahan anti pengelupasan,PAKET SELESAI,3686000,3686000;
KAB. MANDAILING NATAL,DINAS KESEHATAN - 1.02.0.00.0.00.02.0000,11966602,58541960,2025,E-Katalog 5.0,APBD,PT. LUCAS DJAJA,E-Purchasing,Pengadaan Barang,Eritromisin/ Erythromycin/ Erythromycin stearate tablet/kapsul/kaplet 250 mg,MELAKUKAN PENGIRIMAN DAN PENERIMAAN,19320000,19320000;
KAB. MANDAILING NATAL,DINAS PEKERJAAN UMUM DAN PENATAAN RUANG - 1.03.0.00.0.00.03.0000,11869962,59559159,2025,E-Katalog 5.0,APBD,PT. GASHABAT SUKSES MANDIRI,E-Purchasing,Pengadaan Barang,TIMBUNAN PILIHAN DARI SUMBER GALIAN,PAKET SELESAI,344632500,344632500;
KAB. MANDAILING NATAL,DINAS KESEHATAN - 1.02.0.00.0.00.02.0000,11924636,58875523,2025,E-Katalog 5.0,APBD,PT.Elsyahfi Calibratech Mandiri,E-Purchasing,Pengadaan Barang,JASA PENGUJIAN DAN KALIBRASI DENTAL UNIT,MELAKUKAN PENGIRIMAN DAN PENERIMAAN,2700000,2700000;
"KAB. MANDAILING NATAL,RUMAH SAKIT UMUM DAERAH PANYABUNGAN - 1.02.0.00.0.00.02.0001,11955400,58008995,2025,E-Katalog 5.0,BLUD,P.T. Dexa Medica,E-Purchasing,Pengadaan Barang,""Streptokinase inj 1,5 juta IU"",MELAKUKAN PENGIRIMAN DAN PENERIMAAN,39500000,0";
KAB. MANDAILING NATAL,BADAN PERENCANAAN PEMBANGUNAN RISET DAN INOVASI DAERAH - 5.01.5.05.0.00.26.0000,10579685000,61318822,2025,Non Tender,APBD,Kantor Jasa Penilai Publik Henricus Judi adrianto dan rekan (hajar),Pengadaan Langsung,Jasa Konsultansi Badan Usaha Non Konstruksi,Penyusunan Dokumen Analisa Kelayakan Usaha Dalam Rangka Pembentukan BUMD,SELESAI,99700200,99700200;
KAB. MANDAILING NATAL,DINAS PERTANIAN - 3.27.0.00.0.00.22.0000,10384516000,58961923,2025,Non Tender,APBD,CV. ANUGRAH ALAM MANDIRI,Pengadaan Langsung,Pekerjaan Konstruksi,Pembangunan/Rehabilitasi Jaringan Irigasi Desa Panggorengan Kecamatan Panyabungan,SELESAI,114340000,114340000;
KAB. MANDAILING NATAL,DINAS PEKERJAAN UMUM DAN PENATAAN RUANG - 1.03.0.00.0.00.03.0000,11864328,59526453,2025,E-Katalog 5.0,APBD,CV. IKHWAN FIRDAUS,E-Purchasing,Pengadaan Barang,Beton Cor Penutup Galian Pipa,MELAKUKAN PENGIRIMAN DAN PENERIMAAN,56202000,56202000;
KAB. MANDAILING NATAL,RUMAH SAKIT UMUM DAERAH PANYABUNGAN - 1.02.0.00.0.00.02.0001,11821776,58008995,2025,E-Katalog 5.0,BLUD,PT. Mahakam Beta Farma,E-Purchasing,Pengadaan Barang,OCTENIC Spray Advanced Wound Protection 250 ml,MELAKUKAN PENGIRIMAN DAN PENERIMAAN,749250,749250;
KAB. MANDAILING NATAL,DINAS PENDIDIKAN DAN KEBUDAYAAN - 1.01.2.22.0.00.01.0000,10326924000,57108811,2025,Non Tender,APBD,CV. PUTRA BARINGIN GROUP,Pengadaan Langsung,Pekerjaan Konstruksi,Rehabilitasi Ruang Kelas SD Negeri 370 Taluk Balai,SELESAI,199900000,199900000;
KAB. MANDAILING NATAL,RUMAH SAKIT UMUM DAERAH PANYABUNGAN - 1.02.0.00.0.00.02.0001,12014428,58008995,2025,E-Katalog 5.0,BLUD,PT. Kimia Farma Tbk,E-Purchasing,Pengadaan Barang,Pethidine hydrochloride/ Petidin inj 50 mg/mL (i.m./i.v.),MELAKUKAN PENGIRIMAN DAN PENERIMAAN,1179500,1179500;
KAB. MANDAILING NATAL,DINAS KESEHATAN - 1.02.0.00.0.00.02.0000,11952895,58541723,2025,E-Katalog 5.0,APBD,PT. TRIFA RAYA LABORATORIES,E-Purchasing,Pengadaan Barang,PREDNISONE 5MG,MELAKUKAN PENGIRIMAN DAN PENERIMAAN,62400000,62400000;
KAB. MANDAILING NATAL,DINAS PEKERJAAN UMUM DAN PENATAAN RUANG - 1.03.0.00.0.00.03.0000,10200094000,59438975,2025,Non Tender,APBD,CV. MEDTAN CIPTA UTAMA,Pengadaan Langsung,Jasa Konsultansi Badan Usaha Konstruksi,Jasa Konsultansi Survey Pendahuluan Rencana Pembukaan Jalan Kec. Panyabungan Timur (Huta Tinggi - Aek Nabara),SELESAI,99644700,99644700;
"KAB. MANDAILING NATAL,RUMAH SAKIT UMUM DAERAH PANYABUNGAN - 1.02.0.00.0.00.02.0001,12056146,58008995,2025,E-Katalog 5.0,BLUD,PT Glaxo Wellcome Indonesia,E-Purchasing,Pengadaan Barang,""Kombinasi KDT/FDC, setiap mL mengandung:  Salmeterol 50 mcg dan Flutikason propionat 250 mcg ih 250 mcg puff"",MELAKUKAN PENGIRIMAN DAN PENERIMAAN,15923160,0";
KAB. MANDAILING NATAL,BAGIAN UMUM - 4.01.5.06.0.00.24.0009,01JXF6P1PN22CP03ETRW7CEN9Z,59635346,2025,E-Katalog 6.0,APBD,SETYA SARI SUKSES,E-Purchasing,Barang,Belanja Modal Electric Generating Set,PAYMENT OUTSIDE SYSTEM,346875000,346875000;
KAB. MANDAILING NATAL,DINAS PENDIDIKAN DAN KEBUDAYAAN - 1.01.2.22.0.00.01.0000,10326928000,57108805,2025,Non Tender,APBD,CV. BANGKIT BERSAMA GROUP,Pengadaan Langsung,Pekerjaan Konstruksi,Rehabilitasi Ruang Kelas SD Negeri 361 Buburan,SELESAI,198000000,198000000;
KAB. MANDAILING NATAL,DINAS PERTANIAN - 3.27.0.00.0.00.22.0000,01JWQYG16BQWWDJP9A8FVYM8MF,59443890,2025,E-Katalog 6.0,APBD,AULIA RIZKI PRATAMA,E-Purchasing,Barang,Belanja Obat-Obatan-Obat-Obatan Lainnya,ON PROCESS,83789950,83789950;
KAB. MANDAILING NATAL,RUMAH SAKIT UMUM DAERAH PANYABUNGAN - 1.02.0.00.0.00.02.0001,01K96V2YECCRQZVK789JW0WD8F,58008995,2025,E-Katalog 6.0,BLUD,MERSIFARMA TIRMAKU MERCUSANA,E-Purchasing,Barang,Belanja Barang dan Jasa BLUD,ON PROCESS,10540560,10540560;
KAB. MANDAILING NATAL,DINAS PEKERJAAN UMUM DAN PENATAAN RUANG - 1.03.0.00.0.00.03.0000,11864328,59526453,2025,E-Katalog 5.0,APBD,CV. IKHWAN FIRDAUS,E-Purchasing,Pengadaan Barang,Menyediakan Meteran,MELAKUKAN PENGIRIMAN DAN PENERIMAAN,85977500,85977500;
KAB. MANDAILING NATAL,BADAN PENGELOLAAN KEUANGAN DAN ASET DAERAH - 5.02.0.00.0.00.27.0000,01JWWZEZEX1ZS8Q32QKK4R4DQD,59632661,2025,E-Katalog 6.0,APBD,KREATIFITAS CEMERLANG,E-Purchasing,Barang,Belanja Alat/Bahan untuk Kegiatan Kantor- Alat Tulis Kantor,PAYMENT OUTSIDE SYSTEM,174150000,174150000;
KAB. MANDAILING NATAL,RUMAH SAKIT UMUM DAERAH PANYABUNGAN - 1.02.0.00.0.00.02.0001,11943921,58008995,2025,E-Katalog 5.0,BLUD,PT. Mersifarma Tirmaku Mercusana,E-Purchasing,Pengadaan Barang,Haloperidol inj 5 mg/mL (i.m.),MELAKUKAN PENGIRIMAN DAN PENERIMAAN,117960,117960;
KAB. MANDAILING NATAL,DINAS PEKERJAAN UMUM DAN PENATAAN RUANG - 1.03.0.00.0.00.03.0000,11912701,59559152,2025,E-Katalog 5.0,APBD,CV. KENZO MAHAGANI,E-Purchasing,Pengadaan Barang,Galian Tanah Biasa,PAKET SELESAI,387440,387440;
KAB. MANDAILING NATAL,RUMAH SAKIT UMUM DAERAH PANYABUNGAN - 1.02.0.00.0.00.02.0001,11943921,58008995,2025,E-Katalog 5.0,BLUD,PT. Mersifarma Tirmaku Mercusana,E-Purchasing,Pengadaan Barang,ANTASIDA DOEN SUSPENSI,MELAKUKAN PENGIRIMAN DAN PENERIMAAN,275000,275000;
KAB. MANDAILING NATAL,DINAS KESEHATAN - 1.02.0.00.0.00.02.0000,11955796,58541960,2025,E-Katalog 5.0,APBD,CIPTA MEDIKA SEMPURNA,E-Purchasing,Pengadaan Barang,CAVITIMI,MELAKUKAN PENGIRIMAN DAN PENERIMAAN,14090000,0;
KAB. MANDAILING NATAL,RUMAH SAKIT UMUM DAERAH PANYABUNGAN - 1.02.0.00.0.00.02.0001,11886936,58008995,2025,E-Katalog 5.0,BLUD,PT Yarindo Farmatama,E-Purchasing,Pengadaan Barang,Eritromisin/ Erythromycin/tablet/kapsul/kaplet 500 mg,MELAKUKAN PENGIRIMAN DAN PENERIMAAN,1439000,1439000;
KAB. MANDAILING NATAL,RUMAH SAKIT UMUM DAERAH PANYABUNGAN - 1.02.0.00.0.00.02.0001,01JV6W3V41YYK9BJ6HPER3KHD9,59218258,2025,E-Katalog 6.0,BLUD,NEW SUNNY PRODUCTION,E-Purchasing,Barang,Belanja Peralatan dan mesin BLUD,ON PROCESS,98801100,98801100;
KAB. MANDAILING NATAL,DINAS KESEHATAN - 1.02.0.00.0.00.02.0000,11717103,58585567,2025,E-Katalog 5.0,APBD,PT.SURYADARMA YUDHA MANDIRI,E-Purchasing,Pengadaan Barang,UWI ULTRA WATER INSTALATION TYPE 2,MELAKUKAN PENGIRIMAN DAN PENERIMAAN,1680000000,1680000000;
KAB. MANDAILING NATAL,DINAS KESEHATAN - 1.02.0.00.0.00.02.0000,11959299,58541960,2025,E-Katalog 5.0,APBD,PT. Kimia Farma Tbk,E-Purchasing,Pengadaan Barang,Ketokonazol/ Ketoconazole krim 2%,MELAKUKAN PENGIRIMAN DAN PENERIMAAN,3588000,3588000;
"KAB. MANDAILING NATAL,DINAS KESEHATAN - 1.02.0.00.0.00.02.0000,11924636,58875523,2025,E-Katalog 5.0,APBD,PT.Elsyahfi Calibratech Mandiri,E-Purchasing,Pengadaan Barang,""JASA PENGUJIAN, KALIBRASI DAN PEMELIHARAAN ALAT KESEHATAN SUCTION PUMP"",MELAKUKAN PENGIRIMAN DAN PENERIMAAN,5220000,5220000";
KAB. MANDAILING NATAL,DINAS PEKERJAAN UMUM DAN PENATAAN RUANG - 1.03.0.00.0.00.03.0000,10156785000,59526455,2025,Non Tender,APBD,CV. PUTRA PRATAMA,Pengadaan Langsung,Pekerjaan Konstruksi,Pengadaan Pompa dan Assesoris Air Minum RSU Komplek Perkantoran Payaloting,SELESAI,348750000,348750000;
KAB. MANDAILING NATAL,DINAS PEKERJAAN UMUM DAN PENATAAN RUANG - 1.03.0.00.0.00.03.0000,10353836000,59438869,2025,Non Tender,APBD,HQ PRATAMA CONSULTANT,Pengadaan Langsung,Jasa Konsultansi Badan Usaha Konstruksi,Survei Kondisi Jalan dan Jembatan,SELESAI,99800000,99800000;
KAB. MANDAILING NATAL,RUMAH SAKIT UMUM DAERAH PANYABUNGAN - 1.02.0.00.0.00.02.0001,12037759,58008995,2025,E-Katalog 5.0,BLUD,PT. IFARS PHARMACEUTICAL LABORATORIES,E-Purchasing,Pengadaan Barang,Doksisiklin/ Doxycycline/ Doxycycline hyclate tablet/kapsul/kaplet 100 mg,MELAKUKAN PENGIRIMAN DAN PENERIMAAN,888000,888000;
KAB. MANDAILING NATAL,DINAS PERDAGANGAN - 3.30.3.31.0.00.23.0000,10601575000,61018166,2025,Non Tender,APBDP,CV. RRH CONSULTANT,Pengadaan Langsung,Jasa Konsultansi Badan Usaha Konstruksi,Jasa Konsultansi Pengawasan Fisik Bidang Pengembagan Perdagangan P.APBD 2025,SELESAI,24253500,24253500;
KAB. MANDAILING NATAL,DINAS PEKERJAAN UMUM DAN PENATAAN RUANG - 1.03.0.00.0.00.03.0000,11869962,59559159,2025,E-Katalog 5.0,APBD,PT. GASHABAT SUKSES MANDIRI,E-Purchasing,Pengadaan Barang,LASTON LAPIS AUS (AC-WC),PAKET SELESAI,17640000,17640000;
KAB. MANDAILING NATAL,DINAS PERHUBUNGAN - 2.15.0.00.0.00.14.0000,01JZ22DW357J7MNKFM6D8ZW3EZ,59812504,2025,E-Katalog 6.0,APBD,BUGIS NAULI,E-Purchasing,Barang,Belanja Kabel Twisted SR Meterisasi LPJU Kec. Panyabungan,PAYMENT OUTSIDE SYSTEM,227994000,227994000;
KAB. MANDAILING NATAL,DINAS PERHUBUNGAN - 2.15.0.00.0.00.14.0000,01JXVV0QMRC50HJP2M30ACWPJF,59742328,2025,E-Katalog 6.0,APBD,MAYINDO,E-Purchasing,Barang,Belanja Modal Alat Kalibrasi,PAYMENT OUTSIDE SYSTEM,114507600,0;
KAB. MANDAILING NATAL,RUMAH SAKIT UMUM DAERAH PANYABUNGAN - 1.02.0.00.0.00.02.0001,11966205,58008995,2025,E-Katalog 5.0,BLUD,PT. GUARDIAN PHARMATAMA,E-Purchasing,Pengadaan Barang,KTM - 100 Ketamin 100 mg/mL,MELAKUKAN PENGIRIMAN DAN PENERIMAAN,2623640,2623640;
KAB. MANDAILING NATAL,DINAS PERTANIAN - 3.27.0.00.0.00.22.0000,01JW5D4QAQ71N4F8JZN8VHHKWJ,59373327,2025,E-Katalog 6.0,APBD,SETYA SARI SUKSES,E-Purchasing,Barang,Belanja Barang untuk Dijual/Diserahkan kepada Masyarakat,ON PROCESS,387134400,387134400;
KAB. MANDAILING NATAL,DINAS PEKERJAAN UMUM DAN PENATAAN RUANG - 1.03.0.00.0.00.03.0000,11864328,59526453,2025,E-Katalog 5.0,APBD,CV. IKHWAN FIRDAUS,E-Purchasing,Pengadaan Barang,Timbunan Kembali,MELAKUKAN PENGIRIMAN DAN PENERIMAAN,6112500,6112500;
KAB. MANDAILING NATAL,DINAS PENDIDIKAN DAN KEBUDAYAAN - 1.01.2.22.0.00.01.0000,10326955000,57108807,2025,Non Tender,APBD,CV. TORKIS LUBIS GROUP,Pengadaan Langsung,Pekerjaan Konstruksi,Rehabilitasi Ruang Kelas SD Negeri 174 Sibanggor Tonga,SELESAI,149841597,149841597;
KAB. MANDAILING NATAL,DINAS PENDIDIKAN DAN KEBUDAYAAN - 1.01.2.22.0.00.01.0000,10545157000,57108797,2025,Non Tender,APBD,CV. BUNGA BONDAR GROUP,Pengadaan Langsung,Pekerjaan Konstruksi,Rehabilitasi Ruang Kelas SD Negeri 080 Panyabungan,SELESAI,199494137,199494137;
KAB. MANDAILING NATAL,DINAS PENDIDIKAN DAN KEBUDAYAAN - 1.01.2.22.0.00.01.0000,10327026000,57108799,2025,Non Tender,APBD,CV. ANUGRAH KARYA ABADI,Pengadaan Langsung,Pekerjaan Konstruksi,Rehabilitasi Ruang Kelas SD Negeri 038 Tangga Bosi,SELESAI,149784645,149784645;
KAB. MANDAILING NATAL,DINAS KESEHATAN - 1.02.0.00.0.00.02.0000,11882679,58541960,2025,E-Katalog 5.0,APBD,PT. PUTRA KARYA SENTOSA,E-Purchasing,Pengadaan Barang,Glibenklamid 5 mg tablet,MELAKUKAN PENGIRIMAN DAN PENERIMAAN,11400000,11400000;
KAB. MANDAILING NATAL,DINAS KESEHATAN - 1.02.0.00.0.00.02.0000,11882679,58541960,2025,E-Katalog 5.0,APBD,PT. PUTRA KARYA SENTOSA,E-Purchasing,Pengadaan Barang,Sianokobalamin (vitamin B12) inj 500 mcg/ml,MELAKUKAN PENGIRIMAN DAN PENERIMAAN,127200000,127200000;
"KAB. MANDAILING NATAL,DINAS KESEHATAN - 1.02.0.00.0.00.02.0000,11955814,58541960,2025,E-Katalog 5.0,APBD,P.T. Dexa Medica,E-Purchasing,Pengadaan Barang,""Lactulose/ Laktulosa sir 3,335 g/5 mL"",MELAKUKAN PENGIRIMAN DAN PENERIMAAN,7220800,7220800";
KAB. MANDAILING NATAL,DINAS PEKERJAAN UMUM DAN PENATAAN RUANG - 1.03.0.00.0.00.03.0000,10070925000,59489797,2025,Tender,APBD,Bejana Utama,Tender,Pekerjaan Konstruksi,Lanjutan Pembangunan Markas PMI Panyabungan,SELESAI,525863761,525863761;
"KAB. MANDAILING NATAL,DINAS KESEHATAN - 1.02.0.00.0.00.02.0000,11868250,58541723,2025,E-Katalog 5.0,APBD,PT. SATORIA ANEKA INDUSTRI,E-Purchasing,Pengadaan Barang,""NaCl 0.9% / Sodium Chloride 0.9%, 500 mL"",MELAKUKAN PENGIRIMAN DAN PENERIMAAN,38365000,38365000";
KAB. MANDAILING NATAL,RUMAH SAKIT UMUM DAERAH PANYABUNGAN - 1.02.0.00.0.00.02.0001,11833953,58008995,2025,E-Katalog 5.0,BLUD,PT. Kimia Farma Tbk,E-Purchasing,Pengadaan Barang,Pethidine hydrochloride/ Petidin inj 50 mg/mL (i.m./i.v.),MELAKUKAN PENGIRIMAN DAN PENERIMAAN,471800,471800;
KAB. MANDAILING NATAL,DINAS PENDIDIKAN DAN KEBUDAYAAN - 1.01.2.22.0.00.01.0000,10327002000,57108813,2025,Non Tender,APBD,CV. CENTRAL GRAFIKA PRINT,Pengadaan Langsung,Pekerjaan Konstruksi,Rehabilitasi Ruang Kelas SD Negeri 098 Pidoli Lombang,SELESAI,199865243,199865243;
KAB. MANDAILING NATAL,RUMAH SAKIT UMUM DAERAH PANYABUNGAN - 1.02.0.00.0.00.02.0001,12018581,59725914,2025,E-Katalog 5.0,BLUD,PT. SERENITY INDONESIA,E-Purchasing,Pengadaan Barang,Digital Sphygmomanometer BEM -7120,PROSES KONTRAK PPK,17500000,17500000;
KAB. MANDAILING NATAL,RUMAH SAKIT UMUM DAERAH PANYABUNGAN - 1.02.0.00.0.00.02.0001,11895042,58008995,2025,E-Katalog 5.0,BLUD,PT. Kimia Farma Tbk,E-Purchasing,Pengadaan Barang,Morfin Injeksi 10 mg/ml (i.m/s.k/ i.v),MELAKUKAN PENGIRIMAN DAN PENERIMAAN,1030800,1030800;
"KAB. MANDAILING NATAL,RUMAH SAKIT UMUM DAERAH PANYABUNGAN - 1.02.0.00.0.00.02.0001,11858942,58008995,2025,E-Katalog 5.0,BLUD,PT. NOVELL PHARMACEUTICAL LABORATORIES,E-Purchasing,Pengadaan Barang,""Dutasteride / Dutasterid kapsul lunak 0,5 mg"",MELAKUKAN PENGIRIMAN DAN PENERIMAAN,2697300,2697300";
KAB. MANDAILING NATAL,DINAS KETAHANAN PANGAN - 2.09.0.00.0.00.09.0000,01JVBGY584J1H2VEA7P454B6BV,58987730,2025,E-Katalog 6.0,APBD,CHRISTY DAN JONATHAN,E-Purchasing,Barang,Belanja Barang untuk Dijual/Diserahkan kepada Masyarakat,ON PROCESS,194964840,194964840;
KAB. MANDAILING NATAL,DINAS PEKERJAAN UMUM DAN PENATAAN RUANG - 1.03.0.00.0.00.03.0000,11869962,59559159,2025,E-Katalog 5.0,APBD,PT. GASHABAT SUKSES MANDIRI,E-Purchasing,Pengadaan Barang,GALIAN BIASA,PAKET SELESAI,4788000,4788000;
KAB. MANDAILING NATAL,DINAS PEKERJAAN UMUM DAN PENATAAN RUANG - 1.03.0.00.0.00.03.0000,11864328,59526453,2025,E-Katalog 5.0,APBD,CV. IKHWAN FIRDAUS,E-Purchasing,Pengadaan Barang,Galian Tanah Keras Jaringan Pipa,MELAKUKAN PENGIRIMAN DAN PENERIMAAN,27600000,27600000;
KAB. MANDAILING NATAL,DINAS PEKERJAAN UMUM DAN PENATAAN RUANG - 1.03.0.00.0.00.03.0000,10495831000,60893871,2025,Non Tender,APBDP,CV. RENDER CONSULTANT,Pengadaan Langsung,Jasa Konsultansi Badan Usaha Non Konstruksi,Konsultansi Pemutakhiran Data Base Jaringan Irigasi Kewenangan Kabupaten,SELESAI,79600000,79600000;
KAB. MANDAILING NATAL,DINAS PEKERJAAN UMUM DAN PENATAAN RUANG - 1.03.0.00.0.00.03.0000,11864328,59526453,2025,E-Katalog 5.0,APBD,CV. IKHWAN FIRDAUS,E-Purchasing,Pengadaan Barang,Menyediakan Elbow GIP 1/2,MELAKUKAN PENGIRIMAN DAN PENERIMAAN,10710000,10710000;
KAB. MANDAILING NATAL,INSPEKTORAT DAERAH KABUPATEN - 6.01.0.00.0.00.30.0000,10410346000,57075542,2025,Non Tender,APBD,ARION ADONAY CONSULTANT,Pengadaan Langsung,Jasa Konsultansi Badan Usaha Konstruksi,Jasa Konsultasi Pengawasan Pembangunan Gedung Inspektorat (Tahap I),SELESAI,99500500,99500500;
KAB. MANDAILING NATAL,DINAS PEKERJAAN UMUM DAN PENATAAN RUANG - 1.03.0.00.0.00.03.0000,11830442,57424552,2025,E-Katalog 5.0,APBD,DEMBAN SIMPAR JAYA,E-Purchasing,Pengadaan Barang,Laston Lapis Antara (AC-BC),MELAKUKAN PENGIRIMAN DAN PENERIMAAN,1059630000,1059630000;
KAB. MANDAILING NATAL,BADAN PENGELOLAAN KEUANGAN DAN ASET DAERAH - 5.02.0.00.0.00.27.0000,10362798000,56648131,2025,Non Tender,APBD,CV. MUTIARA MUTIARA ABADI,Pengadaan Langsung,Pekerjaan Konstruksi,Belanja Modal Bangunan Gedung Kantor,SELESAI,148500003,148500003;
KAB. MANDAILING NATAL,RUMAH SAKIT UMUM DAERAH PANYABUNGAN - 1.02.0.00.0.00.02.0001,11935050,58008995,2025,E-Katalog 5.0,BLUD,P.T. Dexa Medica,E-Purchasing,Pengadaan Barang,Spironolakton tab 25 mg,MELAKUKAN PENGIRIMAN DAN PENERIMAAN,5500000,5500000;
KAB. MANDAILING NATAL,BAGIAN UMUM - 4.01.5.06.0.00.24.0009,10614622000,61723910,2025,Non Tender,APBDP,cv. bugis nauli,Pengadaan Langsung,Pekerjaan Konstruksi,Rehab Interior Ruang Kerja Bupati,SELESAI,99950000,99950000;
KAB. MANDAILING NATAL,DINAS PENDIDIKAN DAN KEBUDAYAAN - 1.01.2.22.0.00.01.0000,10326949000,57108821,2025,Non Tender,APBD,CV. ALDRICH PERDANA KARYA,Pengadaan Langsung,Pekerjaan Konstruksi,Rehabilitasi Ruang Kelas SD Negeri 191 Kotanopan,SELESAI,199902100,199902100;
KAB. MANDAILING NATAL,RUMAH SAKIT UMUM DAERAH PANYABUNGAN - 1.02.0.00.0.00.02.0001,12014428,58008995,2025,E-Katalog 5.0,BLUD,PT. Kimia Farma Tbk,E-Purchasing,Pengadaan Barang,Vitamin B Kompleks/ Vitamin B complex tablet,MELAKUKAN PENGIRIMAN DAN PENERIMAAN,1110000,1110000;
KAB. MANDAILING NATAL,RUMAH SAKIT UMUM DAERAH PANYABUNGAN - 1.02.0.00.0.00.02.0001,11944279,58008995,2025,E-Katalog 5.0,BLUD,PT. ANUGRAHMITRA SELARAS,E-Purchasing,Pengadaan Barang,REMEDI 3 Ply Surgical Face Mask Easy Loop for Hijab,MELAKUKAN PENGIRIMAN DAN PENERIMAAN,6510800,6510800;
KAB. MANDAILING NATAL,BAGIAN UMUM - 4.01.5.06.0.00.24.0009,01KA8269S6MHFDYXJDDXYY2836,61506285,2025,E-Katalog 6.0,APBDP,BUANA PERKASA,E-Purchasing,Barang,Belanja Modal Peralatan Studio Video dan Film,ON PROCESS,396800025,396800025;
KAB. MANDAILING NATAL,BAGIAN UMUM - 4.01.5.06.0.00.24.0009,10614600000,61723986,2025,Non Tender,APBDP,CV. BINTANG KARYA BHAKTI,Pengadaan Langsung,Pekerjaan Konstruksi,Rehab dan Pengecatan Rumah Dinas Sekda,SELESAI,49940500,49940500;
KAB. MANDAILING NATAL,DINAS KESEHATAN - 1.02.0.00.0.00.02.0000,01KAX2PSRG8WMQQ8C6PA7AJVW3,61713534,2025,E-Katalog 6.0,APBD,MAKMUR JAYA HEALTHINDO,E-Purchasing,Barang,Belanja Barang Untuk Dijual/Diserahkan Kepada Masyarakat-PENGADAAN MAKANAN TAMBAHAN UNTUK PERBAIKAN GIZI MASYARAKAT,ON PROCESS,244117305,244117305;
KAB. MANDAILING NATAL,DINAS PEKERJAAN UMUM DAN PENATAAN RUANG - 1.03.0.00.0.00.03.0000,11869951,59559150,2025,E-Katalog 5.0,APBD,CV.GUNUNG KULABU,E-Purchasing,Pengadaan Barang,Laston Lapis Aus Asphalt Concrete - Wearing Course (AC- WC),PAKET SELESAI,470640000,470640000;
KAB. MANDAILING NATAL,RUMAH SAKIT UMUM DAERAH PANYABUNGAN - 1.02.0.00.0.00.02.0001,12010932,58008995,2025,E-Katalog 5.0,BLUD,PT. NOVELL PHARMACEUTICAL LABORATORIES,E-Purchasing,Pengadaan Barang,Warfarin Sodium Tab 2 mg,MELAKUKAN PENGIRIMAN DAN PENERIMAAN,2775000,2775000;
KAB. MANDAILING NATAL,DINAS PENDIDIKAN DAN KEBUDAYAAN - 1.01.2.22.0.00.01.0000,10448837000,60971736,2025,Non Tender,APBD,CV. RRH CONSULTANT,Pengadaan Langsung,Jasa Konsultansi Badan Usaha Konstruksi,Jasa Konsultan Pengawasan Rehabilitasi Sedang/Berat Ruang Kelas SMP (DAU),SELESAI,74481000,74481000;
"KAB. MANDAILING NATAL,DINAS KOMUNIKASI DAN INFORMATIKA - 2.16.2.20.2.21.15.0000,11561205,57158032,2025,E-Katalog 5.0,APBD,""PT. Telekomunikasi Indonesia, Tbk."",E-Purchasing,Pengadaan Barang,Fiber Optik Internet Dedicated Internasional 200 Mbps,PROSES KONTRAK PPK,200000000,200000000";
KAB. MANDAILING NATAL,DINAS KESEHATAN - 1.02.0.00.0.00.02.0000,11876057,58541960,2025,E-Katalog 5.0,APBD,PT.Bernofarm,E-Purchasing,Pengadaan Barang,Mefenamic acid tablet/kapsul/kaplet/kaptab 500 mg,MELAKUKAN PENGIRIMAN DAN PENERIMAAN,42750000,42750000;
KAB. MANDAILING NATAL,BAGIAN UMUM - 4.01.5.06.0.00.24.0009,10622938000,61723839,2025,Non Tender,APBDP,CV.HD KARYA CONSULTANT,Pengadaan Langsung,Jasa Konsultansi Badan Usaha Konstruksi,Belanja Jasa Konsultan Pengawasan,SELESAI,69819000,69819000;
KAB. MANDAILING NATAL,RUMAH SAKIT UMUM DAERAH PANYABUNGAN - 1.02.0.00.0.00.02.0001,11712703,58008995,2025,E-Katalog 5.0,BLUD,PT. Kimia Farma Tbk,E-Purchasing,Pengadaan Barang,Fenobarbital tab 30 mg,PROSES KONTRAK PPK,600000,600000;
KAB. MANDAILING NATAL,RUMAH SAKIT UMUM DAERAH PANYABUNGAN - 1.02.0.00.0.00.02.0001,11943921,58008995,2025,E-Katalog 5.0,BLUD,PT. Mersifarma Tirmaku Mercusana,E-Purchasing,Pengadaan Barang,Fenitoin/ Phenytoin Sodium Injeksi 50 mg/ml (100 mg/ 2 mL),MELAKUKAN PENGIRIMAN DAN PENERIMAAN,550000,550000;
KAB. MANDAILING NATAL,DINAS KESEHATAN - 1.02.0.00.0.00.02.0000,10457787000,60908833,2025,Non Tender,APBDP,CV. SINGOLOT MANIKAM PERSADA,Pengadaan Langsung,Pekerjaan Konstruksi,Belanja Modal Bangunan Kesehatan-Belanja Rehabilitasi Puskesmas Pembantu Manyabar,SELESAI,69943101,69943101;
KAB. MANDAILING NATAL,DINAS PEKERJAAN UMUM DAN PENATAAN RUANG - 1.03.0.00.0.00.03.0000,11830442,57424552,2025,E-Katalog 5.0,APBD,DEMBAN SIMPAR JAYA,E-Purchasing,Pengadaan Barang,Lapis Perekat - Aspal Cair/Emulsi,MELAKUKAN PENGIRIMAN DAN PENERIMAAN,12672000,12672000;
KAB. MANDAILING NATAL,RUMAH SAKIT UMUM DAERAH PANYABUNGAN - 1.02.0.00.0.00.02.0001,01KA0DBM07B72JWR7BHAF2XXH0,59725914,2025,E-Katalog 6.0,BLUD,JAWA ALKESINDO JAYA,E-Purchasing,Barang,Belanja Barang dan mesin BLUD,ON PROCESS,14901695,14901695;
KAB. MANDAILING NATAL,DINAS PENDIDIKAN DAN KEBUDAYAAN - 1.01.2.22.0.00.01.0000,10326897000,57109182,2025,Non Tender,APBD,CV.RIZKI KARYA,Pengadaan Langsung,Pekerjaan Konstruksi,Rehabilitasi Ruang Kelas SMP Negeri 1 Siabu,SELESAI,199500000,199500000;
KAB. MANDAILING NATAL,RUMAH SAKIT UMUM DAERAH PANYABUNGAN - 1.02.0.00.0.00.02.0001,11789985,58008995,2025,E-Katalog 5.0,BLUD,PT. BALATIF,E-Purchasing,Pengadaan Barang,VITAMIN C 50 mg Strip,MELAKUKAN PENGIRIMAN DAN PENERIMAAN,1580000,1580000;
KAB. MANDAILING NATAL,RUMAH SAKIT UMUM DAERAH PANYABUNGAN - 1.02.0.00.0.00.02.0001,11819051,58008995,2025,E-Katalog 5.0,BLUD,PT. NOVELL PHARMACEUTICAL LABORATORIES,E-Purchasing,Pengadaan Barang,Efedrin/Ephedrine HCl Inj 50 mg/ml,MELAKUKAN PENGIRIMAN DAN PENERIMAAN,999000,999000;
KAB. MANDAILING NATAL,DINAS PENGENDALIAN PENDUDUK DAN KELUARGA BERENCANA - 2.14.0.00.0.00.13.0000,11903799,57958232,2025,E-Katalog 5.0,APBD,PT. Intermedin Medical Instruments,E-Purchasing,Pengadaan Barang,MEIDEN Implant Removal Kit,MELAKUKAN PENGIRIMAN DAN PENERIMAAN,161832000,161832000;
KAB. MANDAILING NATAL,RUMAH SAKIT UMUM DAERAH PANYABUNGAN - 1.02.0.00.0.00.02.0001,01K8WE6Q3RM82704WJW22RF74Q,58008995,2025,E-Katalog 6.0,BLUD,DEXA MEDICA,E-Purchasing,Barang,Belanja Barang dan Jasa BLUD,ON PROCESS,15948169,15948169;
KAB. MANDAILING NATAL,DINAS PENDIDIKAN DAN KEBUDAYAAN - 1.01.2.22.0.00.01.0000,10501922000,57108113,2025,Non Tender,APBD,CV. AULIA RIZKI PRATAMA,Pengadaan Langsung,Pekerjaan Konstruksi,Pembangunan Pagar TK Satu Atap SDN 176 Rao-Rao Dolok,SELESAI,129000000,129000000;
KAB. MANDAILING NATAL,DINAS PENDIDIKAN DAN KEBUDAYAAN - 1.01.2.22.0.00.01.0000,01KD2QYTYJBC6HC1792DYERHA5,60383235,2025,E-Katalog 6.0,APBD,BINTANG BUDI MANDIRI,E-Purchasing,Barang,Pengadaan Perlengkapan Peserta Didik Jenjang SMP,ON PROCESS,201354000,201354000;
KAB. MANDAILING NATAL,DINAS PEKERJAAN UMUM DAN PENATAAN RUANG - 1.03.0.00.0.00.03.0000,11869951,59559150,2025,E-Katalog 5.0,APBD,CV.GUNUNG KULABU,E-Purchasing,Pengadaan Barang,Galian Biasa,PAKET SELESAI,27511000,27511000;
KAB. MANDAILING NATAL,RUMAH SAKIT UMUM DAERAH PANYABUNGAN - 1.02.0.00.0.00.02.0001,11824198,58008995,2025,E-Katalog 5.0,BLUD,P.T. Dexa Medica,E-Purchasing,Pengadaan Barang,Klobazam tab 10 mg,MELAKUKAN PENGIRIMAN DAN PENERIMAAN,2065000,2065000;
KAB. MANDAILING NATAL,DINAS PENDIDIKAN DAN KEBUDAYAAN - 1.01.2.22.0.00.01.0000,01K76QJG86KA5ZPDK9T58P35MY,57109168,2025,E-Katalog 6.0,APBD,MARTHA KARA PERDANA,E-Purchasing,Barang,Belanja Modal Peralatan Komputer Lainnya,ON PROCESS,2074907460,2074907460;
KAB. MANDAILING NATAL,RUMAH SAKIT UMUM DAERAH PANYABUNGAN - 1.02.0.00.0.00.02.0001,11649280,58008995,2025,E-Katalog 5.0,BLUD,P.T. Dexa Medica,E-Purchasing,Pengadaan Barang,Valsartan tab 80 mg,PROSES KONTRAK PPK,1311000,1311000;
"KAB. MANDAILING NATAL,RUMAH SAKIT UMUM DAERAH PANYABUNGAN - 1.02.0.00.0.00.02.0001,11811233,58008995,2025,E-Katalog 5.0,BLUD,PT. Kimia Farma Tbk,E-Purchasing,Pengadaan Barang,""Gliseril trinitrat kaps lepas lambat 2,5 mg"",MELAKUKAN PENGIRIMAN DAN PENERIMAAN,45525000,45525000";
KAB. MANDAILING NATAL,DINAS KESEHATAN - 1.02.0.00.0.00.02.0000,11924636,58875523,2025,E-Katalog 5.0,APBD,PT.Elsyahfi Calibratech Mandiri,E-Purchasing,Pengadaan Barang,JASA PENGUJIAN DAN KALIBRASI AUTOCLAVE,MELAKUKAN PENGIRIMAN DAN PENERIMAAN,1650000,1650000;
KAB. MANDAILING NATAL,RUMAH SAKIT UMUM DAERAH PANYABUNGAN - 1.02.0.00.0.00.02.0001,11833941,59314561,2025,E-Katalog 5.0,BLUD,PT. CIPTA SAKTI MEDIKA,E-Purchasing,Pengadaan Barang,GORDYN ANTI NODA DARAH,MELAKUKAN PENGIRIMAN DAN PENERIMAAN,133988800,133988800;
KAB. MANDAILING NATAL,SEKRETARIAT DAERAH KABUPATEN - 4.01.5.06.0.00.24.0000,01K0NCRXXFJYGJ4NBR6955JFEB,59956418,2025,E-Katalog 6.0,APBD,MUTIARA MUTIARA ABADI,E-Purchasing,Barang,Belanja Modal Alat Kantor Lainnya,ON PROCESS,74925000,74925000;
KAB. MANDAILING NATAL,DINAS KESEHATAN - 1.02.0.00.0.00.02.0000,10459746000,59949148,2025,Non Tender,APBD,CV. BERNICE,Pengadaan Langsung,Pekerjaan Konstruksi,Belanja Modal Bangunan Gedung Kantor- Rehabilitasi dan Pemeliharaan Puskesmas Naga Juang (DBH-CHT),SELESAI,127719700,127719700;
KAB. MANDAILING NATAL,DINAS PERTANIAN - 3.27.0.00.0.00.22.0000,01JXEW8A713RH2GN4YXGA2QCTG,59443344,2025,E-Katalog 6.0,APBD,PUTRA PRATAMA,E-Purchasing,Barang,Belanja Bahan-Bahan/Bibit Tanaman,ON PROCESS,95830500,95830500;
KAB. MANDAILING NATAL,DINAS PENDIDIKAN DAN KEBUDAYAAN - 1.01.2.22.0.00.01.0000,10326996000,57108819,2025,Non Tender,APBD,CV. PUTRA PRATAMA,Pengadaan Langsung,Pekerjaan Konstruksi,Rehabilitasi Ruang Kelas SD Negeri 112 Parbangunan,SELESAI,199500000,199500000;
KAB. MANDAILING NATAL,DINAS KESEHATAN - 1.02.0.00.0.00.02.0000,11960648,58541960,2025,E-Katalog 5.0,APBD,PT. Holi Pharma,E-Purchasing,Pengadaan Barang,Alopurinol tab 100 mg,MELAKUKAN PENGIRIMAN DAN PENERIMAAN,23550000,23550000;
KAB. MANDAILING NATAL,DINAS PEKERJAAN UMUM DAN PENATAAN RUANG - 1.03.0.00.0.00.03.0000,11864328,59526453,2025,E-Katalog 5.0,APBD,CV. IKHWAN FIRDAUS,E-Purchasing,Pengadaan Barang,Menyediakan Stop Kran 1/2,MELAKUKAN PENGIRIMAN DAN PENERIMAAN,12920000,12920000;
KAB. MANDAILING NATAL,DINAS KESEHATAN - 1.02.0.00.0.00.02.0000,11966625,58541960,2025,E-Katalog 5.0,APBD,PT. TRIMAN,E-Purchasing,Pengadaan Barang,Ibuprofen tab 400 mg,MELAKUKAN PENGIRIMAN DAN PENERIMAAN,52000000,52000000;
KAB. MANDAILING NATAL,DINAS PENDIDIKAN DAN KEBUDAYAAN - 1.01.2.22.0.00.01.0000,10326998000,57108814,2025,Non Tender,APBD,CV. CENTRAL GRAFIKA PRINT,Pengadaan Langsung,Pekerjaan Konstruksi,Rehabilitasi Ruang Kelas SD Negeri 111 Pidoli Dolok,SELESAI,199878909,199878909;
KAB. MANDAILING NATAL,DINAS KESEHATAN - 1.02.0.00.0.00.02.0000,11966596,58541960,2025,E-Katalog 5.0,APBD,PT. PUTRA KARYA SENTOSA,E-Purchasing,Pengadaan Barang,Diazepam tablet 5 mg,MELAKUKAN PENGIRIMAN DAN PENERIMAAN,7700000,7700000;
KAB. MANDAILING NATAL,DINAS LINGKUNGAN HIDUP - 2.11.0.00.0.00.10.0000,01KA08EJ51W60Z09AX5GSG14YV,61572819,2025,E-Katalog 6.0,APBD,SARDANA INDAHBERLIAN MOTOR,E-Purchasing,Barang,Belanja Modal Kendaraan Bermotor Angkutan Barang,ON PROCESS,758217000,758217000;
KAB. MANDAILING NATAL,DINAS PEKERJAAN UMUM DAN PENATAAN RUANG - 1.03.0.00.0.00.03.0000,11807675,57423741,2025,E-Katalog 5.0,APBD,DEMBAN SIMPAR JAYA,E-Purchasing,Pengadaan Barang,Bahan anti pengelupasan,MELAKUKAN PENGIRIMAN DAN PENERIMAAN,6678000,6678000;
KAB. MANDAILING NATAL,DINAS KESEHATAN - 1.02.0.00.0.00.02.0000,11960648,58541960,2025,E-Katalog 5.0,APBD,PT. Holi Pharma,E-Purchasing,Pengadaan Barang,Ibuprofen susp 200 mg/5 mL,MELAKUKAN PENGIRIMAN DAN PENERIMAAN,20934000,20934000;
KAB. MANDAILING NATAL,RUMAH SAKIT UMUM DAERAH PANYABUNGAN - 1.02.0.00.0.00.02.0001,11833968,58008995,2025,E-Katalog 5.0,BLUD,PT. Amarox Pharma Global,E-Purchasing,Pengadaan Barang,Pregabalin75mg,MELAKUKAN PENGIRIMAN DAN PENERIMAAN,2836400,2836400;
KAB. MANDAILING NATAL,DINAS PEKERJAAN UMUM DAN PENATAAN RUANG - 1.03.0.00.0.00.03.0000,10156793000,59526454,2025,Non Tender,APBD,ZAINULKONSULTAN,Pengadaan Langsung,Jasa Konsultansi Perorangan Konstruksi,Konsultan Perluasan SPAM Jaringan Perpipaan -Tematik Pengentasan Permukiman Kumuh Terpadu Kelurahan Panyabungan III RT. 6,SELESAI,14840000,14840000;
KAB. MANDAILING NATAL,BADAN PENGELOLAAN KEUANGAN DAN ASET DAERAH - 5.02.0.00.0.00.27.0000,01JYDKBZ7C7FCGJPMWQ74XP6PF,59685812,2025,E-Katalog 6.0,APBD,KREATIFITAS CEMERLANG,E-Purchasing,Barang,Belanja Modal Peralatan Personal Computer,PAYMENT OUTSIDE SYSTEM,99922200,99922200;
KAB. MANDAILING NATAL,DINAS KESEHATAN - 1.02.0.00.0.00.02.0000,11847388,58580293,2025,E-Katalog 5.0,APBD,PT.GLOBAL DISPOMEDIKA,E-Purchasing,Pengadaan Barang,Metragloves Latex Examination Powdered Size Small,MELAKUKAN PENGIRIMAN DAN PENERIMAAN,6233760,6233760;
"KAB. MANDAILING NATAL,RUMAH SAKIT UMUM DAERAH PANYABUNGAN - 1.02.0.00.0.00.02.0001,11824113,58008995,2025,E-Katalog 5.0,BLUD,PT Otsuka Indonesia,E-Purchasing,Pengadaan Barang,""NaCl 3% Larutan, Softbag @ 500 mL"",MELAKUKAN PENGIRIMAN DAN PENERIMAAN,2166060,2166060";
KAB. MANDAILING NATAL,DINAS KESEHATAN - 1.02.0.00.0.00.02.0000,11751262,58578920,2025,E-Katalog 5.0,APBD,PT Axion Jaya Alkesindo,E-Purchasing,Pengadaan Barang,Paket Strip HB + Lancet + Alcohol Swab,MELAKUKAN PENGIRIMAN DAN PENERIMAAN,302255000,302255000;
KAB. MANDAILING NATAL,DINAS PEKERJAAN UMUM DAN PENATAAN RUANG - 1.03.0.00.0.00.03.0000,11869962,59559159,2025,E-Katalog 5.0,APBD,PT. GASHABAT SUKSES MANDIRI,E-Purchasing,Pengadaan Barang,Timbunan Biasa Dari Hasil Galian,PAKET SELESAI,14161000,14161000;
KAB. MANDAILING NATAL,RUMAH SAKIT UMUM DAERAH PANYABUNGAN - 1.02.0.00.0.00.02.0001,11821776,58008995,2025,E-Katalog 5.0,BLUD,PT. Mahakam Beta Farma,E-Purchasing,Pengadaan Barang,OCTENIC OCTENIC BODY WASH GLOVE 4 Sheet,MELAKUKAN PENGIRIMAN DAN PENERIMAAN,388500,388500;
KAB. MANDAILING NATAL,RUMAH SAKIT UMUM DAERAH PANYABUNGAN - 1.02.0.00.0.00.02.0001,11886936,58008995,2025,E-Katalog 5.0,BLUD,PT Yarindo Farmatama,E-Purchasing,Pengadaan Barang,Furosemid/ Furosemide tablet/kapsul/kaplet 40 mg,MELAKUKAN PENGIRIMAN DAN PENERIMAAN,2630000,2630000;
KAB. MANDAILING NATAL,DINAS KESEHATAN - 1.02.0.00.0.00.02.0000,11882679,58541960,2025,E-Katalog 5.0,APBD,PT. PUTRA KARYA SENTOSA,E-Purchasing,Pengadaan Barang,BioSAT 1.5 - Serum ATS (Anti Tetanus 1.500 UI),MELAKUKAN PENGIRIMAN DAN PENERIMAAN,21700000,21700000;
KAB. MANDAILING NATAL,DINAS PENDIDIKAN DAN KEBUDAYAAN - 1.01.2.22.0.00.01.0000,10096279000,57108744,2025,Non Tender,APBD,CV. HADITAMA,Pengadaan Langsung,Jasa Konsultansi Badan Usaha Konstruksi,Jasa Konsultan Perencanaan Ruang Kelas Baru SD,SELESAI,74148000,74148000;
KAB. MANDAILING NATAL,SATUAN POLISI PAMONG PRAJA DAN PEMADAM KEBAKARAN - 1.05.0.00.0.00.05.0000,10236924000,59499868,2025,Non Tender,APBD,CV. ANUGRAH ALAM MANDIRI,Pengadaan Langsung,Pekerjaan Konstruksi,Pekerjaan Fire Hydrant Untuk Mendukung Operasional RSUD Panyabungan,SELESAI,149100000,149100000;
KAB. MANDAILING NATAL,DINAS KESEHATAN - 1.02.0.00.0.00.02.0000,11966598,58541960,2025,E-Katalog 5.0,APBD,PT Yarindo Farmatama,E-Purchasing,Pengadaan Barang,Isosorbid Dinitrat/ Isosorbide dinitrate tablet/kapsul/kaplet 5 mg,MELAKUKAN PENGIRIMAN DAN PENERIMAAN,3250000,3250000;
KAB. MANDAILING NATAL,BAGIAN KESEJAHTERAAN RAKYAT - 4.01.5.06.0.00.24.0002,01KD53GBVJ71MSHW8JQK6522NF,62301537,2025,E-Katalog 6.0,APBDP,PUTRA PRATAMA,E-Purchasing,Barang,Belanja Barang untuk Dijual/Diserahkan kepada Masyarakat,ON PROCESS,490270000,490270000;
KAB. MANDAILING NATAL,DINAS KESEHATAN - 1.02.0.00.0.00.02.0000,11924636,58875523,2025,E-Katalog 5.0,APBD,PT.Elsyahfi Calibratech Mandiri,E-Purchasing,Pengadaan Barang,JASA PENGUJIAN DAN KALIBRASI TIMBANGAN BAYI,MELAKUKAN PENGIRIMAN DAN PENERIMAAN,10915000,10915000;
KAB. MANDAILING NATAL,DINAS PERTANIAN - 3.27.0.00.0.00.22.0000,10384523000,58961955,2025,Non Tender,APBD,CV. BINTANG KARYA BHAKTI,Pengadaan Langsung,Pekerjaan Konstruksi,Pembangunan/Rehabilitasi Jalan Usaha Tani/Jalan Produksi Desa Lumban Pasir Kecamatan Panyabungan,SELESAI,114180000,114180000;
KAB. MANDAILING NATAL,BADAN PENGELOLAAN KEUANGAN DAN ASET DAERAH - 5.02.0.00.0.00.27.0000,01K8SDQ97YWT2TESM47XS0K02X,60943591,2025,E-Katalog 6.0,APBDP,NAURAH UTAMA,E-Purchasing,Barang,Belanja Barang untuk Dijual/Diserahkan kepada Pihak ketiga/Pihak Lain,PAYMENT OUTSIDE SYSTEM,100843500,100843500;
KAB. MANDAILING NATAL,DINAS KESEHATAN - 1.02.0.00.0.00.02.0000,11955794,58541960,2025,E-Katalog 5.0,APBD,P.T. Dexa Medica,E-Purchasing,Pengadaan Barang,Betahistin tab 6 mg,MELAKUKAN PENGIRIMAN DAN PENERIMAAN,3072000,3072000;
KAB. MANDAILING NATAL,RUMAH SAKIT UMUM DAERAH PANYABUNGAN - 1.02.0.00.0.00.02.0001,11943921,58008995,2025,E-Katalog 5.0,BLUD,PT. Mersifarma Tirmaku Mercusana,E-Purchasing,Pengadaan Barang,Paracetamol/ Parasetamol sirup 120 mg / 5 ml,MELAKUKAN PENGIRIMAN DAN PENERIMAAN,1499500,1499500;
KAB. MANDAILING NATAL,RUMAH SAKIT UMUM DAERAH PANYABUNGAN - 1.02.0.00.0.00.02.0001,01K4PZVW4Y1WE5N3TJ071FD4WT,58970618,2025,E-Katalog 6.0,BLUD,MANDIRI ARTHA SEHATI,E-Purchasing,Jasa Lainnya,Belanja Peralatan dan mesin BLUD,ON PROCESS,488888000,488888000;
KAB. MANDAILING NATAL,RUMAH SAKIT UMUM DAERAH PANYABUNGAN - 1.02.0.00.0.00.02.0001,11871237,58008995,2025,E-Katalog 5.0,BLUD,PT. Hexpharm Jaya Laboratories,E-Purchasing,Pengadaan Barang,Ranitidin tab 150 mg,MELAKUKAN PENGIRIMAN DAN PENERIMAAN,1530000,1530000;
"KAB. MANDAILING NATAL,RUMAH SAKIT UMUM DAERAH PANYABUNGAN - 1.02.0.00.0.00.02.0001,11887093,58008995,2025,E-Katalog 5.0,BLUD,PT AstraZeneca Indonesia,E-Purchasing,Pengadaan Barang,""Kombinasi KDT/FDC setiap dosis mengandung Budesonid 160 mcg/Formoterol 4,5 mcg Ih 120 dosis, Turbuhaler"",MELAKUKAN PENGIRIMAN DAN PENERIMAAN,16684000,0";
"KAB. MANDAILING NATAL,RUMAH SAKIT UMUM DAERAH PANYABUNGAN - 1.02.0.00.0.00.02.0001,11824113,58008995,2025,E-Katalog 5.0,BLUD,PT Otsuka Indonesia,E-Purchasing,Pengadaan Barang,""Larutan mengandung Elektrolit (Na 130 mEq, K 4 mEq, Cl 109 mEq, Ca 3 mEq, Asetat 28 mEq) ASERING softbag @ 500 mL"",MELAKUKAN PENGIRIMAN DAN PENERIMAAN,875000,875000";
"KAB. MANDAILING NATAL,DINAS KESEHATAN - 1.02.0.00.0.00.02.0000,11924636,58875523,2025,E-Katalog 5.0,APBD,PT.Elsyahfi Calibratech Mandiri,E-Purchasing,Pengadaan Barang,""JASA PENGUJIAN, KALIBRASI DAN PEMELIHARAAN ALAT KESEHATAN REGULATOR OXYGEN"",MELAKUKAN PENGIRIMAN DAN PENERIMAAN,7830000,7830000";
"KAB. MANDAILING NATAL,DINAS KESEHATAN - 1.02.0.00.0.00.02.0000,11924636,58875523,2025,E-Katalog 5.0,APBD,PT.Elsyahfi Calibratech Mandiri,E-Purchasing,Pengadaan Barang,""JASA PENGUJIAN, KALIBRASI DAN PEMELIHARAAN ALAT KESEHATAN THERMOMETER  REFIGERATOR"",MELAKUKAN PENGIRIMAN DAN PENERIMAAN,400000,400000";
KAB. MANDAILING NATAL,RUMAH SAKIT UMUM DAERAH PANYABUNGAN - 1.02.0.00.0.00.02.0001,11790254,58008995,2025,E-Katalog 5.0,BLUD,PT. Mersifarma Tirmaku Mercusana,E-Purchasing,Pengadaan Barang,Karbamazepin tab 200 mg,MELAKUKAN PENGIRIMAN DAN PENERIMAAN,6310000,6310000;
KAB. MANDAILING NATAL,SATUAN POLISI PAMONG PRAJA DAN PEMADAM KEBAKARAN - 1.05.0.00.0.00.05.0000,10159124000,59499644,2025,Non Tender,APBD,MHD AL ANSYARI NASUTION,Pengadaan Langsung,Jasa Konsultansi Perorangan Konstruksi,Belanja Jasa Konsultan Perencanaan Pekerjaan Fire Hydrant,SELESAI,9998880,9998880;
KAB. MANDAILING NATAL,RUMAH SAKIT UMUM DAERAH PANYABUNGAN - 1.02.0.00.0.00.02.0001,11895042,58008995,2025,E-Katalog 5.0,BLUD,PT. Kimia Farma Tbk,E-Purchasing,Pengadaan Barang,Pethidine hydrochloride/ Petidin inj 50 mg/mL (i.m./i.v.),MELAKUKAN PENGIRIMAN DAN PENERIMAAN,1179500,1179500;
KAB. MANDAILING NATAL,DINAS KESEHATAN - 1.02.0.00.0.00.02.0000,11936931,58827809,2025,E-Katalog 5.0,APBD,PT. COBRA DENTAL INDONESIA,E-Purchasing,Pengadaan Barang,MAHESA MEDIUM BASIC,MELAKUKAN PENGIRIMAN DAN PENERIMAAN,105000000,105000000;
"KAB. MANDAILING NATAL,RUMAH SAKIT UMUM DAERAH PANYABUNGAN - 1.02.0.00.0.00.02.0001,11634988,58008995,2025,E-Katalog 5.0,BLUD,PT. Mersifarma Tirmaku Mercusana,E-Purchasing,Pengadaan Barang,""Alprazolam tab 0,5 mg"",PROSES KONTRAK PPK,760000,760000";
KAB. MANDAILING NATAL,DINAS KESEHATAN - 1.02.0.00.0.00.02.0000,11826540,58580293,2025,E-Katalog 5.0,APBD,PT Sinaraya Nugraha Ahmadaris Medika,E-Purchasing,Pengadaan Barang,ECO Kasa SNA Steril 16 cm x 16 cm (16 pcs),MELAKUKAN PENGIRIMAN DAN PENERIMAAN,54000000,54000000;
KAB. MANDAILING NATAL,DINAS PEKERJAAN UMUM DAN PENATAAN RUANG - 1.03.0.00.0.00.03.0000,10200092000,59789962,2025,Non Tender,APBD,HQ PRATAMA CONSULTANT,Pengadaan Langsung,Jasa Konsultansi Badan Usaha Konstruksi,Jasa Konsultansi Pengawasan Pembangunan Jembatan TA. 2025,SELESAI,99860000,99860000;
KAB. MANDAILING NATAL,DINAS PEKERJAAN UMUM DAN PENATAAN RUANG - 1.03.0.00.0.00.03.0000,11869951,59559150,2025,E-Katalog 5.0,APBD,CV.GUNUNG KULABU,E-Purchasing,Pengadaan Barang,Marka Jalan Termopelastik,PAKET SELESAI,6318000,6318000;
KAB. MANDAILING NATAL,DINAS KESEHATAN - 1.02.0.00.0.00.02.0000,11966598,58541960,2025,E-Katalog 5.0,APBD,PT Yarindo Farmatama,E-Purchasing,Pengadaan Barang,Eritromisin/ Erythromycin/tablet/kapsul/kaplet 500 mg,MELAKUKAN PENGIRIMAN DAN PENERIMAAN,5756000,5756000;
KAB. MANDAILING NATAL,RUMAH SAKIT UMUM DAERAH PANYABUNGAN - 1.02.0.00.0.00.02.0001,11794390,58008995,2025,E-Katalog 5.0,BLUD,PT. NOVELL PHARMACEUTICAL LABORATORIES,E-Purchasing,Pengadaan Barang,Warfarin Sodium Tab 2 mg,MELAKUKAN PENGIRIMAN DAN PENERIMAAN,832500,832500;
KAB. MANDAILING NATAL,DINAS PENDIDIKAN DAN KEBUDAYAAN - 1.01.2.22.0.00.01.0000,10545341000,57109180,2025,Non Tender,APBD,CV. BUNGA BONDAR GROUP,Pengadaan Langsung,Pekerjaan Konstruksi,Rehabilitasi Ruang Kelas SMP Negeri 2 Panyabungan,SELESAI,199426662,199426662;
KAB. MANDAILING NATAL,BADAN PENANGGULANGAN BENCANA DAERAH - 1.05.0.00.0.00.06.0000,01KD7SXS69ZFXKYBV2JDT72FZQ,62420996,2025,E-Katalog 6.0,APBDP,RIZKI KARYA,E-Purchasing,Barang,Belanja Barang untuk Dijual/Diserahkan kepada Masyarakat Sumber Dana Darurat,ON PROCESS,200494500,200494500;
KAB. MANDAILING NATAL,DINAS PEKERJAAN UMUM DAN PENATAAN RUANG - 1.03.0.00.0.00.03.0000,11869954,59559157,2025,E-Katalog 5.0,APBD,PT. GASHABAT SUKSES MANDIRI,E-Purchasing,Pengadaan Barang,LAPIS RESAP PENGIKAT-ASPAL CAIR/EMULSI,PAKET SELESAI,42812700,42812700;
KAB. MANDAILING NATAL,DINAS PEKERJAAN UMUM DAN PENATAAN RUANG - 1.03.0.00.0.00.03.0000,10198853000,59438240,2025,Non Tender,APBD,CV. BINTANG BUDI MANDIRI,Pengadaan Langsung,Pekerjaan Konstruksi,Lanjutan Pembangunan Jembatan Aek Batang Pasusuk Ruas Jalan Bintungan Bejangkar Lamo - Karang Anyar,SELESAI,397540201,397540201;
KAB. MANDAILING NATAL,DINAS PENDIDIKAN DAN KEBUDAYAAN - 1.01.2.22.0.00.01.0000,01KD2QD9RC00STJ9G1BR9P315E,60383201,2025,E-Katalog 6.0,APBD,BINTANG BUDI MANDIRI,E-Purchasing,Barang,Pengadaan Perlengkapan Peserta Didik Jenjang SD,ON PROCESS,234707280,234707280;
KAB. MANDAILING NATAL,SEKRETARIAT DPRD - 4.02.0.00.0.00.25.0000,10437478000,60903656,2025,Non Tender,APBD,CV. PUTRA PRATAMA,Pengadaan Langsung,Pekerjaan Konstruksi,Pembangunan / Rehabilitasi Rumah Dinas Ketua DPRD,SELESAI,194070000,194070000;
KAB. MANDAILING NATAL,DINAS PERTANIAN - 3.27.0.00.0.00.22.0000,01JWTD5MP9Z3MHARM5KEFBR5M8,59375891,2025,E-Katalog 6.0,APBD,PUTRA PRATAMA,E-Purchasing,Barang,Belanja Bahan-Bahan/Bibit Tanaman,ON PROCESS,58301700,58301700;
KAB. MANDAILING NATAL,DINAS PEKERJAAN UMUM DAN PENATAAN RUANG - 1.03.0.00.0.00.03.0000,10438898000,60868784,2025,Non Tender,APBD,CV. CONSULTANT MORA NI MORA,Pengadaan Langsung,Jasa Konsultansi Badan Usaha Konstruksi,Penyusunan Dokumen Perencanaan Jembatan Wilayah II,SELESAI,99980000,99980000;
KAB. MANDAILING NATAL,RUMAH SAKIT UMUM DAERAH PANYABUNGAN - 1.02.0.00.0.00.02.0001,12109230,58008995,2025,E-Katalog 5.0,BLUD,PT Pratapa Nirmala,E-Purchasing,Pengadaan Barang,Vassopresin 20 ui/mL,MELAKUKAN PENGIRIMAN DAN PENERIMAAN,3163500,3163500;
KAB. MANDAILING NATAL,DINAS KESEHATAN - 1.02.0.00.0.00.02.0000,11924532,58579999,2025,E-Katalog 5.0,APBD,PT Axion Jaya Alkesindo,E-Purchasing,Pengadaan Barang,URIC ACID STRIPS PACK,MELAKUKAN PENGIRIMAN DAN PENERIMAAN,29225000,29225000;
KAB. MANDAILING NATAL,DINAS KESEHATAN - 1.02.0.00.0.00.02.0000,11955796,58541960,2025,E-Katalog 5.0,APBD,CIPTA MEDIKA SEMPURNA,E-Purchasing,Pengadaan Barang,ROEKO Endo-Frost,MELAKUKAN PENGIRIMAN DAN PENERIMAAN,43950500,0;
KAB. MANDAILING NATAL,DINAS PERUMAHAN RAKYAT DAN KAWASAN PERMUKIMAN SERTA PERTANAHAN - 1.04.2.10.0.00.04.0000,10067960000,57348085,2025,Non Tender,APBD,PT. MARGA BHUANA JAYA CONSULTANT,Pengadaan Langsung,Jasa Konsultansi Badan Usaha Konstruksi,Pembuatan DED PSU Kawasan Kumuh Lingkungan V Pidoli Dolok Kec. Panyabungan,SELESAI,79800000,79800000;
KAB. MANDAILING NATAL,DINAS PENDIDIKAN DAN KEBUDAYAAN - 1.01.2.22.0.00.01.0000,10545156000,57109185,2025,Non Tender,APBD,CV. BUNGA BONDAR GROUP,Pengadaan Langsung,Pekerjaan Konstruksi,Rehabilitasi Ruang Kelas SMP Negeri 1 Panyabungan Utara,SELESAI,199545758,199545758;
KAB. MANDAILING NATAL,DINAS PEKERJAAN UMUM DAN PENATAAN RUANG - 1.03.0.00.0.00.03.0000,11869954,59559157,2025,E-Katalog 5.0,APBD,PT. GASHABAT SUKSES MANDIRI,E-Purchasing,Pengadaan Barang,LAPIS FONDASI AGREGAT KELAS A,PAKET SELESAI,198326700,198326700;
KAB. MANDAILING NATAL,DINAS KESEHATAN - 1.02.0.00.0.00.02.0000,11966634,58541960,2025,E-Katalog 5.0,APBD,PT.Imfarmind Farmasi Industri,E-Purchasing,Pengadaan Barang,Cetirizine hydrochloride(HCl)/ Cetirizine/ Setirizin sirup 5 mg/5 ml,MELAKUKAN PENGIRIMAN DAN PENERIMAAN,64575000,64575000;
KAB. MANDAILING NATAL,DINAS PEKERJAAN UMUM DAN PENATAAN RUANG - 1.03.0.00.0.00.03.0000,10478082000,60892548,2025,Non Tender,APBD,CV.RIZKI KARYA,Pengadaan Langsung,Pekerjaan Konstruksi,Rehabilitasi Jaringan Irigasi Bondar Saba Roncam Kel. Gunung Baringin Kec. Panyabungan Timur,SELESAI,198000000,198000000;
KAB. MANDAILING NATAL,RUMAH SAKIT UMUM DAERAH PANYABUNGAN - 1.02.0.00.0.00.02.0001,11824198,58008995,2025,E-Katalog 5.0,BLUD,P.T. Dexa Medica,E-Purchasing,Pengadaan Barang,Valsartan tab 80 mg,MELAKUKAN PENGIRIMAN DAN PENERIMAAN,1311000,1311000;
KAB. MANDAILING NATAL,DINAS PEKERJAAN UMUM DAN PENATAAN RUANG - 1.03.0.00.0.00.03.0000,11864328,59526453,2025,E-Katalog 5.0,APBD,CV. IKHWAN FIRDAUS,E-Purchasing,Pengadaan Barang,Plug Kran 1/2,MELAKUKAN PENGIRIMAN DAN PENERIMAAN,12920000,12920000;
KAB. MANDAILING NATAL,DINAS PEKERJAAN UMUM DAN PENATAAN RUANG - 1.03.0.00.0.00.03.0000,11869951,59559150,2025,E-Katalog 5.0,APBD,CV.GUNUNG KULABU,E-Purchasing,Pengadaan Barang,Lapis Fondasi Agregat Kelas A,PAKET SELESAI,196084000,196084000;
KAB. MANDAILING NATAL,DINAS PERHUBUNGAN - 2.15.0.00.0.00.14.0000,01JYG0HVNPPWBGNDNSRSPQ1MG0,59812804,2025,E-Katalog 6.0,APBD,SISDA ANUGRAH,E-Purchasing,Barang,Belanja Operasional Dan pemeliharaan LPJU (Lampu PJU 70 Watt),PAYMENT OUTSIDE SYSTEM,70013250,70013250;
KAB. MANDAILING NATAL,DINAS PEKERJAAN UMUM DAN PENATAAN RUANG - 1.03.0.00.0.00.03.0000,11830442,57424552,2025,E-Katalog 5.0,APBD,DEMBAN SIMPAR JAYA,E-Purchasing,Pengadaan Barang,Marka Jalan Termoplastik,MELAKUKAN PENGIRIMAN DAN PENERIMAAN,63568000,63568000;
KAB. MANDAILING NATAL,DINAS KESEHATAN - 1.02.0.00.0.00.02.0000,11834071,58580293,2025,E-Katalog 5.0,APBD,PT. Safelock Medical,E-Purchasing,Pengadaan Barang,IV Catheter Non Injection Port 18 G,MELAKUKAN PENGIRIMAN DAN PENERIMAAN,16686000,16686000;
KAB. MANDAILING NATAL,DINAS PEKERJAAN UMUM DAN PENATAAN RUANG - 1.03.0.00.0.00.03.0000,11864328,59526453,2025,E-Katalog 5.0,APBD,CV. IKHWAN FIRDAUS,E-Purchasing,Pengadaan Barang,Menyediakan dan Memasang Stop Kran 4,MELAKUKAN PENGIRIMAN DAN PENERIMAAN,390000,390000;
KAB. MANDAILING NATAL,DINAS PERTANIAN - 3.27.0.00.0.00.22.0000,10399785000,59104754,2025,Non Tender,APBD,CV.HD KARYA CONSULTANT,Pengadaan Langsung,Jasa Konsultansi Badan Usaha Konstruksi,Belanja Jasa Konsultan Pengawasan Pembangunan/Rehabilitasi Jaringan Irigasi,SELESAI,9980000,9980000;
KAB. MANDAILING NATAL,DINAS PEKERJAAN UMUM DAN PENATAAN RUANG - 1.03.0.00.0.00.03.0000,11869962,59559159,2025,E-Katalog 5.0,APBD,PT. GASHABAT SUKSES MANDIRI,E-Purchasing,Pengadaan Barang,LASTON LAPIS ANTARA (AC-BC),PAKET SELESAI,26026000,26026000;
KAB. MANDAILING NATAL,DINAS KESEHATAN - 1.02.0.00.0.00.02.0000,11882679,58541960,2025,E-Katalog 5.0,APBD,PT. PUTRA KARYA SENTOSA,E-Purchasing,Pengadaan Barang,BIOSAVE Serum anti bisa ular polivalen inj 5 ml (ABU I),MELAKUKAN PENGIRIMAN DAN PENERIMAAN,44720000,44720000;
KAB. MANDAILING NATAL,RUMAH SAKIT UMUM DAERAH PANYABUNGAN - 1.02.0.00.0.00.02.0001,11962544,58008995,2025,E-Katalog 5.0,BLUD,PT. Kimia Farma Tbk,E-Purchasing,Pengadaan Barang,Ketokonazol/ Ketoconazole krim 2%,MELAKUKAN PENGIRIMAN DAN PENERIMAAN,897000,897000;
KAB. MANDAILING NATAL,DINAS KESEHATAN - 1.02.0.00.0.00.02.0000,11876057,58541960,2025,E-Katalog 5.0,APBD,PT.Bernofarm,E-Purchasing,Pengadaan Barang,Amoksisilin/ Amoxicillin/ Amoxicillin Trihydrate tablet/kapsul/kaplet/kaptab 500 mg,MELAKUKAN PENGIRIMAN DAN PENERIMAAN,496000000,496000000;
KAB. MANDAILING NATAL,DINAS PENGENDALIAN PENDUDUK DAN KELUARGA BERENCANA - 2.14.0.00.0.00.13.0000,10270040000,59276329,2025,Non Tender,APBD,PT. Madisa Konstruksi Jaya,Pengadaan Langsung,Pekerjaan Konstruksi,Rehab Balai Penyuluhan KB Kec. Ranto Baek,SELESAI,199860000,199860000;
KAB. MANDAILING NATAL,BADAN PENGELOLAAN KEUANGAN DAN ASET DAERAH - 5.02.0.00.0.00.27.0000,11542946,55971505,2025,E-Katalog 5.0,APBD,PT. ASTRA INTERNATIONAL TBK,E-Purchasing,Pengadaan Barang,RUSH 1.5 G A/T,MELAKUKAN PENGIRIMAN DAN PENERIMAAN,292500000,292500000;
KAB. MANDAILING NATAL,DINAS PERUMAHAN RAKYAT DAN KAWASAN PERMUKIMAN SERTA PERTANAHAN - 1.04.2.10.0.00.04.0000,10078873000,57348087,2025,Non Tender,APBD,PT.SADHYA GRAHACARA,Pengadaan Langsung,Jasa Konsultansi Badan Usaha Konstruksi,Pembuatan DED PSU Kawasan Kumuh Lingkungan IV Panyabungan II Kec. Panyabungan,SELESAI,79809000,79809000;
KAB. MANDAILING NATAL,RUMAH SAKIT UMUM DAERAH PANYABUNGAN - 1.02.0.00.0.00.02.0001,11886936,58008995,2025,E-Katalog 5.0,BLUD,PT Yarindo Farmatama,E-Purchasing,Pengadaan Barang,Amitriptyline hydrochloride tablet 25 mg,MELAKUKAN PENGIRIMAN DAN PENERIMAAN,1500000,1500000;
KAB. MANDAILING NATAL,DINAS KESEHATAN - 1.02.0.00.0.00.02.0000,10457280000,60908701,2025,Non Tender,APBDP,CV. BERNICE,Pengadaan Langsung,Pekerjaan Konstruksi,Belanja Modal Bangunan Kesehatan-Belanja Pemasangan Plafon Puskesmas Singkuang,SELESAI,119899634,119899634;
KAB. MANDAILING NATAL,DINAS KESEHATAN - 1.02.0.00.0.00.02.0000,11876057,58541960,2025,E-Katalog 5.0,APBD,PT.Bernofarm,E-Purchasing,Pengadaan Barang,Clindamycin hydrochloride (HCl)/ Clindamycin/ Klindamisin tablet/kapsul/kaplet 300 mg,MELAKUKAN PENGIRIMAN DAN PENERIMAAN,12400000,12400000;
KAB. MANDAILING NATAL,DINAS LINGKUNGAN HIDUP - 2.11.0.00.0.00.10.0000,10430383000,57020520,2025,Non Tender,APBD,CV. RENDER CONSULTANT,Pengadaan Langsung,Jasa Konsultansi Badan Usaha Konstruksi,Pengawasan Kegiatan RTH Dinas Lingkungan Hidup 2025,SELESAI,49950000,49950000;
KAB. MANDAILING NATAL,RUMAH SAKIT UMUM DAERAH PANYABUNGAN - 1.02.0.00.0.00.02.0001,11790254,58008995,2025,E-Katalog 5.0,BLUD,PT. Mersifarma Tirmaku Mercusana,E-Purchasing,Pengadaan Barang,Diazepam tab 5 mg,MELAKUKAN PENGIRIMAN DAN PENERIMAAN,585000,585000;
KAB. MANDAILING NATAL,DINAS KESEHATAN - 1.02.0.00.0.00.02.0000,10458346000,60908962,2025,Non Tender,APBDP,PT. Madisa Konstruksi Jaya,Pengadaan Langsung,Pekerjaan Konstruksi,Belanja Modal Bangunan Kesehatan-Rehabilitasi Tembok Pembatas Puskesmas Muara Soma,SELESAI,119900000,119900000;
KAB. MANDAILING NATAL,DINAS PEKERJAAN UMUM DAN PENATAAN RUANG - 1.03.0.00.0.00.03.0000,11807675,57423741,2025,E-Katalog 5.0,APBD,DEMBAN SIMPAR JAYA,E-Purchasing,Pengadaan Barang,Perbaikan Campuran Aspal Panas,MELAKUKAN PENGIRIMAN DAN PENERIMAAN,83175000,83175000;
KAB. MANDAILING NATAL,DINAS KESEHATAN - 1.02.0.00.0.00.02.0000,11955794,58541960,2025,E-Katalog 5.0,APBD,P.T. Dexa Medica,E-Purchasing,Pengadaan Barang,Risperidon tab 2 mg,MELAKUKAN PENGIRIMAN DAN PENERIMAAN,935000,935000;
KAB. MANDAILING NATAL,DINAS KESEHATAN - 1.02.0.00.0.00.02.0000,11728507,58533675,2025,E-Katalog 5.0,APBD,PT. ANARA MEDICAL INDONESIA,E-Purchasing,Pengadaan Barang,APIC Alcohol Swab,MELAKUKAN PENGIRIMAN DAN PENERIMAAN,61127360,61127360;
KAB. MANDAILING NATAL,RUMAH SAKIT UMUM DAERAH PANYABUNGAN - 1.02.0.00.0.00.02.0001,11806071,58008995,2025,E-Katalog 5.0,BLUD,P.T. Dexa Medica,E-Purchasing,Pengadaan Barang,Terazosin tab 2 mg,MELAKUKAN PENGIRIMAN DAN PENERIMAAN,1078000,1078000;
KAB. MANDAILING NATAL,DINAS PERTANIAN - 3.27.0.00.0.00.22.0000,10409868000,59104708,2025,Non Tender,APBD,CV.HD KARYA CONSULTANT,Pengadaan Langsung,Jasa Konsultansi Badan Usaha Konstruksi,Belanja Jasa Konsultan Pengawasan Pembangunan/Rehabilitasi Jalan Usaha Tani/Jalan Produksi,SELESAI,9990000,9990000;
KAB. MANDAILING NATAL,DINAS KESEHATAN - 1.02.0.00.0.00.02.0000,11959299,58541960,2025,E-Katalog 5.0,APBD,PT. Kimia Farma Tbk,E-Purchasing,Pengadaan Barang,Permethrin/ Permetrin Krim 5%,MELAKUKAN PENGIRIMAN DAN PENERIMAAN,27715500,27715500;
KAB. MANDAILING NATAL,DINAS KESEHATAN - 1.02.0.00.0.00.02.0000,11825865,58580293,2025,E-Katalog 5.0,APBD,PT Sinaraya Nugraha Ahmadaris Medika,E-Purchasing,Pengadaan Barang,POLIGEL Antiseptic Alcohol Gel 500 ml,MELAKUKAN PENGIRIMAN DAN PENERIMAAN,8008200,8008200;
KAB. MANDAILING NATAL,DINAS PEKERJAAN UMUM DAN PENATAAN RUANG - 1.03.0.00.0.00.03.0000,11869954,59559157,2025,E-Katalog 5.0,APBD,PT. GASHABAT SUKSES MANDIRI,E-Purchasing,Pengadaan Barang,LAPIS PEREKAT-ASPAL CAIR/EMULSI,PAKET SELESAI,2508000,2508000;
KAB. MANDAILING NATAL,DINAS KESEHATAN - 1.02.0.00.0.00.02.0000,10238103000,59948580,2025,Non Tender,APBD,CV. RRH CONSULTANT,Pengadaan Langsung,Jasa Konsultansi Badan Usaha Konstruksi,Belanja Jasa Tenaga Ahli- Jasa Konsultan Perencanaan (DAU),SELESAI,74245000,74245000;
KAB. MANDAILING NATAL,DINAS KESEHATAN - 1.02.0.00.0.00.02.0000,11966616,58541960,2025,E-Katalog 5.0,APBD,PT. TRIFA RAYA LABORATORIES,E-Purchasing,Pengadaan Barang,AMLODIPINE BESILATE 10 MG - OGB,MELAKUKAN PENGIRIMAN DAN PENERIMAAN,3750000,3750000;
"KAB. MANDAILING NATAL,DINAS PEKERJAAN UMUM DAN PENATAAN RUANG - 1.03.0.00.0.00.03.0000,11830442,57424552,2025,E-Katalog 5.0,APBD,DEMBAN SIMPAR JAYA,E-Purchasing,Pengadaan Barang,""Gorong-gorong Pipa Beton Bertulang, diameter dalam 80 cm"",MELAKUKAN PENGIRIMAN DAN PENERIMAAN,18858000,18858000";
KAB. MANDAILING NATAL,DINAS PENDIDIKAN DAN KEBUDAYAAN - 1.01.2.22.0.00.01.0000,10448840000,60971800,2025,Non Tender,APBD,CV.HD KARYA CONSULTANT,Pengadaan Langsung,Jasa Konsultansi Badan Usaha Konstruksi,Jasa Konsultan Pengawasan Pembangunan RKB Beserta Perabotnya (DAU),SELESAI,99234000,99234000;
KAB. MANDAILING NATAL,DINAS KESEHATAN - 1.02.0.00.0.00.02.0000,11966595,58541960,2025,E-Katalog 5.0,APBD,PT Yarindo Farmatama,E-Purchasing,Pengadaan Barang,Haloperidol tab 5 mg,MELAKUKAN PENGIRIMAN DAN PENERIMAAN,5760000,5760000;
KAB. MANDAILING NATAL,DINAS PEKERJAAN UMUM DAN PENATAAN RUANG - 1.03.0.00.0.00.03.0000,10156985000,59400811,2025,Non Tender,APBD,CV. ANUGRAH PERMAI,Pengadaan Langsung,Pekerjaan Konstruksi,Lanjutan Pembangunan Pasar Eks Bioskop Tapanuli Kec. Panyabungan,SELESAI,398986000,398986000;
KAB. MANDAILING NATAL,DINAS PEKERJAAN UMUM DAN PENATAAN RUANG - 1.03.0.00.0.00.03.0000,11869780,59559156,2025,E-Katalog 5.0,APBD,CV. DALIHAN NATOLU,E-Purchasing,Pengadaan Barang,Lapis Resap Pengikat - Aspal Cair-Emulsi,MELAKUKAN PENGIRIMAN DAN PENERIMAAN,32144500,32144500;
KAB. MANDAILING NATAL,DINAS LINGKUNGAN HIDUP - 2.11.0.00.0.00.10.0000,10425710000,56959976,2025,Non Tender,APBD,PT. Madisa Konstruksi Jaya,Pengadaan Langsung,Pekerjaan Konstruksi,Belanja Pemeliharaan Bangunan Gedung-Bangunan Gedung Tempat Kerja-Bangunan Gedung Kantor,SELESAI,99249000,99249000;
KAB. MANDAILING NATAL,DINAS PEKERJAAN UMUM DAN PENATAAN RUANG - 1.03.0.00.0.00.03.0000,10321266000,60261745,2025,Non Tender,APBD,cv. bugis nauli,Pengadaan Langsung,Pekerjaan Konstruksi,Rehabilitasi Kantor Dinas PUPR Kabupaten Mandailing Natal,SELESAI,198824000,198824000;
KAB. MANDAILING NATAL,DINAS PEKERJAAN UMUM DAN PENATAAN RUANG - 1.03.0.00.0.00.03.0000,10174711000,59559151,2025,Non Tender,APBD,CV.HD KARYA CONSULTANT,Pengadaan Langsung,Jasa Konsultansi Badan Usaha Konstruksi,Jasa Konsultansi Pengawasan Kegiatan Bidang Bina Marga Wil. II TA.2025,SELESAI,99700000,99700000;
KAB. MANDAILING NATAL,DINAS PEKERJAAN UMUM DAN PENATAAN RUANG - 1.03.0.00.0.00.03.0000,11869962,59559159,2025,E-Katalog 5.0,APBD,PT. GASHABAT SUKSES MANDIRI,E-Purchasing,Pengadaan Barang,BETON STRUKTUR FC 25 MPa,PAKET SELESAI,891594000,891594000;
KAB. MANDAILING NATAL,SATUAN POLISI PAMONG PRAJA DAN PEMADAM KEBAKARAN - 1.05.0.00.0.00.05.0000,10236910000,59500490,2025,Non Tender,APBD,CV. BINTANG KARYA BHAKTI,Pengadaan Langsung,Pekerjaan Konstruksi,Pekerjaan Fire Hydrant Untuk Wilayah Kecamatan Panyabungan,SELESAI,119100000,119100000;
KAB. MANDAILING NATAL,DINAS KESEHATAN - 1.02.0.00.0.00.02.0000,11955784,58541960,2025,E-Katalog 5.0,APBD,PT. Hexpharm Jaya Laboratories,E-Purchasing,Pengadaan Barang,Simvastatin tab 20 mg,MELAKUKAN PENGIRIMAN DAN PENERIMAAN,27300000,27300000;
KAB. MANDAILING NATAL,DINAS KESEHATAN - 1.02.0.00.0.00.02.0000,11847388,58580293,2025,E-Katalog 5.0,APBD,PT.GLOBAL DISPOMEDIKA,E-Purchasing,Pengadaan Barang,Metragloves Latex Examination Powdered Size Medium,MELAKUKAN PENGIRIMAN DAN PENERIMAAN,14265720,14265720;
KAB. MANDAILING NATAL,RUMAH SAKIT UMUM DAERAH PANYABUNGAN - 1.02.0.00.0.00.02.0001,12091932,59520505,2025,E-Katalog 5.0,BLUD,PT.Elsyahfi Calibratech Mandiri,E-Purchasing,Pengadaan Barang,Service  Digital Radiography  with change part HDD without Install Software,PROSES KONTRAK PPK,162000000,162000000;
KAB. MANDAILING NATAL,RUMAH SAKIT UMUM DAERAH PANYABUNGAN - 1.02.0.00.0.00.02.0001,11833986,58008995,2025,E-Katalog 5.0,BLUD,PT Yarindo Farmatama,E-Purchasing,Pengadaan Barang,Valproat tab lepas lambat 500 mg,MELAKUKAN PENGIRIMAN DAN PENERIMAAN,18480000,18480000;
KAB. MANDAILING NATAL,RUMAH SAKIT UMUM DAERAH PANYABUNGAN - 1.02.0.00.0.00.02.0001,11649280,58008995,2025,E-Katalog 5.0,BLUD,P.T. Dexa Medica,E-Purchasing,Pengadaan Barang,Kandesartan tab 8 mg,PROSES KONTRAK PPK,942000,942000;
KAB. MANDAILING NATAL,DINAS PENDIDIKAN DAN KEBUDAYAAN - 1.01.2.22.0.00.01.0000,10545163000,57108825,2025,Non Tender,APBD,CV. PUTRA MANIKAM PERSADA,Pengadaan Langsung,Pekerjaan Konstruksi,Rehabilitasi Ruang Kelas SD Negeri 078 Panyabungan,SELESAI,99880112,99880112;
KAB. MANDAILING NATAL,DINAS KESEHATAN - 1.02.0.00.0.00.02.0000,11966629,58541960,2025,E-Katalog 5.0,APBD,PT.Phapros Tbk,E-Purchasing,Pengadaan Barang,Asiklovir/Acyclovir/Aciclovir tablet/kapsul/kaplet 400 mg,MELAKUKAN PENGIRIMAN DAN PENERIMAAN,23812600,23812600;
KAB. MANDAILING NATAL,DINAS PEKERJAAN UMUM DAN PENATAAN RUANG - 1.03.0.00.0.00.03.0000,10160665000,59489799,2025,Non Tender,APBD,CV. RENDER CONSULTANT,Pengadaan Langsung,Jasa Konsultansi Badan Usaha Konstruksi,Riview Penyusunan DED Pembangunan Rumah Dinas Kejari Mandailing Natal,SELESAI,49894500,49894500;
KAB. MANDAILING NATAL,RUMAH SAKIT UMUM DAERAH PANYABUNGAN - 1.02.0.00.0.00.02.0001,11712746,58008995,2025,E-Katalog 5.0,BLUD,PT. Kimia Farma Tbk,E-Purchasing,Pengadaan Barang,Salbutamol sulfate/ Salbutamol tablet/kapsul/kaplet 2 mg-KF,PROSES KONTRAK PPK,1600000,1600000;
KAB. MANDAILING NATAL,DINAS PEKERJAAN UMUM DAN PENATAAN RUANG - 1.03.0.00.0.00.03.0000,11869954,59559157,2025,E-Katalog 5.0,APBD,PT. GASHABAT SUKSES MANDIRI,E-Purchasing,Pengadaan Barang,PASANGAN BATU,PAKET SELESAI,2550000,2550000;
KAB. MANDAILING NATAL,DINAS KOPERASI USAHA KECIL DAN MENENGAH - 2.17.0.00.0.00.16.0000,01K8QJFJ6DJ2ES89A8GDJKQEKS,61145262,2025,E-Katalog 6.0,APBD,HASBIH SHIDDIQ ,E-Purchasing,Barang,Belanja Barang untuk Dijual/Diserahkan kepada Masyarakat,PAYMENT OUTSIDE SYSTEM,108177270,108177270;
KAB. MANDAILING NATAL,DINAS KESEHATAN - 1.02.0.00.0.00.02.0000,11960648,58541960,2025,E-Katalog 5.0,APBD,PT. Holi Pharma,E-Purchasing,Pengadaan Barang,Kalsium laktat (kalk) tab 500 mg,MELAKUKAN PENGIRIMAN DAN PENERIMAAN,8600000,8600000;
KAB. MANDAILING NATAL,DINAS PERUMAHAN RAKYAT DAN KAWASAN PERMUKIMAN SERTA PERTANAHAN - 1.04.2.10.0.00.04.0000,01K5TCXWZ5HXSZ909K9Y2FS8V7,60643066,2025,E-Katalog 6.0,APBD,SINAR JAYA,E-Purchasing,Pekerjaan Konstruksi,BelanJa Modal Jalan Desa,ON PROCESS,1741596985,1741596985;
KAB. MANDAILING NATAL,DINAS PEKERJAAN UMUM DAN PENATAAN RUANG - 1.03.0.00.0.00.03.0000,10198852000,59438241,2025,Non Tender,APBD,CV. PARADISE PARK,Pengadaan Langsung,Pekerjaan Konstruksi,Lanjutan Pembangunan Jembatan Lubuk Samboa Kec. Batang Natal,SELESAI,396800001,396800001;
KAB. MANDAILING NATAL,DINAS KESEHATAN - 1.02.0.00.0.00.02.0000,01KAWKT78YE48EXF2H5VCNDD8C,61852436,2025,E-Katalog 6.0,APBD,TERMINAL PRINT,E-Purchasing,Barang,Belanja Alat/Bahan untuk Kegiatan Kantor-Alat Tulis Kantor-Belanja Cetak dan Penggandaan,ON PROCESS,155915928,155915928;
KAB. MANDAILING NATAL,RUMAH SAKIT UMUM DAERAH PANYABUNGAN - 1.02.0.00.0.00.02.0001,11649280,58008995,2025,E-Katalog 5.0,BLUD,P.T. Dexa Medica,E-Purchasing,Pengadaan Barang,N-asetil sistein kaps 200 mg,PROSES KONTRAK PPK,3876000,3876000;
KAB. MANDAILING NATAL,DINAS KESEHATAN - 1.02.0.00.0.00.02.0000,11966598,58541960,2025,E-Katalog 5.0,APBD,PT Yarindo Farmatama,E-Purchasing,Pengadaan Barang,Diazepam tablet/kapsul/kaplet 2 mg,MELAKUKAN PENGIRIMAN DAN PENERIMAAN,8500000,8500000;
KAB. MANDAILING NATAL,DINAS PENDIDIKAN DAN KEBUDAYAAN - 1.01.2.22.0.00.01.0000,01K3624Q1FAFWB98FY59KS0SCM,60330317,2025,E-Katalog 6.0,APBD,PELITA RAHMAH EDUKASI,E-Purchasing,Barang,Belanja Aset Tetap Lainnya-Bahan Perpustakaan-Bahan Perpustakaan Tercetak-Buku Umum,ON PROCESS,81723000,81723000;
KAB. MANDAILING NATAL,DINAS KESEHATAN - 1.02.0.00.0.00.02.0000,11834071,58580293,2025,E-Katalog 5.0,APBD,PT. Safelock Medical,E-Purchasing,Pengadaan Barang,Infusion Set Pediatric Set Type Y with Airvent,MELAKUKAN PENGIRIMAN DAN PENERIMAAN,47721615,47721615;
KAB. MANDAILING NATAL,RUMAH SAKIT UMUM DAERAH PANYABUNGAN - 1.02.0.00.0.00.02.0001,11833968,58008995,2025,E-Katalog 5.0,BLUD,PT. Amarox Pharma Global,E-Purchasing,Pengadaan Barang,SITAGLIPTIN100,MELAKUKAN PENGIRIMAN DAN PENERIMAAN,10080000,10080000;
KAB. MANDAILING NATAL,DINAS PENGENDALIAN PENDUDUK DAN KELUARGA BERENCANA - 2.14.0.00.0.00.13.0000,10270027000,59276347,2025,Non Tender,APBD,CV. INOVASI GEMILANG,Pengadaan Langsung,Pekerjaan Konstruksi,Rehab Balai Penyuluhan KB Kec. Natal,SELESAI,99890443,99890443;
KAB. MANDAILING NATAL,DINAS PEKERJAAN UMUM DAN PENATAAN RUANG - 1.03.0.00.0.00.03.0000,11869780,59559156,2025,E-Katalog 5.0,APBD,CV. DALIHAN NATOLU,E-Purchasing,Pengadaan Barang,Penyiapan Badan Jalan,MELAKUKAN PENGIRIMAN DAN PENERIMAAN,4066200,4066200;
KAB. MANDAILING NATAL,DINAS PEKERJAAN UMUM DAN PENATAAN RUANG - 1.03.0.00.0.00.03.0000,11869962,59559159,2025,E-Katalog 5.0,APBD,PT. GASHABAT SUKSES MANDIRI,E-Purchasing,Pengadaan Barang,BETON FC 15 Mpa,PAKET SELESAI,74196000,74196000;
KAB. MANDAILING NATAL,DINAS PENDIDIKAN DAN KEBUDAYAAN - 1.01.2.22.0.00.01.0000,10096272000,57108795,2025,Non Tender,APBD,CV. TIARANI UTAMA,Pengadaan Langsung,Jasa Konsultansi Badan Usaha Konstruksi,Jasa Konsultan Perencanaan Rehabilitasi Ruang Kelas SD,SELESAI,98790000,98790000;
KAB. MANDAILING NATAL,DINAS KESEHATAN - 1.02.0.00.0.00.02.0000,11834071,58580293,2025,E-Katalog 5.0,APBD,PT. Safelock Medical,E-Purchasing,Pengadaan Barang,Infusion set Type Y Air Vent Luer Slip,MELAKUKAN PENGIRIMAN DAN PENERIMAAN,47721615,47721615;
KAB. MANDAILING NATAL,SEKRETARIAT DPRD - 4.02.0.00.0.00.25.0000,01KC33E2X66ECJTER96H6RJPH1,61982284,2025,E-Katalog 6.0,APBD,ARULIN SEJAHTERA,E-Purchasing,Barang,Belanja Pakaian Dinas DPRD,ON PROCESS,234126750,234126750;
KAB. MANDAILING NATAL,DINAS KESEHATAN - 1.02.0.00.0.00.02.0000,11966629,58541960,2025,E-Katalog 5.0,APBD,PT.Phapros Tbk,E-Purchasing,Pengadaan Barang,Epinefrin/ Epinephrine (Adrenalin) injeksi 1 mg/mL,MELAKUKAN PENGIRIMAN DAN PENERIMAAN,17484000,17484000;
KAB. MANDAILING NATAL,DINAS PERDAGANGAN - 3.30.3.31.0.00.23.0000,10275487000,57443477,2025,Non Tender,APBD,CV. RRH CONSULTANT,Pengadaan Langsung,Jasa Konsultansi Badan Usaha Non Konstruksi,Jasa Konsultasi Pegawasan Fisik Sarana dan Prasarana Bidang Pegembangan Perdangangan TA.2025,SELESAI,25700000,25700000;
KAB. MANDAILING NATAL,BADAN PENGELOLAAN KEUANGAN DAN ASET DAERAH - 5.02.0.00.0.00.27.0000,01K6VZ9T8S57HDD03WBF18A19E,60943591,2025,E-Katalog 6.0,APBDP,MUTIARA MUTIARA ABADI,E-Purchasing,Barang,Belanja Barang untuk Dijual/Diserahkan kepada Pihak ketiga/Pihak Lain,PAYMENT OUTSIDE SYSTEM,849662820,849662820;
KAB. MANDAILING NATAL,SEKRETARIAT DPRD - 4.02.0.00.0.00.25.0000,01KBH3JZAKEGTGBMNETRY9SS08,61859356,2025,E-Katalog 6.0,APBDP,SETYA SARI SUKSES,E-Purchasing,Barang,Belanja Peralatan dan Mesin-Alat Kantor dan Rumah Tangga-Alat Rumah Tangga-Mebel,ON PROCESS,150516000,150516000;
KAB. MANDAILING NATAL,DINAS KESEHATAN - 1.02.0.00.0.00.02.0000,10235331000,58585779,2025,Non Tender,APBD,CV.HD KARYA CONSULTANT,Pengadaan Langsung,Jasa Konsultansi Badan Usaha Konstruksi,Belanja Jasa Tenaga Ahli - Jasa Konsultan Pengawasan (DAK),SELESAI,99178500,99178500;
KAB. MANDAILING NATAL,DINAS PEKERJAAN UMUM DAN PENATAAN RUANG - 1.03.0.00.0.00.03.0000,11869951,59559150,2025,E-Katalog 5.0,APBD,CV.GUNUNG KULABU,E-Purchasing,Pengadaan Barang,Lapis Resap Pengikat - Aspal Cair-Emulsi,PAKET SELESAI,27054000,27054000;
KAB. MANDAILING NATAL,DINAS PERHUBUNGAN - 2.15.0.00.0.00.14.0000,01K03K4CB2T00J6Y1NYGE4NXPN,59812842,2025,E-Katalog 6.0,APBD,MUTIARA MUTIARA ABADI,E-Purchasing,Barang,Belanja Operasional Dan Pemeliharaan LPJU (Lampu Jalan LED),PAYMENT OUTSIDE SYSTEM,111124986,111124986;
KAB. MANDAILING NATAL,DINAS PEKERJAAN UMUM DAN PENATAAN RUANG - 1.03.0.00.0.00.03.0000,10438902000,60868783,2025,Non Tender,APBD,CV. EMESI NATAMA CONSULTANT,Pengadaan Langsung,Jasa Konsultansi Badan Usaha Konstruksi,Penyusunan Dokumen Perencanaan Jembatan Wilayah III,SELESAI,99855600,99855600;
KAB. MANDAILING NATAL,DINAS KESEHATAN - 1.02.0.00.0.00.02.0000,10064774000,57327827,2025,Non Tender,APBD,CV. CIKAS NUSANTARA,Pengadaan Langsung,Jasa Konsultansi Badan Usaha Non Konstruksi,Belanja Jasa Tenaga Ahli # JASA KONSULTAN PERENCANAAN,SELESAI,98834400,98834400;
KAB. MANDAILING NATAL,RUMAH SAKIT UMUM DAERAH PANYABUNGAN - 1.02.0.00.0.00.02.0001,11806071,58008995,2025,E-Katalog 5.0,BLUD,P.T. Dexa Medica,E-Purchasing,Pengadaan Barang,Propiltiourasil tab 100 mg,MELAKUKAN PENGIRIMAN DAN PENERIMAAN,2255000,2255000;
KAB. MANDAILING NATAL,DINAS PEKERJAAN UMUM DAN PENATAAN RUANG - 1.03.0.00.0.00.03.0000,11864328,59526453,2025,E-Katalog 5.0,APBD,CV. IKHWAN FIRDAUS,E-Purchasing,Pengadaan Barang,Menyediakan End Cap 1/2,MELAKUKAN PENGIRIMAN DAN PENERIMAAN,1785000,1785000;
KAB. MANDAILING NATAL,DINAS PEKERJAAN UMUM DAN PENATAAN RUANG - 1.03.0.00.0.00.03.0000,10201432000,59438977,2025,Non Tender,APBD,HQ PRATAMA CONSULTANT,Pengadaan Langsung,Jasa Konsultansi Badan Usaha Konstruksi,Penyusunan Dokumen Perencanaan Kegiatan Bidang Bina Marga TA. 2026 Wil. III,SELESAI,99750000,99750000;
KAB. MANDAILING NATAL,DINAS PENDIDIKAN DAN KEBUDAYAAN - 1.01.2.22.0.00.01.0000,10326920000,57108801,2025,Non Tender,APBD,CV. ANUGRAH KARYA ABADI,Pengadaan Langsung,Pekerjaan Konstruksi,Rehabilitasi Ruang Kelas SD Negeri 385 Lubuk Kapundung,SELESAI,199758243,199758243;
KAB. MANDAILING NATAL,DINAS KESEHATAN - 1.02.0.00.0.00.02.0000,11959356,58541960,2025,E-Katalog 5.0,APBD,PT. IFARS PHARMACEUTICAL LABORATORIES,E-Purchasing,Pengadaan Barang,Asiklovir/Acyclovir/Aciclovir tablet/kapsul/kaplet 200 mg,MELAKUKAN PENGIRIMAN DAN PENERIMAAN,61680000,61680000;
KAB. MANDAILING NATAL,DINAS PEKERJAAN UMUM DAN PENATAAN RUANG - 1.03.0.00.0.00.03.0000,11869780,59559156,2025,E-Katalog 5.0,APBD,CV. DALIHAN NATOLU,E-Purchasing,Pengadaan Barang,Pasangan Batu dengan Mortar,MELAKUKAN PENGIRIMAN DAN PENERIMAAN,43200000,43200000;
KAB. MANDAILING NATAL,DINAS PERUMAHAN RAKYAT DAN KAWASAN PERMUKIMAN SERTA PERTANAHAN - 1.04.2.10.0.00.04.0000,10074460000,57348084,2025,Non Tender,APBD,PT. CITA KREASI LATENA,Pengadaan Langsung,Jasa Konsultansi Badan Usaha Non Konstruksi,Pemetaan Digitasi Jalan antar Desa antar permukiman,SELESAI,89355000,89355000;
KAB. MANDAILING NATAL,DINAS PEKERJAAN UMUM DAN PENATAAN RUANG - 1.03.0.00.0.00.03.0000,11864328,59526453,2025,E-Katalog 5.0,APBD,CV. IKHWAN FIRDAUS,E-Purchasing,Pengadaan Barang,Menyediakan Tee 1/2,MELAKUKAN PENGIRIMAN DAN PENERIMAAN,3400000,3400000;
KAB. MANDAILING NATAL,DINAS PERDAGANGAN - 3.30.3.31.0.00.23.0000,10601579000,61018227,2025,Non Tender,APBDP,CV. CEMERLANG GEMILANG GROUP,Pengadaan Langsung,Pekerjaan Konstruksi,Pembangunan Musholla di Pasar Eks. Bioskop Tapanuli Kec. Panyabungan,SELESAI,98963900,98963900;
KAB. MANDAILING NATAL,DINAS PERTANIAN - 3.27.0.00.0.00.22.0000,01JXVSJ6849YFPR9SBSPV2DV3E,59725764,2025,E-Katalog 6.0,APBD,RIZKI KARYA,E-Purchasing,Barang,Belanja Barang untuk Dijual/Diserahkan kepada Masyarakat,ON PROCESS,167976000,167976000;
KAB. MANDAILING NATAL,RUMAH SAKIT UMUM DAERAH PANYABUNGAN - 1.02.0.00.0.00.02.0001,01K9RX1A2MRF62570AEGKHN9FJ,58008995,2025,E-Katalog 6.0,BLUD,ASTRAZENECA INDONESIA,E-Purchasing,Barang,Belanja Barang dan Jasa BLUD,ON PROCESS,18854349,0;
KAB. MANDAILING NATAL,DINAS PENDIDIKAN DAN KEBUDAYAAN - 1.01.2.22.0.00.01.0000,10326969000,57108809,2025,Non Tender,APBD,CV. CENTRAL GRAFIKA PRINT,Pengadaan Langsung,Pekerjaan Konstruksi,Rehabilitasi Ruang Kelas SD Negeri 134 Banjar Lancat,SELESAI,199900772,199900772;
"KAB. MANDAILING NATAL,DINAS PEKERJAAN UMUM DAN PENATAAN RUANG - 1.03.0.00.0.00.03.0000,11912701,59559152,2025,E-Katalog 5.0,APBD,CV. KENZO MAHAGANI,E-Purchasing,Pengadaan Barang,""Beton struktur, fc 20 MPa"",PAKET SELESAI,772045000,772045000";
"KAB. MANDAILING NATAL,DINAS PEKERJAAN UMUM DAN PENATAAN RUANG - 1.03.0.00.0.00.03.0000,11864328,59526453,2025,E-Katalog 5.0,APBD,CV. IKHWAN FIRDAUS,E-Purchasing,Pengadaan Barang,""TEE HDPE 2X2 Sni 06-0084-2002 12,5 Kg/Cm2"",MELAKUKAN PENGIRIMAN DAN PENERIMAAN,1423500,1423500";
KAB. MANDAILING NATAL,DINAS KEPENDUDUKAN DAN PENCATATAN SIPIL - 2.12.0.00.0.00.11.0000,01JWX4YH0VGYX43KVM366FK7H4,59642437,2025,E-Katalog 6.0,APBD,INDO PUTRA SEMPURNA,E-Purchasing,Barang,Belanja Alat/Bahan untuk Kegiatan Kantor-Bahan Komputer,ON PROCESS,460514727,0;
KAB. MANDAILING NATAL,DINAS PEKERJAAN UMUM DAN PENATAAN RUANG - 1.03.0.00.0.00.03.0000,11807675,57423741,2025,E-Katalog 5.0,APBD,DEMBAN SIMPAR JAYA,E-Purchasing,Pengadaan Barang,Baja Tulangan Polos-BjTP 280,MELAKUKAN PENGIRIMAN DAN PENERIMAAN,6951000,6951000;
KAB. MANDAILING NATAL,DINAS PENDIDIKAN DAN KEBUDAYAAN - 1.01.2.22.0.00.01.0000,01K46VAD20WSMND9347RRBE661,57108613,2025,E-Katalog 6.0,APBD,BERKAH QYMERA,E-Purchasing,Barang,Belanja Modal Alat Kantor Lainnya,ON PROCESS,140459400,140459400;
KAB. MANDAILING NATAL,DINAS PENDIDIKAN DAN KEBUDAYAAN - 1.01.2.22.0.00.01.0000,01JSB32QDX2EJ3KT379S63CFCC,57107955,2025,E-Katalog 6.0,APBD,HASBIH SHIDDIQ ,E-Purchasing,Barang,Belanja Barang untuk Dijual/Diserahkan kepada Masyarakat,PAYMENT OUTSIDE SYSTEM,212207736,212207736;
KAB. MANDAILING NATAL,DINAS PEKERJAAN UMUM DAN PENATAAN RUANG - 1.03.0.00.0.00.03.0000,11869951,59559150,2025,E-Katalog 5.0,APBD,CV.GUNUNG KULABU,E-Purchasing,Pengadaan Barang,Beton strukur fc 20 MPa,PAKET SELESAI,148740000,148740000;
KAB. MANDAILING NATAL,DINAS KESEHATAN - 1.02.0.00.0.00.02.0000,11969999,58541723,2025,E-Katalog 5.0,APBD,PT.ERELA,E-Purchasing,Pengadaan Barang,Antasida Tab Kunyah,MELAKUKAN PENGIRIMAN DAN PENERIMAAN,90000000,90000000;
KAB. MANDAILING NATAL,DINAS KESEHATAN - 1.02.0.00.0.00.02.0000,11876057,58541960,2025,E-Katalog 5.0,APBD,PT.Bernofarm,E-Purchasing,Pengadaan Barang,Lidocaine Hydrochloride/ Lidocaine/ Lidocain/ Lidokain injeksi 2%,MELAKUKAN PENGIRIMAN DAN PENERIMAAN,2850000,2850000;
KAB. MANDAILING NATAL,DINAS PEKERJAAN UMUM DAN PENATAAN RUANG - 1.03.0.00.0.00.03.0000,11869706,59559155,2025,E-Katalog 5.0,APBD,CV. PUTRA JAYA,E-Purchasing,Pengadaan Barang,Lapis Rekat Pengikat - Aspal Cair/Emulsi,MELAKUKAN PENGIRIMAN DAN PENERIMAAN,45479600,45479600;
KAB. MANDAILING NATAL,DINAS PEKERJAAN UMUM DAN PENATAAN RUANG - 1.03.0.00.0.00.03.0000,11869954,59559157,2025,E-Katalog 5.0,APBD,PT. GASHABAT SUKSES MANDIRI,E-Purchasing,Pengadaan Barang,TIMBUNAN PILIHAN DARI SUMBER GALIAN,PAKET SELESAI,11622600,11622600;
KAB. MANDAILING NATAL,DINAS PENGENDALIAN PENDUDUK DAN KELUARGA BERENCANA - 2.14.0.00.0.00.13.0000,10466184000,59276743,2025,Non Tender,APBD,CV. ANUGRAH ALAM MANDIRI,Pengadaan Langsung,Pekerjaan Konstruksi,Rehab Gudang Alat dan Obat Kontrasepsi,SELESAI,99876346,99876346;
KAB. MANDAILING NATAL,RUMAH SAKIT UMUM DAERAH PANYABUNGAN - 1.02.0.00.0.00.02.0001,11634988,58008995,2025,E-Katalog 5.0,BLUD,PT. Mersifarma Tirmaku Mercusana,E-Purchasing,Pengadaan Barang,Klobazam tab 10 mg,PROSES KONTRAK PPK,2065000,2065000;
KAB. MANDAILING NATAL,DINAS PEKERJAAN UMUM DAN PENATAAN RUANG - 1.03.0.00.0.00.03.0000,11807675,57423741,2025,E-Katalog 5.0,APBD,DEMBAN SIMPAR JAYA,E-Purchasing,Pengadaan Barang,Lapis Resap Pengikat - Aspal Cair - Emulsi,MELAKUKAN PENGIRIMAN DAN PENERIMAAN,56347500,56347500;
KAB. MANDAILING NATAL,RUMAH SAKIT UMUM DAERAH PANYABUNGAN - 1.02.0.00.0.00.02.0001,11833953,58008995,2025,E-Katalog 5.0,BLUD,PT. Kimia Farma Tbk,E-Purchasing,Pengadaan Barang,Ketokonazol/ Ketoconazole krim 2%,MELAKUKAN PENGIRIMAN DAN PENERIMAAN,344448,344448;
KAB. MANDAILING NATAL,RUMAH SAKIT UMUM DAERAH PANYABUNGAN - 1.02.0.00.0.00.02.0001,12112713,59725914,2025,E-Katalog 5.0,BLUD,PT. NOVELL PHARMACEUTICAL LABORATORIES,E-Purchasing,Pengadaan Barang,Efedrin/Ephedrine HCl Inj 50 mg/ml,MELAKUKAN PENGIRIMAN DAN PENERIMAAN,1332000,1332000;
KAB. MANDAILING NATAL,DINAS PEKERJAAN UMUM DAN PENATAAN RUANG - 1.03.0.00.0.00.03.0000,11864328,59526453,2025,E-Katalog 5.0,APBD,CV. IKHWAN FIRDAUS,E-Purchasing,Pengadaan Barang,Menyediakan Tutup Meteran,MELAKUKAN PENGIRIMAN DAN PENERIMAAN,15555000,15555000;
"KAB. MANDAILING NATAL,RUMAH SAKIT UMUM DAERAH PANYABUNGAN - 1.02.0.00.0.00.02.0001,11824113,58008995,2025,E-Katalog 5.0,BLUD,PT Otsuka Indonesia,E-Purchasing,Pengadaan Barang,""Larutan mengandung Asam Amino (Asam Amino 27 g, Sorbitol 50 g, Cl-52 mEq), @ 500 mL"",MELAKUKAN PENGIRIMAN DAN PENERIMAAN,1220304,1220304";
KAB. MANDAILING NATAL,RUMAH SAKIT UMUM DAERAH PANYABUNGAN - 1.02.0.00.0.00.02.0001,11944279,58008995,2025,E-Katalog 5.0,BLUD,PT. ANUGRAHMITRA SELARAS,E-Purchasing,Pengadaan Barang,SAFE MASK 3 Ply Earloop Surgical Face Mask,MELAKUKAN PENGIRIMAN DAN PENERIMAAN,4956800,4956800;
KAB. MANDAILING NATAL,BADAN PENGELOLAAN KEUANGAN DAN ASET DAERAH - 5.02.0.00.0.00.27.0000,10357784000,56043635,2025,Non Tender,APBD,PT. MARGA BHUANA JAYA CONSULTANT,Pengadaan Langsung,Jasa Konsultansi Badan Usaha Non Konstruksi,Belanja Jasa Tenaga Ahli,SELESAI,99300000,99300000;
KAB. MANDAILING NATAL,DINAS PENDIDIKAN DAN KEBUDAYAAN - 1.01.2.22.0.00.01.0000,10327023000,57108806,2025,Non Tender,APBD,CV. TORKIS LUBIS GROUP,Pengadaan Langsung,Pekerjaan Konstruksi,Rehabilitasi Ruang Kelas SD Negeri 043 Muara Batang Angkola,SELESAI,199777621,199777621;
KAB. MANDAILING NATAL,DINAS PENDIDIKAN DAN KEBUDAYAAN - 1.01.2.22.0.00.01.0000,01KD7WNMAK7XJNFQFPF83GZ47R,62301883,2025,E-Katalog 6.0,APBDP,PUTRA PRATAMA,E-Purchasing,Barang,Bantuan Untuk Peserta Didik Terdampak Bencana,ON PROCESS,202683400,202683400;
KAB. MANDAILING NATAL,DINAS SOSIAL PEMBERDAYAAN PEREMPUAN DAN PERLINDUNGAN ANAK - 1.06.2.08.0.00.07.0000,01JYGGZ38VYJ6Q9QAJXBSXEG20,59483570,2025,E-Katalog 6.0,APBD,HASBIH SHIDDIQ ,E-Purchasing,Barang,Belanja Barang untuk Dijual/Diserahkan kepada Masyarakat,PAYMENT OUTSIDE SYSTEM,182900000,182900000;
KAB. MANDAILING NATAL,RUMAH SAKIT UMUM DAERAH PANYABUNGAN - 1.02.0.00.0.00.02.0001,11789985,58008995,2025,E-Katalog 5.0,BLUD,PT. BALATIF,E-Purchasing,Pengadaan Barang,SODIUM BICARBONATE,MELAKUKAN PENGIRIMAN DAN PENERIMAAN,5150000,5150000;
KAB. MANDAILING NATAL,DINAS PENDIDIKAN DAN KEBUDAYAAN - 1.01.2.22.0.00.01.0000,01K46SXQNGEA04WD1HJXA03DBH,59214427,2025,E-Katalog 6.0,APBD,BERKAH QYMERA,E-Purchasing,Barang,Belanja Modal Alat Kantor Lainnya,ON PROCESS,80475000,80475000;
KAB. MANDAILING NATAL,RUMAH SAKIT UMUM DAERAH PANYABUNGAN - 1.02.0.00.0.00.02.0001,11665854,58008995,2025,E-Katalog 5.0,BLUD,PT. Holi Pharma,E-Purchasing,Pengadaan Barang,Ibuprofen tab 400 mg,PROSES KONTRAK PPK,2080000,2080000;
KAB. MANDAILING NATAL,DINAS PERDAGANGAN - 3.30.3.31.0.00.23.0000,10278397000,60108870,2025,Non Tender,APBD,CV. ALDRICH PERDANA KARYA,Pengadaan Langsung,Pekerjaan Konstruksi,Penataan Pedagang Pelaku Usaha Kecil di Pasar Baru Panyabungan,SELESAI,198608150,198608150;
KAB. MANDAILING NATAL,DINAS PERUMAHAN RAKYAT DAN KAWASAN PERMUKIMAN SERTA PERTANAHAN - 1.04.2.10.0.00.04.0000,10078875000,57348086,2025,Non Tender,APBD,PT.SADHYA GRAHACARA,Pengadaan Langsung,Jasa Konsultansi Badan Usaha Konstruksi,Pembuatan DED PSU Kawasan Kumuh Kel. Kota Siantar Kec.Panyabungan,SELESAI,99789000,99789000;
KAB. MANDAILING NATAL,DINAS PEKERJAAN UMUM DAN PENATAAN RUANG - 1.03.0.00.0.00.03.0000,11830442,57424552,2025,E-Katalog 5.0,APBD,DEMBAN SIMPAR JAYA,E-Purchasing,Pengadaan Barang,Lapis Resap Pengikat - Aspal Cair - Emulsi,MELAKUKAN PENGIRIMAN DAN PENERIMAAN,84480000,84480000;
KAB. MANDAILING NATAL,RUMAH SAKIT UMUM DAERAH PANYABUNGAN - 1.02.0.00.0.00.02.0001,12031151,59434469,2025,E-Katalog 5.0,APBD,PT. Sometech Indonesia,E-Purchasing,Pengadaan Barang,Dr. OPPEL Electrosurgical Unit ST-501 ENT SET,PROSES KONTRAK PPK,163400000,0;
KAB. MANDAILING NATAL,DINAS KESEHATAN - 1.02.0.00.0.00.02.0000,11834071,58580293,2025,E-Katalog 5.0,APBD,PT. Safelock Medical,E-Purchasing,Pengadaan Barang,Blood Lancet,MELAKUKAN PENGIRIMAN DAN PENERIMAAN,27987250,27987250;
KAB. MANDAILING NATAL,DINAS PERUMAHAN RAKYAT DAN KAWASAN PERMUKIMAN SERTA PERTANAHAN - 1.04.2.10.0.00.04.0000,10106347000,57348082,2025,Non Tender,APBD,PT. CITA KREASI LATENA,Pengadaan Langsung,Jasa Konsultansi Badan Usaha Non Konstruksi,Pemutakhiran Data RTLH Kabupaten Mandailing Natal,SELESAI,98679000,98679000;
KAB. MANDAILING NATAL,RUMAH SAKIT UMUM DAERAH PANYABUNGAN - 1.02.0.00.0.00.02.0001,12028977,58008995,2025,E-Katalog 5.0,BLUD,PT. Mersifarma Tirmaku Mercusana,E-Purchasing,Pengadaan Barang,Sertralin tab sal 50 mg,MELAKUKAN PENGIRIMAN DAN PENERIMAAN,2031000,2031000;
KAB. MANDAILING NATAL,DINAS PENDIDIKAN DAN KEBUDAYAAN - 1.01.2.22.0.00.01.0000,10327021000,57108829,2025,Non Tender,APBD,CV. ANUGRAH KARYA ABADI,Pengadaan Langsung,Pekerjaan Konstruksi,Rehabilitasi Ruang Kelas SD Negeri 049 Sidojadi,SELESAI,149710573,149710573;
KAB. MANDAILING NATAL,DINAS PEKERJAAN UMUM DAN PENATAAN RUANG - 1.03.0.00.0.00.03.0000,11869780,59559156,2025,E-Katalog 5.0,APBD,CV. DALIHAN NATOLU,E-Purchasing,Pengadaan Barang,Timbunan Pilihan dari sumber galian,MELAKUKAN PENGIRIMAN DAN PENERIMAAN,14277600,14277600;
"KAB. MANDAILING NATAL,RUMAH SAKIT UMUM DAERAH PANYABUNGAN - 1.02.0.00.0.00.02.0001,11969404,58008995,2025,E-Katalog 5.0,BLUD,PT AstraZeneca Indonesia,E-Purchasing,Pengadaan Barang,""Kombinasi KDT/FDC setiap dosis mengandung Budesonid 160 mcg/Formoterol 4,5 mcg Ih 120 dosis, Turbuhaler"",MELAKUKAN PENGIRIMAN DAN PENERIMAAN,16684000,0";
KAB. MANDAILING NATAL,DINAS KESEHATAN - 1.02.0.00.0.00.02.0000,11966587,58541960,2025,E-Katalog 5.0,APBD,PT. TRIMAN,E-Purchasing,Pengadaan Barang,ALLOPURINOL 300/ALOPURINOL/TABLET/KAPLET/KAPSUL,MELAKUKAN PENGIRIMAN DAN PENERIMAAN,54800000,54800000;
KAB. MANDAILING NATAL,RUMAH SAKIT UMUM DAERAH PANYABUNGAN - 1.02.0.00.0.00.02.0001,01K9EXC80J7659PTG6C8SQEE19,58008995,2025,E-Katalog 6.0,BLUD,NOVELL PHARMACEUTICAL LABORATORIES,E-Purchasing,Barang,Belanja Barang dan Jasa BLUD,ON PROCESS,5239200,5239200;
KAB. MANDAILING NATAL,DINAS PENDIDIKAN DAN KEBUDAYAAN - 1.01.2.22.0.00.01.0000,10326966000,57108818,2025,Non Tender,APBD,CV. TORKIS LUBIS GROUP,Pengadaan Langsung,Pekerjaan Konstruksi,Rehabilitasi Ruang Kelas SD Negeri 139 Sirambas,SELESAI,149786731,149786731;
KAB. MANDAILING NATAL,DINAS PEKERJAAN UMUM DAN PENATAAN RUANG - 1.03.0.00.0.00.03.0000,10156983000,59400815,2025,Non Tender,APBD,CV. DWI LESTARI,Pengadaan Langsung,Pekerjaan Konstruksi,Lajutan Pembangunan RSUD Panyabungan,SELESAI,398307000,398307000;
KAB. MANDAILING NATAL,RUMAH SAKIT UMUM DAERAH PANYABUNGAN - 1.02.0.00.0.00.02.0001,11712746,58008995,2025,E-Katalog 5.0,BLUD,PT. Kimia Farma Tbk,E-Purchasing,Pengadaan Barang,Azitromisin/Azithromycin dihydrate tablet salut selaput/kaplet salut selaput 500 mg,PROSES KONTRAK PPK,606800,606800;
KAB. MANDAILING NATAL,DINAS PARIWISATA - 3.26.0.00.0.00.21.0000,10554508000,61562470,2025,Non Tender,APBD,CV. CONSULTANT MORA NI MORA,Pengadaan Langsung,Jasa Konsultansi Badan Usaha Konstruksi,Jasa Konsultan Detail Engenering Desain (DED) Destinasi Wisata (Pembuatan Site Plan Bagas Godang Kab. Mandailing Natal di Desa Purba Baru),SELESAI,24975000,24975000;
KAB. MANDAILING NATAL,BADAN PENGELOLAAN KEUANGAN DAN ASET DAERAH - 5.02.0.00.0.00.27.0000,01JYDM77ADM9PX6EP9V3KY3QZN,59035028,2025,E-Katalog 6.0,APBD,KREATIFITAS CEMERLANG,E-Purchasing,Barang,Belanja Modal Komputer Unit Lainnya,PAYMENT OUTSIDE SYSTEM,64158000,64158000;
KAB. MANDAILING NATAL,DINAS PERHUBUNGAN - 2.15.0.00.0.00.14.0000,01K0NRQ2ND1AE0PBYQJASMS4CW,60045675,2025,E-Katalog 6.0,APBD,MUTIARA MUTIARA ABADI,E-Purchasing,Barang,Belanja Bahan Meterisasi LPJU Kecamatan Panyabungan,PAYMENT OUTSIDE SYSTEM,50838000,50838000;
KAB. MANDAILING NATAL,DINAS PEKERJAAN UMUM DAN PENATAAN RUANG - 1.03.0.00.0.00.03.0000,11912701,59559152,2025,E-Katalog 5.0,APBD,CV. KENZO MAHAGANI,E-Purchasing,Pengadaan Barang,Galian untuk Selokan Drainase dan Saluran Air,PAKET SELESAI,18627300,18627300;
KAB. MANDAILING NATAL,DINAS KESEHATAN - 1.02.0.00.0.00.02.0000,11966616,58541960,2025,E-Katalog 5.0,APBD,PT. TRIFA RAYA LABORATORIES,E-Purchasing,Pengadaan Barang,DOMPERIDONE 10 MG,MELAKUKAN PENGIRIMAN DAN PENERIMAAN,4050000,4050000;
KAB. MANDAILING NATAL,DINAS PERTANIAN - 3.27.0.00.0.00.22.0000,01JXYJ7PY7RSQR8HJ6QJ2M3R1A,59288633,2025,E-Katalog 6.0,APBD,SETYA SARI SUKSES,E-Purchasing,Barang,Belanja Bahan-Bahan/Bibit Tanaman,ON PROCESS,55000000,55000000;
KAB. MANDAILING NATAL,DINAS PENDIDIKAN DAN KEBUDAYAAN - 1.01.2.22.0.00.01.0000,10072156000,57108756,2025,Tender,APBD,CV. KREATIFITAS CEMERLANG,Tender,Pekerjaan Konstruksi,Pembangunan Ruang Kelas Baru Beserta Perabotnya (DAU) - SD Negeri 405 Simpang Bambu,SELESAI,423745571,423745571;
KAB. MANDAILING NATAL,DINAS PEKERJAAN UMUM DAN PENATAAN RUANG - 1.03.0.00.0.00.03.0000,11869780,59559156,2025,E-Katalog 5.0,APBD,CV. DALIHAN NATOLU,E-Purchasing,Pengadaan Barang,Marka Jalan Termoplastik,MELAKUKAN PENGIRIMAN DAN PENERIMAAN,5506200,5506200;
"KAB. MANDAILING NATAL,RUMAH SAKIT UMUM DAERAH PANYABUNGAN - 1.02.0.00.0.00.02.0001,11936546,58008995,2025,E-Katalog 5.0,BLUD,PT. Galenium Pharmasia Laboratories,E-Purchasing,Pengadaan Barang,""Scabimite, Permethrin 5%, 10 gr"",MELAKUKAN PENGIRIMAN DAN PENERIMAAN,3000000,3000000";
KAB. MANDAILING NATAL,DINAS PENDIDIKAN DAN KEBUDAYAAN - 1.01.2.22.0.00.01.0000,10072161000,57108751,2025,Tender,APBD,CV. BINTANG BUDI MANDIRI,Tender,Pekerjaan Konstruksi,Pembangunan Ruang Kelas Baru Beserta Perabotnya (DAU) - SD Negeri 333 Bintungan Bejangkar Baru,SELESAI,600000000,600000000;
KAB. MANDAILING NATAL,DINAS PENDIDIKAN DAN KEBUDAYAAN - 1.01.2.22.0.00.01.0000,01JPAG5CVA5H871C6BDNMJ17N5,57109225,2025,E-Katalog 6.0,APBD,CHRISTY DAN JONATHAN,E-Purchasing,Barang,Belanja Modal Mebel,ON PROCESS,2904592500,2904592500;
"KAB. MANDAILING NATAL,DINAS PEKERJAAN UMUM DAN PENATAAN RUANG - 1.03.0.00.0.00.03.0000,10604053000,60892454,2025,Non Tender,APBDP,SYAIFUL ANWAR DAULAY,Pengadaan Langsung,Jasa Konsultansi Perorangan Konstruksi,""Konsultansi Pengawasan Kegiatan Untuk Konstruksi Pengendali Banjir, Lahar, Drainase Utama Perkotaan dan Pengaman Pantai"",SELESAI,15000000,15000000";
"KAB. MANDAILING NATAL,DINAS KESEHATAN - 1.02.0.00.0.00.02.0000,11959299,58541960,2025,E-Katalog 5.0,APBD,PT. Kimia Farma Tbk,E-Purchasing,Pengadaan Barang,""Betametason/Betamethasone Valerate krim 0,1%"",MELAKUKAN PENGIRIMAN DAN PENERIMAAN,3996000,3996000";
KAB. MANDAILING NATAL,RUMAH SAKIT UMUM DAERAH PANYABUNGAN - 1.02.0.00.0.00.02.0001,12011138,58008995,2025,E-Katalog 5.0,BLUD,PT. NOVELL PHARMACEUTICAL LABORATORIES,E-Purchasing,Pengadaan Barang,Efedrin/Ephedrine HCl Inj 50 mg/ml,MELAKUKAN PENGIRIMAN DAN PENERIMAAN,666000,666000;
KAB. MANDAILING NATAL,RUMAH SAKIT UMUM DAERAH PANYABUNGAN - 1.02.0.00.0.00.02.0001,11649288,58008995,2025,E-Katalog 5.0,BLUD,PT ANUGERAH REZEKI BERSAMA INDONESIA,E-Purchasing,Pengadaan Barang,CONTOUR Plus Strip Uji Glukosa Darah Blood Glucose Test Strip,PROSES KONTRAK PPK,8547000,8547000;
KAB. MANDAILING NATAL,DINAS KESEHATAN - 1.02.0.00.0.00.02.0000,11956387,58541960,2025,E-Katalog 5.0,APBD,PT.Bernofarm,E-Purchasing,Pengadaan Barang,BETHAMETASONE DIPROPIONATE 0.5 MG @5gr,MELAKUKAN PENGIRIMAN DAN PENERIMAAN,23600000,23600000;
KAB. MANDAILING NATAL,BAGIAN UMUM - 4.01.5.06.0.00.24.0009,10614629000,61723889,2025,Non Tender,APBDP,CV. CENTRAL GRAFIKA PRINT,Pengadaan Langsung,Pekerjaan Konstruksi,Pengecatan Pagar Rumah Dinas Pimpinan,SELESAI,99899998,99899998;
KAB. MANDAILING NATAL,DINAS PEKERJAAN UMUM DAN PENATAAN RUANG - 1.03.0.00.0.00.03.0000,11912701,59559152,2025,E-Katalog 5.0,APBD,CV. KENZO MAHAGANI,E-Purchasing,Pengadaan Barang,Penyiapan Badan Jalan,PAKET SELESAI,2540830,2540830;
KAB. MANDAILING NATAL,DINAS PEKERJAAN UMUM DAN PENATAAN RUANG - 1.03.0.00.0.00.03.0000,11830442,57424552,2025,E-Katalog 5.0,APBD,DEMBAN SIMPAR JAYA,E-Purchasing,Pengadaan Barang,Bahan anti pengelupasan,MELAKUKAN PENGIRIMAN DAN PENERIMAAN,6466000,6466000;
KAB. MANDAILING NATAL,RUMAH SAKIT UMUM DAERAH PANYABUNGAN - 1.02.0.00.0.00.02.0001,11712746,58008995,2025,E-Katalog 5.0,BLUD,PT. Kimia Farma Tbk,E-Purchasing,Pengadaan Barang,Ketoprofen supositoria 100 mg KF,PROSES KONTRAK PPK,1402200,1402200;
KAB. MANDAILING NATAL,DINAS KESEHATAN - 1.02.0.00.0.00.02.0000,11966604,58541960,2025,E-Katalog 5.0,APBD,PT. Holi Pharma,E-Purchasing,Pengadaan Barang,Chloramphenicol/ Chloramphenicol palmitate/ Kloramfenikol suspensi 125 mg/ 5 ml,MELAKUKAN PENGIRIMAN DAN PENERIMAAN,37884000,37884000;
KAB. MANDAILING NATAL,DINAS PERUMAHAN RAKYAT DAN KAWASAN PERMUKIMAN SERTA PERTANAHAN - 1.04.2.10.0.00.04.0000,01K6VKDA4F4391SPNE8Y9GPJT2,60840177,2025,E-Katalog 6.0,APBD,SINAR JAYA,E-Purchasing,Pekerjaan Konstruksi,Pekerjaan BelanJa Modal Jalan Desa ,ON PROCESS,1473036133,1473036133;
KAB. MANDAILING NATAL,DINAS KESEHATAN - 1.02.0.00.0.00.02.0000,11966596,58541960,2025,E-Katalog 5.0,APBD,PT. PUTRA KARYA SENTOSA,E-Purchasing,Pengadaan Barang,Griseofulvin tablet 125 mg,MELAKUKAN PENGIRIMAN DAN PENERIMAAN,68600000,68600000;
KAB. MANDAILING NATAL,DINAS KESEHATAN - 1.02.0.00.0.00.02.0000,11966587,58541960,2025,E-Katalog 5.0,APBD,PT. TRIMAN,E-Purchasing,Pengadaan Barang,Metronidazole/Metronidazol tablet/kapsul/kaplet 500 mg,MELAKUKAN PENGIRIMAN DAN PENERIMAAN,72750000,72750000;
KAB. MANDAILING NATAL,DINAS KESEHATAN - 1.02.0.00.0.00.02.0000,12028975,58580293,2025,E-Katalog 5.0,APBD,PT Axion Jaya Alkesindo,E-Purchasing,Pengadaan Barang,Intravena Kateter 26G,MELAKUKAN PENGIRIMAN DAN PENERIMAAN,24200000,24200000;
KAB. MANDAILING NATAL,RUMAH SAKIT UMUM DAERAH PANYABUNGAN - 1.02.0.00.0.00.02.0001,01K8Q74WZ1A2T2WW9XBDZKP9MW,58008995,2025,E-Katalog 6.0,BLUD,HOLI PHARMA,E-Purchasing,Barang,Belanja Barang dan Jasa BLUD,ON PROCESS,5252742,5252742;
KAB. MANDAILING NATAL,SEKRETARIAT DAERAH KABUPATEN - 4.01.5.06.0.00.24.0000,01KAJVWVG488MP0CWAMY4TGXX8,61723701,2025,E-Katalog 6.0,APBDP,HASBIH SHIDDIQ ,E-Purchasing,Barang,Belanja Alat/Bahan untuk Kegiatan Kantor-Alat/Bahan untuk Kegiatan Kantor Lainnya,PAYMENT OUTSIDE SYSTEM,62004600,62004600;
KAB. MANDAILING NATAL,DINAS KESEHATAN - 1.02.0.00.0.00.02.0000,11751261,58579618,2025,E-Katalog 5.0,APBD,PT. STANDARD BIOSENSOR HEALTHCARE,E-Purchasing,Pengadaan Barang,R HPV hr qPCR Low Profile (96 Test) (Bundling 2 Kit Serenity NC Collection Preservation kit + 2 Kit Ribospin Vrd),MELAKUKAN PENGIRIMAN DAN PENERIMAAN,842260384,842260384;
KAB. MANDAILING NATAL,DINAS PEKERJAAN UMUM DAN PENATAAN RUANG - 1.03.0.00.0.00.03.0000,11869954,59559157,2025,E-Katalog 5.0,APBD,PT. GASHABAT SUKSES MANDIRI,E-Purchasing,Pengadaan Barang,PASANGAN BATU DENGAN MORTAR,PAKET SELESAI,21510000,21510000;
KAB. MANDAILING NATAL,DINAS KESEHATAN - 1.02.0.00.0.00.02.0000,12064210,59720462,2025,E-Katalog 5.0,APBD,PT Kurnia Sarana Abadi,E-Purchasing,Pengadaan Barang,Paket Barang Medis Habis Pakai Uji Saring Neonatus,MELAKUKAN PENGIRIMAN DAN PENERIMAAN,109211200,109211200;
KAB. MANDAILING NATAL,DINAS KESEHATAN - 1.02.0.00.0.00.02.0000,12000921,58541960,2025,E-Katalog 5.0,APBD,P.T. Dexa Medica,E-Purchasing,Pengadaan Barang,STIMUNO SYRUP ORANGE BERRY 60ML,MELAKUKAN PENGIRIMAN DAN PENERIMAAN,43407360,43407360;
KAB. MANDAILING NATAL,RUMAH SAKIT UMUM DAERAH PANYABUNGAN - 1.02.0.00.0.00.02.0001,11934935,58008995,2025,E-Katalog 5.0,BLUD,PT. Kimia Farma Tbk,E-Purchasing,Pengadaan Barang,Kodein tab 10 mg,MELAKUKAN PENGIRIMAN DAN PENERIMAAN,3960000,3960000;
KAB. MANDAILING NATAL,DINAS PERUMAHAN RAKYAT DAN KAWASAN PERMUKIMAN SERTA PERTANAHAN - 1.04.2.10.0.00.04.0000,10074463000,57348089,2025,Non Tender,APBD,PT. MARGA BHUANA JAYA CONSULTANT,Pengadaan Langsung,Jasa Konsultansi Badan Usaha Konstruksi,Pembuatan DED PSU Kawasan Kumuh Desa Huta Pungkut Julu Kec. Kotanopan,SELESAI,99900000,99900000;
KAB. MANDAILING NATAL,DINAS KESEHATAN - 1.02.0.00.0.00.02.0000,11966606,58541960,2025,E-Katalog 5.0,APBD,PT Otsuka Indonesia,E-Purchasing,Pengadaan Barang,Magnesium sulfat injeksi 20%  (i.v.) @ 25 mL.,MELAKUKAN PENGIRIMAN DAN PENERIMAAN,1641000,1641000;
KAB. MANDAILING NATAL,DINAS PEKERJAAN UMUM DAN PENATAAN RUANG - 1.03.0.00.0.00.03.0000,11869706,59559155,2025,E-Katalog 5.0,APBD,CV. PUTRA JAYA,E-Purchasing,Pengadaan Barang,Lapis fondasi Agregat Kelas A,MELAKUKAN PENGIRIMAN DAN PENERIMAAN,267750000,267750000;
KAB. MANDAILING NATAL,DINAS PEKERJAAN UMUM DAN PENATAAN RUANG - 1.03.0.00.0.00.03.0000,10175705000,59559149,2025,Non Tender,APBD,PT. Arangsibu Raya Consultant,Pengadaan Langsung,Jasa Konsultansi Badan Usaha Konstruksi,Jasa Konsultansi Pengawasan Kegiatan Bidang Bina Marga Wil. I TA.2025,SELESAI,99605850,99605850;
KAB. MANDAILING NATAL,RUMAH SAKIT UMUM DAERAH PANYABUNGAN - 1.02.0.00.0.00.02.0001,12010932,58008995,2025,E-Katalog 5.0,BLUD,PT. NOVELL PHARMACEUTICAL LABORATORIES,E-Purchasing,Pengadaan Barang,Tiamazol Tab 10 mg,MELAKUKAN PENGIRIMAN DAN PENERIMAAN,2931000,2931000;
KAB. MANDAILING NATAL,RUMAH SAKIT UMUM DAERAH PANYABUNGAN - 1.02.0.00.0.00.02.0001,11871237,58008995,2025,E-Katalog 5.0,BLUD,PT. Hexpharm Jaya Laboratories,E-Purchasing,Pengadaan Barang,Lansoprazol kaps 30 mg,MELAKUKAN PENGIRIMAN DAN PENERIMAAN,16880000,16880000;
KAB. MANDAILING NATAL,DINAS PENGENDALIAN PENDUDUK DAN KELUARGA BERENCANA - 2.14.0.00.0.00.13.0000,01K8SQSXH9J5ZYEM9R8BT4M761,61248697,2025,E-Katalog 6.0,APBD,KRISNA MANDIRI,E-Purchasing,Barang,Belanja Pengadaan BKB Kit Stunting (DAK BOKB),ON PROCESS,129870000,129870000;
KAB. MANDAILING NATAL,RUMAH SAKIT UMUM DAERAH PANYABUNGAN - 1.02.0.00.0.00.02.0001,11649280,58008995,2025,E-Katalog 5.0,BLUD,P.T. Dexa Medica,E-Purchasing,Pengadaan Barang,Asam ursodeoksikolat kaps 250 mg,PROSES KONTRAK PPK,2338500,2338500;
KAB. MANDAILING NATAL,DINAS PERHUBUNGAN - 2.15.0.00.0.00.14.0000,01K6J2MV9KTWPDQZNC5J448923,60832402,2025,E-Katalog 6.0,APBD,ALDRICH PERDANA KARYA,E-Purchasing,Barang,Penyediaan LPJU Konvensional di Ruas Jalan Nasional Kec. Muarasipongi,PAYMENT OUTSIDE SYSTEM,66907000,66907000;
KAB. MANDAILING NATAL,DINAS PENDIDIKAN DAN KEBUDAYAAN - 1.01.2.22.0.00.01.0000,01JP9RG8VXP50SSAWTEPWZAP5V,57108614,2025,E-Katalog 6.0,APBD,IKHWAN FIRDAUS,E-Purchasing,Barang,Belanja Modal Mebel,ON PROCESS,5298036000,5298036000;
KAB. MANDAILING NATAL,RUMAH SAKIT UMUM DAERAH PANYABUNGAN - 1.02.0.00.0.00.02.0001,11665854,58008995,2025,E-Katalog 5.0,BLUD,PT. Holi Pharma,E-Purchasing,Pengadaan Barang,Kalsium laktat (kalk) tab 500 mg,PROSES KONTRAK PPK,258000,258000;
KAB. MANDAILING NATAL,DINAS PEKERJAAN UMUM DAN PENATAAN RUANG - 1.03.0.00.0.00.03.0000,11869951,59559150,2025,E-Katalog 5.0,APBD,CV.GUNUNG KULABU,E-Purchasing,Pengadaan Barang,Penyiapan Badan Jalan,PAKET SELESAI,6250400,6250400;
KAB. MANDAILING NATAL,RUMAH SAKIT UMUM DAERAH PANYABUNGAN - 1.02.0.00.0.00.02.0001,11828430,59433543,2025,E-Katalog 5.0,APBD,PT. MEGA ANDALAN KALASAN,E-Purchasing,Pengadaan Barang,Electric Operating Table MO213,MELAKUKAN PENGIRIMAN DAN PENERIMAAN,401300000,401300000;
KAB. MANDAILING NATAL,RUMAH SAKIT UMUM DAERAH PANYABUNGAN - 1.02.0.00.0.00.02.0001,01K0BE06V5BY43BPNJ9HMDWXPZ,57987981,2025,E-Katalog 6.0,APBD,DIKARA GUNA RAKSA,E-Purchasing,Barang,Belanja Modal Feeder,PAYMENT OUTSIDE SYSTEM,1279830000,1279830000;
KAB. MANDAILING NATAL,DINAS PEKERJAAN UMUM DAN PENATAAN RUANG - 1.03.0.00.0.00.03.0000,11869962,59559159,2025,E-Katalog 5.0,APBD,PT. GASHABAT SUKSES MANDIRI,E-Purchasing,Pengadaan Barang,LAPIS PEREKAT-ASPAL CAIR/EMULSI,PAKET SELESAI,578000,578000;
KAB. MANDAILING NATAL,SEKRETARIAT DPRD - 4.02.0.00.0.00.25.0000,01KA832ADWZQ2AV95YQN219HAR,61568054,2025,E-Katalog 6.0,APBD,SETYA SARI SUKSES,E-Purchasing,Barang,Belanja Modal Kursi Kerja Pejabat,ON PROCESS,1014651000,1014651000;
KAB. MANDAILING NATAL,DINAS PENDIDIKAN DAN KEBUDAYAAN - 1.01.2.22.0.00.01.0000,10326956000,59833677,2025,Non Tender,APBD,CV. HANAYA KARYA PERSADA,Pengadaan Langsung,Pekerjaan Konstruksi,Rehabilitasi Ruang Kelas SD Negeri 162 Aek Marian,SELESAI,148250000,148250000;
KAB. MANDAILING NATAL,DINAS PEKERJAAN UMUM DAN PENATAAN RUANG - 1.03.0.00.0.00.03.0000,11869951,59559150,2025,E-Katalog 5.0,APBD,CV.GUNUNG KULABU,E-Purchasing,Pengadaan Barang,Timbunan Pilihan dari sumber galian,PAKET SELESAI,123360000,123360000;
KAB. MANDAILING NATAL,DINAS KESEHATAN - 1.02.0.00.0.00.02.0000,11966606,58541960,2025,E-Katalog 5.0,APBD,PT Otsuka Indonesia,E-Purchasing,Pengadaan Barang,Magnesium sulfat injeksi 40%  (i.v.) @ 25 mL.,MELAKUKAN PENGIRIMAN DAN PENERIMAAN,1868100,1868100;
KAB. MANDAILING NATAL,RUMAH SAKIT UMUM DAERAH PANYABUNGAN - 1.02.0.00.0.00.02.0001,01KA7YN9Y4479YPQ97VZ8WYM7Z,61378503,2025,E-Katalog 6.0,BLUD,HASBIH SHIDDIQ ,E-Purchasing,Barang,Belanja Modal Peralatan dan Mesin BLUD,PAYMENT OUTSIDE SYSTEM,410953080,410953080;
"KAB. MANDAILING NATAL,DINAS PENDIDIKAN DAN KEBUDAYAAN - 1.01.2.22.0.00.01.0000,01K310YCZNKVZE7FC535YE9M1Y,60290202,2025,E-Katalog 6.0,APBD,MARTHA KARA PERDANA,E-Purchasing,Barang,""Pengadaan Peralatan Teknologi, Informasi dan Komunikasi (TIK) - (DAK)"",ON PROCESS,516111150,516111150";
KAB. MANDAILING NATAL,DINAS PEKERJAAN UMUM DAN PENATAAN RUANG - 1.03.0.00.0.00.03.0000,11807675,57423741,2025,E-Katalog 5.0,APBD,DEMBAN SIMPAR JAYA,E-Purchasing,Pengadaan Barang,Pasangan Batu dengan Mortar,MELAKUKAN PENGIRIMAN DAN PENERIMAAN,3735000,3735000;
KAB. MANDAILING NATAL,RUMAH SAKIT UMUM DAERAH PANYABUNGAN - 1.02.0.00.0.00.02.0001,11634988,58008995,2025,E-Katalog 5.0,BLUD,PT. Mersifarma Tirmaku Mercusana,E-Purchasing,Pengadaan Barang,Alprazolam tab 1 mg,PROSES KONTRAK PPK,384000,384000;
KAB. MANDAILING NATAL,DINAS PEKERJAAN UMUM DAN PENATAAN RUANG - 1.03.0.00.0.00.03.0000,11830442,57424552,2025,E-Katalog 5.0,APBD,DEMBAN SIMPAR JAYA,E-Purchasing,Pengadaan Barang,Penyiapan Badan Jalan,MELAKUKAN PENGIRIMAN DAN PENERIMAAN,10560000,10560000;
KAB. MANDAILING NATAL,RUMAH SAKIT UMUM DAERAH PANYABUNGAN - 1.02.0.00.0.00.02.0001,01K9EW71AWARK0THDT5SWQ3N1Z,58008995,2025,E-Katalog 6.0,BLUD,GLAXO WELLCOME INDONESIA,E-Purchasing,Barang,Belanja Barang dan Jasa BLUD,ON PROCESS,15923128,0;
KAB. MANDAILING NATAL,DINAS KESEHATAN - 1.02.0.00.0.00.02.0000,11973113,58541960,2025,E-Katalog 5.0,APBD,PT.Imfarmind Farmasi Industri,E-Purchasing,Pengadaan Barang,Tiamin (Vitamin B1) tab 50 mg*,MELAKUKAN PENGIRIMAN DAN PENERIMAAN,10140000,10140000;
"KAB. MANDAILING NATAL,RUMAH SAKIT UMUM DAERAH PANYABUNGAN - 1.02.0.00.0.00.02.0001,12010932,58008995,2025,E-Katalog 5.0,BLUD,PT. NOVELL PHARMACEUTICAL LABORATORIES,E-Purchasing,Pengadaan Barang,""Tamsulosin Tab Lepas Lambat 0,4 mg"",MELAKUKAN PENGIRIMAN DAN PENERIMAAN,8991000,8991000";
"KAB. MANDAILING NATAL,DINAS PEKERJAAN UMUM DAN PENATAAN RUANG - 1.03.0.00.0.00.03.0000,11869954,59559157,2025,E-Katalog 5.0,APBD,PT. GASHABAT SUKSES MANDIRI,E-Purchasing,Pengadaan Barang,""BETON STRUKTUR, FC 20 MPa"",PAKET SELESAI,166180000,166180000";
KAB. MANDAILING NATAL,DINAS PENDIDIKAN DAN KEBUDAYAAN - 1.01.2.22.0.00.01.0000,01K2HC15C3C3E2CQASXC4K8ZW0,57108727,2025,E-Katalog 6.0,APBD,ELIFE DIGITAL ECOSYSTEM,E-Purchasing,Barang,Belanja Modal Peralatan Komputer Lainnya,ON PROCESS,2831002349,2831002349;
KAB. MANDAILING NATAL,DINAS PENDIDIKAN DAN KEBUDAYAAN - 1.01.2.22.0.00.01.0000,10072157000,57108753,2025,Tender,APBD,,Tender,Pekerjaan Konstruksi,Pembangunan Ruang Kelas Baru Beserta Perabotnya (DAU) - SD Negeri 404 Bronjong,SELESAI,500000000,500000000;
KAB. MANDAILING NATAL,RUMAH SAKIT UMUM DAERAH PANYABUNGAN - 1.02.0.00.0.00.02.0001,11895042,58008995,2025,E-Katalog 5.0,BLUD,PT. Kimia Farma Tbk,E-Purchasing,Pengadaan Barang,Permethrin/ Permetrin Krim 5%,MELAKUKAN PENGIRIMAN DAN PENERIMAAN,1231800,1231800;
KAB. MANDAILING NATAL,DINAS PEKERJAAN UMUM DAN PENATAAN RUANG - 1.03.0.00.0.00.03.0000,10395888000,60374715,2025,Non Tender,APBD,CV. Penus Graphindo Consultant,Pengadaan Langsung,Jasa Konsultansi Badan Usaha Konstruksi,Konsultansi Perencanaan Kegiatan Pengembangan dan Pengelolaan Sistem Irigasi Primor dan Sekunder Pada Daerah Irigasi Yang Luasnya Di Bawah 1000 Ha Dalam 1 (Satu) Daerah Kabupaten,SELESAI,49200000,49200000;
KAB. MANDAILING NATAL,DINAS KESEHATAN - 1.02.0.00.0.00.02.0000,11959356,58541960,2025,E-Katalog 5.0,APBD,PT. IFARS PHARMACEUTICAL LABORATORIES,E-Purchasing,Pengadaan Barang,Metoclopramide hydrochloride (HCl)/ Metoclopramide/ Metoklopramid tablet/kapsul/kaplet 10 mg,MELAKUKAN PENGIRIMAN DAN PENERIMAAN,3260000,3260000;
KAB. MANDAILING NATAL,DINAS PEKERJAAN UMUM DAN PENATAAN RUANG - 1.03.0.00.0.00.03.0000,11869706,59559155,2025,E-Katalog 5.0,APBD,CV. PUTRA JAYA,E-Purchasing,Pengadaan Barang,Marka Jalan Termoplastik,MELAKUKAN PENGIRIMAN DAN PENERIMAAN,7616000,7616000;
KAB. MANDAILING NATAL,DINAS PEKERJAAN UMUM DAN PENATAAN RUANG - 1.03.0.00.0.00.03.0000,11869780,59559156,2025,E-Katalog 5.0,APBD,CV. DALIHAN NATOLU,E-Purchasing,Pengadaan Barang,Bahan anti pengelupasan,MELAKUKAN PENGIRIMAN DAN PENERIMAAN,3131000,3131000;
KAB. MANDAILING NATAL,DINAS PENDIDIKAN DAN KEBUDAYAAN - 1.01.2.22.0.00.01.0000,10326913000,57109181,2025,Non Tender,APBD,PT. Madisa Konstruksi Jaya,Pengadaan Langsung,Pekerjaan Konstruksi,Rehabilitasi Ruang Kelas SMP Negeri 1 Hutabargot,SELESAI,199340000,199340000;
KAB. MANDAILING NATAL,DINAS KESEHATAN - 1.02.0.00.0.00.02.0000,11729726,58827688,2025,E-Katalog 5.0,APBD,PT.BINTANG ANUGERAH CAHAYA ABADI,E-Purchasing,Pengadaan Barang,VACCINE REFRIGERATOR / KULKAS VAKSIN 190L,MELAKUKAN PENGIRIMAN DAN PENERIMAAN,140000000,140000000;
KAB. MANDAILING NATAL,BAGIAN UMUM - 4.01.5.06.0.00.24.0009,10614608000,61723937,2025,Non Tender,APBDP,CV.RIZKI KARYA,Pengadaan Langsung,Pekerjaan Konstruksi,Rehab dan Pengecatan Rumah Dinas Wakil Bupati,SELESAI,299609737,299609737;
KAB. MANDAILING NATAL,RUMAH SAKIT UMUM DAERAH PANYABUNGAN - 1.02.0.00.0.00.02.0001,12116517,59725914,2025,E-Katalog 5.0,BLUD,PT. SINKO PRIMA ALLOY,E-Purchasing,Pengadaan Barang,PATIENT MONITOR PM-9000+,PROSES KONTRAK PPK,31250000,31250000;
KAB. MANDAILING NATAL,DINAS PEKERJAAN UMUM DAN PENATAAN RUANG - 1.03.0.00.0.00.03.0000,11830442,57424552,2025,E-Katalog 5.0,APBD,DEMBAN SIMPAR JAYA,E-Purchasing,Pengadaan Barang,Timbunan Biasa Dari Hasil Galian,MELAKUKAN PENGIRIMAN DAN PENERIMAAN,18370000,18370000;
"KAB. MANDAILING NATAL,DINAS PEKERJAAN UMUM DAN PENATAAN RUANG - 1.03.0.00.0.00.03.0000,11864328,59526453,2025,E-Katalog 5.0,APBD,CV. IKHWAN FIRDAUS,E-Purchasing,Pengadaan Barang,""Pemasangan Pipa HDPE 4 SDR 13,6 (PN12,5)"",MELAKUKAN PENGIRIMAN DAN PENERIMAAN,98919000,98919000";
KAB. MANDAILING NATAL,DINAS LINGKUNGAN HIDUP - 2.11.0.00.0.00.10.0000,01KA088Y9CP6FDM9Y2JMWXZ8RB,61572658,2025,E-Katalog 6.0,APBD,FAJAR RIMBA,E-Purchasing,Barang,Belanja Modal Alat Besar Darat Lainnya,ON PROCESS,67291500,67291500;
KAB. MANDAILING NATAL,DINAS KESEHATAN - 1.02.0.00.0.00.02.0000,11868115,58541723,2025,E-Katalog 5.0,APBD,PT.Bernofarm,E-Purchasing,Pengadaan Barang,Paracetamol/ Parasetamol sirup 120 mg / 5 ml,MELAKUKAN PENGIRIMAN DAN PENERIMAAN,698550000,698550000;
KAB. MANDAILING NATAL,BADAN KESATUAN BANGSA DAN POLITIK - 8.01.0.00.0.00.54.0000,01K0413FR6MCVWHC24TKFMA84T,59957209,2025,E-Katalog 6.0,APBD,KOTAMA,E-Purchasing,Barang,Belanja Pakaian Perlengkapan Paskibraka,PAYMENT OUTSIDE SYSTEM,98162850,98162850;
"KAB. MANDAILING NATAL,RUMAH SAKIT UMUM DAERAH PANYABUNGAN - 1.02.0.00.0.00.02.0001,12013443,59434426,2025,E-Katalog 5.0,APBD,PT ANEKA PRESTASI MEDIKA,E-Purchasing,Pengadaan Barang,""HORENTEK EMIXI Device For Detection Of Acoustic Otoemissions (OAE, TEOAE and DPOAE)"",PROSES KONTRAK PPK,184000000,0";
KAB. MANDAILING NATAL,DINAS KESEHATAN - 1.02.0.00.0.00.02.0000,11882679,58541960,2025,E-Katalog 5.0,APBD,PT. PUTRA KARYA SENTOSA,E-Purchasing,Pengadaan Barang,Amitriptyline hydrochloride tablet 25 mg,MELAKUKAN PENGIRIMAN DAN PENERIMAAN,540000,540000;
KAB. MANDAILING NATAL,DINAS PEKERJAAN UMUM DAN PENATAAN RUANG - 1.03.0.00.0.00.03.0000,11912701,59559152,2025,E-Katalog 5.0,APBD,CV. KENZO MAHAGANI,E-Purchasing,Pengadaan Barang,Timbunan Pilihan dari sumber galian,PAKET SELESAI,41112600,41112600;
KAB. MANDAILING NATAL,DINAS PENDIDIKAN DAN KEBUDAYAAN - 1.01.2.22.0.00.01.0000,10326972000,59833404,2025,Non Tender,APBD,cv. bugis nauli,Pengadaan Langsung,Pekerjaan Konstruksi,Rehabilitasi Ruang Kelas SD Negeri 133 Parmompang,SELESAI,199950086,199950086;
KAB. MANDAILING NATAL,RUMAH SAKIT UMUM DAERAH PANYABUNGAN - 1.02.0.00.0.00.02.0001,10166336000,59590284,2025,Non Tender,BLUD,CV. PUTRA SETIA,Pengadaan Langsung,Pekerjaan Konstruksi,Belanja Gedung dan Bangunan  BLUD Pembangunan Selasar,SELESAI,399442000,399442000;
KAB. MANDAILING NATAL,DINAS PERTANIAN - 3.27.0.00.0.00.22.0000,10384526000,58961959,2025,Non Tender,APBD,CV. BINTANG KARYA BHAKTI,Pengadaan Langsung,Pekerjaan Konstruksi,Pembangunan/Rehabilitasi Jalan Usaha Tani/Jalan Produksi Desa Gunung Tua Jae Kecamatan Panyabungan,SELESAI,113755000,113755000;
KAB. MANDAILING NATAL,RUMAH SAKIT UMUM DAERAH PANYABUNGAN - 1.02.0.00.0.00.02.0001,11828472,59433237,2025,E-Katalog 5.0,APBD,PT. MEGA ANDALAN KALASAN,E-Purchasing,Pengadaan Barang,La Nina Bed 3 Crank 73063 (FBO),MELAKUKAN PENGIRIMAN DAN PENERIMAAN,685120240,685120240;
"KAB. MANDAILING NATAL,DINAS KESEHATAN - 1.02.0.00.0.00.02.0000,11966629,58541960,2025,E-Katalog 5.0,APBD,PT.Phapros Tbk,E-Purchasing,Pengadaan Barang,""Kaptopril/ Captopril tablet/kapsul/kaplet 12,5 mg"",MELAKUKAN PENGIRIMAN DAN PENERIMAAN,556000,556000";
KAB. MANDAILING NATAL,DINAS PENDIDIKAN DAN KEBUDAYAAN - 1.01.2.22.0.00.01.0000,01K3629ZY7D1HVA5XK4E2WQMAN,57108647,2025,E-Katalog 6.0,APBD,PELITA RAHMAH EDUKASI,E-Purchasing,Barang,Belanja Aset Tetap Lainnya-Bahan Perpustakaan-Bahan Perpustakaan Tercetak-Buku Umum,ON PROCESS,136242000,136242000;
KAB. MANDAILING NATAL,DINAS KESEHATAN - 1.02.0.00.0.00.02.0000,11876057,58541960,2025,E-Katalog 5.0,APBD,PT.Bernofarm,E-Purchasing,Pengadaan Barang,Ciprofloxacin hydrochloride (HCl)/ Ciprofloxacin Lactate/ Ciprofloxacin/ Siprofloksasin tablet/kapsul/kaplet 500 mg,MELAKUKAN PENGIRIMAN DAN PENERIMAAN,427200000,427200000;
KAB. MANDAILING NATAL,DINAS KESEHATAN - 1.02.0.00.0.00.02.0000,11876057,58541960,2025,E-Katalog 5.0,APBD,PT.Bernofarm,E-Purchasing,Pengadaan Barang,Difenhidramin/ Diphenhydramine injeksi 10 mg/ml ( i.v./i.m.),MELAKUKAN PENGIRIMAN DAN PENERIMAAN,2047000,2047000;
KAB. MANDAILING NATAL,DINAS PEKERJAAN UMUM DAN PENATAAN RUANG - 1.03.0.00.0.00.03.0000,11869954,59559157,2025,E-Katalog 5.0,APBD,PT. GASHABAT SUKSES MANDIRI,E-Purchasing,Pengadaan Barang,PENYIAPAN BADAN JALAN,PAKET SELESAI,3579400,3579400;
KAB. MANDAILING NATAL,DINAS PENDIDIKAN DAN KEBUDAYAAN - 1.01.2.22.0.00.01.0000,10326950000,57108800,2025,Non Tender,APBD,CV. ALDRICH PERDANA KARYA,Pengadaan Langsung,Pekerjaan Konstruksi,Rehabilitasi Ruang Kelas SD Negeri 187 Laru,SELESAI,199505141,199505141;
KAB. MANDAILING NATAL,RUMAH SAKIT UMUM DAERAH PANYABUNGAN - 1.02.0.00.0.00.02.0001,11649280,58008995,2025,E-Katalog 5.0,BLUD,P.T. Dexa Medica,E-Purchasing,Pengadaan Barang,Bisoprolol tab 5 mg,PROSES KONTRAK PPK,660000,660000;
KAB. MANDAILING NATAL,DINAS KESEHATAN - 1.02.0.00.0.00.02.0000,10458180000,60908596,2025,Non Tender,APBDP,CV. PUTRA PRATAMA,Pengadaan Langsung,Pekerjaan Konstruksi,Belanja Modal Bangunan Kesehatan-Belanja Renovasi Puskesmas Pembantu Rao-rao,SELESAI,199900000,199900000;
KAB. MANDAILING NATAL,DINAS PENDIDIKAN DAN KEBUDAYAAN - 1.01.2.22.0.00.01.0000,10603496000,57292706,2025,Non Tender,APBD,CV. BINTANG KARYA BHAKTI,Pengadaan Langsung,Pekerjaan Konstruksi,Rehabilitasi Gedung Aula Kantor Dinas Pendidikan dan Kebudayaan,SELESAI,99835000,99835000;
KAB. MANDAILING NATAL,RUMAH SAKIT UMUM DAERAH PANYABUNGAN - 1.02.0.00.0.00.02.0001,01K9XWD9JQ0QGGDXQCBFZZS3K4,58008995,2025,E-Katalog 6.0,BLUD,INSABA MEDIA UTAMA,E-Purchasing,Barang,Belanja Barang dan Jasa BLUD,ON PROCESS,23221200,23221200;
KAB. MANDAILING NATAL,RUMAH SAKIT UMUM DAERAH PANYABUNGAN - 1.02.0.00.0.00.02.0001,01K9RWAV42C1YG9WKMQXGKTTM6,58008995,2025,E-Katalog 6.0,BLUD,DEXA MEDICA,E-Purchasing,Barang,Belanja Barang dan Jasa BLUD,ON PROCESS,46970090,46970090;
KAB. MANDAILING NATAL,DINAS KEPENDUDUKAN DAN PENCATATAN SIPIL - 2.12.0.00.0.00.11.0000,01JXEGKVA9ADF0R71TVS3PHP4F,59642436,2025,E-Katalog 6.0,APBD,INDO PUTRA SEMPURNA,E-Purchasing,Barang,Belanja Alat/Bahan untuk Kegiatan Kantor-Bahan Komputer,ON PROCESS,252382800,252382800;
KAB. MANDAILING NATAL,DINAS PENDIDIKAN DAN KEBUDAYAAN - 1.01.2.22.0.00.01.0000,01K078N1660EAJZ9EBADH30SEE,57109168,2025,E-Katalog 6.0,APBD,ANDANI PUTRA,E-Purchasing,Barang,Belanja Modal Peralatan Komputer Lainnya,ON PROCESS,1943132700,1943132700;
KAB. MANDAILING NATAL,DINAS PENDIDIKAN DAN KEBUDAYAAN - 1.01.2.22.0.00.01.0000,10327030000,57108816,2025,Non Tender,APBD,CV. ANUGRAH ALAM MANDIRI,Pengadaan Langsung,Pekerjaan Konstruksi,Rehabilitasi Ruang Kelas SD Negeri 036 Tangga Bosi,SELESAI,199751429,199751429;
KAB. MANDAILING NATAL,DINAS KESEHATAN - 1.02.0.00.0.00.02.0000,11960519,58541960,2025,E-Katalog 5.0,APBD,PT. Mandiri Medika Farma,E-Purchasing,Pengadaan Barang,ERYTHROMYCIN SYR,MELAKUKAN PENGIRIMAN DAN PENERIMAAN,45900000,45900000;
KAB. MANDAILING NATAL,DINAS PERUMAHAN RAKYAT DAN KAWASAN PERMUKIMAN SERTA PERTANAHAN - 1.04.2.10.0.00.04.0000,10061395000,57109614,2025,Non Tender,APBD,PT. MARGA BHUANA JAYA CONSULTANT,Pengadaan Langsung,Jasa Konsultansi Badan Usaha Konstruksi,Perencanaan Pembangunan/ Peningkatan/ Rehabilitasi PSU,SELESAI,99800000,99800000;
KAB. MANDAILING NATAL,DINAS KESEHATAN - 1.02.0.00.0.00.02.0000,11966598,58541960,2025,E-Katalog 5.0,APBD,PT Yarindo Farmatama,E-Purchasing,Pengadaan Barang,Furosemid/ Furosemide tablet/kapsul/kaplet 40 mg,MELAKUKAN PENGIRIMAN DAN PENERIMAAN,7890000,7890000;
KAB. MANDAILING NATAL,RUMAH SAKIT UMUM DAERAH PANYABUNGAN - 1.02.0.00.0.00.02.0001,01JSG6RKGCVEK7W40KS81J7ZA2,58970735,2025,E-Katalog 6.0,BLUD,THEONA KAROLAND,E-Purchasing,Jasa Lainnya,Belanja Peralatan dan mesin BLUD,ON PROCESS,683460270,683460270;
KAB. MANDAILING NATAL,DINAS PENDIDIKAN DAN KEBUDAYAAN - 1.01.2.22.0.00.01.0000,10326983000,57108808,2025,Non Tender,APBD,CV. BINTANG BUDI MANDIRI,Pengadaan Langsung,Pekerjaan Konstruksi,Rehabilitasi Ruang Kelas SD Negeri 125 Tebing Tinggi,SELESAI,148507154,148507154;
KAB. MANDAILING NATAL,DINAS KESEHATAN - 1.02.0.00.0.00.02.0000,11966634,58541960,2025,E-Katalog 5.0,APBD,PT.Imfarmind Farmasi Industri,E-Purchasing,Pengadaan Barang,Asam askorbat (vitamin C) tablet/kapsul/kaplet 50 mg,MELAKUKAN PENGIRIMAN DAN PENERIMAAN,19000000,19000000;
KAB. MANDAILING NATAL,DINAS PEKERJAAN UMUM DAN PENATAAN RUANG - 1.03.0.00.0.00.03.0000,11864328,59526453,2025,E-Katalog 5.0,APBD,CV. IKHWAN FIRDAUS,E-Purchasing,Pengadaan Barang,Double Nipple 1/2,MELAKUKAN PENGIRIMAN DAN PENERIMAAN,5355000,5355000;
KAB. MANDAILING NATAL,DINAS KESEHATAN - 1.02.0.00.0.00.02.0000,11713212,58533675,2025,E-Katalog 5.0,APBD,PT. STANDARD BIOSENSOR HEALTHCARE,E-Purchasing,Pengadaan Barang,CodeFree Blood Glucose Test Strip,MELAKUKAN PENGIRIMAN DAN PENERIMAAN,2325575000,2325575000;
KAB. MANDAILING NATAL,RUMAH SAKIT UMUM DAERAH PANYABUNGAN - 1.02.0.00.0.00.02.0001,12109230,58008995,2025,E-Katalog 5.0,BLUD,PT Pratapa Nirmala,E-Purchasing,Pengadaan Barang,Ibuprofen Inj 100 mg/ml,MELAKUKAN PENGIRIMAN DAN PENERIMAAN,959040,959040;
KAB. MANDAILING NATAL,RUMAH SAKIT UMUM DAERAH PANYABUNGAN - 1.02.0.00.0.00.02.0001,01K8SR4M2BPBAWAZRN1GBEVVNF,58008995,2025,E-Katalog 6.0,BLUD,BERNOFARM,E-Purchasing,Barang,Belanja Barang dan Jasa BLUD,ON PROCESS,16022961,16022961;
KAB. MANDAILING NATAL,BAGIAN UMUM - 4.01.5.06.0.00.24.0009,10614603000,61723955,2025,Non Tender,APBDP,CV. AULIA RIZKI PRATAMA,Pengadaan Langsung,Pekerjaan Konstruksi,Rehab Interior Ruang Kerja Wakil Bupati,SELESAI,99800000,99800000;
"KAB. MANDAILING NATAL,DINAS PEKERJAAN UMUM DAN PENATAAN RUANG - 1.03.0.00.0.00.03.0000,11864328,59526453,2025,E-Katalog 5.0,APBD,CV. IKHWAN FIRDAUS,E-Purchasing,Pengadaan Barang,""Pemasangan Pipa HDPE 2 SDR 13,6 (PN12,5)"",MELAKUKAN PENGIRIMAN DAN PENERIMAAN,124410000,124410000";
KAB. MANDAILING NATAL,RUMAH SAKIT UMUM DAERAH PANYABUNGAN - 1.02.0.00.0.00.02.0001,11806071,58008995,2025,E-Katalog 5.0,BLUD,P.T. Dexa Medica,E-Purchasing,Pengadaan Barang,Nifedipin tab 10 mg,MELAKUKAN PENGIRIMAN DAN PENERIMAAN,158000,158000;
KAB. MANDAILING NATAL,RUMAH SAKIT UMUM DAERAH PANYABUNGAN - 1.02.0.00.0.00.02.0001,10048930000,59366947,2025,Tender,APBD,CV Madina Aman Sejahtera,Tender,Pekerjaan Konstruksi,Pembangunan Gedung CSSD,SELESAI,2314490000,2314490000;
KAB. MANDAILING NATAL,DINAS LINGKUNGAN HIDUP - 2.11.0.00.0.00.10.0000,01K8GG26F6GXZX342N0QFP5GBG,61199469,2025,E-Katalog 6.0,APBD,SINGOLOT MANIKAM PERSADA,E-Purchasing,Pekerjaan Konstruksi,Belanja Modal Taman,ON PROCESS,554708667,554708667;
KAB. MANDAILING NATAL,DINAS PERUMAHAN RAKYAT DAN KAWASAN PERMUKIMAN SERTA PERTANAHAN - 1.04.2.10.0.00.04.0000,10442235000,57348081,2025,Non Tender,APBD,CV. EFOD DESIGN CONSULTANT,Pengadaan Langsung,Jasa Konsultansi Badan Usaha Konstruksi,Pengawasan Pembangunan/ Peningkatan/ Rehabilitasi PSU,SELESAI,99750000,99750000;
KAB. MANDAILING NATAL,SATUAN POLISI PAMONG PRAJA DAN PEMADAM KEBAKARAN - 1.05.0.00.0.00.05.0000,10559084000,61581904,2025,Non Tender,APBDP,CV. BINTANG KARYA BHAKTI,Pengadaan Langsung,Pekerjaan Konstruksi,Rehab Gedung Kantor SATPOL PP dan DAMKAR,SELESAI,99881000,99881000;
KAB. MANDAILING NATAL,RUMAH SAKIT UMUM DAERAH PANYABUNGAN - 1.02.0.00.0.00.02.0001,12011138,58008995,2025,E-Katalog 5.0,BLUD,PT. NOVELL PHARMACEUTICAL LABORATORIES,E-Purchasing,Pengadaan Barang,Levothyroxine / Levotiroksin tablet 100 mcg,MELAKUKAN PENGIRIMAN DAN PENERIMAAN,128250,128250;
KAB. MANDAILING NATAL,DINAS PENDIDIKAN DAN KEBUDAYAAN - 1.01.2.22.0.00.01.0000,10326945000,57108820,2025,Non Tender,APBD,CV. PUTRA PRATAMA,Pengadaan Langsung,Pekerjaan Konstruksi,Rehabilitasi Ruang Kelas SD Negeri 194 Kotanopan,SELESAI,149750000,149750000;
KAB. MANDAILING NATAL,DINAS KESEHATAN - 1.02.0.00.0.00.02.0000,11966612,58541960,2025,E-Katalog 5.0,APBD,PT. Kimia Farma Tbk,E-Purchasing,Pengadaan Barang,Kodein tab 10 mg,MELAKUKAN PENGIRIMAN DAN PENERIMAAN,1320000,1320000;
KAB. MANDAILING NATAL,DINAS PEKERJAAN UMUM DAN PENATAAN RUANG - 1.03.0.00.0.00.03.0000,10512808000,61059963,2025,Non Tender,APBDP,CV. RENDER CONSULTANT,Pengadaan Langsung,Jasa Konsultansi Badan Usaha Konstruksi,Jasa Konsultansi Perencanaan Program Penataan Bangunan Gedung TA. 2026,SELESAI,99955500,99955500;
KAB. MANDAILING NATAL,DINAS KESEHATAN - 1.02.0.00.0.00.02.0000,11746678,58997795,2025,E-Katalog 5.0,APBD,PT Medquest Jaya Global,E-Purchasing,Pengadaan Barang,GENEXPERT Xpert MTB/RIF Ultra Assay Kit,MELAKUKAN PENGIRIMAN DAN PENERIMAAN,826004200,0;
"KAB. MANDAILING NATAL,DINAS KESEHATAN - 1.02.0.00.0.00.02.0000,11966592,58541960,2025,E-Katalog 5.0,APBD,PT.ERELA,E-Purchasing,Pengadaan Barang,""Gentamisin/ Gentamycin / Gentamycin sulfate tetes mata 0,3%"",MELAKUKAN PENGIRIMAN DAN PENERIMAAN,4870152,4870152";
KAB. MANDAILING NATAL,DINAS KESEHATAN - 1.02.0.00.0.00.02.0000,11966616,58541960,2025,E-Katalog 5.0,APBD,PT. TRIFA RAYA LABORATORIES,E-Purchasing,Pengadaan Barang,CHLORPHENAMINE MALEATE _CTM 4 MG,MELAKUKAN PENGIRIMAN DAN PENERIMAAN,13300000,13300000;
KAB. MANDAILING NATAL,RUMAH SAKIT UMUM DAERAH PANYABUNGAN - 1.02.0.00.0.00.02.0001,01KAZ30RF54617M1G2703NJD72,61611004,2025,E-Katalog 6.0,BLUD,ELSYAHFI CALIBRATECH MANDIRI,E-Purchasing,Jasa Lainnya,Belanja Barang dan Jasa BLUD,PAYMENT OUTSIDE SYSTEM,69470700,69470700;
KAB. MANDAILING NATAL,RUMAH SAKIT UMUM DAERAH PANYABUNGAN - 1.02.0.00.0.00.02.0001,12041553,58008995,2025,E-Katalog 5.0,BLUD,PT. Kimia Farma Tbk,E-Purchasing,Pengadaan Barang,Morfin Injeksi 10 mg/ml (i.m/s.k/ i.v),MELAKUKAN PENGIRIMAN DAN PENERIMAAN,1374400,1374400;
KAB. MANDAILING NATAL,DINAS PEKERJAAN UMUM DAN PENATAAN RUANG - 1.03.0.00.0.00.03.0000,11869954,59559157,2025,E-Katalog 5.0,APBD,PT. GASHABAT SUKSES MANDIRI,E-Purchasing,Pengadaan Barang,BAHAN ANTI PENGELUPASAN,PAKET SELESAI,3700000,3700000;
KAB. MANDAILING NATAL,DINAS KESEHATAN - 1.02.0.00.0.00.02.0000,11966612,58541960,2025,E-Katalog 5.0,APBD,PT. Kimia Farma Tbk,E-Purchasing,Pengadaan Barang,Hidroklorotiazid tab 25 mg,MELAKUKAN PENGIRIMAN DAN PENERIMAAN,1630000,1630000;
KAB. MANDAILING NATAL,DINAS KESEHATAN - 1.02.0.00.0.00.02.0000,11825865,58580293,2025,E-Katalog 5.0,APBD,PT Sinaraya Nugraha Ahmadaris Medika,E-Purchasing,Pengadaan Barang,Gauze Swab Steril 7.5 cm x 7.5 cm x 16 ply (10 pcs),MELAKUKAN PENGIRIMAN DAN PENERIMAAN,42921450,42921450;
KAB. MANDAILING NATAL,DINAS PEKERJAAN UMUM DAN PENATAAN RUANG - 1.03.0.00.0.00.03.0000,11912701,59559152,2025,E-Katalog 5.0,APBD,CV. KENZO MAHAGANI,E-Purchasing,Pengadaan Barang,Baja Tulangan Polos-BjTP 280,PAKET SELESAI,115977500,115977500;
KAB. MANDAILING NATAL,DINAS PEKERJAAN UMUM DAN PENATAAN RUANG - 1.03.0.00.0.00.03.0000,11869954,59559157,2025,E-Katalog 5.0,APBD,PT. GASHABAT SUKSES MANDIRI,E-Purchasing,Pengadaan Barang,Galian untuk Selokan Drainase dan Saluran Air,PAKET SELESAI,1491000,1491000;
"KAB. MANDAILING NATAL,RUMAH SAKIT UMUM DAERAH PANYABUNGAN - 1.02.0.00.0.00.02.0001,11665854,58008995,2025,E-Katalog 5.0,BLUD,PT. Holi Pharma,E-Purchasing,Pengadaan Barang,""Asam folat tab 0,4 mg"",PROSES KONTRAK PPK,260000,260000";
KAB. MANDAILING NATAL,RUMAH SAKIT UMUM DAERAH PANYABUNGAN - 1.02.0.00.0.00.02.0001,12041553,58008995,2025,E-Katalog 5.0,BLUD,PT. Kimia Farma Tbk,E-Purchasing,Pengadaan Barang,Pethidine hydrochloride/ Petidin inj 50 mg/mL (i.m./i.v.),MELAKUKAN PENGIRIMAN DAN PENERIMAAN,2359000,2359000;
KAB. MANDAILING NATAL,DINAS KESEHATAN - 1.02.0.00.0.00.02.0000,11959343,58541960,2025,E-Katalog 5.0,APBD,PT. MEPROFARM,E-Purchasing,Pengadaan Barang,DIAZEPAM Injeksi,MELAKUKAN PENGIRIMAN DAN PENERIMAAN,5196000,5196000;
"KAB. MANDAILING NATAL,DINAS PERHUBUNGAN - 2.15.0.00.0.00.14.0000,01JZ1WW2VH5RRNSSJ5RNX53CTP,59812588,2025,E-Katalog 6.0,APBD,INSPIRA KARYA MANDIRI,E-Purchasing,Barang,""Pengadaan LPJU Konvensional di Median Jalan Kec. Panyabungan (Dalan Lidang-Saba Padang, Kayu Jati-Ladang Sari)"",PAYMENT OUTSIDE SYSTEM,166879999,166879999";
KAB. MANDAILING NATAL,DINAS PENDIDIKAN DAN KEBUDAYAAN - 1.01.2.22.0.00.01.0000,10326933000,57108804,2025,Non Tender,APBD,CV. PUTRA BARINGIN GROUP,Pengadaan Langsung,Pekerjaan Konstruksi,Rehabilitasi Ruang Kelas SD Negeri 325 Sinunukan,SELESAI,199900000,199900000;
KAB. MANDAILING NATAL,DINAS PENDIDIKAN DAN KEBUDAYAAN - 1.01.2.22.0.00.01.0000,10072163000,59832983,2025,Tender,APBD,cv sinar jaya,Tender,Pekerjaan Konstruksi,Pembangunan Ruang Kelas Baru Beserta Perabotnya (DAU) - SD Negeri 268 Aek Nabara,SELESAI,455000000,455000000;
"KAB. MANDAILING NATAL,DINAS KESEHATAN - 1.02.0.00.0.00.02.0000,11966627,58541960,2025,E-Katalog 5.0,APBD,PT. NOVELL PHARMACEUTICAL LABORATORIES,E-Purchasing,Pengadaan Barang,""Diazepam enema 5 mg/2,5 mL"",MELAKUKAN PENGIRIMAN DAN PENERIMAAN,19980000,19980000";
KAB. MANDAILING NATAL,RUMAH SAKIT UMUM DAERAH PANYABUNGAN - 1.02.0.00.0.00.02.0001,01K8JBDEYWNJ5Q69BBFNNY8VDE,58008995,2025,E-Katalog 6.0,BLUD,DEXA MEDICA,E-Purchasing,Barang,Belanja Barang dan Jasa BLUD,ON PROCESS,72540198,72540198;
KAB. MANDAILING NATAL,DINAS PEKERJAAN UMUM DAN PENATAAN RUANG - 1.03.0.00.0.00.03.0000,11830442,57424552,2025,E-Katalog 5.0,APBD,DEMBAN SIMPAR JAYA,E-Purchasing,Pengadaan Barang,Laston Lapis Aus (AC-WC),MELAKUKAN PENGIRIMAN DAN PENERIMAAN,762190000,762190000;
KAB. MANDAILING NATAL,DINAS PEKERJAAN UMUM DAN PENATAAN RUANG - 1.03.0.00.0.00.03.0000,11864328,59526453,2025,E-Katalog 5.0,APBD,CV. IKHWAN FIRDAUS,E-Purchasing,Pengadaan Barang,Galian Tanah Biasa Jaringan Pipa,MELAKUKAN PENGIRIMAN DAN PENERIMAAN,27610000,27610000;
KAB. MANDAILING NATAL,RUMAH SAKIT UMUM DAERAH PANYABUNGAN - 1.02.0.00.0.00.02.0001,11797250,58008995,2025,E-Katalog 5.0,BLUD,PT. Amarox Pharma Global,E-Purchasing,Pengadaan Barang,ATORVASTATIN20MGTABSALUTSELAPUT,MELAKUKAN PENGIRIMAN DAN PENERIMAAN,11250000,11250000;
KAB. MANDAILING NATAL,DINAS PEKERJAAN UMUM DAN PENATAAN RUANG - 1.03.0.00.0.00.03.0000,10175707000,59559154,2025,Non Tender,APBD,CV. EMESI NATAMA CONSULTANT,Pengadaan Langsung,Jasa Konsultansi Badan Usaha Konstruksi,Jasa Konsultansi Pengawasan Kegiatan Bidang Bina Marga Wil. III TA.2025,SELESAI,99694650,99694650;
KAB. MANDAILING NATAL,RUMAH SAKIT UMUM DAERAH PANYABUNGAN - 1.02.0.00.0.00.02.0001,11665752,58008995,2025,E-Katalog 5.0,BLUD,PT. Merck Tbk,E-Purchasing,Pengadaan Barang,Kalium klorida tab lepas lambat 600 mg,PROSES KONTRAK PPK,5886000,5886000;
KAB. MANDAILING NATAL,DINAS KESEHATAN - 1.02.0.00.0.00.02.0000,11966592,58541960,2025,E-Katalog 5.0,APBD,PT.ERELA,E-Purchasing,Pengadaan Barang,Chloramphenicol/ Kloramfenikol salep mata 1 %,MELAKUKAN PENGIRIMAN DAN PENERIMAAN,16246752,16246752;
KAB. MANDAILING NATAL,DINAS PEKERJAAN UMUM DAN PENATAAN RUANG - 1.03.0.00.0.00.03.0000,11864328,59526453,2025,E-Katalog 5.0,APBD,CV. IKHWAN FIRDAUS,E-Purchasing,Pengadaan Barang,Menyediakan dan Memasang Clam Sadle 2,MELAKUKAN PENGIRIMAN DAN PENERIMAAN,9902500,9902500;
KAB. MANDAILING NATAL,DINAS KESEHATAN - 1.02.0.00.0.00.02.0000,11966616,58541960,2025,E-Katalog 5.0,APBD,PT. TRIFA RAYA LABORATORIES,E-Purchasing,Pengadaan Barang,AMLODIPINE 5 MG,MELAKUKAN PENGIRIMAN DAN PENERIMAAN,8925000,8925000;
KAB. MANDAILING NATAL,DINAS KESEHATAN - 1.02.0.00.0.00.02.0000,11959299,58541960,2025,E-Katalog 5.0,APBD,PT. Kimia Farma Tbk,E-Purchasing,Pengadaan Barang,Bedak salisil/ Bedak salicyl serbuk 2%,MELAKUKAN PENGIRIMAN DAN PENERIMAAN,3242500,3242500;
KAB. MANDAILING NATAL,DINAS PENDIDIKAN DAN KEBUDAYAAN - 1.01.2.22.0.00.01.0000,10096270000,57109176,2025,Non Tender,APBD,CV. MAYSAH PERMATA,Pengadaan Langsung,Jasa Konsultansi Badan Usaha Konstruksi,Jasa Konsultan Perencanaan Rehabilitasi Ruang Kelas SMP,SELESAI,49617000,49617000;
KAB. MANDAILING NATAL,RUMAH SAKIT UMUM DAERAH PANYABUNGAN - 1.02.0.00.0.00.02.0001,12126747,58008995,2025,E-Katalog 5.0,BLUD,PT Bayer Indonesia,E-Purchasing,Pengadaan Barang,/ NIFEDIPIN GITS/TABLET LEPAS LAMBAT,MELAKUKAN PENGIRIMAN DAN PENERIMAAN,4770000,4770000;
KAB. MANDAILING NATAL,BAGIAN UMUM - 4.01.5.06.0.00.24.0009,10579394000,61668993,2025,Non Tender,APBDP,CV. CONSULTANT MORA NI MORA,Pengadaan Langsung,Jasa Konsultansi Badan Usaha Konstruksi,Belanja Jasa Konsultan Perencanaan,SELESAI,29859000,29859000;
KAB. MANDAILING NATAL,DINAS KESEHATAN - 1.02.0.00.0.00.02.0000,12028975,58580293,2025,E-Katalog 5.0,APBD,PT Axion Jaya Alkesindo,E-Purchasing,Pengadaan Barang,Surgical Blade Size 11,MELAKUKAN PENGIRIMAN DAN PENERIMAAN,32000000,32000000;
KAB. MANDAILING NATAL,DINAS KESEHATAN - 1.02.0.00.0.00.02.0000,10067148000,60050643,2025,Tender,APBD,CV. MANDIRI JAYA ABADI,Tender Cepat,Pekerjaan Konstruksi,Belanja Modal Bangunan Gedung Kantor-Renovasi/Penambahan Ruang Puskesmas Panyabungan Jae,SELESAI,2378310875,2378310875;
KAB. MANDAILING NATAL,DINAS KESEHATAN - 1.02.0.00.0.00.02.0000,11955794,58541960,2025,E-Katalog 5.0,APBD,P.T. Dexa Medica,E-Purchasing,Pengadaan Barang,Spironolakton tab 25 mg,MELAKUKAN PENGIRIMAN DAN PENERIMAAN,27500000,27500000;
KAB. MANDAILING NATAL,RUMAH SAKIT UMUM DAERAH PANYABUNGAN - 1.02.0.00.0.00.02.0001,01K8HX9M8M185NYHGJ2ZEYZC7B,58008995,2025,E-Katalog 6.0,BLUD,DEXA MEDICA,E-Purchasing,Barang,Belanja Barang dan Jasa BLUD,ON PROCESS,3750135,3750135;
KAB. MANDAILING NATAL,RUMAH SAKIT UMUM DAERAH PANYABUNGAN - 1.02.0.00.0.00.02.0001,12014428,58008995,2025,E-Katalog 5.0,BLUD,PT. Kimia Farma Tbk,E-Purchasing,Pengadaan Barang,Ketokonazol/ Ketoconazole krim 2%,MELAKUKAN PENGIRIMAN DAN PENERIMAAN,1076400,1076400;
KAB. MANDAILING NATAL,DINAS PERHUBUNGAN - 2.15.0.00.0.00.14.0000,01KADP0746FEMZHV9XZ96P4T6S,61729618,2025,E-Katalog 6.0,APBDP,BUGIS NAULI,E-Purchasing,Barang,Penyediaan Lampu Penerangan Jalan Umum (LPJU) Konvensional Kec. Panyabungan,ON PROCESS,67095254,67095254;
KAB. MANDAILING NATAL,DINAS KESEHATAN - 1.02.0.00.0.00.02.0000,11955773,58541960,2025,E-Katalog 5.0,APBD,PT.Bernofarm,E-Purchasing,Pengadaan Barang,Salbutamol sulfate/ Salbutamol tablet/kapsul/kaplet 2 mg,MELAKUKAN PENGIRIMAN DAN PENERIMAAN,1880000,1880000;
"KAB. MANDAILING NATAL,DINAS KESEHATAN - 1.02.0.00.0.00.02.0000,11959356,58541960,2025,E-Katalog 5.0,APBD,PT. IFARS PHARMACEUTICAL LABORATORIES,E-Purchasing,Pengadaan Barang,""Paracetamol/ Parasetamol drops 100 mg/ml (60mg/0,6ml)"",MELAKUKAN PENGIRIMAN DAN PENERIMAAN,894710,894710";
KAB. MANDAILING NATAL,RUMAH SAKIT UMUM DAERAH PANYABUNGAN - 1.02.0.00.0.00.02.0001,12012016,58008995,2025,E-Katalog 5.0,BLUD,PT. Kimia Farma Tbk,E-Purchasing,Pengadaan Barang,Hidroklorotiazid tab 25 mg,MELAKUKAN PENGIRIMAN DAN PENERIMAAN,489000,489000;
KAB. MANDAILING NATAL,DINAS PEKERJAAN UMUM DAN PENATAAN RUANG - 1.03.0.00.0.00.03.0000,11869962,59559159,2025,E-Katalog 5.0,APBD,PT. GASHABAT SUKSES MANDIRI,E-Purchasing,Pengadaan Barang,LAPIS FONDASI AGREGAT KELAS A,PAKET SELESAI,10650500,10650500;
KAB. MANDAILING NATAL,DINAS PEKERJAAN UMUM DAN PENATAAN RUANG - 1.03.0.00.0.00.03.0000,11864328,59526453,2025,E-Katalog 5.0,APBD,CV. IKHWAN FIRDAUS,E-Purchasing,Pengadaan Barang,Papan Merek Proyek,MELAKUKAN PENGIRIMAN DAN PENERIMAAN,1490000,1490000;
KAB. MANDAILING NATAL,DINAS KESEHATAN - 1.02.0.00.0.00.02.0000,12028975,58580293,2025,E-Katalog 5.0,APBD,PT Axion Jaya Alkesindo,E-Purchasing,Pengadaan Barang,Underpads,MELAKUKAN PENGIRIMAN DAN PENERIMAAN,10200000,10200000;
"KAB. MANDAILING NATAL,DINAS KESEHATAN - 1.02.0.00.0.00.02.0000,11826075,58580293,2025,E-Katalog 5.0,APBD,PT Medihop,E-Purchasing,Pengadaan Barang,""S21 T-Silk Silk/Sutera 3-0, 76 cm Reverse Cutting, 3/8 circle, 26 mm"",MELAKUKAN PENGIRIMAN DAN PENERIMAAN,49500000,49500000";
KAB. MANDAILING NATAL,BADAN PENGELOLAAN KEUANGAN DAN ASET DAERAH - 5.02.0.00.0.00.27.0000,11568441,55972294,2025,E-Katalog 5.0,APBD,PT. ASTRA INTERNATIONAL TBK,E-Purchasing,Pengadaan Barang,HILUX DOUBLE CABIN 2.4 G (4X4) DSL M/T,MELAKUKAN PENGIRIMAN DAN PENERIMAAN,469900000,0;
KAB. MANDAILING NATAL,DINAS KESEHATAN - 1.02.0.00.0.00.02.0000,11973113,58541960,2025,E-Katalog 5.0,APBD,PT.Imfarmind Farmasi Industri,E-Purchasing,Pengadaan Barang,Piridoksin (vitamin B6) tab 10 mg*,MELAKUKAN PENGIRIMAN DAN PENERIMAAN,1280000,1280000;
KAB. MANDAILING NATAL,SATUAN POLISI PAMONG PRAJA DAN PEMADAM KEBAKARAN - 1.05.0.00.0.00.05.0000,10236932000,59499691,2025,Non Tender,APBD,MHD AL ANSYARI NASUTION,Pengadaan Langsung,Jasa Konsultansi Perorangan Konstruksi,Belanja Jasa Konsultan Pengawasan Pekerjaan Fire Hydrant,SELESAI,9879000,9879000;
KAB. MANDAILING NATAL,RUMAH SAKIT UMUM DAERAH PANYABUNGAN - 1.02.0.00.0.00.02.0001,12037759,58008995,2025,E-Katalog 5.0,BLUD,PT. IFARS PHARMACEUTICAL LABORATORIES,E-Purchasing,Pengadaan Barang,Metronidazole/Metronidazol suspensi 125 mg/5 mL,MELAKUKAN PENGIRIMAN DAN PENERIMAAN,659800,659800;
KAB. MANDAILING NATAL,DINAS KESEHATAN - 1.02.0.00.0.00.02.0000,11868115,58541723,2025,E-Katalog 5.0,APBD,PT.Bernofarm,E-Purchasing,Pengadaan Barang,Amoksisilin/Amoxicillin/Amoxicillin Trihydrate sirup/suspensi kering 125 mg/ 5 ml,MELAKUKAN PENGIRIMAN DAN PENERIMAAN,345944000,345944000;
KAB. MANDAILING NATAL,DINAS PERTANIAN - 3.27.0.00.0.00.22.0000,10356062000,57237488,2025,Non Tender,APBD,CV. AULIA RIZKI PRATAMA,Pengadaan Langsung,Pekerjaan Konstruksi,Pembangunan Balai Penyuluhan Pertanian (BPP),SELESAI,99500000,99500000;
KAB. MANDAILING NATAL,DINAS PERTANIAN - 3.27.0.00.0.00.22.0000,10384520000,58961930,2025,Non Tender,APBD,CV. ANUGRAH ALAM MANDIRI,Pengadaan Langsung,Pekerjaan Konstruksi,Pembangunan/Rehabilitasi Jaringan Irigasi Desa Manyabar Jae Kecamatan Panyabungan,SELESAI,114080000,114080000;
"KAB. MANDAILING NATAL,RUMAH SAKIT UMUM DAERAH PANYABUNGAN - 1.02.0.00.0.00.02.0001,11665752,58008995,2025,E-Katalog 5.0,BLUD,PT. Merck Tbk,E-Purchasing,Pengadaan Barang,""Bisoprolol tab 1,25 mg"",PROSES KONTRAK PPK,3043500,3043500";
KAB. MANDAILING NATAL,DINAS PEKERJAAN UMUM DAN PENATAAN RUANG - 1.03.0.00.0.00.03.0000,11869962,59559159,2025,E-Katalog 5.0,APBD,PT. GASHABAT SUKSES MANDIRI,E-Purchasing,Pengadaan Barang,LAPIS RESAP PENGIKAT-ASPAL CAIR/EMULSI,PAKET SELESAI,3400000,3400000;
"KAB. MANDAILING NATAL,DINAS KESEHATAN - 1.02.0.00.0.00.02.0000,11966637,58541960,2025,E-Katalog 5.0,APBD,""PT Tempo Scan Pacific,  Tbk"",E-Purchasing,Pengadaan Barang,""Kombinasi: ergotamin /ergotamine1 mg + kafein/caffeine 50 mg, tablet/kapsul/kaplet"",MELAKUKAN PENGIRIMAN DAN PENERIMAAN,9150000,9150000";
KAB. MANDAILING NATAL,DINAS PENDIDIKAN DAN KEBUDAYAAN - 1.01.2.22.0.00.01.0000,10326891000,57109178,2025,Non Tender,APBD,CV. CHANTIKA LESTARI,Pengadaan Langsung,Pekerjaan Konstruksi,Rehabilitasi Ruang Kelas SMP Negeri 3 Batang Natal,SELESAI,199950000,199950000;
KAB. MANDAILING NATAL,BAGIAN KESEJAHTERAAN RAKYAT - 4.01.5.06.0.00.24.0002,10120430000,59179516,2025,Non Tender,APBD,CV. BERKAH QYMERA,Pengadaan Langsung,Jasa Lainnya,Belanja Sewa Kenderaan Bermotor Penumpang - Sewa Bus Pemberangkatan Haji,SELESAI,157442400,157442400;
"KAB. MANDAILING NATAL,DINAS PEKERJAAN UMUM DAN PENATAAN RUANG - 1.03.0.00.0.00.03.0000,10201430000,59438976,2025,Non Tender,APBD,CV.HD KARYA CONSULTANT,Pengadaan Langsung,Jasa Konsultansi Badan Usaha Konstruksi,""Penyusunan Dokumen Perencanaan Kegiatan Bidang Bina Marga TA. 2026 Wil. I, Wil. II"",SELESAI,99800000,99800000";
KAB. MANDAILING NATAL,RUMAH SAKIT UMUM DAERAH PANYABUNGAN - 1.02.0.00.0.00.02.0001,11879482,59433470,2025,E-Katalog 5.0,APBD,PT. SINKO PRIMA ALLOY,E-Purchasing,Pengadaan Barang,LAMPU OPERASI LED MOL-02 (2 LAMPU),MELAKUKAN PENGIRIMAN DAN PENERIMAAN,282000000,282000000;
KAB. MANDAILING NATAL,DINAS PEKERJAAN UMUM DAN PENATAAN RUANG - 1.03.0.00.0.00.03.0000,10438895000,60868785,2025,Non Tender,APBD,CV. CONSULTANT MORA NI MORA,Pengadaan Langsung,Jasa Konsultansi Badan Usaha Konstruksi,Penyusunan Dokumen Perencanaan Jembatan Wilayah I,SELESAI,99960000,99960000;
KAB. MANDAILING NATAL,DINAS PEKERJAAN UMUM DAN PENATAAN RUANG - 1.03.0.00.0.00.03.0000,10603934000,60893047,2025,Non Tender,APBD,CV. ALDRICH PERDANA KARYA,Pengadaan Langsung,Pekerjaan Konstruksi,Rehabilitasi Tanggul Desa Jambur Padang Matinggi Kec. Panyabungan Utara (DBH 2025),SELESAI,149600000,149600000;
KAB. MANDAILING NATAL,RUMAH SAKIT UMUM DAERAH PANYABUNGAN - 1.02.0.00.0.00.02.0001,11790254,58008995,2025,E-Katalog 5.0,BLUD,PT. Mersifarma Tirmaku Mercusana,E-Purchasing,Pengadaan Barang,Sertralin tab sal 50 mg,MELAKUKAN PENGIRIMAN DAN PENERIMAAN,8124000,8124000;
"KAB. MANDAILING NATAL,DINAS KESEHATAN - 1.02.0.00.0.00.02.0000,11966624,58541960,2025,E-Katalog 5.0,APBD,PT. MEPROFARM,E-Purchasing,Pengadaan Barang,""Kombinasi KDT/FDC mengandung: a. ipratropium bromida 0,5 mg b. salbutamol 2,5 mg cairan ih"",MELAKUKAN PENGIRIMAN DAN PENERIMAAN,5994000,5994000";
KAB. MANDAILING NATAL,RUMAH SAKIT UMUM DAERAH PANYABUNGAN - 1.02.0.00.0.00.02.0001,11824302,58008995,2025,E-Katalog 5.0,BLUD,P.T. Dexa Medica,E-Purchasing,Pengadaan Barang,Furosemid/ Furosemide inj 10 mg/mL (i.v./i.m),MELAKUKAN PENGIRIMAN DAN PENERIMAAN,3465000,3465000;
"KAB. MANDAILING NATAL,DINAS KESEHATAN - 1.02.0.00.0.00.02.0000,11826075,58580293,2025,E-Katalog 5.0,APBD,PT Medihop,E-Purchasing,Pengadaan Barang,""C43 T-Chromic Catgut Chromic 3-0, 90 cm Round Bodied, 1/2 circle, 26 mm"",MELAKUKAN PENGIRIMAN DAN PENERIMAAN,97993450,97993450";
KAB. MANDAILING NATAL,DINAS KESEHATAN - 1.02.0.00.0.00.02.0000,11955799,58541960,2025,E-Katalog 5.0,APBD,PT. Hexpharm Jaya Laboratories,E-Purchasing,Pengadaan Barang,Fitomenadion/ Phytomenadione/ Phytomenadion (Vitamin K1) injeksi 2 mg/ml (i.m.),MELAKUKAN PENGIRIMAN DAN PENERIMAAN,5251250,5251250;
KAB. MANDAILING NATAL,DINAS KESEHATAN - 1.02.0.00.0.00.02.0000,11955784,58541960,2025,E-Katalog 5.0,APBD,PT. Hexpharm Jaya Laboratories,E-Purchasing,Pengadaan Barang,Ranitidin tab 150 mg,MELAKUKAN PENGIRIMAN DAN PENERIMAAN,61200000,61200000;
KAB. MANDAILING NATAL,DINAS PERHUBUNGAN - 2.15.0.00.0.00.14.0000,01KAG8P7WR3XHPR5AD0ZJD2WR6,61729878,2025,E-Katalog 6.0,APBDP,MUTIARA MUTIARA ABADI,E-Purchasing,Barang,Penyediaan Tiang Lampu Penerangan Jalan Umum (LPJU) Konvensional Kec. Panyabungan,ON PROCESS,47489996,47489996;
KAB. MANDAILING NATAL,DINAS PEKERJAAN UMUM DAN PENATAAN RUANG - 1.03.0.00.0.00.03.0000,11807675,57423741,2025,E-Katalog 5.0,APBD,DEMBAN SIMPAR JAYA,E-Purchasing,Pengadaan Barang,Lapis Fondasi Agregat Kelas A,MELAKUKAN PENGIRIMAN DAN PENERIMAAN,170605000,170605000;
KAB. MANDAILING NATAL,RUMAH SAKIT UMUM DAERAH PANYABUNGAN - 1.02.0.00.0.00.02.0001,11833953,58008995,2025,E-Katalog 5.0,BLUD,PT. Kimia Farma Tbk,E-Purchasing,Pengadaan Barang,Miconazole nitrate/ Miconazole/ Mikonazol krim 2 %-KF,MELAKUKAN PENGIRIMAN DAN PENERIMAAN,192720,192720;
KAB. MANDAILING NATAL,DINAS PENDIDIKAN DAN KEBUDAYAAN - 1.01.2.22.0.00.01.0000,10555190000,57109184,2025,Non Tender,APBD,CV. SETYA SARI SUKSES,Pengadaan Langsung,Pekerjaan Konstruksi,Rehabilitasi Ruang Kelas SMP Negeri 3 Panyabungan,SELESAI,174500000,174500000;
KAB. MANDAILING NATAL,DINAS PENGENDALIAN PENDUDUK DAN KELUARGA BERENCANA - 2.14.0.00.0.00.13.0000,10275120000,59276643,2025,Non Tender,APBD,CV.HD KARYA CONSULTANT,Pengadaan Langsung,Jasa Konsultansi Badan Usaha Konstruksi,Belanja Jasa Konsultan Pengawasan,SELESAI,24919500,24919500;
KAB. MANDAILING NATAL,BADAN PERENCANAAN PEMBANGUNAN RISET DAN INOVASI DAERAH - 5.01.5.05.0.00.26.0000,10579683000,61318824,2025,Non Tender,APBD,Kantor Jasa Penilai Publik Henricus Judi adrianto dan rekan (hajar),Pengadaan Langsung,Jasa Konsultansi Badan Usaha Non Konstruksi,Penyusunan Dokumen Analisa Kemampuan Daerah dalam rangka Pembentukan BUMD,SELESAI,99700200,99700200;
KAB. MANDAILING NATAL,RUMAH SAKIT UMUM DAERAH PANYABUNGAN - 1.02.0.00.0.00.02.0001,11935050,58008995,2025,E-Katalog 5.0,BLUD,P.T. Dexa Medica,E-Purchasing,Pengadaan Barang,Klozapin tab 25 mg,MELAKUKAN PENGIRIMAN DAN PENERIMAAN,682500,682500;
KAB. MANDAILING NATAL,RUMAH SAKIT UMUM DAERAH PANYABUNGAN - 1.02.0.00.0.00.02.0001,12014428,58008995,2025,E-Katalog 5.0,BLUD,PT. Kimia Farma Tbk,E-Purchasing,Pengadaan Barang,Miconazole nitrate/ Miconazole/ Mikonazol krim 2 %-KF,MELAKUKAN PENGIRIMAN DAN PENERIMAAN,963600,963600;
KAB. MANDAILING NATAL,SEKRETARIAT DAERAH KABUPATEN - 4.01.5.06.0.00.24.0000,01KAJSTANKWEX3K30NRDJ9GVH8,61724476,2025,E-Katalog 6.0,APBDP,HASBIH SHIDDIQ ,E-Purchasing,Barang,Belanja Modal Alat Rumah Tangga Lainnya (Home Use),PAYMENT OUTSIDE SYSTEM,147186000,147186000;
KAB. MANDAILING NATAL,DINAS PERTANIAN - 3.27.0.00.0.00.22.0000,10113627000,59104658,2025,Non Tender,APBD,HQ PRATAMA CONSULTANT,Pengadaan Langsung,Jasa Konsultansi Badan Usaha Konstruksi,Belanja Jasa Konsultan Perencanaan Pembangunan/Rehabilitasi Jalan Usaha Tani/Jalan Produksi,SELESAI,9879000,9879000;
KAB. MANDAILING NATAL,DINAS KESEHATAN - 1.02.0.00.0.00.02.0000,11876057,58541960,2025,E-Katalog 5.0,APBD,PT.Bernofarm,E-Purchasing,Pengadaan Barang,Dexamethason Sodium Phosphate/ Deksamethason/ Deksametason injeksi 5 mg/mL,MELAKUKAN PENGIRIMAN DAN PENERIMAAN,53610000,53610000;
KAB. MANDAILING NATAL,RUMAH SAKIT UMUM DAERAH PANYABUNGAN - 1.02.0.00.0.00.02.0001,11955400,58008995,2025,E-Katalog 5.0,BLUD,P.T. Dexa Medica,E-Purchasing,Pengadaan Barang,Human tetanus imunoglobulin inj 250 IU (i.m.),MELAKUKAN PENGIRIMAN DAN PENERIMAAN,3900000,0;
KAB. MANDAILING NATAL,RUMAH SAKIT UMUM DAERAH PANYABUNGAN - 1.02.0.00.0.00.02.0001,11824302,58008995,2025,E-Katalog 5.0,BLUD,P.T. Dexa Medica,E-Purchasing,Pengadaan Barang,Cetirizine hydrochloride(HCl)/ Cetirizine/ Setirizin sirup 5 mg/5 ml,MELAKUKAN PENGIRIMAN DAN PENERIMAAN,1005408,1005408;
KAB. MANDAILING NATAL,DINAS PEKERJAAN UMUM DAN PENATAAN RUANG - 1.03.0.00.0.00.03.0000,11869962,59559159,2025,E-Katalog 5.0,APBD,PT. GASHABAT SUKSES MANDIRI,E-Purchasing,Pengadaan Barang,BAJA TULANGAN SIRIP BJTS 420,PAKET SELESAI,517025000,517025000;
KAB. MANDAILING NATAL,DINAS PERDAGANGAN - 3.30.3.31.0.00.23.0000,10123213000,57443475,2025,Non Tender,APBD,CV. RRH CONSULTANT,Pengadaan Langsung,Jasa Konsultansi Badan Usaha Konstruksi,Jasa Konsultasi Perencanaan Fisik Sarana dan Prasarana Bidang Pegembangan Perdangangan TA. 2025,SELESAI,24508800,24508800;
KAB. MANDAILING NATAL,BADAN PENGELOLAAN KEUANGAN DAN ASET DAERAH - 5.02.0.00.0.00.27.0000,01JWWZ6QRETC4JS5KEMNJN366Q,59035149,2025,E-Katalog 6.0,APBD,KREATIFITAS CEMERLANG,E-Purchasing,Barang,Belanja Modal Alat Penyimpan Perlengkapan Kantor,PAYMENT OUTSIDE SYSTEM,98956500,98956500;
KAB. MANDAILING NATAL,DINAS KESEHATAN - 1.02.0.00.0.00.02.0000,10067147000,60050631,2025,Tender,APBD,CV. MANDIRI JAYA ABADI,Tender Cepat,Pekerjaan Konstruksi,Belanja Modal Bangunan Kesehatan-RENOVASI DAN PENAMBAHAN RUANG PUSKESMAS KAYU LAUT,SELESAI,3363430469,3363430469;
"KAB. MANDAILING NATAL,DINAS KESEHATAN - 1.02.0.00.0.00.02.0000,11868250,58541723,2025,E-Katalog 5.0,APBD,PT. SATORIA ANEKA INDUSTRI,E-Purchasing,Pengadaan Barang,""Ringer Laktat/Ringer Lactate, @500 mL"",MELAKUKAN PENGIRIMAN DAN PENERIMAAN,254940000,254940000";
KAB. MANDAILING NATAL,DINAS PENDIDIKAN DAN KEBUDAYAAN - 1.01.2.22.0.00.01.0000,10072162000,57108746,2025,Tender,APBD,CV. BANGKIT BERSAMA GROUP,Tender,Pekerjaan Konstruksi,Pembangunan Ruang Kelas Baru Beserta Perabotnya (DAU) - SD Negeri 311 Sampuran,SELESAI,400000000,400000000;
KAB. MANDAILING NATAL,SEKRETARIAT DPRD - 4.02.0.00.0.00.25.0000,01KBHHE4FSV3PGCAB3DYA0F26R,61773556,2025,E-Katalog 6.0,APBD,MUTIARA MUTIARA ABADI,E-Purchasing,Barang,Belanja Modal Personal Computer,ON PROCESS,184315500,184315500;
KAB. MANDAILING NATAL,RUMAH SAKIT UMUM DAERAH PANYABUNGAN - 1.02.0.00.0.00.02.0001,11634988,58008995,2025,E-Katalog 5.0,BLUD,PT. Mersifarma Tirmaku Mercusana,E-Purchasing,Pengadaan Barang,Sertralin tab sal 50 mg,PROSES KONTRAK PPK,2031000,2031000;
KAB. MANDAILING NATAL,RUMAH SAKIT UMUM DAERAH PANYABUNGAN - 1.02.0.00.0.00.02.0001,11794390,58008995,2025,E-Katalog 5.0,BLUD,PT. NOVELL PHARMACEUTICAL LABORATORIES,E-Purchasing,Pengadaan Barang,Tiamazol Tab 10 mg,MELAKUKAN PENGIRIMAN DAN PENERIMAAN,4885000,4885000;
KAB. MANDAILING NATAL,DINAS PENGENDALIAN PENDUDUK DAN KELUARGA BERENCANA - 2.14.0.00.0.00.13.0000,10164192000,59276645,2025,Non Tender,APBD,HQ PRATAMA CONSULTANT,Pengadaan Langsung,Jasa Konsultansi Badan Usaha Konstruksi,Belanja Jasa Konsultan Perencanaan,SELESAI,24841800,24841800;
KAB. MANDAILING NATAL,RUMAH SAKIT UMUM DAERAH PANYABUNGAN - 1.02.0.00.0.00.02.0001,11895042,58008995,2025,E-Katalog 5.0,BLUD,PT. Kimia Farma Tbk,E-Purchasing,Pengadaan Barang,Metoclopramide hydrochloride (HCl)/ Metoclopramide/ Metoklopramid tablet/kapsul/kaplet 10 mg,MELAKUKAN PENGIRIMAN DAN PENERIMAAN,1210000,1210000;
"KAB. MANDAILING NATAL,RUMAH SAKIT UMUM DAERAH PANYABUNGAN - 1.02.0.00.0.00.02.0001,12012016,58008995,2025,E-Katalog 5.0,BLUD,PT. Kimia Farma Tbk,E-Purchasing,Pengadaan Barang,""Gliseril trinitrat kaps lepas lambat 2,5 mg"",MELAKUKAN PENGIRIMAN DAN PENERIMAAN,54630000,54630000";
"KAB. MANDAILING NATAL,DINAS KESEHATAN - 1.02.0.00.0.00.02.0000,11973113,58541960,2025,E-Katalog 5.0,APBD,PT.Imfarmind Farmasi Industri,E-Purchasing,Pengadaan Barang,""Asam folat tab 0,4 mg*"",MELAKUKAN PENGIRIMAN DAN PENERIMAAN,265200,265200";
KAB. MANDAILING NATAL,DINAS KESEHATAN - 1.02.0.00.0.00.02.0000,11924636,58875523,2025,E-Katalog 5.0,APBD,PT.Elsyahfi Calibratech Mandiri,E-Purchasing,Pengadaan Barang,JASA PENGUJIAN DAN KALIBRASI INFANT WARMER,MELAKUKAN PENGIRIMAN DAN PENERIMAAN,3500000,3500000;
KAB. MANDAILING NATAL,DINAS PEKERJAAN UMUM DAN PENATAAN RUANG - 1.03.0.00.0.00.03.0000,11869954,59559157,2025,E-Katalog 5.0,APBD,PT. GASHABAT SUKSES MANDIRI,E-Purchasing,Pengadaan Barang,PEMBERSIHAN DRAINASE,PAKET SELESAI,14416000,14416000;
KAB. MANDAILING NATAL,DINAS PEKERJAAN UMUM DAN PENATAAN RUANG - 1.03.0.00.0.00.03.0000,11807675,57423741,2025,E-Katalog 5.0,APBD,DEMBAN SIMPAR JAYA,E-Purchasing,Pengadaan Barang,Laston Lapis Aus (AC-WC),MELAKUKAN PENGIRIMAN DAN PENERIMAAN,782485000,782485000;
KAB. MANDAILING NATAL,DINAS KESEHATAN - 1.02.0.00.0.00.02.0000,11959343,58541960,2025,E-Katalog 5.0,APBD,PT. MEPROFARM,E-Purchasing,Pengadaan Barang,Amoxicillin Trihydrate 100 mg/ mL Drops,MELAKUKAN PENGIRIMAN DAN PENERIMAAN,19782000,19782000;
KAB. MANDAILING NATAL,DINAS KESEHATAN - 1.02.0.00.0.00.02.0000,11955786,58541960,2025,E-Katalog 5.0,APBD,PT Ethica Industri Farmasi,E-Purchasing,Pengadaan Barang,Kalsium glukonat/ Calcium gluconate inj 10%,MELAKUKAN PENGIRIMAN DAN PENERIMAAN,7649280,7649280;
"KAB. MANDAILING NATAL,DINAS KESEHATAN - 1.02.0.00.0.00.02.0000,11955797,58541960,2025,E-Katalog 5.0,APBD,PT. CENDO,E-Purchasing,Pengadaan Barang,""Gentamisin/ Gentamycin sulfate salep mata 0,3% (3 mg/g)"",MELAKUKAN PENGIRIMAN DAN PENERIMAAN,72676000,72676000";
KAB. MANDAILING NATAL,DINAS PEKERJAAN UMUM DAN PENATAAN RUANG - 1.03.0.00.0.00.03.0000,11869954,59559157,2025,E-Katalog 5.0,APBD,PT. GASHABAT SUKSES MANDIRI,E-Purchasing,Pengadaan Barang,LASTON LAPIS AUS (AC-WC),PAKET SELESAI,451066000,451066000;
KAB. MANDAILING NATAL,RUMAH SAKIT UMUM DAERAH PANYABUNGAN - 1.02.0.00.0.00.02.0001,12014428,58008995,2025,E-Katalog 5.0,BLUD,PT. Kimia Farma Tbk,E-Purchasing,Pengadaan Barang,Isoniazid tablet/kapsul/kaplet 300 mg,MELAKUKAN PENGIRIMAN DAN PENERIMAAN,2485000,2485000;
KAB. MANDAILING NATAL,RUMAH SAKIT UMUM DAERAH PANYABUNGAN - 1.02.0.00.0.00.02.0001,11893968,59433799,2025,E-Katalog 5.0,APBD,GE OPERATIONS INDONESIA,E-Purchasing,Pengadaan Barang,CARESTATION 650  dengan GE Vaporizer dan Carescape B650,MELAKUKAN PENGIRIMAN DAN PENERIMAAN,975000000,0;
KAB. MANDAILING NATAL,DINAS PERTANIAN - 3.27.0.00.0.00.22.0000,10113626000,59104606,2025,Non Tender,APBD,HQ PRATAMA CONSULTANT,Pengadaan Langsung,Jasa Konsultansi Badan Usaha Konstruksi,Belanja Jasa Konsultan Perencanaan Pembangunan/Rehabilitasi Jaringan Irigasi,SELESAI,9934500,9934500;
KAB. MANDAILING NATAL,RUMAH SAKIT UMUM DAERAH PANYABUNGAN - 1.02.0.00.0.00.02.0001,01KBS2KVDSNB14WSQSAEV8ECKS,61810147,2025,E-Katalog 6.0,BLUD,CIPTA SAKTI MEDIKA,E-Purchasing,Barang,Belanja Peralatan dan mesin BLUD,ON PROCESS,375497957,375497957;
KAB. MANDAILING NATAL,DINAS KESEHATAN - 1.02.0.00.0.00.02.0000,11924532,58579999,2025,E-Katalog 5.0,APBD,PT Axion Jaya Alkesindo,E-Purchasing,Pengadaan Barang,Blood Cholesterol Strip Pack,MELAKUKAN PENGIRIMAN DAN PENERIMAAN,70400000,70400000;
KAB. MANDAILING NATAL,DINAS KESEHATAN - 1.02.0.00.0.00.02.0000,11876057,58541960,2025,E-Katalog 5.0,APBD,PT.Bernofarm,E-Purchasing,Pengadaan Barang,Cefadroxil monohydrate/ Cefadroxil/ Sefadroksil sirup kering 125 mg/5ml,MELAKUKAN PENGIRIMAN DAN PENERIMAAN,28245000,28245000;
KAB. MANDAILING NATAL,RUMAH SAKIT UMUM DAERAH PANYABUNGAN - 1.02.0.00.0.00.02.0001,11824198,58008995,2025,E-Katalog 5.0,BLUD,P.T. Dexa Medica,E-Purchasing,Pengadaan Barang,Valsartan tab 160 mg,MELAKUKAN PENGIRIMAN DAN PENERIMAAN,2370000,2370000;
"KAB. MANDAILING NATAL,RUMAH SAKIT UMUM DAERAH PANYABUNGAN - 1.02.0.00.0.00.02.0001,11824113,58008995,2025,E-Katalog 5.0,BLUD,PT Otsuka Indonesia,E-Purchasing,Pengadaan Barang,""Larutan mengandung Asam Amino  7% ,total protein 17,5 g, @ 200 mL"",MELAKUKAN PENGIRIMAN DAN PENERIMAAN,2184800,2184800";
KAB. MANDAILING NATAL,DINAS KESEHATAN - 1.02.0.00.0.00.02.0000,11825865,58580293,2025,E-Katalog 5.0,APBD,PT Sinaraya Nugraha Ahmadaris Medika,E-Purchasing,Pengadaan Barang,POLI Disinfektan 5 Liter,MELAKUKAN PENGIRIMAN DAN PENERIMAAN,49720000,49720000;
KAB. MANDAILING NATAL,DINAS PENDIDIKAN DAN KEBUDAYAAN - 1.01.2.22.0.00.01.0000,10326931000,57108826,2025,Non Tender,APBD,CV. BINTANG BUDI MANDIRI,Pengadaan Langsung,Pekerjaan Konstruksi,Rehabilitasi Ruang Kelas SD Negeri 356 Sinunukan VI,SELESAI,197976075,197976075;
"KAB. MANDAILING NATAL,DINAS KESEHATAN - 1.02.0.00.0.00.02.0000,11955786,58541960,2025,E-Katalog 5.0,APBD,PT Ethica Industri Farmasi,E-Purchasing,Pengadaan Barang,""Methylergometrine Maleate/ Methylergometrine/ Metilergometrin inj 0,2 mg/ml"",MELAKUKAN PENGIRIMAN DAN PENERIMAAN,6242000,6242000";
KAB. MANDAILING NATAL,DINAS KESEHATAN - 1.02.0.00.0.00.02.0000,10049026000,58584462,2025,Tender,APBD,CV. CREDESAIN KONSTRUKSI,Tender,Pekerjaan Konstruksi,Renovasi /Penambahan Ruang Puskesmas Sibanggor Jae,SELESAI,5087060000,5087060000;
KAB. MANDAILING NATAL,DINAS KESEHATAN - 1.02.0.00.0.00.02.0000,11960519,58541960,2025,E-Katalog 5.0,APBD,PT. Mandiri Medika Farma,E-Purchasing,Pengadaan Barang,ISONIAZID TAB 300 MG,MELAKUKAN PENGIRIMAN DAN PENERIMAAN,8320000,8320000;
KAB. MANDAILING NATAL,RUMAH SAKIT UMUM DAERAH PANYABUNGAN - 1.02.0.00.0.00.02.0001,11828800,59434318,2025,E-Katalog 5.0,APBD,PT. MEGA ANDALAN KALASAN,E-Purchasing,Pengadaan Barang,Pediatric Bed MBC01 (F),MELAKUKAN PENGIRIMAN DAN PENERIMAAN,14346420,14346420;
KAB. MANDAILING NATAL,DINAS KESEHATAN - 1.02.0.00.0.00.02.0000,11955784,58541960,2025,E-Katalog 5.0,APBD,PT. Hexpharm Jaya Laboratories,E-Purchasing,Pengadaan Barang,Glimepirid tab 2 mg,MELAKUKAN PENGIRIMAN DAN PENERIMAAN,5404000,5404000;
KAB. MANDAILING NATAL,DINAS KESEHATAN - 1.02.0.00.0.00.02.0000,12028975,58580293,2025,E-Katalog 5.0,APBD,PT Axion Jaya Alkesindo,E-Purchasing,Pengadaan Barang,Micropore Surgical Tape,MELAKUKAN PENGIRIMAN DAN PENERIMAAN,26500000,26500000;
KAB. MANDAILING NATAL,DINAS KESEHATAN - 1.02.0.00.0.00.02.0000,11732199,58827754,2025,E-Katalog 5.0,APBD,PT. Asvia Laguna Medis,E-Purchasing,Pengadaan Barang,Hecting Set II,MELAKUKAN PENGIRIMAN DAN PENERIMAAN,45700000,45700000;
KAB. MANDAILING NATAL,DINAS PEKERJAAN UMUM DAN PENATAAN RUANG - 1.03.0.00.0.00.03.0000,11869951,59559150,2025,E-Katalog 5.0,APBD,CV.GUNUNG KULABU,E-Purchasing,Pengadaan Barang,Galian untuk Selokan Drainase dan Saluran Air,PAKET SELESAI,28628000,28628000;
KAB. MANDAILING NATAL,DINAS KESEHATAN - 1.02.0.00.0.00.02.0000,11955799,58541960,2025,E-Katalog 5.0,APBD,PT. Hexpharm Jaya Laboratories,E-Purchasing,Pengadaan Barang,Ketokonazol/ Ketoconazole tablet/kapsul/kaplet 200 mg,MELAKUKAN PENGIRIMAN DAN PENERIMAAN,33750000,33750000;
"KAB. MANDAILING NATAL,DINAS PEKERJAAN UMUM DAN PENATAAN RUANG - 1.03.0.00.0.00.03.0000,11830442,57424552,2025,E-Katalog 5.0,APBD,DEMBAN SIMPAR JAYA,E-Purchasing,Pengadaan Barang,""Beton strukur, fc 20 MPa"",MELAKUKAN PENGIRIMAN DAN PENERIMAAN,541310000,541310000";
KAB. MANDAILING NATAL,BADAN PENGELOLAAN KEUANGAN DAN ASET DAERAH - 5.02.0.00.0.00.27.0000,01JWWYSNQ997NFNPQC858CS2C9,59035097,2025,E-Katalog 6.0,APBD,KREATIFITAS CEMERLANG,E-Purchasing,Barang,Belanja Modal Lemari dan Arsip Pejabat,PAYMENT OUTSIDE SYSTEM,108891000,108891000;
KAB. MANDAILING NATAL,DINAS KESEHATAN - 1.02.0.00.0.00.02.0000,11876057,58541960,2025,E-Katalog 5.0,APBD,PT.Bernofarm,E-Purchasing,Pengadaan Barang,Miconazole nitrate/ Miconazole/ Mikonazol krim 2 %,MELAKUKAN PENGIRIMAN DAN PENERIMAAN,32000000,32000000;
KAB. MANDAILING NATAL,RUMAH SAKIT UMUM DAERAH PANYABUNGAN - 1.02.0.00.0.00.02.0001,11886936,58008995,2025,E-Katalog 5.0,BLUD,PT Yarindo Farmatama,E-Purchasing,Pengadaan Barang,Diazepam tablet/kapsul/kaplet 2 mg,MELAKUKAN PENGIRIMAN DAN PENERIMAAN,170000,170000;
KAB. MANDAILING NATAL,DINAS KESEHATAN - 1.02.0.00.0.00.02.0000,01KAWGWMBMCVKVS4QKXVN0Q3V9,61713478,2025,E-Katalog 6.0,APBD,TERMINAL PRINT,E-Purchasing,Barang,Belanja Alat/Bahan untuk Kegiatan Kantor-Perlengkapan Dinas-Belanja Kaos,ON PROCESS,117998550,117998550;
KAB. MANDAILING NATAL,RUMAH SAKIT UMUM DAERAH PANYABUNGAN - 1.02.0.00.0.00.02.0001,01KA09E3Y72H42CW29F3RQ639C,59725914,2025,E-Katalog 6.0,BLUD,TERUMO INDONESIA,E-Purchasing,Barang,Belanja Barang dan mesin BLUD,ON PROCESS,98999998,0;
KAB. MANDAILING NATAL,DINAS KEPENDUDUKAN DAN PENCATATAN SIPIL - 2.12.0.00.0.00.11.0000,01JWQEW8Y0215FFTMZ57ECA3RF,59380264,2025,E-Katalog 6.0,APBD,AUFA NADZAN SUCCES,E-Purchasing,Barang,Belanja Alat/Bahan untuk Kegiatan Kantor- Kertas dan Cover,PAYMENT OUTSIDE SYSTEM,77589600,77589600;
KAB. MANDAILING NATAL,DINAS KESEHATAN - 1.02.0.00.0.00.02.0000,10067148000,60050643,2025,Tender,APBD,CV. PEGEHEYSHA,Tender Cepat,Pekerjaan Konstruksi,Belanja Modal Bangunan Gedung Kantor-Renovasi/Penambahan Ruang Puskesmas Panyabungan Jae,SELESAI,1919434400,1919434400;
KAB. MANDAILING NATAL,DINAS KESEHATAN - 1.02.0.00.0.00.02.0000,01K6R16J4PJ9Z62DJBMSMPZ1K5,60913971,2025,E-Katalog 6.0,APBD,TERMINAL PRINT,E-Purchasing,Barang,Belanja Alat/Bahan untuk Kegiatan Kantor-Alat Tulis Kantor- PENGADAAN BUKU KIA,ON PROCESS,462074926,462074926;
KAB. MANDAILING NATAL,DINAS PEKERJAAN UMUM DAN PENATAAN RUANG - 1.03.0.00.0.00.03.0000,11869780,59559156,2025,E-Katalog 5.0,APBD,CV. DALIHAN NATOLU,E-Purchasing,Pengadaan Barang,Pasangan Batu,MELAKUKAN PENGIRIMAN DAN PENERIMAAN,14038200,14038200;
KAB. MANDAILING NATAL,RUMAH SAKIT UMUM DAERAH PANYABUNGAN - 1.02.0.00.0.00.02.0001,12018602,59725914,2025,E-Katalog 5.0,BLUD,PT. Emiindo Jaya Bersama,E-Purchasing,Pengadaan Barang,Manual Wheelchair/ Kursi Roda SWC0824,PROSES KONTRAK PPK,21370000,21370000;
KAB. MANDAILING NATAL,DINAS PERDAGANGAN - 3.30.3.31.0.00.23.0000,10455635000,61018127,2025,Non Tender,APBDP,CV. RRH CONSULTANT,Pengadaan Langsung,Jasa Konsultansi Badan Usaha Konstruksi,Jasa Konsultansi Perencanaan Fisik Bidang Pengembagan Perdagangan P.APBD 2025,SELESAI,24647550,24647550;
KAB. MANDAILING NATAL,DINAS PERDAGANGAN - 3.30.3.31.0.00.23.0000,10601583000,61018323,2025,Non Tender,APBDP,CV. INOVASI GEMILANG,Pengadaan Langsung,Pekerjaan Konstruksi,Penataan Sarana dan Prasarana Pasar Eks. Bioskop Tapanuli Kec. Panyabungan,SELESAI,99232032,99232032;
KAB. MANDAILING NATAL,DINAS PEKERJAAN UMUM DAN PENATAAN RUANG - 1.03.0.00.0.00.03.0000,11864328,59526453,2025,E-Katalog 5.0,APBD,CV. IKHWAN FIRDAUS,E-Purchasing,Pengadaan Barang,Menyediakan Kran Kuningan 1/2,MELAKUKAN PENGIRIMAN DAN PENERIMAAN,2635000,2635000;
KAB. MANDAILING NATAL,DINAS KESEHATAN - 1.02.0.00.0.00.02.0000,11966587,58541960,2025,E-Katalog 5.0,APBD,PT. TRIMAN,E-Purchasing,Pengadaan Barang,ATTAPULGIT/ATTAPULGITE 600 MG/TABLET/KAPLET/KAPSUL,MELAKUKAN PENGIRIMAN DAN PENERIMAAN,23030000,23030000;
KAB. MANDAILING NATAL,RUMAH SAKIT UMUM DAERAH PANYABUNGAN - 1.02.0.00.0.00.02.0001,12014428,58008995,2025,E-Katalog 5.0,BLUD,PT. Kimia Farma Tbk,E-Purchasing,Pengadaan Barang,Ketoprofen supositoria 100 mg KF,MELAKUKAN PENGIRIMAN DAN PENERIMAAN,1402200,1402200;
KAB. MANDAILING NATAL,DINAS KESEHATAN - 1.02.0.00.0.00.02.0000,11952890,58541723,2025,E-Katalog 5.0,APBD,PT.Bernofarm,E-Purchasing,Pengadaan Barang,Diclofenac sodium/ Natrium diklofenak tablet salut enterik/kaplet salut enterik 50 mg,MELAKUKAN PENGIRIMAN DAN PENERIMAAN,49309100,49309100;
KAB. MANDAILING NATAL,DINAS PEKERJAAN UMUM DAN PENATAAN RUANG - 1.03.0.00.0.00.03.0000,11864328,59526453,2025,E-Katalog 5.0,APBD,CV. IKHWAN FIRDAUS,E-Purchasing,Pengadaan Barang,Menyediakan dan Memasang Coupler Fitting HDPE 4,MELAKUKAN PENGIRIMAN DAN PENERIMAAN,671000,671000;
KAB. MANDAILING NATAL,DINAS KESEHATAN - 1.02.0.00.0.00.02.0000,12028975,58580293,2025,E-Katalog 5.0,APBD,PT Axion Jaya Alkesindo,E-Purchasing,Pengadaan Barang,Ultrasound Gel,MELAKUKAN PENGIRIMAN DAN PENERIMAAN,2750000,2750000;
"KAB. MANDAILING NATAL,RUMAH SAKIT UMUM DAERAH PANYABUNGAN - 1.02.0.00.0.00.02.0001,11790254,58008995,2025,E-Katalog 5.0,BLUD,PT. Mersifarma Tirmaku Mercusana,E-Purchasing,Pengadaan Barang,""Alprazolam tab 0,5 mg"",MELAKUKAN PENGIRIMAN DAN PENERIMAAN,760000,760000";
KAB. MANDAILING NATAL,DINAS KESEHATAN - 1.02.0.00.0.00.02.0000,11834071,58580293,2025,E-Katalog 5.0,APBD,PT. Safelock Medical,E-Purchasing,Pengadaan Barang,IV Catheter Non Injection Port 24 G,MELAKUKAN PENGIRIMAN DAN PENERIMAAN,16686000,16686000;
KAB. MANDAILING NATAL,DINAS PEKERJAAN UMUM DAN PENATAAN RUANG - 1.03.0.00.0.00.03.0000,11864328,59526453,2025,E-Katalog 5.0,APBD,CV. IKHWAN FIRDAUS,E-Purchasing,Pengadaan Barang,Keselamatan dan Kesehatan Kerja (K3) Kontruksi,MELAKUKAN PENGIRIMAN DAN PENERIMAAN,660000,660000;
KAB. MANDAILING NATAL,DINAS SOSIAL PEMBERDAYAAN PEREMPUAN DAN PERLINDUNGAN ANAK - 1.06.2.08.0.00.07.0000,01KDAH5V7A519A3SW1XARB0SVQ,62357380,2025,E-Katalog 6.0,APBDP,BEJANA UTAMA,E-Purchasing,Barang,Belanja Barang untuk Dijual/Diserahkan kepada Masyarakat Sumber Dana Darurat,ON PROCESS,404540473,404540473;
KAB. MANDAILING NATAL,DINAS PEKERJAAN UMUM DAN PENATAAN RUANG - 1.03.0.00.0.00.03.0000,11869706,59559155,2025,E-Katalog 5.0,APBD,CV. PUTRA JAYA,E-Purchasing,Pengadaan Barang,Timbunan Pilihan Dari Sumber galian,MELAKUKAN PENGIRIMAN DAN PENERIMAAN,25344000,25344000;
KAB. MANDAILING NATAL,RUMAH SAKIT UMUM DAERAH PANYABUNGAN - 1.02.0.00.0.00.02.0001,01K9Q0J5CCDRF7R8Q7XSQ21J6A,58008995,2025,E-Katalog 6.0,BLUD,GUARDIAN PHARMATAMA,E-Purchasing,Barang,Belanja Barang dan Jasa BLUD,ON PROCESS,2621820,2621820;
KAB. MANDAILING NATAL,DINAS KESEHATAN - 1.02.0.00.0.00.02.0000,11717150,58585278,2025,E-Katalog 5.0,APBD,PT. Putra Nusa Logistindo,E-Purchasing,Pengadaan Barang,BLUGOON FILTERISASI PENYEDIAAN AIR BERSIH - PN-400,MELAKUKAN PENGIRIMAN DAN PENERIMAAN,1475000000,1475000000;
"KAB. MANDAILING NATAL,DINAS KESEHATAN - 1.02.0.00.0.00.02.0000,11966607,58541960,2025,E-Katalog 5.0,APBD,PT. SATORIA ANEKA INDUSTRI,E-Purchasing,Pengadaan Barang,""NaCl 0.9% / Sodium Chloride 0.9%, 500 mL"",MELAKUKAN PENGIRIMAN DAN PENERIMAAN,38365000,38365000";
KAB. MANDAILING NATAL,RUMAH SAKIT UMUM DAERAH PANYABUNGAN - 1.02.0.00.0.00.02.0001,11821631,58008995,2025,E-Katalog 5.0,BLUD,PT MEGA INTI MAKMUR MEDIKA,E-Purchasing,Pengadaan Barang,SSSGLOVES Powder Free Nitrile Examination Gloves,MELAKUKAN PENGIRIMAN DAN PENERIMAAN,20000000,20000000;
KAB. MANDAILING NATAL,RUMAH SAKIT UMUM DAERAH PANYABUNGAN - 1.02.0.00.0.00.02.0001,11712746,58008995,2025,E-Katalog 5.0,BLUD,PT. Kimia Farma Tbk,E-Purchasing,Pengadaan Barang,Permethrin/ Permetrin Krim 5%,PROSES KONTRAK PPK,1231800,1231800;
"KAB. MANDAILING NATAL,DINAS KESEHATAN - 1.02.0.00.0.00.02.0000,11956387,58541960,2025,E-Katalog 5.0,APBD,PT.Bernofarm,E-Purchasing,Pengadaan Barang,""Methylergometrine Maleate/ Methylergometrine/ Metilergometrin tablet/kapsul/kaplet 0,125 mg"",MELAKUKAN PENGIRIMAN DAN PENERIMAAN,7960000,7960000";
KAB. MANDAILING NATAL,DINAS PEKERJAAN UMUM DAN PENATAAN RUANG - 1.03.0.00.0.00.03.0000,11830442,57424552,2025,E-Katalog 5.0,APBD,DEMBAN SIMPAR JAYA,E-Purchasing,Pengadaan Barang,Galian Biasa,MELAKUKAN PENGIRIMAN DAN PENERIMAAN,95375000,95375000;
KAB. MANDAILING NATAL,BAGIAN KESEJAHTERAAN RAKYAT - 4.01.5.06.0.00.24.0002,10168563000,59179509;"59635048,2025,Non Tender,APBD,CV. BERKAH QYMERA,Pengadaan Langsung,Jasa Lainnya,"",Belanja Sewa Kenderaan Bermotor Penumpang - Sewa Bus Pemulangan Haji"",SELESAI,157442400,157442400"
KAB. MANDAILING NATAL,DINAS PEKERJAAN UMUM DAN PENATAAN RUANG - 1.03.0.00.0.00.03.0000,11807675,57423741,2025,E-Katalog 5.0,APBD,DEMBAN SIMPAR JAYA,E-Purchasing,Pengadaan Barang,Penyiapan Badan Jalan,MELAKUKAN PENGIRIMAN DAN PENERIMAAN,9038600,9038600;
KAB. MANDAILING NATAL,DINAS KESEHATAN - 1.02.0.00.0.00.02.0000,11955814,58541960,2025,E-Katalog 5.0,APBD,P.T. Dexa Medica,E-Purchasing,Pengadaan Barang,Furosemid/ Furosemide inj 10 mg/mL (i.v./i.m),MELAKUKAN PENGIRIMAN DAN PENERIMAAN,6930000,6930000;
"KAB. MANDAILING NATAL,DINAS PEKERJAAN UMUM DAN PENATAAN RUANG - 1.03.0.00.0.00.03.0000,11807675,57423741,2025,E-Katalog 5.0,APBD,DEMBAN SIMPAR JAYA,E-Purchasing,Pengadaan Barang,""Beton struktur, fc 25 Mpa"",MELAKUKAN PENGIRIMAN DAN PENERIMAAN,10780000,10780000";
KAB. MANDAILING NATAL,DINAS KESEHATAN - 1.02.0.00.0.00.02.0000,11955784,58541960,2025,E-Katalog 5.0,APBD,PT. Hexpharm Jaya Laboratories,E-Purchasing,Pengadaan Barang,Simvastatin tab 10 mg,MELAKUKAN PENGIRIMAN DAN PENERIMAAN,3816000,3816000;
KAB. MANDAILING NATAL,DINAS KESEHATAN - 1.02.0.00.0.00.02.0000,10455632000,59948662,2025,Non Tender,APBD,CV. ANUGRAH ALAM MANDIRI,Pengadaan Langsung,Pekerjaan Konstruksi,Belanja Modal Bangunan Gedung Kantor-Rehabilitasi dan Penambahan Ruang Dinkes,SELESAI,199746413,199746413;
KAB. MANDAILING NATAL,DINAS PEKERJAAN UMUM DAN PENATAAN RUANG - 1.03.0.00.0.00.03.0000,11864328,59526453,2025,E-Katalog 5.0,APBD,CV. IKHWAN FIRDAUS,E-Purchasing,Pengadaan Barang,Check Valve 1/2,MELAKUKAN PENGIRIMAN DAN PENERIMAAN,2677500,2677500;
KAB. MANDAILING NATAL,RUMAH SAKIT UMUM DAERAH PANYABUNGAN - 1.02.0.00.0.00.02.0001,11991097,59433348,2025,E-Katalog 5.0,APBD,PT. Philips Indonesia Commercial,E-Purchasing,Pengadaan Barang,AFFINITI 50 Ultrasound System for 4D OBGYN,PROSES KONTRAK PPK,999000000,0;
KAB. MANDAILING NATAL,DINAS PEKERJAAN UMUM DAN PENATAAN RUANG - 1.03.0.00.0.00.03.0000,11864328,59526453,2025,E-Katalog 5.0,APBD,CV. IKHWAN FIRDAUS,E-Purchasing,Pengadaan Barang,Pemasangan Pipa PVC Type SNI 1/2,MELAKUKAN PENGIRIMAN DAN PENERIMAAN,12900750,12900750;
KAB. MANDAILING NATAL,DINAS PERDAGANGAN - 3.30.3.31.0.00.23.0000,01K1F6NH1ZY76N7TQP5ETP8M75,60138860,2025,E-Katalog 6.0,APBD,HANAYA KARYA PERSADA,E-Purchasing,Jasa Lainnya,Belanja Jasa Tenaga Kebersihan dan  Jasa Tenaga Keamanan,ON PROCESS,632500000,632500000;
KAB. MANDAILING NATAL,RUMAH SAKIT UMUM DAERAH PANYABUNGAN - 1.02.0.00.0.00.02.0001,12028977,58008995,2025,E-Katalog 5.0,BLUD,PT. Mersifarma Tirmaku Mercusana,E-Purchasing,Pengadaan Barang,Haloperidol tab 5 mg,MELAKUKAN PENGIRIMAN DAN PENERIMAAN,192000,192000;
KAB. MANDAILING NATAL,DINAS PEKERJAAN UMUM DAN PENATAAN RUANG - 1.03.0.00.0.00.03.0000,11869706,59559155,2025,E-Katalog 5.0,APBD,CV. PUTRA JAYA,E-Purchasing,Pengadaan Barang,Bahan Anti Pengelupasan,MELAKUKAN PENGIRIMAN DAN PENERIMAAN,4116000,4116000;
KAB. MANDAILING NATAL,DINAS PERUMAHAN RAKYAT DAN KAWASAN PERMUKIMAN SERTA PERTANAHAN - 1.04.2.10.0.00.04.0000,10216986000,59844694,2025,Non Tender,APBD,PT.SADHYA GRAHACARA,Pengadaan Langsung,Jasa Konsultansi Badan Usaha Konstruksi,Pengawasan Kegiatan Kontraktual DAK PPKT,SELESAI,59884500,59884500;
"KAB. MANDAILING NATAL,SEKRETARIAT DAERAH KABUPATEN - 4.01.5.06.0.00.24.0000,01KBHG3Y2GSAZJHW6K188MJMW8,61887583,2025,E-Katalog 6.0,APBDP,KREASI KENANGA,E-Purchasing,Barang,""Belanja Modal Personal Komputer, Peralatan Personal Komputer dan Bahan Komputer"",PAYMENT OUTSIDE SYSTEM,75369000,75369000";
KAB. MANDAILING NATAL,DINAS KESEHATAN - 1.02.0.00.0.00.02.0000,11834071,58580293,2025,E-Katalog 5.0,APBD,PT. Safelock Medical,E-Purchasing,Pengadaan Barang,IV CATHETER NON INJECTION PORT 20 G,MELAKUKAN PENGIRIMAN DAN PENERIMAAN,16686000,16686000;
KAB. MANDAILING NATAL,DINAS PEKERJAAN UMUM DAN PENATAAN RUANG - 1.03.0.00.0.00.03.0000,11864328,59526453,2025,E-Katalog 5.0,APBD,CV. IKHWAN FIRDAUS,E-Purchasing,Pengadaan Barang,Menyediakan dan Memasang Stop Kran 2,MELAKUKAN PENGIRIMAN DAN PENERIMAAN,1162000,1162000;
KAB. MANDAILING NATAL,DINAS KESEHATAN - 1.02.0.00.0.00.02.0000,10235122000,58827321,2025,Non Tender,APBD,PT . HIBAR WAHANA PERSADA,Pengadaan Langsung,Jasa Konsultansi Badan Usaha Konstruksi,Belanja Jasa Tenaga Ahli-Jasa Konsultan Pengawasan (DAU),SELESAI,99428250,99428250;
KAB. MANDAILING NATAL,DINAS KESEHATAN - 1.02.0.00.0.00.02.0000,11924636,58875523,2025,E-Katalog 5.0,APBD,PT.Elsyahfi Calibratech Mandiri,E-Purchasing,Pengadaan Barang,JASA PENGUJIAN DAN KALIBRASI TENSIMETER DIGITAL,MELAKUKAN PENGIRIMAN DAN PENERIMAAN,17550000,17550000;
KAB. MANDAILING NATAL,DINAS KESEHATAN - 1.02.0.00.0.00.02.0000,10478244000,60909388,2025,Non Tender,APBDP,CV. BANGKIT BERSAMA GROUP,Pengadaan Langsung,Pekerjaan Konstruksi,Belanja Bahan-Bahan Bangunan dan Konstruksi-Belanja Penimbunan dan Pemasangan Dek Penahan Puskesmas Gunung Tua,SELESAI,299899772,299899772;
KAB. MANDAILING NATAL,RUMAH SAKIT UMUM DAERAH PANYABUNGAN - 1.02.0.00.0.00.02.0001,11887026,59725914,2025,E-Katalog 5.0,BLUD,PT. SERENITY INDONESIA,E-Purchasing,Pengadaan Barang,Cervical & Emergency Bed,PROSES KONTRAK PPK,61500000,0;
KAB. MANDAILING NATAL,DINAS KESEHATAN - 1.02.0.00.0.00.02.0000,11924636,58875523,2025,E-Katalog 5.0,APBD,PT.Elsyahfi Calibratech Mandiri,E-Purchasing,Pengadaan Barang,JASA PENGUJIAN DAN/ATAU KALIBRASI MIKROSKOP,MELAKUKAN PENGIRIMAN DAN PENERIMAAN,3750000,3750000;
KAB. MANDAILING NATAL,RUMAH SAKIT UMUM DAERAH PANYABUNGAN - 1.02.0.00.0.00.02.0001,11824198,58008995,2025,E-Katalog 5.0,BLUD,P.T. Dexa Medica,E-Purchasing,Pengadaan Barang,Asam ursodeoksikolat kaps 250 mg,MELAKUKAN PENGIRIMAN DAN PENERIMAAN,2338500,2338500;
KAB. MANDAILING NATAL,DINAS KESEHATAN - 1.02.0.00.0.00.02.0000,12038806,58579310,2025,E-Katalog 5.0,APBD,PT Axion Jaya Alkesindo,E-Purchasing,Pengadaan Barang,Thermal Paper EKG 80m x 30mm,MELAKUKAN PENGIRIMAN DAN PENERIMAAN,33418000,33418000;
KAB. MANDAILING NATAL,DINAS PENGENDALIAN PENDUDUK DAN KELUARGA BERENCANA - 2.14.0.00.0.00.13.0000,10484517000,59276717,2025,Non Tender,APBD,CV. ALDRICH PERDANA KARYA,Pengadaan Langsung,Pekerjaan Konstruksi,Pembangunan Musholla dan Pagar Kantor DPPKB Mandailing Natal,SELESAI,148789677,148789677;
KAB. MANDAILING NATAL,DINAS PENDIDIKAN DAN KEBUDAYAAN - 1.01.2.22.0.00.01.0000,10072154000,57109183,2025,Tender,APBD,CV. KREATIFITAS CEMERLANG,Tender,Pekerjaan Konstruksi,Rehabilitasi Ruang Kelas SMP Negeri 1 Natal,SELESAI,407794720,407794720;
KAB. MANDAILING NATAL,DINAS KESEHATAN - 1.02.0.00.0.00.02.0000,11966608,58541960,2025,E-Katalog 5.0,APBD,PT. Mersifarma Tirmaku Mercusana,E-Purchasing,Pengadaan Barang,Klorpromazin tab 100 mg,MELAKUKAN PENGIRIMAN DAN PENERIMAAN,2625000,2625000;
KAB. MANDAILING NATAL,DINAS PENDIDIKAN DAN KEBUDAYAAN - 1.01.2.22.0.00.01.0000,10327000000,57108803,2025,Non Tender,APBD,CV. ALDRICH PERDANA KARYA,Pengadaan Langsung,Pekerjaan Konstruksi,Rehabilitasi Ruang Kelas SD Negeri 108 Aek Mata,SELESAI,199871148,199871148;
KAB. MANDAILING NATAL,DINAS PEKERJAAN UMUM DAN PENATAAN RUANG - 1.03.0.00.0.00.03.0000,10495585000,60893827,2025,Non Tender,APBDP,3D STATION CONSULTANT,Pengadaan Langsung,Jasa Konsultansi Badan Usaha Konstruksi,Konsultansi Perencanaan Kegiatan Inpres No. 2 Tahun 2025 Untuk Tahun 2026,SELESAI,98000000,98000000;
KAB. MANDAILING NATAL,DINAS PEKERJAAN UMUM DAN PENATAAN RUANG - 1.03.0.00.0.00.03.0000,10160666000,59489798,2025,Non Tender,APBD,CV. EFOD DESIGN CONSULTANT,Pengadaan Langsung,Jasa Konsultansi Badan Usaha Konstruksi,Jasa Konsultansi Pengawasan Program Penataan Bangunan Gedung,SELESAI,99900000,99900000;
KAB. MANDAILING NATAL,DINAS KESEHATAN - 1.02.0.00.0.00.02.0000,11966629,58541960,2025,E-Katalog 5.0,APBD,PT.Phapros Tbk,E-Purchasing,Pengadaan Barang,Fitomenadion/ Phytomenadion (Vitamin K1) tablet/kapsul/kaplet 10 mg,MELAKUKAN PENGIRIMAN DAN PENERIMAAN,5697000,5697000;
KAB. MANDAILING NATAL,DINAS KESEHATAN - 1.02.0.00.0.00.02.0000,11882679,58541960,2025,E-Katalog 5.0,APBD,PT. PUTRA KARYA SENTOSA,E-Purchasing,Pengadaan Barang,Povidon Iodida 300 ml,MELAKUKAN PENGIRIMAN DAN PENERIMAAN,63744000,63744000;
"KAB. MANDAILING NATAL,DINAS KESEHATAN - 1.02.0.00.0.00.02.0000,11966627,58541960,2025,E-Katalog 5.0,APBD,PT. NOVELL PHARMACEUTICAL LABORATORIES,E-Purchasing,Pengadaan Barang,""Diazepam enema 10 mg/2,5 mL"",MELAKUKAN PENGIRIMAN DAN PENERIMAAN,12210000,12210000";
KAB. MANDAILING NATAL,DINAS PEKERJAAN UMUM DAN PENATAAN RUANG - 1.03.0.00.0.00.03.0000,11807675,57423741,2025,E-Katalog 5.0,APBD,DEMBAN SIMPAR JAYA,E-Purchasing,Pengadaan Barang,Galian Biasa,MELAKUKAN PENGIRIMAN DAN PENERIMAAN,381500,381500;
KAB. MANDAILING NATAL,DINAS PEKERJAAN UMUM DAN PENATAAN RUANG - 1.03.0.00.0.00.03.0000,10603440000,60893050,2025,Non Tender,APBD,CV. AKSA MAHAGANI,Pengadaan Langsung,Pekerjaan Konstruksi,Rehabilitasi Tanggul Sungai Aek Batang Natal Desa Ampung Padang Kec. Batang Natal (DBH 2025),SELESAI,149600000,149600000;
KAB. MANDAILING NATAL,DINAS PEKERJAAN UMUM DAN PENATAAN RUANG - 1.03.0.00.0.00.03.0000,11869706,59559155,2025,E-Katalog 5.0,APBD,CV. PUTRA JAYA,E-Purchasing,Pengadaan Barang,Galian untuk selokan drainase dan saluran air,MELAKUKAN PENGIRIMAN DAN PENERIMAAN,35640000,35640000;
KAB. MANDAILING NATAL,DINAS KOMUNIKASI DAN INFORMATIKA - 2.16.2.20.2.21.15.0000,01KDDJNXNQRPRTQ972Z47XM59X,62463946,2025,E-Katalog 6.0,APBDP,PUTRA PRATAMA,E-Purchasing,Barang,Belanja Barang untuk Diserahkan Kepada Pihak Ketiga Sumber Dana Darurat,ON PROCESS,95304600,95304600;
KAB. MANDAILING NATAL,RUMAH SAKIT UMUM DAERAH PANYABUNGAN - 1.02.0.00.0.00.02.0001,11649280,58008995,2025,E-Katalog 5.0,BLUD,P.T. Dexa Medica,E-Purchasing,Pengadaan Barang,Tikagrelor tab 90 mg,PROSES KONTRAK PPK,5494800,5494800;
KAB. MANDAILING NATAL,DINAS KESEHATAN - 1.02.0.00.0.00.02.0000,12028975,58580293,2025,E-Katalog 5.0,APBD,PT Axion Jaya Alkesindo,E-Purchasing,Pengadaan Barang,Surgical Blade size 10,MELAKUKAN PENGIRIMAN DAN PENERIMAAN,31000000,31000000;
KAB. MANDAILING NATAL,DINAS KESEHATAN - 1.02.0.00.0.00.02.0000,11955796,58541960,2025,E-Katalog 5.0,APBD,CIPTA MEDIKA SEMPURNA,E-Purchasing,Pengadaan Barang,NOVA COMPO C,MELAKUKAN PENGIRIMAN DAN PENERIMAAN,15981000,0;
KAB. MANDAILING NATAL,DINAS PENDIDIKAN DAN KEBUDAYAAN - 1.01.2.22.0.00.01.0000,10327033000,57108828,2025,Non Tender,APBD,CV. ANUGRAH KARYA ABADI,Pengadaan Langsung,Pekerjaan Konstruksi,Rehabilitasi Ruang Kelas SD Negeri 032 Sinonoan,SELESAI,149802928,149802928;
KAB. MANDAILING NATAL,DINAS PENGENDALIAN PENDUDUK DAN KELUARGA BERENCANA - 2.14.0.00.0.00.13.0000,11903799,57958232,2025,E-Katalog 5.0,APBD,PT. Intermedin Medical Instruments,E-Purchasing,Pengadaan Barang,IUD Kit,MELAKUKAN PENGIRIMAN DAN PENERIMAAN,176800000,176800000;
KAB. MANDAILING NATAL,DINAS KESEHATAN - 1.02.0.00.0.00.02.0000,11825865,58580293,2025,E-Katalog 5.0,APBD,PT Sinaraya Nugraha Ahmadaris Medika,E-Purchasing,Pengadaan Barang,POLISEPTIK 70% 5 Liter,MELAKUKAN PENGIRIMAN DAN PENERIMAAN,77350350,77350350;
"KAB. MANDAILING NATAL,DINAS PEKERJAAN UMUM DAN PENATAAN RUANG - 1.03.0.00.0.00.03.0000,10438892000,60892343,2025,Non Tender,APBDP,ZAINULKONSULTAN,Pengadaan Langsung,Jasa Konsultansi Perorangan Konstruksi,""Konsultansi Perencanaan Kegiatan Untuk Konstruksi Pengendali Banjir, Lahar, Drainase Utama Perkotaan dan Pengaman Pantai"",SELESAI,15000000,15000000";
KAB. MANDAILING NATAL,RUMAH SAKIT UMUM DAERAH PANYABUNGAN - 1.02.0.00.0.00.02.0001,12014428,58008995,2025,E-Katalog 5.0,BLUD,PT. Kimia Farma Tbk,E-Purchasing,Pengadaan Barang,Salbutamol sulfate/ Salbutamol tablet/kapsul/kaplet 2 mg-KF,MELAKUKAN PENGIRIMAN DAN PENERIMAAN,1500000,1500000;
KAB. MANDAILING NATAL,DINAS PERUMAHAN RAKYAT DAN KAWASAN PERMUKIMAN SERTA PERTANAHAN - 1.04.2.10.0.00.04.0000,10074459000,57348083,2025,Non Tender,APBD,PT. CITA KREASI LATENA,Pengadaan Langsung,Jasa Konsultansi Badan Usaha Non Konstruksi,Penyusunan Dokumen Rencana Pengembangan Infrastruktur Permukiman (RPIP),SELESAI,99345000,99345000;
"KAB. MANDAILING NATAL,DINAS PERDAGANGAN - 3.30.3.31.0.00.23.0000,10278376000,60108813,2025,Non Tender,APBD,CV. KREATIFITAS CEMERLANG,Pengadaan Langsung,Pekerjaan Konstruksi,""Pembuatan Atap Tong Air, Gedung Mesin Air, Gedung Panel Kelistrikan dan Rumah sampah di Pasar Baru Panyabungan"",SELESAI,99083277,99083277";
KAB. MANDAILING NATAL,DINAS KESEHATAN - 1.02.0.00.0.00.02.0000,11847388,58580293,2025,E-Katalog 5.0,APBD,PT.GLOBAL DISPOMEDIKA,E-Purchasing,Pengadaan Barang,Metragloves Latex Examination Powdered Size Large,MELAKUKAN PENGIRIMAN DAN PENERIMAAN,8055920,8055920;
KAB. MANDAILING NATAL,DINAS PEKERJAAN UMUM DAN PENATAAN RUANG - 1.03.0.00.0.00.03.0000,11869706,59559155,2025,E-Katalog 5.0,APBD,CV. PUTRA JAYA,E-Purchasing,Pengadaan Barang,Laston Lapis Aus (AC-WC),MELAKUKAN PENGIRIMAN DAN PENERIMAAN,518192000,518192000;
KAB. MANDAILING NATAL,DINAS KESEHATAN - 1.02.0.00.0.00.02.0000,11924636,58875523,2025,E-Katalog 5.0,APBD,PT.Elsyahfi Calibratech Mandiri,E-Purchasing,Pengadaan Barang,JASA PENGUJIAN DAN/ATAU KALIBRASI NEBULIZER,MELAKUKAN PENGIRIMAN DAN PENERIMAAN,8400000,8400000;
KAB. MANDAILING NATAL,BAGIAN UMUM - 4.01.5.06.0.00.24.0009,10614597000,61724071,2025,Non Tender,APBDP,CV. AULIA RIZKI PRATAMA,Pengadaan Langsung,Pekerjaan Konstruksi,Rehab dan Pengecatan di Lingkungan Rumah Dinas Bupati,SELESAI,399500000,399500000;
KAB. MANDAILING NATAL,DINAS KESEHATAN - 1.02.0.00.0.00.02.0000,11966596,58541960,2025,E-Katalog 5.0,APBD,PT. PUTRA KARYA SENTOSA,E-Purchasing,Pengadaan Barang,Metronidazole  Suspensi 125 mg/ml,MELAKUKAN PENGIRIMAN DAN PENERIMAAN,28950000,28950000;
KAB. MANDAILING NATAL,RUMAH SAKIT UMUM DAERAH PANYABUNGAN - 1.02.0.00.0.00.02.0001,11712703,58008995,2025,E-Katalog 5.0,BLUD,PT. Kimia Farma Tbk,E-Purchasing,Pengadaan Barang,Kodein tab 10 mg,PROSES KONTRAK PPK,3300000,3300000;
"KAB. MANDAILING NATAL,DINAS PEKERJAAN UMUM DAN PENATAAN RUANG - 1.03.0.00.0.00.03.0000,10393738000,60374743,2025,Non Tender,APBD,CV. MEDTAN CIPTA UTAMA,Pengadaan Langsung,Jasa Konsultansi Badan Usaha Konstruksi,""Konsultansi Perencanaan Kegiatan Untuk Konstruksi Pengendali Banjir, Lahar, Drainase Utama Perkotaan dan Pengaman Pantai"",SELESAI,49300000,49300000";
KAB. MANDAILING NATAL,DINAS KESEHATAN - 1.02.0.00.0.00.02.0000,11924636,58875523,2025,E-Katalog 5.0,APBD,PT.Elsyahfi Calibratech Mandiri,E-Purchasing,Pengadaan Barang,JASA PENGUJIAN DAN KALIBRASI ALAT KESEHATAN MEDICAL REFRIGERATOR,MELAKUKAN PENGIRIMAN DAN PENERIMAAN,13910000,13910000;
KAB. MANDAILING NATAL,DINAS KESEHATAN - 1.02.0.00.0.00.02.0000,11728505,58533675,2025,E-Katalog 5.0,APBD,PT. Bhineka Industri Nusantara,E-Purchasing,Pengadaan Barang,Blood Lancet,MELAKUKAN PENGIRIMAN DAN PENERIMAAN,55314000,55314000;
KAB. MANDAILING NATAL,DINAS PERHUBUNGAN - 2.15.0.00.0.00.14.0000,01JXEEAN6NCE4YY2B0CN0V4WXV,59671036,2025,E-Katalog 6.0,APBDP,BUGIS NAULI,E-Purchasing,Barang,Penyediaan LPJU di Komplek Perkantoran Payaloting (Ruas Jalan Menuju RSUD Panyabungan) Kec. Panyabungan,PAYMENT OUTSIDE SYSTEM,134604150,134604150;
KAB. MANDAILING NATAL,DINAS KESEHATAN - 1.02.0.00.0.00.02.0000,11955786,58541960,2025,E-Katalog 5.0,APBD,PT Ethica Industri Farmasi,E-Purchasing,Pengadaan Barang,Oxytocin/ Oksitosin inj 10 IU/ml,MELAKUKAN PENGIRIMAN DAN PENERIMAAN,13188000,13188000;
KAB. MANDAILING NATAL,DINAS KESEHATAN - 1.02.0.00.0.00.02.0000,11834071,58580293,2025,E-Katalog 5.0,APBD,PT. Safelock Medical,E-Purchasing,Pengadaan Barang,SURGICAL FACE MASK EARLOOP,MELAKUKAN PENGIRIMAN DAN PENERIMAAN,25733520,25733520;
KAB. MANDAILING NATAL,DINAS PEKERJAAN UMUM DAN PENATAAN RUANG - 1.03.0.00.0.00.03.0000,11869951,59559150,2025,E-Katalog 5.0,APBD,CV.GUNUNG KULABU,E-Purchasing,Pengadaan Barang,Lapis Perekat - Aspal Cair-Emulsi,PAKET SELESAI,7942000,7942000;
KAB. MANDAILING NATAL,RUMAH SAKIT UMUM DAERAH PANYABUNGAN - 1.02.0.00.0.00.02.0001,11649280,58008995,2025,E-Katalog 5.0,BLUD,P.T. Dexa Medica,E-Purchasing,Pengadaan Barang,Valsartan tab 160 mg,PROSES KONTRAK PPK,2370000,2370000;
"KAB. MANDAILING NATAL,RUMAH SAKIT UMUM DAERAH PANYABUNGAN - 1.02.0.00.0.00.02.0001,11712746,58008995,2025,E-Katalog 5.0,BLUD,PT. Kimia Farma Tbk,E-Purchasing,Pengadaan Barang,""Antihemoroid, kombinasi: bismut subgalat 150 mg + heksaklorofen 2,5 mg + lidokain lidokain 10 mg+ seng oksida 120 mg + sup ad 2 g"",PROSES KONTRAK PPK,682600,682600";
"KAB. MANDAILING NATAL,RUMAH SAKIT UMUM DAERAH PANYABUNGAN - 1.02.0.00.0.00.02.0001,11794390,58008995,2025,E-Katalog 5.0,BLUD,PT. NOVELL PHARMACEUTICAL LABORATORIES,E-Purchasing,Pengadaan Barang,""Tamsulosin Tab Lepas Lambat 0,4 mg"",MELAKUKAN PENGIRIMAN DAN PENERIMAAN,4495500,4495500";
KAB. MANDAILING NATAL,DINAS KESEHATAN - 1.02.0.00.0.00.02.0000,11924636,58875523,2025,E-Katalog 5.0,APBD,PT.Elsyahfi Calibratech Mandiri,E-Purchasing,Pengadaan Barang,JASA PENGUJIAN DAN/ATAU KALIBRASI INKUBATOR BAYI,MELAKUKAN PENGIRIMAN DAN PENERIMAAN,12320000,12320000;
KAB. MANDAILING NATAL,DINAS PENDIDIKAN DAN KEBUDAYAAN - 1.01.2.22.0.00.01.0000,10072158000,57108752,2025,Tender,APBD,Bejana Utama,Tender,Pekerjaan Konstruksi,Pembangunan Ruang Kelas Baru Beserta Perabotnya (DAU) - SD Negeri 394 Singkuang,SELESAI,670000000,670000000;
KAB. MANDAILING NATAL,DINAS KESEHATAN - 1.02.0.00.0.00.02.0000,11997721,58541960,2025,E-Katalog 5.0,APBD,PT.Phapros Tbk,E-Purchasing,Pengadaan Barang,Asiklovir/Acyclovir/Aciclovir tablet/kapsul/kaplet 400 mg,MELAKUKAN PENGIRIMAN DAN PENERIMAAN,111840000,111840000;
KAB. MANDAILING NATAL,DINAS PENDIDIKAN DAN KEBUDAYAAN - 1.01.2.22.0.00.01.0000,10448839000,60971873,2025,Non Tender,APBD,HQ PRATAMA CONSULTANT,Pengadaan Langsung,Jasa Konsultansi Badan Usaha Konstruksi,Jasa Konsultan Pengawasan Rehabilitasi Sedang/Berat Ruang Kelas SD (DAU),SELESAI,99678000,99678000;
KAB. MANDAILING NATAL,DINAS PERHUBUNGAN - 2.15.0.00.0.00.14.0000,01K19ZQWXXVR8KXTHP9B2FMM4W,60130530,2025,E-Katalog 6.0,APBD,KREASI TEHNIK MANDIRI,E-Purchasing,Jasa Lainnya,Belanja Jasa Tenaga Ahli,PAYMENT OUTSIDE SYSTEM,49894500,49894500;
KAB. MANDAILING NATAL,DINAS KESEHATAN - 1.02.0.00.0.00.02.0000,11966612,58541960,2025,E-Katalog 5.0,APBD,PT. Kimia Farma Tbk,E-Purchasing,Pengadaan Barang,Fenobarbital tab 30 mg,MELAKUKAN PENGIRIMAN DAN PENERIMAAN,1600000,1600000;
KAB. MANDAILING NATAL,RUMAH SAKIT UMUM DAERAH PANYABUNGAN - 1.02.0.00.0.00.02.0001,01JRCXV3AX7CYAD78Z76Q9CPND,58008995,2025,E-Katalog 6.0,BLUD,THEONA KAROLAND,E-Purchasing,Barang,Belanja Barang dan Jasa BLUD,ON PROCESS,690557820,690557820;
KAB. MANDAILING NATAL,DINAS PEKERJAAN UMUM DAN PENATAAN RUANG - 1.03.0.00.0.00.03.0000,11864328,59526453,2025,E-Katalog 5.0,APBD,CV. IKHWAN FIRDAUS,E-Purchasing,Pengadaan Barang,Cetakan Beton,MELAKUKAN PENGIRIMAN DAN PENERIMAAN,9282000,9282000;
"KAB. MANDAILING NATAL,DINAS PEKERJAAN UMUM DAN PENATAAN RUANG - 1.03.0.00.0.00.03.0000,11864328,59526453,2025,E-Katalog 5.0,APBD,CV. IKHWAN FIRDAUS,E-Purchasing,Pengadaan Barang,""TEE HDPE 4X2 Sni 06-0084-2002 12,5 Kg/Cm2"",MELAKUKAN PENGIRIMAN DAN PENERIMAAN,1815000,1815000";
KAB. MANDAILING NATAL,DINAS PEKERJAAN UMUM DAN PENATAAN RUANG - 1.03.0.00.0.00.03.0000,11830442,57424552,2025,E-Katalog 5.0,APBD,DEMBAN SIMPAR JAYA,E-Purchasing,Pengadaan Barang,Lapis Fondasi Agregat Kelas A,MELAKUKAN PENGIRIMAN DAN PENERIMAAN,527845000,527845000;
KAB. MANDAILING NATAL,RUMAH SAKIT UMUM DAERAH PANYABUNGAN - 1.02.0.00.0.00.02.0001,11825390,58008995,2025,E-Katalog 5.0,BLUD,PT. SOHO Industri Pharmasi,E-Purchasing,Pengadaan Barang,BOOST D,MELAKUKAN PENGIRIMAN DAN PENERIMAAN,933000,933000;
KAB. MANDAILING NATAL,DINAS PEKERJAAN UMUM DAN PENATAAN RUANG - 1.03.0.00.0.00.03.0000,11830442,57424552,2025,E-Katalog 5.0,APBD,DEMBAN SIMPAR JAYA,E-Purchasing,Pengadaan Barang,Timbunan Pilihan dari sumber galian,MELAKUKAN PENGIRIMAN DAN PENERIMAAN,82720000,82720000;
KAB. MANDAILING NATAL,DINAS PEKERJAAN UMUM DAN PENATAAN RUANG - 1.03.0.00.0.00.03.0000,11864328,59526453,2025,E-Katalog 5.0,APBD,CV. IKHWAN FIRDAUS,E-Purchasing,Pengadaan Barang,Sealtape,MELAKUKAN PENGIRIMAN DAN PENERIMAAN,4887500,4887500;
KAB. MANDAILING NATAL,DINAS PEKERJAAN UMUM DAN PENATAAN RUANG - 1.03.0.00.0.00.03.0000,11869954,59559157,2025,E-Katalog 5.0,APBD,PT. GASHABAT SUKSES MANDIRI,E-Purchasing,Pengadaan Barang,GORONG-GORONG PIPA BETON BERTULANG DIAMETER DALAM 50 CM,PAKET SELESAI,9265000,9265000;
KAB. MANDAILING NATAL,DINAS KESEHATAN - 1.02.0.00.0.00.02.0000,10458375000,60909088,2025,Non Tender,APBDP,CV. BINTANG KARYA BHAKTI,Pengadaan Langsung,Pekerjaan Konstruksi,Belanja Modal Bangunan Kesehatan- Belanja Pemasangan Tembok Pembatas Puskesmas Gunung Baringin,SELESAI,189799963,189799963;
"KAB. MANDAILING NATAL,RUMAH SAKIT UMUM DAERAH PANYABUNGAN - 1.02.0.00.0.00.02.0001,11887131,58008995,2025,E-Katalog 5.0,BLUD,PT AstraZeneca Indonesia,E-Purchasing,Pengadaan Barang,""Budesonid cairan inhalasi 0,25mg/mL, respoules 2 mL"",MELAKUKAN PENGIRIMAN DAN PENERIMAAN,2784000,0";
KAB. MANDAILING NATAL,DINAS PEKERJAAN UMUM DAN PENATAAN RUANG - 1.03.0.00.0.00.03.0000,11869780,59559156,2025,E-Katalog 5.0,APBD,CV. DALIHAN NATOLU,E-Purchasing,Pengadaan Barang,Lapis Fondasi Agregat Kelas A,MELAKUKAN PENGIRIMAN DAN PENERIMAAN,244728700,244728700;
KAB. MANDAILING NATAL,DINAS PERUMAHAN RAKYAT DAN KAWASAN PERMUKIMAN SERTA PERTANAHAN - 1.04.2.10.0.00.04.0000,10034370000,59411560,2025,Tender,APBD,Bejana Utama,Tender,Pekerjaan Konstruksi,Pembangunan Jalan Lingkungan dan Drainase di Kelurahan Panyabungan III Kec. Panyabungan,SELESAI,1485538428,1485538428;
KAB. MANDAILING NATAL,DINAS PERTANIAN - 3.27.0.00.0.00.22.0000,01K0F3KZGWKTV1TJBXFT2SBTAJ,59443990,2025,E-Katalog 6.0,APBD,AULIA RIZKI PRATAMA,E-Purchasing,Barang,Belanja Obat-Obatan-Obat-Obatan Lainnya,ON PROCESS,73215711,73215711;
"KAB. MANDAILING NATAL,DINAS PEKERJAAN UMUM DAN PENATAAN RUANG - 1.03.0.00.0.00.03.0000,11869780,59559156,2025,E-Katalog 5.0,APBD,CV. DALIHAN NATOLU,E-Purchasing,Pengadaan Barang,""Beton strukur, fc 20 MPa"",MELAKUKAN PENGIRIMAN DAN PENERIMAAN,168592400,168592400";
KAB. MANDAILING NATAL,SEKRETARIAT DPRD - 4.02.0.00.0.00.25.0000,01KA7QFDWK5WHWDRB5YR1TEE2J,61662394,2025,E-Katalog 6.0,APBDP,SETYA SARI SUKSES,E-Purchasing,Barang,Belanja Modal Alat Pendingin,ON PROCESS,119358300,119358300;
KAB. MANDAILING NATAL,RUMAH SAKIT UMUM DAERAH PANYABUNGAN - 1.02.0.00.0.00.02.0001,11935181,58008995,2025,E-Katalog 5.0,BLUD,P.T. Dexa Medica,E-Purchasing,Pengadaan Barang,Cetirizine hydrochloride(HCl)/ Cetirizine/ Setirizin sirup 5 mg/5 ml,MELAKUKAN PENGIRIMAN DAN PENERIMAAN,1396400,1396400;
KAB. MANDAILING NATAL,DINAS KESEHATAN - 1.02.0.00.0.00.02.0000,11959356,58541960,2025,E-Katalog 5.0,APBD,PT. IFARS PHARMACEUTICAL LABORATORIES,E-Purchasing,Pengadaan Barang,Bisakodil/Bisacodyl tablet salut/kaplet salut 5 mg,MELAKUKAN PENGIRIMAN DAN PENERIMAAN,1390000,1390000;
KAB. MANDAILING NATAL,DINAS PENDIDIKAN DAN KEBUDAYAAN - 1.01.2.22.0.00.01.0000,10326938000,57108810,2025,Non Tender,APBD,RAFI NIAGA RAYA,Pengadaan Langsung,Pekerjaan Konstruksi,Rehabilitasi Ruang Kelas SD Negeri 322 Sinunukan,SELESAI,198004818,198004818;
KAB. MANDAILING NATAL,RUMAH SAKIT UMUM DAERAH PANYABUNGAN - 1.02.0.00.0.00.02.0001,12014428,58008995,2025,E-Katalog 5.0,BLUD,PT. Kimia Farma Tbk,E-Purchasing,Pengadaan Barang,Theophylline/ Teofilin tab lepas lambat 300 mg,MELAKUKAN PENGIRIMAN DAN PENERIMAAN,7659000,7659000;
KAB. MANDAILING NATAL,RUMAH SAKIT UMUM DAERAH PANYABUNGAN - 1.02.0.00.0.00.02.0001,11824302,58008995,2025,E-Katalog 5.0,BLUD,P.T. Dexa Medica,E-Purchasing,Pengadaan Barang,Cefazolin sodium/ Sefazolin serbuk injeksi 1.000 mg,MELAKUKAN PENGIRIMAN DAN PENERIMAAN,577500,577500;
KAB. MANDAILING NATAL,DINAS KESEHATAN - 1.02.0.00.0.00.02.0000,11966596,58541960,2025,E-Katalog 5.0,APBD,PT. PUTRA KARYA SENTOSA,E-Purchasing,Pengadaan Barang,Bisacodyl 10 mg supp- box@6 Suppo,MELAKUKAN PENGIRIMAN DAN PENERIMAAN,19839600,19839600;
KAB. MANDAILING NATAL,DINAS KESEHATAN - 1.02.0.00.0.00.02.0000,11966629,58541960,2025,E-Katalog 5.0,APBD,PT.Phapros Tbk,E-Purchasing,Pengadaan Barang,Garam Oralit,MELAKUKAN PENGIRIMAN DAN PENERIMAAN,2217000,2217000;
KAB. MANDAILING NATAL,DINAS PERUMAHAN RAKYAT DAN KAWASAN PERMUKIMAN SERTA PERTANAHAN - 1.04.2.10.0.00.04.0000,10078879000,57348088,2025,Non Tender,APBD,PT.SADHYA GRAHACARA,Pengadaan Langsung,Jasa Konsultansi Badan Usaha Konstruksi,Pembuatan DED PSU Kawasan Kumuh Kel. Pidoli Lombang Kec.Panyabungan,SELESAI,99789000,99789000;
KAB. MANDAILING NATAL,DINAS PENDIDIKAN DAN KEBUDAYAAN - 1.01.2.22.0.00.01.0000,10326908000,57109179,2025,Non Tender,APBD,CV. CEMERLANG GEMILANG GROUP,Pengadaan Langsung,Pekerjaan Konstruksi,Rehabilitasi Ruang Kelas SMP Negeri 4 Natal,SELESAI,199300000,199300000;
KAB. MANDAILING NATAL,DINAS PERTANIAN - 3.27.0.00.0.00.22.0000,01KCJV8JHQB6J7E0QP8V616T1R,61998927,2025,E-Katalog 6.0,APBDP,PUTRA PRATAMA,E-Purchasing,Barang,Belanja Bibit Kelapa Sawit,PAYMENT OUTSIDE SYSTEM,56431800,56431800;
KAB. MANDAILING NATAL,DINAS PENDIDIKAN DAN KEBUDAYAAN - 1.01.2.22.0.00.01.0000,10326934000,57108812,2025,Non Tender,APBD,CV. BANGKIT BERSAMA GROUP,Pengadaan Langsung,Pekerjaan Konstruksi,Rehabilitasi Ruang Kelas SD Negeri 323 Sinunukan,SELESAI,197999902,197999902;
KAB. MANDAILING NATAL,DINAS KESEHATAN - 1.02.0.00.0.00.02.0000,11966631,58541960,2025,E-Katalog 5.0,APBD,PT. TRIMAN,E-Purchasing,Pengadaan Barang,ASAM ASKORBAT/ASCORBIC ACID/VITAMIN C 250 MG / TABLET/KAPSUL/KAPLET 250 MG/VITC250,MELAKUKAN PENGIRIMAN DAN PENERIMAAN,47040000,47040000;
"KAB. MANDAILING NATAL,DINAS PEKERJAAN UMUM DAN PENATAAN RUANG - 1.03.0.00.0.00.03.0000,11869780,59559156,2025,E-Katalog 5.0,APBD,CV. DALIHAN NATOLU,E-Purchasing,Pengadaan Barang,""Gorong-gorong Pipa Beton Bertulang, diameter dalam 50 cm"",MELAKUKAN PENGIRIMAN DAN PENERIMAAN,7945600,7945600";
KAB. MANDAILING NATAL,DINAS PEKERJAAN UMUM DAN PENATAAN RUANG - 1.03.0.00.0.00.03.0000,11807675,57423741,2025,E-Katalog 5.0,APBD,DEMBAN SIMPAR JAYA,E-Purchasing,Pengadaan Barang,Galian untuk Selokan Drainase dan Saluran Air,MELAKUKAN PENGIRIMAN DAN PENERIMAAN,9009000,9009000;
KAB. MANDAILING NATAL,DINAS KESEHATAN - 1.02.0.00.0.00.02.0000,11713227,58542569,2025,E-Katalog 5.0,APBD,PT Abadi Kesling Indoneisa,E-Purchasing,Pengadaan Barang,PAKET REAGENSIA SURVEILANS KUALITAS AIR MINUM RUMAH TANGGA (KAMRT) REF-KAMRT -21,MELAKUKAN PENGIRIMAN DAN PENERIMAAN,1518140000,1518140000;
KAB. MANDAILING NATAL,INSPEKTORAT DAERAH KABUPATEN - 6.01.0.00.0.00.30.0000,10064617000,57075543,2025,Tender,APBD,CV. GAPURA ALAM PERSADA,Tender,Pekerjaan Konstruksi,Belanja Modal Bangunan Gedung Kantor,SELESAI,2959789600,2959789600;
KAB. MANDAILING NATAL,RUMAH SAKIT UMUM DAERAH PANYABUNGAN - 1.02.0.00.0.00.02.0001,01K96HFQZ0EB9EGMH4B5RSWVXG,58008995,2025,E-Katalog 6.0,BLUD,MAHAKAM BETA FARMA,E-Purchasing,Barang,Belanja Barang dan Jasa BLUD,ON PROCESS,16009530,16009530;
KAB. MANDAILING NATAL,DINAS PEKERJAAN UMUM DAN PENATAAN RUANG - 1.03.0.00.0.00.03.0000,11869706,59559155,2025,E-Katalog 5.0,APBD,CV. PUTRA JAYA,E-Purchasing,Pengadaan Barang,Penyiapan Badan Jalan,MELAKUKAN PENGIRIMAN DAN PENERIMAAN,7070000,7070000;
KAB. MANDAILING NATAL,DINAS PENDIDIKAN DAN KEBUDAYAAN - 1.01.2.22.0.00.01.0000,01K365T0Z06GEFAPVEFX59QCDC,57109167,2025,E-Katalog 6.0,APBD,KENCANA EDUKASI GLOBALINDO,E-Purchasing,Barang,Belanja Peralatan dan Mesin-Alat Laboratorium-Alat Peraga Praktik Sekolah-Alat Peraga Praktik Sekolah Bidang Studi:IPA Menengah,ON PROCESS,170662500,170662500;
KAB. MANDAILING NATAL,DINAS PEKERJAAN UMUM DAN PENATAAN RUANG - 1.03.0.00.0.00.03.0000,11864328,59526453,2025,E-Katalog 5.0,APBD,CV. IKHWAN FIRDAUS,E-Purchasing,Pengadaan Barang,Menyediakan Plakat Sambungan Rumah,MELAKUKAN PENGIRIMAN DAN PENERIMAAN,1105000,1105000;
KAB. MANDAILING NATAL,DINAS PENDIDIKAN DAN KEBUDAYAAN - 1.01.2.22.0.00.01.0000,10501917000,57107940,2025,Non Tender,APBD,CV. AULIA RIZKI PRATAMA,Pengadaan Langsung,Pekerjaan Konstruksi,Pembangunan Ruang Unit Kesehatan Sekolah TK Satu Atap SDN 176 Rao-Rao Dolok,SELESAI,74300000,74300000;
KAB. MANDAILING NATAL,DINAS KESEHATAN - 1.02.0.00.0.00.02.0000,11924636,58875523,2025,E-Katalog 5.0,APBD,PT.Elsyahfi Calibratech Mandiri,E-Purchasing,Pengadaan Barang,JASA PENGUJIAN DAN KALIBRASI DOPPLER,MELAKUKAN PENGIRIMAN DAN PENERIMAAN,16560000,16560000;
KAB. MANDAILING NATAL,DINAS KESEHATAN - 1.02.0.00.0.00.02.0000,10048825000,58827509,2025,Tender,APBD,CV Madina Aman Sejahtera,Tender,Pekerjaan Konstruksi,Belanja Modal Bangunan Gedung Kantor-Penambahan Ruang Puskesmas Gunung Tua (DAU),SELESAI,558160000,558160000;
"KAB. MANDAILING NATAL,DINAS KOMUNIKASI DAN INFORMATIKA - 2.16.2.20.2.21.15.0000,11561205,57158032,2025,E-Katalog 5.0,APBD,""PT. Telekomunikasi Indonesia, Tbk."",E-Purchasing,Pengadaan Barang,Wifi Managed Service 50 Mbps,PROSES KONTRAK PPK,21090000,21090000";
KAB. MANDAILING NATAL,DINAS PENGENDALIAN PENDUDUK DAN KELUARGA BERENCANA - 2.14.0.00.0.00.13.0000,10049242000,59276289,2025,Tender,APBD,CV. BINTANG BUDI MANDIRI,Tender,Pekerjaan Konstruksi,Pembangunan Balai Penyuluhan KB Kec. Panyabungan Utara,SELESAI,399999200,399999200;
KAB. MANDAILING NATAL,DINAS KESEHATAN - 1.02.0.00.0.00.02.0000,11960779,58541960,2025,E-Katalog 5.0,APBD,PT. MARIN LIZA FARMASI,E-Purchasing,Pengadaan Barang,Aminofilin/Aminophylline tablet/kapsul/kaplet 200 mg,MELAKUKAN PENGIRIMAN DAN PENERIMAAN,4088000,4088000;
KAB. MANDAILING NATAL,DINAS KESEHATAN - 1.02.0.00.0.00.02.0000,11876057,58541960,2025,E-Katalog 5.0,APBD,PT.Bernofarm,E-Purchasing,Pengadaan Barang,Chloramphenicol/ Kloramfenikol tablet/kapsul/kaplet 250 mg,MELAKUKAN PENGIRIMAN DAN PENERIMAAN,36300000,36300000;
KAB. MANDAILING NATAL,DINAS PEKERJAAN UMUM DAN PENATAAN RUANG - 1.03.0.00.0.00.03.0000,11869780,59559156,2025,E-Katalog 5.0,APBD,CV. DALIHAN NATOLU,E-Purchasing,Pengadaan Barang,Laston Lapis Aus (AC-WC),MELAKUKAN PENGIRIMAN DAN PENERIMAAN,372410000,372410000;
KAB. MANDAILING NATAL,DINAS PEKERJAAN UMUM DAN PENATAAN RUANG - 1.03.0.00.0.00.03.0000,11869951,59559150,2025,E-Katalog 5.0,APBD,CV.GUNUNG KULABU,E-Purchasing,Pengadaan Barang,Laston Lapis Antara (AC-BC),PAKET SELESAI,349635000,349635000;
KAB. MANDAILING NATAL,SEKRETARIAT DPRD - 4.02.0.00.0.00.25.0000,01KBH3X9875DDXSSQ4D0DA6MCJ,61720599,2025,E-Katalog 6.0,APBDP,SETYA SARI SUKSES,E-Purchasing,Barang,Belanja Peralatan dan Mesin-Alat Kantor dan Rumah Tangga-Alat Rumah Tangga-Alat Rumah Tangga Lainnya (Home Use),ON PROCESS,95460000,95460000;
KAB. MANDAILING NATAL,RUMAH SAKIT UMUM DAERAH PANYABUNGAN - 1.02.0.00.0.00.02.0001,11833953,58008995,2025,E-Katalog 5.0,BLUD,PT. Kimia Farma Tbk,E-Purchasing,Pengadaan Barang,Permethrin/ Permetrin Krim 5%,MELAKUKAN PENGIRIMAN DAN PENERIMAAN,648300,648300;
KAB. MANDAILING NATAL,DINAS KESEHATAN - 1.02.0.00.0.00.02.0000,11955784,58541960,2025,E-Katalog 5.0,APBD,PT. Hexpharm Jaya Laboratories,E-Purchasing,Pengadaan Barang,Metformin tab 500 mg,MELAKUKAN PENGIRIMAN DAN PENERIMAAN,89000000,89000000;
KAB. MANDAILING NATAL,DINAS KESEHATAN - 1.02.0.00.0.00.02.0000,11960648,58541960,2025,E-Katalog 5.0,APBD,PT. Holi Pharma,E-Purchasing,Pengadaan Barang,Sianokobalamin (vitamin B12) tab 50 mcg,MELAKUKAN PENGIRIMAN DAN PENERIMAAN,34300,34300;
KAB. MANDAILING NATAL,DINAS KESEHATAN - 1.02.0.00.0.00.02.0000,01K724B2RDPCAZ2HY3A3VB8Q0A,60911511,2025,E-Katalog 6.0,APBDP,KANA KOMPUTINDO,E-Purchasing,Barang,Belanja Modal Kendaraan Bermotor Khusus- Belanja Ambulans Transport Puskesmas,ON PROCESS,2382060000,2382060000;
"KAB. MANDAILING NATAL,RUMAH SAKIT UMUM DAERAH PANYABUNGAN - 1.02.0.00.0.00.02.0001,11969858,58008995,2025,E-Katalog 5.0,BLUD,PT AstraZeneca Indonesia,E-Purchasing,Pengadaan Barang,""Budesonid cairan inhalasi 0,25mg/mL, respoules 2 mL"",MELAKUKAN PENGIRIMAN DAN PENERIMAAN,3480000,0";
KAB. MANDAILING NATAL,DINAS PEKERJAAN UMUM DAN PENATAAN RUANG - 1.03.0.00.0.00.03.0000,11869954,59559157,2025,E-Katalog 5.0,APBD,PT. GASHABAT SUKSES MANDIRI,E-Purchasing,Pengadaan Barang,MARKA JALAN TERMOPLASTIK,PAKET SELESAI,4772000,4772000;
KAB. MANDAILING NATAL,DINAS KESEHATAN - 1.02.0.00.0.00.02.0000,11955800,58541960,2025,E-Katalog 5.0,APBD,PT Darya Varia,E-Purchasing,Pengadaan Barang,Sulfadiazine silver/ Perak sulfadiazin krim 1%,MELAKUKAN PENGIRIMAN DAN PENERIMAAN,20240000,20240000;
KAB. MANDAILING NATAL,DINAS PEKERJAAN UMUM DAN PENATAAN RUANG - 1.03.0.00.0.00.03.0000,10326736000,60261746,2025,Non Tender,APBD,CV. ANUGRAH KARYA ABADI,Pengadaan Langsung,Pekerjaan Konstruksi,Rehabilitasi Kantor Polres Mandailing Natal,SELESAI,99867000,99867000;
"KAB. MANDAILING NATAL,RUMAH SAKIT UMUM DAERAH PANYABUNGAN - 1.02.0.00.0.00.02.0001,11824113,58008995,2025,E-Katalog 5.0,BLUD,PT Otsuka Indonesia,E-Purchasing,Pengadaan Barang,""Air untuk irigasi inf , @ 1000 mL"",MELAKUKAN PENGIRIMAN DAN PENERIMAAN,636000,636000";
KAB. MANDAILING NATAL,DINAS PEKERJAAN UMUM DAN PENATAAN RUANG - 1.03.0.00.0.00.03.0000,10603764000,60893048,2025,Non Tender,APBD,CV. CEMERLANG GEMILANG GROUP,Pengadaan Langsung,Pekerjaan Konstruksi,Rehabilitasi Tanggul Sungai Aek Batang Natal Desa Bulu Soma Kec. Batang Natal (DBH 2025),SELESAI,149400000,149400000;
KAB. MANDAILING NATAL,DINAS PERUMAHAN RAKYAT DAN KAWASAN PERMUKIMAN SERTA PERTANAHAN - 1.04.2.10.0.00.04.0000,01K6VKF8W47GY6V7C05RYHQGGW,60850817,2025,E-Katalog 6.0,APBD,SINAR JAYA,E-Purchasing,Pekerjaan Konstruksi,BelanJa Modal Jalan Desa,ON PROCESS,1220994591,1220994591;
"KAB. MANDAILING NATAL,RUMAH SAKIT UMUM DAERAH PANYABUNGAN - 1.02.0.00.0.00.02.0001,11665854,58008995,2025,E-Katalog 5.0,BLUD,PT. Holi Pharma,E-Purchasing,Pengadaan Barang,""Deksametason tab 0,5 mg"",PROSES KONTRAK PPK,315000,315000";
KAB. MANDAILING NATAL,DINAS KESEHATAN - 1.02.0.00.0.00.02.0000,11924636,58875523,2025,E-Katalog 5.0,APBD,PT.Elsyahfi Calibratech Mandiri,E-Purchasing,Pengadaan Barang,JASA PENGUJIAN DAN KALIBRASI ECG,MELAKUKAN PENGIRIMAN DAN PENERIMAAN,5355000,5355000;
KAB. MANDAILING NATAL,RUMAH SAKIT UMUM DAERAH PANYABUNGAN - 1.02.0.00.0.00.02.0001,12028977,58008995,2025,E-Katalog 5.0,BLUD,PT. Mersifarma Tirmaku Mercusana,E-Purchasing,Pengadaan Barang,Parasetamol tab 500 mg,MELAKUKAN PENGIRIMAN DAN PENERIMAAN,2020000,2020000;
KAB. MANDAILING NATAL,DINAS PEKERJAAN UMUM DAN PENATAAN RUANG - 1.03.0.00.0.00.03.0000,11864328,59526453,2025,E-Katalog 5.0,APBD,CV. IKHWAN FIRDAUS,E-Purchasing,Pengadaan Barang,Menyediakan dan Memasang Pipa GIP 1/2,MELAKUKAN PENGIRIMAN DAN PENERIMAAN,34387500,34387500;
KAB. MANDAILING NATAL,DINAS PENDIDIKAN DAN KEBUDAYAAN - 1.01.2.22.0.00.01.0000,10072160000,57108745,2025,Tender,APBD,cv sinar jaya,Tender,Pekerjaan Konstruksi,Pembangunan Ruang Kelas Baru Beserta Perabotnya (DAU) - SD Negeri 385 Lubuk Kapundung,SELESAI,836000000,836000000;
KAB. MANDAILING NATAL,DINAS KESEHATAN - 1.02.0.00.0.00.02.0000,11966607,58541960,2025,E-Katalog 5.0,APBD,PT. SATORIA ANEKA INDUSTRI,E-Purchasing,Pengadaan Barang,Glukosa larutan infus 5% 500 mL,MELAKUKAN PENGIRIMAN DAN PENERIMAAN,61488000,61488000;
KAB. MANDAILING NATAL,DINAS PEKERJAAN UMUM DAN PENATAAN RUANG - 1.03.0.00.0.00.03.0000,11807675,57423741,2025,E-Katalog 5.0,APBD,DEMBAN SIMPAR JAYA,E-Purchasing,Pengadaan Barang,Marka Jalan Termoplastik,MELAKUKAN PENGIRIMAN DAN PENERIMAAN,10672000,10672000;
KAB. MANDAILING NATAL,DINAS PEKERJAAN UMUM DAN PENATAAN RUANG - 1.03.0.00.0.00.03.0000,10602835000,60893049,2025,Non Tender,APBD,CV. AULIA RIZKI PRATAMA,Pengadaan Langsung,Pekerjaan Konstruksi,Rehabilitasi Tanggul Sungai Aek Botung Desa Aek Botung Kec. Muara Sipongi (DBH 2025),SELESAI,149300000,149300000;
KAB. MANDAILING NATAL,DINAS PEKERJAAN UMUM DAN PENATAAN RUANG - 1.03.0.00.0.00.03.0000,10198854000,59438242,2025,Non Tender,APBD,CV. IKHWAN FIRDAUS,Pengadaan Langsung,Pekerjaan Konstruksi,Pembangunan Jembatan Ruas Jalan Aek Godang - Huta Bargot,SELESAI,378400000,378400000;
KAB. MANDAILING NATAL,DINAS LINGKUNGAN HIDUP - 2.11.0.00.0.00.10.0000,10258940000,57020514,2025,Non Tender,APBD,PT.SADHYA GRAHACARA,Pengadaan Langsung,Jasa Konsultansi Badan Usaha Konstruksi,Perencanaan Kegiatan Dinas Lingkungan Hidup Tahun 2025,SELESAI,49872300,49872300;
KAB. MANDAILING NATAL,DINAS PENDIDIKAN DAN KEBUDAYAAN - 1.01.2.22.0.00.01.0000,10545189000,57108798,2025,Non Tender,APBD,CV. PUTRA PRATAMA,Pengadaan Langsung,Pekerjaan Konstruksi,Rehabilitasi Ruang Kelas SD Negeri 090 Panyabungan,SELESAI,99750000,99750000;
"KAB. MANDAILING NATAL,DINAS KESEHATAN - 1.02.0.00.0.00.02.0000,11924636,58875523,2025,E-Katalog 5.0,APBD,PT.Elsyahfi Calibratech Mandiri,E-Purchasing,Pengadaan Barang,""JASA PENGUJIAN, KALIBRASI DAN PEMELIHARAAN ALAT KESEHATAN ROTATOR/SHAKER"",MELAKUKAN PENGIRIMAN DAN PENERIMAAN,440000,440000";
"KAB. MANDAILING NATAL,DINAS KESEHATAN - 1.02.0.00.0.00.02.0000,11955786,58541960,2025,E-Katalog 5.0,APBD,PT Ethica Industri Farmasi,E-Purchasing,Pengadaan Barang,""Atropin inj 0,25 mg/mL (i.v./s.k.)"",MELAKUKAN PENGIRIMAN DAN PENERIMAAN,9148000,9148000";
"KAB. MANDAILING NATAL,DINAS KESEHATAN - 1.02.0.00.0.00.02.0000,11876057,58541960,2025,E-Katalog 5.0,APBD,PT.Bernofarm,E-Purchasing,Pengadaan Barang,""Hidrokortison/ Hydrocortisone/ Hydrocortisone acetate krim 2,5 %"",MELAKUKAN PENGIRIMAN DAN PENERIMAAN,138562000,138562000";
"KAB. MANDAILING NATAL,DINAS KESEHATAN - 1.02.0.00.0.00.02.0000,11997721,58541960,2025,E-Katalog 5.0,APBD,PT.Phapros Tbk,E-Purchasing,Pengadaan Barang,""Kaptopril/ Captopril tablet/kapsul/kaplet 12,5 mg"",MELAKUKAN PENGIRIMAN DAN PENERIMAAN,2919000,2919000";
KAB. MANDAILING NATAL,DINAS KESEHATAN - 1.02.0.00.0.00.02.0000,11959299,58541960,2025,E-Katalog 5.0,APBD,PT. Kimia Farma Tbk,E-Purchasing,Pengadaan Barang,Doksisiklin/ Doxycycline/ Doxycycline hyclate tablet/kapsul/kaplet 100 mg,MELAKUKAN PENGIRIMAN DAN PENERIMAAN,74000000,74000000;
KAB. MANDAILING NATAL,SEKRETARIAT DPRD - 4.02.0.00.0.00.25.0000,01KB4Z89CQV5BWPVXPXHB28VG2,61773642,2025,E-Katalog 6.0,APBD,MUTIARA MUTIARA ABADI,E-Purchasing,Barang,Belanja Peralatan dan Mesin-Komputer-Peralatan Komputer-Peralatan Personal Computer,ON PROCESS,218470200,218470200;
KAB. MANDAILING NATAL,RUMAH SAKIT UMUM DAERAH PANYABUNGAN - 1.02.0.00.0.00.02.0001,11833953,58008995,2025,E-Katalog 5.0,BLUD,PT. Kimia Farma Tbk,E-Purchasing,Pengadaan Barang,Morfin Injeksi 10 mg/ml (i.m/s.k/ i.v),MELAKUKAN PENGIRIMAN DAN PENERIMAAN,1374400,1374400;
KAB. MANDAILING NATAL,SEKRETARIAT DPRD - 4.02.0.00.0.00.25.0000,01KB1NK13FXNFFG86MMFP3XQ8G,61639931,2025,E-Katalog 6.0,APBD,SETYA SARI SUKSES,E-Purchasing,Barang,Belanja Peralatan dan Mesin-Alat Kantor dan Rumah Tangga-Alat Rumah Tangga-Alat Rumah Tangga Lainnya (Home Use),ON PROCESS,392695800,392695800;
KAB. MANDAILING NATAL,RUMAH SAKIT UMUM DAERAH PANYABUNGAN - 1.02.0.00.0.00.02.0001,11962544,58008995,2025,E-Katalog 5.0,BLUD,PT. Kimia Farma Tbk,E-Purchasing,Pengadaan Barang,Salbutamol sulfate/ Salbutamol tablet/kapsul/kaplet 2 mg-KF,MELAKUKAN PENGIRIMAN DAN PENERIMAAN,1720000,1720000;
"KAB. MANDAILING NATAL,RUMAH SAKIT UMUM DAERAH PANYABUNGAN - 1.02.0.00.0.00.02.0001,12055992,58008995,2025,E-Katalog 5.0,BLUD,PT AstraZeneca Indonesia,E-Purchasing,Pengadaan Barang,""Kombinasi KDT/FDC setiap dosis mengandung Budesonid 160 mcg/Formoterol 4,5 mcg Ih 120 dosis, Turbuhaler"",MELAKUKAN PENGIRIMAN DAN PENERIMAAN,33368000,0";
KAB. MANDAILING NATAL,RUMAH SAKIT UMUM DAERAH PANYABUNGAN - 1.02.0.00.0.00.02.0001,11935181,58008995,2025,E-Katalog 5.0,BLUD,P.T. Dexa Medica,E-Purchasing,Pengadaan Barang,Domperidon/ Domperidone/ Domperidone Maleate tablet/kapsul/kaplet 10 mg,MELAKUKAN PENGIRIMAN DAN PENERIMAAN,3060000,3060000;
KAB. MANDAILING NATAL,DINAS KESEHATAN - 1.02.0.00.0.00.02.0000,11955784,58541960,2025,E-Katalog 5.0,APBD,PT. Hexpharm Jaya Laboratories,E-Purchasing,Pengadaan Barang,Loratadin tab 10 mg,MELAKUKAN PENGIRIMAN DAN PENERIMAAN,1830000,1830000;
KAB. MANDAILING NATAL,DINAS KESEHATAN - 1.02.0.00.0.00.02.0000,11969973,58541723,2025,E-Katalog 5.0,APBD,PT. Hexpharm Jaya Laboratories,E-Purchasing,Pengadaan Barang,Omeprazol / Omeprazole tablet/kaps/kapl 20 mg,MELAKUKAN PENGIRIMAN DAN PENERIMAAN,111090000,111090000;
KAB. MANDAILING NATAL,RUMAH SAKIT UMUM DAERAH PANYABUNGAN - 1.02.0.00.0.00.02.0001,12039327,58008995,2025,E-Katalog 5.0,BLUD,PT. Abbott Indonesia,E-Purchasing,Pengadaan Barang,Fluvoksamin tab sal selaput 100 mg,MELAKUKAN PENGIRIMAN DAN PENERIMAAN,4495500,0;
KAB. MANDAILING NATAL,DINAS KESEHATAN - 1.02.0.00.0.00.02.0000,11960709,58541960,2025,E-Katalog 5.0,APBD,PT. Mahakam Beta Farma,E-Purchasing,Pengadaan Barang,N-asetil sistein/Acetyl cysteine kapsul 200 mg,MELAKUKAN PENGIRIMAN DAN PENERIMAAN,111000000,111000000;
KAB. MANDAILING NATAL,RUMAH SAKIT UMUM DAERAH PANYABUNGAN - 1.02.0.00.0.00.02.0001,12037759,58008995,2025,E-Katalog 5.0,BLUD,PT. IFARS PHARMACEUTICAL LABORATORIES,E-Purchasing,Pengadaan Barang,Metoclopramide hydrochloride (HCl)/ Metoclopramide/ Metoklopramid tablet/kapsul/kaplet 10 mg,MELAKUKAN PENGIRIMAN DAN PENERIMAAN,815000,815000;
KAB. MANDAILING NATAL,DINAS PEKERJAAN UMUM DAN PENATAAN RUANG - 1.03.0.00.0.00.03.0000,11864328,59526453,2025,E-Katalog 5.0,APBD,CV. IKHWAN FIRDAUS,E-Purchasing,Pengadaan Barang,Menyediakan Socket Drat Dalam 1/2,MELAKUKAN PENGIRIMAN DAN PENERIMAAN,1785000,1785000;
"KAB. MANDAILING NATAL,RUMAH SAKIT UMUM DAERAH PANYABUNGAN - 1.02.0.00.0.00.02.0001,11824198,58008995,2025,E-Katalog 5.0,BLUD,P.T. Dexa Medica,E-Purchasing,Pengadaan Barang,""Bisoprolol tab 2,5 mg"",MELAKUKAN PENGIRIMAN DAN PENERIMAAN,1360000,1360000";
KAB. MANDAILING NATAL,DINAS KESEHATAN - 1.02.0.00.0.00.02.0000,11966596,58541960,2025,E-Katalog 5.0,APBD,PT. PUTRA KARYA SENTOSA,E-Purchasing,Pengadaan Barang,Eugenol  15 ml,MELAKUKAN PENGIRIMAN DAN PENERIMAAN,15980000,15980000;
KAB. MANDAILING NATAL,DINAS KESEHATAN - 1.02.0.00.0.00.02.0000,11966600,58541960,2025,E-Katalog 5.0,APBD,PT. Mersifarma Tirmaku Mercusana,E-Purchasing,Pengadaan Barang,Cotrimoxazole/ Cotrimoksazole/ Kotrimoksazol (anak) kombinasi tiap 5 ml suspensi: sulfametoksazol 200 mg + trimetoprim 40 mg (susp 240 mg),MELAKUKAN PENGIRIMAN DAN PENERIMAAN,16930000,16930000;
"KAB. MANDAILING NATAL,RUMAH SAKIT UMUM DAERAH PANYABUNGAN - 1.02.0.00.0.00.02.0001,10243529000,57987980,2025,Non Tender,APBD,PT.SADHYA GRAHACARA,Pengadaan Langsung,Jasa Konsultansi Badan Usaha Non Konstruksi,""Belanja Jasa Tenaga Ahli";
"Jasa Konsultan Pengawasan Pembangunan Gedung CSSD"",SELESAI,62300000,62300000";
KAB. MANDAILING NATAL,DINAS KESEHATAN - 1.02.0.00.0.00.02.0000,12038806,58579310,2025,E-Katalog 5.0,APBD,PT Axion Jaya Alkesindo,E-Purchasing,Pengadaan Barang,Gel EKG 250 ml,MELAKUKAN PENGIRIMAN DAN PENERIMAAN,5365000,5365000;
KAB. MANDAILING NATAL,RUMAH SAKIT UMUM DAERAH PANYABUNGAN - 1.02.0.00.0.00.02.0001,11649280,58008995,2025,E-Katalog 5.0,BLUD,P.T. Dexa Medica,E-Purchasing,Pengadaan Barang,Spironolakton tab 25 mg,PROSES KONTRAK PPK,5500000,5500000;
KAB. MANDAILING NATAL,DINAS PEKERJAAN UMUM DAN PENATAAN RUANG - 1.03.0.00.0.00.03.0000,11869780,59559156,2025,E-Katalog 5.0,APBD,CV. DALIHAN NATOLU,E-Purchasing,Pengadaan Barang,Galian untuk Selokan Drainase dan Saluran Air,MELAKUKAN PENGIRIMAN DAN PENERIMAAN,4037600,4037600;
KAB. MANDAILING NATAL,DINAS PENDIDIKAN DAN KEBUDAYAAN - 1.01.2.22.0.00.01.0000,10326941000,57108827,2025,Non Tender,APBD,CV. CENTRAL GRAFIKA PRINT,Pengadaan Langsung,Pekerjaan Konstruksi,Rehabilitasi Ruang Kelas SD Negeri 236 Hutarimbaru,SELESAI,199535482,199535482;
KAB. MANDAILING NATAL,RUMAH SAKIT UMUM DAERAH PANYABUNGAN - 1.02.0.00.0.00.02.0001,11833968,58008995,2025,E-Katalog 5.0,BLUD,PT. Amarox Pharma Global,E-Purchasing,Pengadaan Barang,OLANZAPINE 10,MELAKUKAN PENGIRIMAN DAN PENERIMAAN,585000,585000;
KAB. MANDAILING NATAL,DINAS KESEHATAN - 1.02.0.00.0.00.02.0000,12028975,58580293,2025,E-Katalog 5.0,APBD,PT Axion Jaya Alkesindo,E-Purchasing,Pengadaan Barang,Povidone Iodine 60 ml,MELAKUKAN PENGIRIMAN DAN PENERIMAAN,11820000,11820000;
"KAB. MANDAILING NATAL,DINAS KESEHATAN - 1.02.0.00.0.00.02.0000,11960779,58541960,2025,E-Katalog 5.0,APBD,PT. MARIN LIZA FARMASI,E-Purchasing,Pengadaan Barang,""Salep 2-4, salep"",MELAKUKAN PENGIRIMAN DAN PENERIMAAN,19893120,19893120";
"KAB. MANDAILING NATAL,RUMAH SAKIT UMUM DAERAH PANYABUNGAN - 1.02.0.00.0.00.02.0001,11824113,58008995,2025,E-Katalog 5.0,BLUD,PT Otsuka Indonesia,E-Purchasing,Pengadaan Barang,""Larutan mengandung Asam Amino (Asam Amino 15 g, Glukosa 37,5 g, Tiamin HCl 0,75 mg, elektrolit), @ 500 mL"",MELAKUKAN PENGIRIMAN DAN PENERIMAAN,5384500,5384500";
"KAB. MANDAILING NATAL,RUMAH SAKIT UMUM DAERAH PANYABUNGAN - 1.02.0.00.0.00.02.0001,11824113,58008995,2025,E-Katalog 5.0,BLUD,PT Otsuka Indonesia,E-Purchasing,Pengadaan Barang,""Larutan mengandung Asam Amino (Asam Amino 10%), @ 500 mL"",MELAKUKAN PENGIRIMAN DAN PENERIMAAN,2319600,2319600";
KAB. MANDAILING NATAL,DINAS KESEHATAN - 1.02.0.00.0.00.02.0000,11955773,58541960,2025,E-Katalog 5.0,APBD,PT.Bernofarm,E-Purchasing,Pengadaan Barang,Paracetamol/ Parasetamol tablet/kapsul/kaplet 500 mg,MELAKUKAN PENGIRIMAN DAN PENERIMAAN,155200000,155200000;
"KAB. MANDAILING NATAL,RUMAH SAKIT UMUM DAERAH PANYABUNGAN - 1.02.0.00.0.00.02.0001,12011138,58008995,2025,E-Katalog 5.0,BLUD,PT. NOVELL PHARMACEUTICAL LABORATORIES,E-Purchasing,Pengadaan Barang,""Dutasteride / Dutasterid kapsul lunak 0,5 mg"",MELAKUKAN PENGIRIMAN DAN PENERIMAAN,2697300,2697300";
KAB. MANDAILING NATAL,DINAS PENDIDIKAN DAN KEBUDAYAAN - 1.01.2.22.0.00.01.0000,10327035000,57108831,2025,Non Tender,APBD,CV. ANUGRAH ALAM MANDIRI,Pengadaan Langsung,Pekerjaan Konstruksi,Rehabilitasi Ruang Kelas SD Negeri 031 Aek Mual,SELESAI,149848866,149848866;
KAB. MANDAILING NATAL,DINAS KESEHATAN - 1.02.0.00.0.00.02.0000,10067147000,60050631,2025,Tender,APBD,cv unzila mulia,Tender Cepat,Pekerjaan Konstruksi,Belanja Modal Bangunan Kesehatan-RENOVASI DAN PENAMBAHAN RUANG PUSKESMAS KAYU LAUT,SELESAI,2909348213,2909348213;
KAB. MANDAILING NATAL,DINAS PEKERJAAN UMUM DAN PENATAAN RUANG - 1.03.0.00.0.00.03.0000,11830442,57424552,2025,E-Katalog 5.0,APBD,DEMBAN SIMPAR JAYA,E-Purchasing,Pengadaan Barang,Galian untuk Selokan Drainase dan Saluran Air,MELAKUKAN PENGIRIMAN DAN PENERIMAAN,48510000,48510000;
KAB. MANDAILING NATAL,DINAS PEKERJAAN UMUM DAN PENATAAN RUANG - 1.03.0.00.0.00.03.0000,11869951,59559150,2025,E-Katalog 5.0,APBD,CV.GUNUNG KULABU,E-Purchasing,Pengadaan Barang,Bahan anti pengelupasan,PAKET SELESAI,3686000,3686000;
KAB. MANDAILING NATAL,DINAS KESEHATAN - 1.02.0.00.0.00.02.0000,11966602,58541960,2025,E-Katalog 5.0,APBD,PT. LUCAS DJAJA,E-Purchasing,Pengadaan Barang,Eritromisin/ Erythromycin/ Erythromycin stearate tablet/kapsul/kaplet 250 mg,MELAKUKAN PENGIRIMAN DAN PENERIMAAN,19320000,19320000;
KAB. MANDAILING NATAL,DINAS PEKERJAAN UMUM DAN PENATAAN RUANG - 1.03.0.00.0.00.03.0000,11869962,59559159,2025,E-Katalog 5.0,APBD,PT. GASHABAT SUKSES MANDIRI,E-Purchasing,Pengadaan Barang,TIMBUNAN PILIHAN DARI SUMBER GALIAN,PAKET SELESAI,344632500,344632500;
KAB. MANDAILING NATAL,DINAS KESEHATAN - 1.02.0.00.0.00.02.0000,11924636,58875523,2025,E-Katalog 5.0,APBD,PT.Elsyahfi Calibratech Mandiri,E-Purchasing,Pengadaan Barang,JASA PENGUJIAN DAN KALIBRASI DENTAL UNIT,MELAKUKAN PENGIRIMAN DAN PENERIMAAN,2700000,2700000;
"KAB. MANDAILING NATAL,RUMAH SAKIT UMUM DAERAH PANYABUNGAN - 1.02.0.00.0.00.02.0001,11955400,58008995,2025,E-Katalog 5.0,BLUD,P.T. Dexa Medica,E-Purchasing,Pengadaan Barang,""Streptokinase inj 1,5 juta IU"",MELAKUKAN PENGIRIMAN DAN PENERIMAAN,39500000,0";
KAB. MANDAILING NATAL,BADAN PERENCANAAN PEMBANGUNAN RISET DAN INOVASI DAERAH - 5.01.5.05.0.00.26.0000,10579685000,61318822,2025,Non Tender,APBD,Kantor Jasa Penilai Publik Henricus Judi adrianto dan rekan (hajar),Pengadaan Langsung,Jasa Konsultansi Badan Usaha Non Konstruksi,Penyusunan Dokumen Analisa Kelayakan Usaha Dalam Rangka Pembentukan BUMD,SELESAI,99700200,99700200;
KAB. MANDAILING NATAL,DINAS PERTANIAN - 3.27.0.00.0.00.22.0000,10384516000,58961923,2025,Non Tender,APBD,CV. ANUGRAH ALAM MANDIRI,Pengadaan Langsung,Pekerjaan Konstruksi,Pembangunan/Rehabilitasi Jaringan Irigasi Desa Panggorengan Kecamatan Panyabungan,SELESAI,114340000,114340000;
KAB. MANDAILING NATAL,DINAS PEKERJAAN UMUM DAN PENATAAN RUANG - 1.03.0.00.0.00.03.0000,11864328,59526453,2025,E-Katalog 5.0,APBD,CV. IKHWAN FIRDAUS,E-Purchasing,Pengadaan Barang,Beton Cor Penutup Galian Pipa,MELAKUKAN PENGIRIMAN DAN PENERIMAAN,56202000,56202000;
KAB. MANDAILING NATAL,RUMAH SAKIT UMUM DAERAH PANYABUNGAN - 1.02.0.00.0.00.02.0001,11821776,58008995,2025,E-Katalog 5.0,BLUD,PT. Mahakam Beta Farma,E-Purchasing,Pengadaan Barang,OCTENIC Spray Advanced Wound Protection 250 ml,MELAKUKAN PENGIRIMAN DAN PENERIMAAN,749250,749250;
KAB. MANDAILING NATAL,DINAS PENDIDIKAN DAN KEBUDAYAAN - 1.01.2.22.0.00.01.0000,10326924000,57108811,2025,Non Tender,APBD,CV. PUTRA BARINGIN GROUP,Pengadaan Langsung,Pekerjaan Konstruksi,Rehabilitasi Ruang Kelas SD Negeri 370 Taluk Balai,SELESAI,199900000,199900000;
KAB. MANDAILING NATAL,RUMAH SAKIT UMUM DAERAH PANYABUNGAN - 1.02.0.00.0.00.02.0001,12014428,58008995,2025,E-Katalog 5.0,BLUD,PT. Kimia Farma Tbk,E-Purchasing,Pengadaan Barang,Pethidine hydrochloride/ Petidin inj 50 mg/mL (i.m./i.v.),MELAKUKAN PENGIRIMAN DAN PENERIMAAN,1179500,1179500;
KAB. MANDAILING NATAL,DINAS KESEHATAN - 1.02.0.00.0.00.02.0000,11952895,58541723,2025,E-Katalog 5.0,APBD,PT. TRIFA RAYA LABORATORIES,E-Purchasing,Pengadaan Barang,PREDNISONE 5MG,MELAKUKAN PENGIRIMAN DAN PENERIMAAN,62400000,62400000;
